date,VIX3M,VIX9D,VVIX,SKEW
1990-01-02,,,,126.090000
1990-01-03,,,,123.340000
1990-01-04,,,,122.620000
1990-01-05,,,,121.270000
1990-01-08,,,,124.120000
1990-01-09,,,,119.820000
1990-01-10,,,,120.820000
1990-01-11,,,,107.480000
1990-01-12,,,,116.780000
1990-01-15,,,,116.160000
1990-01-16,,,,120.620000
1990-01-17,,,,123.030000
1990-01-18,,,,131.140000
1990-01-19,,,,129.310000
1990-01-22,,,,118.950000
1990-01-23,,,,117.940000
1990-01-24,,,,128.750000
1990-01-25,,,,124.330000
1990-01-26,,,,122.760000
1990-01-29,,,,124.600000
1990-01-30,,,,120.910000
1990-01-31,,,,128.220000
1990-02-01,,,,129.530000
1990-02-02,,,,132.530000
1990-02-05,,,,121.220000
1990-02-06,,,,120.300000
1990-02-07,,,,123.350000
1990-02-08,,,,124.870000
1990-02-09,,,,126.060000
1990-02-12,,,,126.990000
1990-02-13,,,,133.060000
1990-02-14,,,,131.550000
1990-02-15,,,,139.070000
1990-02-16,,,,136.610000
1990-02-20,,,,126.470000
1990-02-21,,,,129.170000
1990-02-22,,,,124.800000
1990-02-23,,,,125.820000
1990-02-26,,,,130.690000
1990-02-27,,,,131.450000
1990-02-28,,,,123.100000
1990-03-01,,,,123.960000
1990-03-02,,,,126.440000
1990-03-05,,,,124.240000
1990-03-06,,,,124.860000
1990-03-07,,,,121.080000
1990-03-08,,,,124.460000
1990-03-09,,,,125.600000
1990-03-12,,,,129.690000
1990-03-13,,,,128.070000
1990-03-14,,,,131.820000
1990-03-15,,,,133.020000
1990-03-16,,,,136.730000
1990-03-19,,,,138.690000
1990-03-20,,,,134.200000
1990-03-21,,,,132.580000
1990-03-22,,,,129.800000
1990-03-23,,,,130.760000
1990-03-26,,,,129.900000
1990-03-27,,,,135.330000
1990-03-28,,,,133.510000
1990-03-29,,,,131.200000
1990-03-30,,,,111.330000
1990-04-02,,,,126.460000
1990-04-03,,,,117.630000
1990-04-04,,,,114.130000
1990-04-05,,,,114.420000
1990-04-06,,,,114.910000
1990-04-09,,,,117.600000
1990-04-10,,,,119.090000
1990-04-11,,,,108.870000
1990-04-12,,,,121.520000
1990-04-16,,,,126.050000
1990-04-17,,,,131.240000
1990-04-18,,,,122.740000
1990-04-19,,,,120.770000
1990-04-20,,,,120.880000
1990-04-23,,,,120.030000
1990-04-24,,,,124.560000
1990-04-25,,,,127.030000
1990-04-26,,,,124.510000
1990-04-27,,,,118.840000
1990-04-30,,,,110.490000
1990-05-01,,,,111.990000
1990-05-02,,,,128.490000
1990-05-03,,,,114.270000
1990-05-04,,,,116.350000
1990-05-07,,,,117.220000
1990-05-08,,,,117.830000
1990-05-09,,,,117.270000
1990-05-10,,,,119.500000
1990-05-11,,,,119.510000
1990-05-14,,,,123.120000
1990-05-15,,,,125.100000
1990-05-16,,,,125.700000
1990-05-17,,,,121.950000
1990-05-18,,,,124.680000
1990-05-21,,,,127.350000
1990-05-22,,,,124.880000
1990-05-23,,,,118.800000
1990-05-24,,,,117.300000
1990-05-25,,,,111.930000
1990-05-29,,,,122.180000
1990-05-30,,,,119.880000
1990-05-31,,,,120.210000
1990-06-01,,,,119.330000
1990-06-04,,,,122.780000
1990-06-05,,,,121.220000
1990-06-06,,,,121.450000
1990-06-07,,,,123.990000
1990-06-08,,,,122.130000
1990-06-11,,,,132.140000
1990-06-12,,,,132.610000
1990-06-13,,,,131.510000
1990-06-14,,,,132.450000
1990-06-15,,,,138.310000
1990-06-18,,,,133.310000
1990-06-19,,,,136.210000
1990-06-20,,,,139.120000
1990-06-21,,,,142.570000
1990-06-22,,,,139.620000
1990-06-25,,,,106.800000
1990-06-26,,,,104.650000
1990-06-27,,,,106.540000
1990-06-28,,,,107.420000
1990-06-29,,,,107.310000
1990-07-02,,,,108.160000
1990-07-03,,,,107.620000
1990-07-05,,,,105.080000
1990-07-06,,,,107.270000
1990-07-09,,,,106.500000
1990-07-10,,,,105.190000
1990-07-11,,,,107.840000
1990-07-12,,,,109.710000
1990-07-13,,,,109.330000
1990-07-16,,,,108.650000
1990-07-17,,,,107.650000
1990-07-18,,,,133.750000
1990-07-19,,,,137.940000
1990-07-20,,,,109.710000
1990-07-23,,,,127.130000
1990-07-24,,,,127.610000
1990-07-25,,,,130.850000
1990-07-26,,,,131.000000
1990-07-27,,,,127.620000
1990-07-30,,,,132.440000
1990-07-31,,,,132.070000
1990-08-01,,,,131.010000
1990-08-02,,,,110.080000
1990-08-03,,,,119.600000
1990-08-06,,,,114.650000
1990-08-07,,,,119.090000
1990-08-08,,,,125.190000
1990-08-09,,,,128.900000
1990-08-10,,,,123.010000
1990-08-13,,,,119.340000
1990-08-14,,,,120.520000
1990-08-15,,,,120.040000
1990-08-16,,,,117.180000
1990-08-17,,,,117.360000
1990-08-20,,,,118.360000
1990-08-21,,,,114.520000
1990-08-22,,,,112.490000
1990-08-23,,,,110.920000
1990-08-24,,,,113.420000
1990-08-27,,,,117.690000
1990-08-28,,,,117.900000
1990-08-29,,,,118.630000
1990-08-30,,,,116.740000
1990-08-31,,,,119.480000
1990-09-04,,,,119.920000
1990-09-05,,,,119.880000
1990-09-06,,,,116.980000
1990-09-07,,,,117.820000
1990-09-10,,,,118.770000
1990-09-11,,,,119.160000
1990-09-12,,,,118.280000
1990-09-13,,,,116.910000
1990-09-14,,,,119.030000
1990-09-17,,,,116.800000
1990-09-18,,,,117.490000
1990-09-19,,,,116.480000
1990-09-20,,,,115.880000
1990-09-21,,,,118.220000
1990-09-24,,,,111.300000
1990-09-25,,,,115.720000
1990-09-26,,,,114.760000
1990-09-27,,,,112.850000
1990-09-28,,,,113.240000
1990-10-01,,,,116.560000
1990-10-02,,,,116.810000
1990-10-03,,,,115.600000
1990-10-04,,,,116.160000
1990-10-05,,,,117.230000
1990-10-08,,,,116.490000
1990-10-09,,,,112.800000
1990-10-10,,,,110.650000
1990-10-11,,,,109.780000
1990-10-12,,,,111.920000
1990-10-15,,,,112.350000
1990-10-16,,,,111.070000
1990-10-17,,,,111.740000
1990-10-18,,,,114.650000
1990-10-19,,,,117.560000
1990-10-22,,,,116.110000
1990-10-23,,,,115.130000
1990-10-24,,,,116.170000
1990-10-25,,,,114.750000
1990-10-26,,,,111.790000
1990-10-29,,,,112.350000
1990-10-30,,,,113.420000
1990-10-31,,,,113.970000
1990-11-01,,,,112.530000
1990-11-02,,,,115.290000
1990-11-05,,,,114.480000
1990-11-06,,,,114.470000
1990-11-07,,,,114.590000
1990-11-08,,,,114.660000
1990-11-09,,,,117.110000
1990-11-12,,,,115.570000
1990-11-13,,,,116.100000
1990-11-14,,,,117.020000
1990-11-15,,,,116.970000
1990-11-16,,,,119.970000
1990-11-19,,,,121.280000
1990-11-20,,,,118.280000
1990-11-21,,,,119.280000
1990-11-23,,,,116.370000
1990-11-26,,,,118.330000
1990-11-27,,,,119.450000
1990-11-28,,,,120.150000
1990-11-29,,,,117.710000
1990-11-30,,,,122.650000
1990-12-03,,,,122.240000
1990-12-04,,,,124.370000
1990-12-05,,,,127.380000
1990-12-06,,,,126.310000
1990-12-07,,,,124.430000
1990-12-10,,,,125.100000
1990-12-11,,,,125.980000
1990-12-12,,,,128.570000
1990-12-13,,,,122.570000
1990-12-14,,,,122.140000
1990-12-17,,,,120.450000
1990-12-18,,,,123.990000
1990-12-19,,,,126.310000
1990-12-20,,,,122.350000
1990-12-21,,,,129.610000
1990-12-24,,,,121.290000
1990-12-26,,,,127.300000
1990-12-27,,,,124.790000
1990-12-28,,,,127.590000
1990-12-31,,,,126.570000
1991-01-02,,,,121.350000
1991-01-03,,,,122.760000
1991-01-04,,,,121.950000
1991-01-07,,,,118.120000
1991-01-08,,,,116.760000
1991-01-09,,,,114.260000
1991-01-10,,,,117.280000
1991-01-11,,,,114.580000
1991-01-14,,,,112.380000
1991-01-15,,,,112.710000
1991-01-16,,,,115.850000
1991-01-17,,,,121.720000
1991-01-18,,,,125.610000
1991-01-21,,,,122.410000
1991-01-22,,,,117.940000
1991-01-23,,,,118.150000
1991-01-24,,,,121.900000
1991-01-25,,,,124.200000
1991-01-28,,,,122.910000
1991-01-29,,,,122.530000
1991-01-30,,,,127.440000
1991-01-31,,,,121.650000
1991-02-01,,,,121.250000
1991-02-04,,,,123.210000
1991-02-05,,,,123.920000
1991-02-06,,,,121.100000
1991-02-07,,,,121.240000
1991-02-08,,,,121.050000
1991-02-11,,,,121.530000
1991-02-12,,,,121.190000
1991-02-13,,,,123.690000
1991-02-14,,,,120.580000
1991-02-15,,,,118.940000
1991-02-19,,,,112.380000
1991-02-20,,,,114.960000
1991-02-21,,,,113.820000
1991-02-22,,,,114.920000
1991-02-25,,,,114.760000
1991-02-26,,,,108.570000
1991-02-27,,,,117.380000
1991-02-28,,,,116.370000
1991-03-01,,,,116.360000
1991-03-04,,,,117.930000
1991-03-05,,,,122.890000
1991-03-06,,,,119.400000
1991-03-07,,,,118.560000
1991-03-08,,,,118.510000
1991-03-11,,,,123.920000
1991-03-12,,,,125.660000
1991-03-13,,,,131.940000
1991-03-14,,,,101.790000
1991-03-15,,,,102.730000
1991-03-18,,,,103.530000
1991-03-19,,,,101.230000
1991-03-20,,,,102.810000
1991-03-21,,,,101.310000
1991-03-22,,,,103.400000
1991-03-25,,,,104.070000
1991-03-26,,,,106.650000
1991-03-27,,,,103.530000
1991-03-28,,,,105.670000
1991-04-01,,,,105.750000
1991-04-02,,,,109.350000
1991-04-03,,,,108.820000
1991-04-04,,,,109.350000
1991-04-05,,,,108.510000
1991-04-08,,,,104.120000
1991-04-09,,,,109.050000
1991-04-10,,,,109.560000
1991-04-11,,,,105.740000
1991-04-12,,,,116.640000
1991-04-15,,,,118.660000
1991-04-16,,,,122.710000
1991-04-17,,,,123.420000
1991-04-18,,,,106.570000
1991-04-19,,,,105.700000
1991-04-22,,,,105.820000
1991-04-23,,,,106.680000
1991-04-24,,,,107.090000
1991-04-25,,,,107.900000
1991-04-26,,,,108.510000
1991-04-29,,,,108.570000
1991-04-30,,,,109.060000
1991-05-01,,,,110.900000
1991-05-02,,,,111.430000
1991-05-03,,,,110.580000
1991-05-06,,,,112.860000
1991-05-07,,,,111.530000
1991-05-08,,,,113.960000
1991-05-09,,,,114.010000
1991-05-10,,,,113.660000
1991-05-13,,,,117.420000
1991-05-14,,,,115.690000
1991-05-15,,,,116.980000
1991-05-16,,,,117.070000
1991-05-17,,,,117.320000
1991-05-20,,,,116.420000
1991-05-21,,,,116.610000
1991-05-22,,,,116.290000
1991-05-23,,,,115.980000
1991-05-24,,,,116.190000
1991-05-28,,,,122.330000
1991-05-29,,,,120.960000
1991-05-30,,,,116.110000
1991-05-31,,,,117.200000
1991-06-03,,,,115.620000
1991-06-04,,,,114.510000
1991-06-05,,,,111.760000
1991-06-06,,,,112.280000
1991-06-07,,,,113.520000
1991-06-10,,,,112.370000
1991-06-11,,,,113.450000
1991-06-12,,,,115.110000
1991-06-13,,,,116.360000
1991-06-14,,,,121.080000
1991-06-17,,,,116.070000
1991-06-18,,,,116.710000
1991-06-19,,,,118.700000
1991-06-20,,,,119.720000
1991-06-21,,,,124.860000
1991-06-24,,,,115.960000
1991-06-25,,,,117.000000
1991-06-26,,,,116.360000
1991-06-27,,,,118.290000
1991-06-28,,,,114.980000
1991-07-01,,,,112.490000
1991-07-02,,,,112.560000
1991-07-03,,,,110.560000
1991-07-05,,,,118.180000
1991-07-08,,,,120.970000
1991-07-09,,,,113.870000
1991-07-10,,,,113.360000
1991-07-11,,,,116.530000
1991-07-12,,,,119.140000
1991-07-15,,,,122.070000
1991-07-16,,,,119.810000
1991-07-17,,,,119.250000
1991-07-18,,,,121.070000
1991-07-19,,,,123.060000
1991-07-22,,,,123.020000
1991-07-23,,,,120.080000
1991-07-24,,,,110.450000
1991-07-25,,,,111.610000
1991-07-26,,,,111.760000
1991-07-29,,,,114.300000
1991-07-30,,,,112.310000
1991-07-31,,,,111.500000
1991-08-01,,,,107.710000
1991-08-02,,,,109.760000
1991-08-05,,,,109.020000
1991-08-06,,,,108.920000
1991-08-07,,,,109.920000
1991-08-08,,,,109.620000
1991-08-09,,,,108.840000
1991-08-12,,,,109.600000
1991-08-13,,,,111.260000
1991-08-14,,,,110.700000
1991-08-15,,,,110.860000
1991-08-16,,,,112.480000
1991-08-19,,,,119.370000
1991-08-20,,,,117.230000
1991-08-21,,,,114.030000
1991-08-22,,,,110.410000
1991-08-23,,,,111.170000
1991-08-26,,,,112.740000
1991-08-27,,,,113.320000
1991-08-28,,,,114.600000
1991-08-29,,,,114.690000
1991-08-30,,,,115.360000
1991-09-03,,,,114.620000
1991-09-04,,,,114.140000
1991-09-05,,,,114.610000
1991-09-06,,,,114.500000
1991-09-09,,,,114.780000
1991-09-10,,,,114.590000
1991-09-11,,,,114.720000
1991-09-12,,,,115.240000
1991-09-13,,,,115.250000
1991-09-16,,,,109.180000
1991-09-17,,,,116.360000
1991-09-18,,,,117.850000
1991-09-19,,,,107.990000
1991-09-20,,,,120.990000
1991-09-23,,,,108.500000
1991-09-24,,,,109.780000
1991-09-25,,,,110.820000
1991-09-26,,,,108.890000
1991-09-27,,,,108.360000
1991-09-30,,,,112.130000
1991-10-01,,,,112.650000
1991-10-02,,,,111.580000
1991-10-03,,,,105.710000
1991-10-04,,,,103.930000
1991-10-07,,,,109.800000
1991-10-08,,,,111.170000
1991-10-09,,,,109.440000
1991-10-10,,,,103.820000
1991-10-11,,,,104.660000
1991-10-14,,,,107.260000
1991-10-15,,,,106.990000
1991-10-16,,,,106.170000
1991-10-17,,,,107.810000
1991-10-18,,,,110.280000
1991-10-21,,,,108.970000
1991-10-22,,,,107.680000
1991-10-23,,,,108.420000
1991-10-24,,,,107.000000
1991-10-25,,,,107.450000
1991-10-28,,,,107.960000
1991-10-29,,,,109.140000
1991-10-30,,,,110.200000
1991-10-31,,,,109.630000
1991-11-01,,,,110.190000
1991-11-04,,,,110.870000
1991-11-05,,,,110.110000
1991-11-06,,,,110.910000
1991-11-07,,,,110.400000
1991-11-08,,,,110.370000
1991-11-11,,,,109.450000
1991-11-12,,,,109.910000
1991-11-13,,,,109.810000
1991-11-14,,,,110.230000
1991-11-15,,,,114.770000
1991-11-18,,,,116.460000
1991-11-19,,,,119.790000
1991-11-20,,,,115.570000
1991-11-21,,,,114.380000
1991-11-22,,,,111.760000
1991-11-25,,,,115.370000
1991-11-26,,,,117.420000
1991-11-27,,,,115.380000
1991-11-29,,,,110.220000
1991-12-02,,,,115.390000
1991-12-03,,,,114.430000
1991-12-04,,,,114.970000
1991-12-05,,,,113.280000
1991-12-06,,,,115.490000
1991-12-09,,,,113.940000
1991-12-10,,,,113.160000
1991-12-11,,,,113.390000
1991-12-12,,,,115.940000
1991-12-13,,,,116.110000
1991-12-16,,,,116.960000
1991-12-17,,,,118.880000
1991-12-18,,,,119.460000
1991-12-19,,,,120.350000
1991-12-20,,,,122.390000
1991-12-23,,,,125.900000
1991-12-24,,,,127.030000
1991-12-26,,,,115.190000
1991-12-27,,,,114.230000
1991-12-30,,,,114.250000
1991-12-31,,,,113.550000
1992-01-02,,,,116.060000
1992-01-03,,,,116.280000
1992-01-06,,,,115.670000
1992-01-07,,,,116.350000
1992-01-08,,,,115.530000
1992-01-09,,,,116.480000
1992-01-10,,,,116.820000
1992-01-13,,,,118.200000
1992-01-14,,,,121.460000
1992-01-15,,,,121.980000
1992-01-16,,,,110.850000
1992-01-17,,,,109.700000
1992-01-20,,,,110.900000
1992-01-21,,,,110.200000
1992-01-22,,,,111.800000
1992-01-23,,,,109.780000
1992-01-24,,,,110.290000
1992-01-27,,,,110.340000
1992-01-28,,,,110.660000
1992-01-29,,,,110.730000
1992-01-30,,,,111.670000
1992-01-31,,,,110.930000
1992-02-03,,,,112.160000
1992-02-04,,,,112.850000
1992-02-05,,,,112.650000
1992-02-06,,,,113.770000
1992-02-07,,,,112.300000
1992-02-10,,,,113.680000
1992-02-11,,,,112.850000
1992-02-12,,,,112.020000
1992-02-13,,,,113.710000
1992-02-14,,,,112.840000
1992-02-18,,,,113.390000
1992-02-19,,,,110.760000
1992-02-20,,,,111.020000
1992-02-21,,,,114.470000
1992-02-24,,,,111.100000
1992-02-25,,,,110.690000
1992-02-26,,,,110.070000
1992-02-27,,,,112.670000
1992-02-28,,,,109.060000
1992-03-02,,,,108.330000
1992-03-03,,,,112.480000
1992-03-04,,,,106.060000
1992-03-05,,,,111.850000
1992-03-06,,,,110.920000
1992-03-09,,,,111.230000
1992-03-10,,,,112.800000
1992-03-11,,,,112.000000
1992-03-12,,,,112.350000
1992-03-13,,,,114.840000
1992-03-16,,,,118.570000
1992-03-17,,,,107.290000
1992-03-18,,,,107.720000
1992-03-19,,,,107.850000
1992-03-20,,,,109.360000
1992-03-23,,,,108.790000
1992-03-24,,,,106.790000
1992-03-25,,,,106.650000
1992-03-26,,,,106.610000
1992-03-27,,,,107.270000
1992-03-30,,,,109.430000
1992-03-31,,,,109.860000
1992-04-01,,,,112.560000
1992-04-02,,,,110.560000
1992-04-03,,,,111.510000
1992-04-06,,,,108.930000
1992-04-07,,,,111.240000
1992-04-08,,,,110.670000
1992-04-09,,,,115.880000
1992-04-10,,,,117.100000
1992-04-13,,,,108.360000
1992-04-14,,,,108.620000
1992-04-15,,,,111.790000
1992-04-16,,,,112.080000
1992-04-20,,,,110.880000
1992-04-21,,,,111.260000
1992-04-22,,,,109.410000
1992-04-23,,,,110.620000
1992-04-24,,,,109.720000
1992-04-27,,,,110.400000
1992-04-28,,,,110.910000
1992-04-29,,,,112.490000
1992-04-30,,,,113.240000
1992-05-01,,,,113.250000
1992-05-04,,,,114.510000
1992-05-05,,,,114.560000
1992-05-06,,,,112.810000
1992-05-07,,,,111.480000
1992-05-08,,,,113.060000
1992-05-11,,,,112.960000
1992-05-12,,,,116.520000
1992-05-13,,,,114.280000
1992-05-14,,,,112.960000
1992-05-15,,,,112.880000
1992-05-18,,,,115.720000
1992-05-19,,,,114.430000
1992-05-20,,,,114.200000
1992-05-21,,,,113.440000
1992-05-22,,,,112.230000
1992-05-26,,,,114.710000
1992-05-27,,,,110.900000
1992-05-28,,,,111.270000
1992-05-29,,,,109.470000
1992-06-01,,,,111.820000
1992-06-02,,,,110.720000
1992-06-03,,,,109.620000
1992-06-04,,,,108.960000
1992-06-05,,,,110.070000
1992-06-08,,,,109.640000
1992-06-09,,,,107.850000
1992-06-10,,,,108.580000
1992-06-11,,,,108.020000
1992-06-12,,,,108.390000
1992-06-15,,,,106.100000
1992-06-16,,,,107.850000
1992-06-17,,,,104.340000
1992-06-18,,,,105.050000
1992-06-19,,,,107.850000
1992-06-22,,,,108.180000
1992-06-23,,,,109.140000
1992-06-24,,,,108.410000
1992-06-25,,,,106.680000
1992-06-26,,,,108.280000
1992-06-29,,,,111.740000
1992-06-30,,,,111.880000
1992-07-01,,,,110.340000
1992-07-02,,,,112.050000
1992-07-06,,,,115.520000
1992-07-07,,,,109.360000
1992-07-08,,,,109.790000
1992-07-09,,,,111.120000
1992-07-10,,,,111.700000
1992-07-13,,,,111.040000
1992-07-14,,,,112.670000
1992-07-15,,,,111.150000
1992-07-16,,,,112.530000
1992-07-17,,,,112.940000
1992-07-20,,,,111.440000
1992-07-21,,,,109.780000
1992-07-22,,,,111.810000
1992-07-23,,,,111.860000
1992-07-24,,,,113.310000
1992-07-27,,,,112.700000
1992-07-28,,,,112.950000
1992-07-29,,,,111.850000
1992-07-30,,,,110.950000
1992-07-31,,,,111.550000
1992-08-03,,,,113.440000
1992-08-04,,,,114.150000
1992-08-05,,,,112.000000
1992-08-06,,,,112.270000
1992-08-07,,,,113.080000
1992-08-10,,,,113.970000
1992-08-11,,,,112.900000
1992-08-12,,,,114.150000
1992-08-13,,,,112.250000
1992-08-14,,,,112.780000
1992-08-17,,,,114.960000
1992-08-18,,,,110.000000
1992-08-19,,,,110.570000
1992-08-20,,,,111.530000
1992-08-21,,,,114.330000
1992-08-24,,,,109.490000
1992-08-25,,,,109.440000
1992-08-26,,,,111.200000
1992-08-27,,,,110.260000
1992-08-28,,,,110.990000
1992-08-31,,,,112.170000
1992-09-01,,,,111.530000
1992-09-02,,,,110.690000
1992-09-03,,,,111.540000
1992-09-04,,,,110.700000
1992-09-08,,,,110.540000
1992-09-09,,,,109.660000
1992-09-10,,,,113.570000
1992-09-11,,,,114.000000
1992-09-14,,,,116.340000
1992-09-15,,,,112.690000
1992-09-16,,,,111.560000
1992-09-17,,,,110.850000
1992-09-18,,,,117.200000
1992-09-21,,,,113.960000
1992-09-22,,,,113.500000
1992-09-23,,,,114.290000
1992-09-24,,,,115.880000
1992-09-25,,,,114.250000
1992-09-28,,,,116.180000
1992-09-29,,,,116.310000
1992-09-30,,,,115.160000
1992-10-01,,,,113.970000
1992-10-02,,,,111.350000
1992-10-05,,,,111.350000
1992-10-06,,,,109.520000
1992-10-07,,,,109.250000
1992-10-08,,,,112.210000
1992-10-09,,,,112.140000
1992-10-12,,,,112.400000
1992-10-13,,,,113.750000
1992-10-14,,,,114.580000
1992-10-15,,,,115.130000
1992-10-16,,,,114.660000
1992-10-19,,,,117.350000
1992-10-20,,,,115.040000
1992-10-21,,,,115.910000
1992-10-22,,,,113.560000
1992-10-23,,,,113.510000
1992-10-26,,,,115.510000
1992-10-27,,,,114.510000
1992-10-28,,,,110.240000
1992-10-29,,,,111.250000
1992-10-30,,,,110.280000
1992-11-02,,,,111.260000
1992-11-03,,,,111.620000
1992-11-04,,,,111.280000
1992-11-05,,,,112.770000
1992-11-06,,,,112.630000
1992-11-09,,,,113.390000
1992-11-10,,,,113.660000
1992-11-11,,,,114.220000
1992-11-12,,,,115.630000
1992-11-13,,,,116.210000
1992-11-16,,,,114.310000
1992-11-17,,,,113.860000
1992-11-18,,,,117.030000
1992-11-19,,,,114.150000
1992-11-20,,,,115.380000
1992-11-23,,,,110.380000
1992-11-24,,,,112.810000
1992-11-25,,,,111.690000
1992-11-27,,,,110.530000
1992-11-30,,,,112.100000
1992-12-01,,,,112.990000
1992-12-02,,,,111.640000
1992-12-03,,,,112.110000
1992-12-04,,,,112.220000
1992-12-07,,,,113.120000
1992-12-08,,,,113.330000
1992-12-09,,,,111.380000
1992-12-10,,,,114.240000
1992-12-11,,,,113.450000
1992-12-14,,,,110.770000
1992-12-15,,,,109.850000
1992-12-16,,,,109.530000
1992-12-17,,,,110.530000
1992-12-18,,,,114.840000
1992-12-21,,,,112.930000
1992-12-22,,,,113.880000
1992-12-23,,,,110.590000
1992-12-24,,,,110.240000
1992-12-28,,,,111.010000
1992-12-29,,,,110.970000
1992-12-30,,,,112.220000
1992-12-31,,,,110.830000
1993-01-04,,,,109.160000
1993-01-05,,,,111.710000
1993-01-06,,,,112.420000
1993-01-07,,,,111.940000
1993-01-08,,,,113.230000
1993-01-11,,,,111.070000
1993-01-12,,,,111.200000
1993-01-13,,,,111.930000
1993-01-14,,,,112.810000
1993-01-15,,,,115.070000
1993-01-18,,,,114.260000
1993-01-19,,,,113.250000
1993-01-20,,,,113.120000
1993-01-21,,,,115.330000
1993-01-22,,,,113.750000
1993-01-25,,,,115.470000
1993-01-26,,,,114.400000
1993-01-27,,,,114.240000
1993-01-28,,,,114.200000
1993-01-29,,,,113.900000
1993-02-01,,,,117.840000
1993-02-02,,,,115.460000
1993-02-03,,,,116.060000
1993-02-04,,,,115.810000
1993-02-05,,,,115.090000
1993-02-08,,,,117.120000
1993-02-09,,,,115.670000
1993-02-10,,,,116.620000
1993-02-11,,,,116.240000
1993-02-12,,,,116.490000
1993-02-16,,,,112.750000
1993-02-17,,,,113.970000
1993-02-18,,,,114.690000
1993-02-19,,,,116.440000
1993-02-22,,,,116.320000
1993-02-23,,,,116.200000
1993-02-24,,,,118.200000
1993-02-25,,,,115.660000
1993-02-26,,,,117.110000
1993-03-01,,,,114.160000
1993-03-02,,,,118.930000
1993-03-03,,,,125.280000
1993-03-04,,,,115.290000
1993-03-05,,,,114.740000
1993-03-08,,,,113.780000
1993-03-09,,,,115.910000
1993-03-10,,,,116.750000
1993-03-11,,,,115.200000
1993-03-12,,,,116.370000
1993-03-15,,,,114.140000
1993-03-16,,,,113.720000
1993-03-17,,,,110.610000
1993-03-18,,,,114.050000
1993-03-19,,,,111.150000
1993-03-22,,,,111.900000
1993-03-23,,,,112.810000
1993-03-24,,,,112.060000
1993-03-25,,,,112.590000
1993-03-26,,,,112.820000
1993-03-29,,,,113.220000
1993-03-30,,,,111.510000
1993-03-31,,,,110.830000
1993-04-01,,,,110.960000
1993-04-02,,,,110.600000
1993-04-05,,,,110.460000
1993-04-06,,,,110.010000
1993-04-07,,,,111.140000
1993-04-08,,,,111.880000
1993-04-12,,,,112.550000
1993-04-13,,,,113.080000
1993-04-14,,,,112.440000
1993-04-15,,,,112.470000
1993-04-16,,,,112.900000
1993-04-19,,,,110.830000
1993-04-20,,,,113.160000
1993-04-21,,,,111.540000
1993-04-22,,,,110.190000
1993-04-23,,,,109.800000
1993-04-26,,,,110.670000
1993-04-27,,,,113.410000
1993-04-28,,,,112.180000
1993-04-29,,,,114.650000
1993-04-30,,,,112.330000
1993-05-03,,,,112.110000
1993-05-04,,,,109.970000
1993-05-05,,,,111.100000
1993-05-06,,,,111.680000
1993-05-07,,,,113.320000
1993-05-10,,,,112.990000
1993-05-11,,,,112.760000
1993-05-12,,,,114.830000
1993-05-13,,,,112.940000
1993-05-14,,,,116.030000
1993-05-17,,,,115.070000
1993-05-18,,,,115.420000
1993-05-19,,,,117.580000
1993-05-20,,,,120.270000
1993-05-21,,,,118.020000
1993-05-24,,,,117.760000
1993-05-25,,,,118.560000
1993-05-26,,,,117.100000
1993-05-27,,,,115.060000
1993-05-28,,,,122.040000
1993-06-01,,,,120.770000
1993-06-02,,,,115.380000
1993-06-03,,,,114.620000
1993-06-04,,,,114.590000
1993-06-07,,,,111.220000
1993-06-08,,,,119.480000
1993-06-09,,,,111.470000
1993-06-10,,,,121.280000
1993-06-11,,,,113.320000
1993-06-14,,,,111.840000
1993-06-15,,,,110.130000
1993-06-16,,,,111.890000
1993-06-17,,,,112.340000
1993-06-18,,,,111.050000
1993-06-21,,,,113.830000
1993-06-22,,,,109.130000
1993-06-23,,,,112.130000
1993-06-24,,,,115.260000
1993-06-25,,,,111.530000
1993-06-28,,,,112.520000
1993-06-29,,,,110.070000
1993-06-30,,,,110.550000
1993-07-01,,,,109.140000
1993-07-02,,,,108.630000
1993-07-06,,,,108.430000
1993-07-07,,,,109.460000
1993-07-08,,,,110.470000
1993-07-09,,,,111.300000
1993-07-12,,,,110.250000
1993-07-13,,,,110.070000
1993-07-14,,,,110.440000
1993-07-15,,,,111.690000
1993-07-16,,,,112.450000
1993-07-19,,,,111.270000
1993-07-20,,,,110.160000
1993-07-21,,,,111.120000
1993-07-22,,,,110.220000
1993-07-23,,,,113.030000
1993-07-26,,,,112.100000
1993-07-27,,,,111.490000
1993-07-28,,,,111.150000
1993-07-29,,,,110.870000
1993-07-30,,,,112.890000
1993-08-02,,,,111.930000
1993-08-03,,,,110.980000
1993-08-04,,,,110.740000
1993-08-05,,,,110.050000
1993-08-06,,,,113.240000
1993-08-09,,,,111.590000
1993-08-10,,,,111.350000
1993-08-11,,,,112.070000
1993-08-12,,,,113.490000
1993-08-13,,,,116.730000
1993-08-16,,,,111.140000
1993-08-17,,,,113.880000
1993-08-18,,,,113.080000
1993-08-19,,,,113.810000
1993-08-20,,,,115.050000
1993-08-23,,,,114.240000
1993-08-24,,,,115.170000
1993-08-25,,,,116.050000
1993-08-26,,,,112.850000
1993-08-27,,,,114.500000
1993-08-30,,,,115.290000
1993-08-31,,,,114.280000
1993-09-01,,,,116.100000
1993-09-02,,,,115.010000
1993-09-03,,,,115.820000
1993-09-07,,,,114.100000
1993-09-08,,,,116.160000
1993-09-09,,,,116.020000
1993-09-10,,,,115.900000
1993-09-13,,,,113.780000
1993-09-14,,,,117.390000
1993-09-15,,,,119.110000
1993-09-16,,,,118.460000
1993-09-17,,,,118.400000
1993-09-20,,,,117.620000
1993-09-21,,,,118.140000
1993-09-22,,,,116.460000
1993-09-23,,,,120.390000
1993-09-24,,,,118.260000
1993-09-27,,,,119.730000
1993-09-28,,,,115.580000
1993-09-29,,,,115.400000
1993-09-30,,,,114.970000
1993-10-01,,,,117.130000
1993-10-04,,,,117.690000
1993-10-05,,,,116.990000
1993-10-06,,,,116.160000
1993-10-07,,,,116.090000
1993-10-08,,,,116.570000
1993-10-11,,,,116.260000
1993-10-12,,,,118.240000
1993-10-13,,,,117.960000
1993-10-14,,,,119.850000
1993-10-15,,,,114.120000
1993-10-18,,,,113.500000
1993-10-19,,,,112.920000
1993-10-20,,,,113.590000
1993-10-21,,,,113.540000
1993-10-22,,,,113.020000
1993-10-25,,,,115.390000
1993-10-26,,,,115.210000
1993-10-27,,,,114.920000
1993-10-28,,,,115.070000
1993-10-29,,,,113.730000
1993-11-01,,,,114.540000
1993-11-02,,,,114.180000
1993-11-03,,,,113.690000
1993-11-04,,,,114.640000
1993-11-05,,,,116.070000
1993-11-08,,,,115.730000
1993-11-09,,,,113.940000
1993-11-10,,,,115.820000
1993-11-11,,,,116.200000
1993-11-12,,,,116.130000
1993-11-15,,,,117.500000
1993-11-16,,,,121.470000
1993-11-17,,,,117.050000
1993-11-18,,,,117.780000
1993-11-19,,,,116.810000
1993-11-22,,,,117.460000
1993-11-23,,,,118.860000
1993-11-24,,,,119.160000
1993-11-26,,,,120.850000
1993-11-29,,,,117.240000
1993-11-30,,,,118.450000
1993-12-01,,,,119.170000
1993-12-02,,,,120.710000
1993-12-03,,,,121.480000
1993-12-06,,,,117.290000
1993-12-07,,,,117.350000
1993-12-08,,,,115.230000
1993-12-09,,,,115.470000
1993-12-10,,,,117.040000
1993-12-13,,,,121.060000
1993-12-14,,,,115.570000
1993-12-15,,,,116.080000
1993-12-16,,,,116.750000
1993-12-17,,,,119.280000
1993-12-20,,,,115.690000
1993-12-21,,,,118.790000
1993-12-22,,,,117.100000
1993-12-23,,,,113.430000
1993-12-27,,,,114.070000
1993-12-28,,,,115.780000
1993-12-29,,,,113.110000
1993-12-30,,,,114.260000
1993-12-31,,,,114.160000
1994-01-03,,,,115.890000
1994-01-04,,,,118.420000
1994-01-05,,,,117.120000
1994-01-06,,,,116.080000
1994-01-07,,,,116.670000
1994-01-10,,,,118.500000
1994-01-11,,,,120.530000
1994-01-12,,,,119.170000
1994-01-13,,,,119.430000
1994-01-14,,,,121.850000
1994-01-17,,,,119.410000
1994-01-18,,,,120.250000
1994-01-19,,,,115.530000
1994-01-20,,,,114.370000
1994-01-21,,,,114.360000
1994-01-24,,,,117.470000
1994-01-25,,,,116.210000
1994-01-26,,,,117.690000
1994-01-27,,,,116.280000
1994-01-28,,,,115.420000
1994-01-31,,,,115.440000
1994-02-01,,,,117.180000
1994-02-02,,,,115.960000
1994-02-03,,,,117.560000
1994-02-04,,,,117.870000
1994-02-07,,,,120.200000
1994-02-08,,,,119.010000
1994-02-09,,,,117.160000
1994-02-10,,,,115.160000
1994-02-11,,,,119.630000
1994-02-14,,,,116.590000
1994-02-15,,,,116.860000
1994-02-16,,,,117.000000
1994-02-17,,,,116.520000
1994-02-18,,,,117.910000
1994-02-22,,,,119.080000
1994-02-23,,,,119.100000
1994-02-24,,,,118.470000
1994-02-25,,,,119.590000
1994-02-28,,,,116.350000
1994-03-01,,,,117.710000
1994-03-02,,,,119.380000
1994-03-03,,,,117.320000
1994-03-04,,,,118.070000
1994-03-07,,,,119.640000
1994-03-08,,,,120.780000
1994-03-09,,,,114.550000
1994-03-10,,,,119.780000
1994-03-11,,,,123.360000
1994-03-14,,,,115.410000
1994-03-15,,,,114.540000
1994-03-16,,,,117.920000
1994-03-17,,,,118.850000
1994-03-18,,,,118.110000
1994-03-21,,,,117.400000
1994-03-22,,,,118.620000
1994-03-23,,,,117.860000
1994-03-24,,,,116.280000
1994-03-25,,,,114.570000
1994-03-28,,,,118.380000
1994-03-29,,,,113.520000
1994-03-30,,,,114.070000
1994-03-31,,,,123.000000
1994-04-04,,,,121.030000
1994-04-05,,,,118.460000
1994-04-06,,,,117.360000
1994-04-07,,,,120.130000
1994-04-08,,,,119.180000
1994-04-11,,,,123.180000
1994-04-12,,,,121.500000
1994-04-13,,,,122.390000
1994-04-14,,,,122.700000
1994-04-15,,,,122.070000
1994-04-18,,,,121.840000
1994-04-19,,,,121.950000
1994-04-20,,,,121.080000
1994-04-21,,,,119.340000
1994-04-22,,,,119.190000
1994-04-25,,,,124.030000
1994-04-26,,,,123.190000
1994-04-28,,,,118.160000
1994-04-29,,,,118.040000
1994-05-02,,,,118.920000
1994-05-03,,,,120.720000
1994-05-04,,,,119.370000
1994-05-05,,,,116.860000
1994-05-06,,,,119.150000
1994-05-09,,,,116.460000
1994-05-10,,,,117.650000
1994-05-11,,,,117.630000
1994-05-12,,,,117.760000
1994-05-13,,,,117.900000
1994-05-16,,,,117.050000
1994-05-17,,,,120.580000
1994-05-18,,,,122.310000
1994-05-19,,,,115.000000
1994-05-20,,,,116.290000
1994-05-23,,,,116.460000
1994-05-24,,,,116.910000
1994-05-25,,,,119.170000
1994-05-26,,,,119.660000
1994-05-27,,,,121.080000
1994-05-31,,,,122.100000
1994-06-01,,,,116.940000
1994-06-02,,,,120.180000
1994-06-03,,,,120.890000
1994-06-06,,,,120.650000
1994-06-07,,,,118.700000
1994-06-08,,,,120.030000
1994-06-09,,,,122.180000
1994-06-10,,,,123.240000
1994-06-13,,,,126.280000
1994-06-14,,,,117.360000
1994-06-15,,,,116.660000
1994-06-16,,,,120.350000
1994-06-17,,,,116.780000
1994-06-20,,,,115.800000
1994-06-21,,,,115.150000
1994-06-22,,,,122.980000
1994-06-23,,,,115.210000
1994-06-24,,,,112.320000
1994-06-27,,,,122.760000
1994-06-28,,,,114.960000
1994-06-29,,,,115.770000
1994-06-30,,,,116.340000
1994-07-01,,,,115.470000
1994-07-05,,,,112.440000
1994-07-06,,,,112.430000
1994-07-07,,,,114.290000
1994-07-08,,,,114.840000
1994-07-11,,,,116.590000
1994-07-12,,,,116.640000
1994-07-13,,,,117.900000
1994-07-14,,,,119.370000
1994-07-15,,,,114.500000
1994-07-18,,,,115.430000
1994-07-19,,,,115.100000
1994-07-20,,,,115.900000
1994-07-21,,,,117.700000
1994-07-22,,,,116.210000
1994-07-25,,,,118.680000
1994-07-26,,,,117.570000
1994-07-27,,,,116.760000
1994-07-28,,,,119.350000
1994-07-29,,,,117.620000
1994-08-01,,,,117.200000
1994-08-02,,,,115.700000
1994-08-03,,,,114.780000
1994-08-04,,,,114.620000
1994-08-05,,,,115.090000
1994-08-08,,,,114.550000
1994-08-09,,,,116.420000
1994-08-10,,,,116.870000
1994-08-11,,,,114.740000
1994-08-12,,,,119.190000
1994-08-15,,,,119.070000
1994-08-16,,,,118.520000
1994-08-17,,,,118.110000
1994-08-18,,,,119.520000
1994-08-19,,,,120.320000
1994-08-22,,,,118.800000
1994-08-23,,,,118.500000
1994-08-24,,,,118.820000
1994-08-25,,,,116.330000
1994-08-26,,,,112.350000
1994-08-29,,,,120.850000
1994-08-30,,,,115.140000
1994-08-31,,,,112.190000
1994-09-01,,,,114.010000
1994-09-02,,,,115.120000
1994-09-06,,,,115.510000
1994-09-07,,,,116.510000
1994-09-08,,,,116.570000
1994-09-09,,,,117.340000
1994-09-12,,,,116.230000
1994-09-13,,,,117.560000
1994-09-14,,,,117.880000
1994-09-15,,,,123.290000
1994-09-16,,,,119.940000
1994-09-19,,,,117.650000
1994-09-20,,,,118.100000
1994-09-21,,,,116.100000
1994-09-22,,,,114.980000
1994-09-23,,,,114.790000
1994-09-26,,,,114.530000
1994-09-27,,,,113.030000
1994-09-28,,,,114.380000
1994-09-29,,,,113.570000
1994-09-30,,,,113.810000
1994-10-03,,,,115.810000
1994-10-04,,,,113.600000
1994-10-05,,,,115.930000
1994-10-06,,,,116.570000
1994-10-07,,,,114.390000
1994-10-10,,,,117.600000
1994-10-11,,,,115.850000
1994-10-12,,,,116.610000
1994-10-13,,,,118.820000
1994-10-14,,,,116.930000
1994-10-17,,,,116.380000
1994-10-18,,,,116.560000
1994-10-19,,,,117.530000
1994-10-20,,,,116.830000
1994-10-21,,,,116.100000
1994-10-24,,,,115.160000
1994-10-25,,,,115.280000
1994-10-26,,,,114.910000
1994-10-27,,,,115.560000
1994-10-28,,,,116.940000
1994-10-31,,,,113.870000
1994-11-01,,,,115.960000
1994-11-02,,,,113.480000
1994-11-03,,,,115.630000
1994-11-04,,,,113.460000
1994-11-07,,,,115.100000
1994-11-08,,,,114.030000
1994-11-09,,,,113.970000
1994-11-10,,,,114.510000
1994-11-11,,,,113.800000
1994-11-14,,,,116.230000
1994-11-15,,,,116.500000
1994-11-16,,,,115.540000
1994-11-17,,,,113.800000
1994-11-18,,,,115.460000
1994-11-21,,,,112.440000
1994-11-22,,,,108.470000
1994-11-23,,,,114.430000
1994-11-25,,,,113.340000
1994-11-28,,,,114.650000
1994-11-29,,,,113.420000
1994-11-30,,,,112.990000
1994-12-01,,,,113.890000
1994-12-02,,,,115.730000
1994-12-05,,,,115.300000
1994-12-06,,,,114.250000
1994-12-07,,,,113.730000
1994-12-08,,,,114.740000
1994-12-09,,,,115.060000
1994-12-12,,,,113.840000
1994-12-13,,,,114.760000
1994-12-14,,,,116.750000
1994-12-15,,,,117.660000
1994-12-16,,,,115.630000
1994-12-19,,,,121.020000
1994-12-20,,,,116.620000
1994-12-21,,,,117.700000
1994-12-22,,,,117.880000
1994-12-23,,,,118.400000
1994-12-27,,,,117.580000
1994-12-28,,,,119.130000
1994-12-29,,,,116.890000
1994-12-30,,,,115.530000
1995-01-03,,,,116.760000
1995-01-04,,,,118.040000
1995-01-05,,,,116.940000
1995-01-06,,,,117.380000
1995-01-09,,,,115.930000
1995-01-10,,,,118.670000
1995-01-11,,,,116.070000
1995-01-12,,,,115.120000
1995-01-13,,,,115.500000
1995-01-16,,,,117.660000
1995-01-17,,,,117.520000
1995-01-18,,,,118.650000
1995-01-19,,,,116.760000
1995-01-20,,,,116.550000
1995-01-23,,,,118.830000
1995-01-24,,,,117.500000
1995-01-25,,,,117.610000
1995-01-26,,,,116.560000
1995-01-27,,,,114.230000
1995-01-30,,,,115.890000
1995-01-31,,,,115.430000
1995-02-01,,,,115.720000
1995-02-02,,,,115.940000
1995-02-03,,,,115.190000
1995-02-06,,,,114.260000
1995-02-07,,,,114.300000
1995-02-08,,,,111.100000
1995-02-09,,,,112.690000
1995-02-10,,,,113.040000
1995-02-13,,,,114.160000
1995-02-14,,,,114.050000
1995-02-15,,,,113.920000
1995-02-16,,,,114.950000
1995-02-17,,,,114.680000
1995-02-21,,,,114.980000
1995-02-22,,,,113.870000
1995-02-23,,,,113.470000
1995-02-24,,,,113.210000
1995-02-27,,,,114.730000
1995-02-28,,,,113.050000
1995-03-01,,,,112.400000
1995-03-02,,,,112.040000
1995-03-03,,,,110.660000
1995-03-06,,,,112.360000
1995-03-07,,,,122.240000
1995-03-08,,,,119.080000
1995-03-09,,,,119.940000
1995-03-10,,,,114.320000
1995-03-13,,,,116.500000
1995-03-14,,,,110.320000
1995-03-15,,,,108.740000
1995-03-16,,,,110.130000
1995-03-17,,,,111.180000
1995-03-20,,,,112.090000
1995-03-21,,,,112.120000
1995-03-22,,,,112.760000
1995-03-23,,,,113.900000
1995-03-24,,,,115.620000
1995-03-27,,,,116.150000
1995-03-28,,,,116.310000
1995-03-29,,,,115.680000
1995-03-30,,,,116.270000
1995-03-31,,,,115.880000
1995-04-03,,,,116.130000
1995-04-04,,,,117.010000
1995-04-05,,,,116.870000
1995-04-06,,,,116.630000
1995-04-07,,,,115.640000
1995-04-10,,,,116.600000
1995-04-11,,,,114.680000
1995-04-12,,,,116.540000
1995-04-13,,,,121.170000
1995-04-17,,,,113.620000
1995-04-18,,,,115.270000
1995-04-19,,,,117.850000
1995-04-20,,,,115.290000
1995-04-21,,,,117.740000
1995-04-24,,,,116.730000
1995-04-25,,,,114.230000
1995-04-26,,,,113.180000
1995-04-27,,,,112.470000
1995-04-28,,,,115.530000
1995-05-01,,,,113.880000
1995-05-02,,,,113.620000
1995-05-03,,,,115.430000
1995-05-04,,,,117.020000
1995-05-05,,,,118.130000
1995-05-08,,,,115.060000
1995-05-09,,,,114.970000
1995-05-10,,,,115.520000
1995-05-11,,,,115.400000
1995-05-12,,,,116.950000
1995-05-15,,,,116.220000
1995-05-16,,,,115.620000
1995-05-17,,,,116.830000
1995-05-18,,,,116.040000
1995-05-19,,,,117.920000
1995-05-22,,,,114.070000
1995-05-23,,,,113.360000
1995-05-24,,,,112.920000
1995-05-25,,,,115.030000
1995-05-26,,,,114.530000
1995-05-30,,,,112.910000
1995-05-31,,,,110.600000
1995-06-01,,,,111.800000
1995-06-02,,,,114.030000
1995-06-05,,,,112.340000
1995-06-06,,,,112.540000
1995-06-07,,,,112.840000
1995-06-08,,,,111.940000
1995-06-09,,,,114.430000
1995-06-12,,,,116.410000
1995-06-13,,,,115.530000
1995-06-14,,,,113.270000
1995-06-15,,,,114.040000
1995-06-16,,,,111.980000
1995-06-19,,,,110.370000
1995-06-20,,,,111.270000
1995-06-21,,,,108.040000
1995-06-22,,,,107.640000
1995-06-23,,,,109.420000
1995-06-26,,,,109.230000
1995-06-27,,,,108.010000
1995-06-28,,,,108.970000
1995-06-29,,,,110.990000
1995-06-30,,,,108.940000
1995-07-03,,,,111.700000
1995-07-05,,,,110.530000
1995-07-06,,,,109.360000
1995-07-07,,,,111.210000
1995-07-10,,,,108.990000
1995-07-11,,,,108.840000
1995-07-12,,,,108.230000
1995-07-13,,,,107.790000
1995-07-14,,,,107.390000
1995-07-17,,,,107.230000
1995-07-18,,,,106.940000
1995-07-19,,,,107.980000
1995-07-20,,,,108.300000
1995-07-21,,,,108.420000
1995-07-24,,,,109.740000
1995-07-25,,,,109.110000
1995-07-26,,,,108.710000
1995-07-27,,,,112.390000
1995-07-28,,,,113.060000
1995-07-31,,,,109.510000
1995-08-01,,,,111.280000
1995-08-02,,,,109.250000
1995-08-03,,,,110.840000
1995-08-04,,,,110.910000
1995-08-07,,,,109.110000
1995-08-08,,,,111.080000
1995-08-09,,,,109.130000
1995-08-10,,,,110.660000
1995-08-11,,,,112.640000
1995-08-14,,,,113.800000
1995-08-15,,,,111.850000
1995-08-16,,,,113.600000
1995-08-17,,,,112.490000
1995-08-18,,,,113.780000
1995-08-21,,,,114.170000
1995-08-22,,,,114.500000
1995-08-23,,,,113.590000
1995-08-24,,,,114.680000
1995-08-25,,,,114.340000
1995-08-28,,,,113.060000
1995-08-29,,,,114.440000
1995-08-30,,,,114.220000
1995-08-31,,,,112.510000
1995-09-01,,,,113.620000
1995-09-05,,,,112.090000
1995-09-06,,,,114.570000
1995-09-07,,,,113.600000
1995-09-08,,,,115.020000
1995-09-11,,,,115.810000
1995-09-12,,,,116.360000
1995-09-13,,,,117.410000
1995-09-14,,,,117.230000
1995-09-15,,,,119.040000
1995-09-18,,,,119.530000
1995-09-19,,,,119.210000
1995-09-20,,,,118.990000
1995-09-21,,,,116.150000
1995-09-22,,,,118.630000
1995-09-25,,,,117.400000
1995-09-26,,,,117.360000
1995-09-27,,,,119.390000
1995-09-28,,,,117.910000
1995-09-29,,,,115.350000
1995-10-02,,,,117.480000
1995-10-03,,,,118.990000
1995-10-04,,,,118.290000
1995-10-05,,,,118.560000
1995-10-06,,,,118.200000
1995-10-09,,,,117.520000
1995-10-10,,,,119.150000
1995-10-11,,,,118.840000
1995-10-12,,,,119.950000
1995-10-13,,,,118.000000
1995-10-16,,,,119.470000
1995-10-17,,,,121.640000
1995-10-18,,,,120.110000
1995-10-19,,,,121.680000
1995-10-20,,,,119.720000
1995-10-23,,,,117.780000
1995-10-24,,,,117.090000
1995-10-25,,,,116.360000
1995-10-26,,,,115.430000
1995-10-27,,,,116.830000
1995-10-30,,,,114.100000
1995-10-31,,,,112.640000
1995-11-01,,,,113.560000
1995-11-02,,,,113.380000
1995-11-03,,,,111.610000
1995-11-06,,,,113.160000
1995-11-07,,,,112.320000
1995-11-08,,,,112.750000
1995-11-09,,,,112.450000
1995-11-10,,,,114.360000
1995-11-13,,,,113.600000
1995-11-14,,,,112.780000
1995-11-15,,,,112.480000
1995-11-16,,,,113.200000
1995-11-17,,,,115.380000
1995-11-20,,,,115.060000
1995-11-21,,,,115.820000
1995-11-22,,,,116.660000
1995-11-24,,,,115.960000
1995-11-27,,,,117.500000
1995-11-28,,,,119.060000
1995-11-29,,,,118.620000
1995-11-30,,,,117.290000
1995-12-01,,,,116.650000
1995-12-04,,,,116.280000
1995-12-05,,,,120.180000
1995-12-06,,,,121.850000
1995-12-07,,,,120.530000
1995-12-08,,,,119.680000
1995-12-11,,,,119.570000
1995-12-12,,,,118.440000
1995-12-13,,,,118.290000
1995-12-14,,,,115.990000
1995-12-15,,,,118.760000
1995-12-18,,,,117.830000
1995-12-19,,,,115.020000
1995-12-20,,,,115.070000
1995-12-21,,,,114.280000
1995-12-22,,,,113.670000
1995-12-26,,,,114.040000
1995-12-27,,,,113.460000
1995-12-28,,,,113.110000
1995-12-29,,,,112.000000
1996-01-02,,,,113.210000
1996-01-03,,,,113.120000
1996-01-04,,,,112.270000
1996-01-05,,,,113.260000
1996-01-08,,,,112.930000
1996-01-09,,,,111.190000
1996-01-10,,,,116.000000
1996-01-11,,,,113.740000
1996-01-12,,,,115.090000
1996-01-15,,,,116.000000
1996-01-16,,,,115.960000
1996-01-17,,,,113.360000
1996-01-18,,,,113.260000
1996-01-19,,,,114.030000
1996-01-22,,,,113.680000
1996-01-23,,,,114.340000
1996-01-24,,,,110.770000
1996-01-25,,,,112.460000
1996-01-26,,,,113.270000
1996-01-29,,,,110.740000
1996-01-30,,,,112.120000
1996-01-31,,,,113.750000
1996-02-01,,,,113.000000
1996-02-02,,,,115.190000
1996-02-05,,,,115.810000
1996-02-06,,,,112.960000
1996-02-07,,,,117.010000
1996-02-08,,,,116.980000
1996-02-09,,,,115.640000
1996-02-12,,,,113.610000
1996-02-13,,,,113.100000
1996-02-14,,,,109.410000
1996-02-15,,,,109.540000
1996-02-16,,,,110.100000
1996-02-20,,,,111.570000
1996-02-21,,,,109.970000
1996-02-22,,,,108.810000
1996-02-23,,,,110.070000
1996-02-26,,,,109.330000
1996-02-27,,,,108.940000
1996-02-28,,,,109.120000
1996-02-29,,,,107.110000
1996-03-01,,,,109.300000
1996-03-04,,,,108.940000
1996-03-05,,,,110.480000
1996-03-06,,,,111.420000
1996-03-07,,,,110.250000
1996-03-08,,,,111.150000
1996-03-11,,,,114.290000
1996-03-12,,,,110.350000
1996-03-13,,,,113.470000
1996-03-14,,,,114.370000
1996-03-15,,,,114.470000
1996-03-18,,,,112.290000
1996-03-19,,,,113.240000
1996-03-20,,,,113.240000
1996-03-21,,,,111.690000
1996-03-22,,,,113.840000
1996-03-25,,,,113.280000
1996-03-26,,,,113.810000
1996-03-27,,,,111.820000
1996-03-28,,,,112.970000
1996-03-29,,,,114.260000
1996-04-01,,,,115.650000
1996-04-02,,,,114.110000
1996-04-03,,,,114.750000
1996-04-04,,,,114.450000
1996-04-08,,,,117.610000
1996-04-09,,,,114.410000
1996-04-10,,,,113.060000
1996-04-11,,,,112.950000
1996-04-12,,,,114.400000
1996-04-15,,,,114.510000
1996-04-16,,,,114.440000
1996-04-17,,,,114.380000
1996-04-18,,,,113.790000
1996-04-19,,,,116.110000
1996-04-22,,,,117.100000
1996-04-23,,,,113.120000
1996-04-24,,,,112.900000
1996-04-25,,,,112.680000
1996-04-26,,,,112.940000
1996-04-29,,,,113.070000
1996-04-30,,,,113.960000
1996-05-01,,,,112.750000
1996-05-02,,,,114.820000
1996-05-03,,,,114.970000
1996-05-06,,,,113.710000
1996-05-07,,,,111.870000
1996-05-08,,,,113.200000
1996-05-09,,,,112.030000
1996-05-10,,,,113.430000
1996-05-13,,,,115.800000
1996-05-14,,,,114.600000
1996-05-15,,,,113.910000
1996-05-16,,,,115.080000
1996-05-17,,,,113.160000
1996-05-20,,,,113.170000
1996-05-21,,,,114.210000
1996-05-22,,,,114.830000
1996-05-23,,,,113.570000
1996-05-24,,,,113.820000
1996-05-28,,,,112.050000
1996-05-29,,,,112.860000
1996-05-30,,,,113.170000
1996-05-31,,,,111.710000
1996-06-03,,,,112.590000
1996-06-04,,,,112.180000
1996-06-05,,,,112.590000
1996-06-06,,,,111.740000
1996-06-07,,,,111.790000
1996-06-10,,,,111.090000
1996-06-11,,,,112.440000
1996-06-12,,,,112.010000
1996-06-13,,,,112.110000
1996-06-14,,,,111.380000
1996-06-17,,,,112.550000
1996-06-18,,,,110.950000
1996-06-19,,,,112.660000
1996-06-20,,,,112.580000
1996-06-21,,,,112.440000
1996-06-24,,,,110.760000
1996-06-25,,,,110.460000
1996-06-26,,,,110.260000
1996-06-27,,,,109.020000
1996-06-28,,,,108.300000
1996-07-01,,,,108.970000
1996-07-02,,,,109.670000
1996-07-03,,,,108.970000
1996-07-05,,,,109.450000
1996-07-08,,,,108.230000
1996-07-09,,,,107.920000
1996-07-10,,,,110.820000
1996-07-11,,,,111.240000
1996-07-12,,,,110.880000
1996-07-15,,,,109.020000
1996-07-16,,,,109.260000
1996-07-17,,,,110.930000
1996-07-18,,,,113.230000
1996-07-19,,,,112.900000
1996-07-22,,,,112.930000
1996-07-23,,,,110.920000
1996-07-24,,,,111.800000
1996-07-25,,,,113.940000
1996-07-26,,,,114.670000
1996-07-29,,,,113.210000
1996-07-30,,,,114.540000
1996-07-31,,,,116.610000
1996-08-01,,,,116.210000
1996-08-02,,,,114.130000
1996-08-05,,,,114.430000
1996-08-06,,,,114.550000
1996-08-07,,,,114.690000
1996-08-08,,,,113.920000
1996-08-09,,,,112.570000
1996-08-12,,,,114.210000
1996-08-13,,,,114.080000
1996-08-14,,,,114.720000
1996-08-15,,,,114.330000
1996-08-16,,,,114.570000
1996-08-19,,,,114.830000
1996-08-20,,,,113.300000
1996-08-21,,,,114.630000
1996-08-22,,,,113.040000
1996-08-23,,,,113.780000
1996-08-26,,,,113.060000
1996-08-27,,,,113.480000
1996-08-28,,,,112.930000
1996-08-29,,,,113.360000
1996-08-30,,,,114.320000
1996-09-03,,,,115.180000
1996-09-04,,,,115.330000
1996-09-05,,,,115.900000
1996-09-06,,,,115.850000
1996-09-09,,,,114.320000
1996-09-10,,,,115.140000
1996-09-11,,,,115.340000
1996-09-12,,,,115.440000
1996-09-13,,,,115.390000
1996-09-16,,,,113.250000
1996-09-17,,,,115.550000
1996-09-18,,,,114.070000
1996-09-19,,,,113.730000
1996-09-20,,,,115.260000
1996-09-23,,,,115.740000
1996-09-24,,,,116.060000
1996-09-25,,,,116.650000
1996-09-26,,,,115.430000
1996-09-27,,,,115.810000
1996-09-30,,,,114.800000
1996-10-01,,,,115.670000
1996-10-02,,,,116.100000
1996-10-03,,,,115.820000
1996-10-04,,,,115.810000
1996-10-07,,,,116.480000
1996-10-08,,,,116.520000
1996-10-09,,,,114.990000
1996-10-10,,,,114.650000
1996-10-11,,,,114.070000
1996-10-14,,,,113.060000
1996-10-15,,,,114.250000
1996-10-16,,,,114.450000
1996-10-17,,,,113.570000
1996-10-18,,,,113.690000
1996-10-21,,,,113.990000
1996-10-22,,,,113.890000
1996-10-23,,,,114.120000
1996-10-24,,,,112.610000
1996-10-25,,,,113.560000
1996-10-28,,,,112.930000
1996-10-29,,,,113.490000
1996-10-30,,,,113.450000
1996-10-31,,,,112.540000
1996-11-01,,,,112.540000
1996-11-04,,,,112.880000
1996-11-05,,,,113.700000
1996-11-06,,,,114.030000
1996-11-07,,,,114.790000
1996-11-08,,,,116.920000
1996-11-11,,,,113.480000
1996-11-12,,,,114.480000
1996-11-13,,,,114.810000
1996-11-14,,,,115.440000
1996-11-15,,,,115.920000
1996-11-18,,,,114.950000
1996-11-19,,,,115.860000
1996-11-20,,,,115.000000
1996-11-21,,,,115.530000
1996-11-22,,,,114.720000
1996-11-25,,,,113.620000
1996-11-26,,,,114.080000
1996-11-27,,,,112.190000
1996-11-29,,,,112.110000
1996-12-02,,,,113.030000
1996-12-03,,,,111.670000
1996-12-04,,,,112.130000
1996-12-05,,,,111.940000
1996-12-06,,,,113.790000
1996-12-09,,,,111.780000
1996-12-10,,,,111.410000
1996-12-11,,,,112.400000
1996-12-12,,,,111.320000
1996-12-13,,,,113.940000
1996-12-16,,,,114.390000
1996-12-17,,,,113.540000
1996-12-18,,,,113.990000
1996-12-19,,,,112.970000
1996-12-20,,,,114.910000
1996-12-23,,,,113.420000
1996-12-24,,,,116.330000
1996-12-26,,,,114.130000
1996-12-27,,,,114.290000
1996-12-30,,,,114.700000
1996-12-31,,,,113.020000
1997-01-02,,,,114.820000
1997-01-03,,,,113.770000
1997-01-06,,,,112.210000
1997-01-07,,,,113.450000
1997-01-08,,,,113.060000
1997-01-09,,,,112.930000
1997-01-10,,,,114.200000
1997-01-13,,,,109.550000
1997-01-14,,,,112.560000
1997-01-15,,,,112.230000
1997-01-16,,,,112.910000
1997-01-17,,,,110.840000
1997-01-20,,,,111.320000
1997-01-21,,,,111.760000
1997-01-22,,,,112.760000
1997-01-23,,,,112.470000
1997-01-24,,,,110.720000
1997-01-27,,,,111.140000
1997-01-28,,,,111.710000
1997-01-29,,,,111.150000
1997-01-30,,,,111.360000
1997-01-31,,,,110.490000
1997-02-03,,,,110.610000
1997-02-04,,,,110.280000
1997-02-05,,,,111.180000
1997-02-06,,,,110.840000
1997-02-07,,,,110.570000
1997-02-10,,,,110.090000
1997-02-11,,,,110.310000
1997-02-12,,,,109.690000
1997-02-13,,,,110.750000
1997-02-14,,,,111.310000
1997-02-18,,,,110.750000
1997-02-19,,,,110.480000
1997-02-20,,,,110.260000
1997-02-21,,,,111.480000
1997-02-24,,,,111.600000
1997-02-25,,,,111.320000
1997-02-26,,,,109.050000
1997-02-27,,,,108.930000
1997-02-28,,,,109.260000
1997-03-03,,,,108.490000
1997-03-04,,,,108.670000
1997-03-05,,,,108.910000
1997-03-06,,,,109.130000
1997-03-07,,,,108.730000
1997-03-10,,,,108.980000
1997-03-11,,,,108.990000
1997-03-12,,,,108.430000
1997-03-13,,,,107.870000
1997-03-14,,,,107.620000
1997-03-17,,,,109.330000
1997-03-18,,,,108.610000
1997-03-19,,,,108.760000
1997-03-20,,,,108.600000
1997-03-21,,,,108.450000
1997-03-24,,,,108.990000
1997-03-25,,,,108.830000
1997-03-26,,,,108.910000
1997-03-27,,,,108.350000
1997-03-31,,,,106.980000
1997-04-01,,,,107.960000
1997-04-02,,,,107.470000
1997-04-03,,,,107.800000
1997-04-04,,,,108.080000
1997-04-07,,,,107.350000
1997-04-08,,,,108.340000
1997-04-09,,,,108.610000
1997-04-10,,,,107.940000
1997-04-11,,,,106.530000
1997-04-14,,,,107.320000
1997-04-15,,,,108.820000
1997-04-16,,,,108.910000
1997-04-17,,,,110.420000
1997-04-18,,,,110.360000
1997-04-21,,,,111.390000
1997-04-22,,,,113.090000
1997-04-23,,,,112.550000
1997-04-24,,,,112.160000
1997-04-25,,,,112.200000
1997-04-28,,,,111.390000
1997-04-29,,,,111.570000
1997-04-30,,,,111.930000
1997-05-01,,,,111.550000
1997-05-02,,,,110.620000
1997-05-05,,,,110.680000
1997-05-06,,,,111.000000
1997-05-07,,,,108.390000
1997-05-08,,,,107.500000
1997-05-09,,,,107.190000
1997-05-12,,,,106.230000
1997-05-13,,,,107.220000
1997-05-14,,,,106.360000
1997-05-15,,,,106.550000
1997-05-16,,,,107.080000
1997-05-19,,,,108.040000
1997-05-20,,,,106.850000
1997-05-21,,,,106.510000
1997-05-22,,,,105.620000
1997-05-23,,,,105.130000
1997-05-27,,,,105.030000
1997-05-28,,,,105.930000
1997-05-29,,,,105.080000
1997-05-30,,,,104.890000
1997-06-02,,,,104.890000
1997-06-03,,,,104.850000
1997-06-04,,,,104.840000
1997-06-05,,,,105.110000
1997-06-06,,,,105.970000
1997-06-09,,,,106.660000
1997-06-10,,,,107.650000
1997-06-11,,,,108.400000
1997-06-12,,,,111.640000
1997-06-13,,,,110.610000
1997-06-16,,,,110.770000
1997-06-17,,,,107.330000
1997-06-18,,,,107.270000
1997-06-19,,,,107.510000
1997-06-20,,,,106.180000
1997-06-23,,,,104.310000
1997-06-24,,,,106.250000
1997-06-25,,,,105.940000
1997-06-26,,,,105.880000
1997-06-27,,,,106.620000
1997-06-30,,,,105.810000
1997-07-01,,,,107.450000
1997-07-02,,,,108.180000
1997-07-03,,,,109.130000
1997-07-07,,,,107.790000
1997-07-08,,,,108.550000
1997-07-09,,,,107.800000
1997-07-10,,,,108.660000
1997-07-11,,,,108.810000
1997-07-14,,,,109.230000
1997-07-15,,,,111.060000
1997-07-16,,,,108.670000
1997-07-17,,,,108.090000
1997-07-18,,,,106.740000
1997-07-21,,,,107.350000
1997-07-22,,,,110.790000
1997-07-23,,,,109.490000
1997-07-24,,,,109.190000
1997-07-25,,,,110.150000
1997-07-28,,,,109.420000
1997-07-29,,,,109.530000
1997-07-30,,,,111.230000
1997-07-31,,,,111.880000
1997-08-01,,,,110.100000
1997-08-04,,,,109.070000
1997-08-05,,,,107.680000
1997-08-06,,,,107.650000
1997-08-07,,,,108.040000
1997-08-08,,,,108.410000
1997-08-11,,,,107.540000
1997-08-12,,,,109.350000
1997-08-13,,,,109.640000
1997-08-14,,,,109.110000
1997-08-15,,,,108.160000
1997-08-18,,,,111.350000
1997-08-19,,,,110.290000
1997-08-20,,,,110.670000
1997-08-21,,,,109.850000
1997-08-22,,,,112.250000
1997-08-25,,,,109.570000
1997-08-26,,,,108.600000
1997-08-27,,,,109.370000
1997-08-28,,,,109.110000
1997-08-29,,,,109.240000
1997-09-02,,,,109.660000
1997-09-03,,,,108.120000
1997-09-04,,,,108.680000
1997-09-05,,,,108.900000
1997-09-08,,,,108.220000
1997-09-09,,,,108.990000
1997-09-10,,,,109.630000
1997-09-11,,,,110.180000
1997-09-12,,,,111.040000
1997-09-15,,,,110.180000
1997-09-16,,,,111.970000
1997-09-17,,,,112.060000
1997-09-18,,,,112.390000
1997-09-19,,,,115.520000
1997-09-22,,,,116.020000
1997-09-23,,,,115.540000
1997-09-24,,,,114.540000
1997-09-25,,,,113.630000
1997-09-26,,,,113.040000
1997-09-29,,,,113.030000
1997-09-30,,,,112.510000
1997-10-01,,,,114.590000
1997-10-02,,,,115.420000
1997-10-03,,,,115.280000
1997-10-06,,,,114.590000
1997-10-07,,,,114.770000
1997-10-08,,,,113.840000
1997-10-09,,,,113.670000
1997-10-10,,,,115.260000
1997-10-13,,,,113.340000
1997-10-14,,,,113.340000
1997-10-15,,,,112.220000
1997-10-16,,,,113.070000
1997-10-17,,,,111.990000
1997-10-20,,,,112.420000
1997-10-21,,,,112.780000
1997-10-22,,,,110.350000
1997-10-23,,,,114.010000
1997-10-24,,,,111.910000
1997-10-27,,,,104.090000
1997-10-28,,,,117.960000
1997-10-29,,,,122.340000
1997-10-30,,,,119.830000
1997-10-31,,,,120.820000
1997-11-03,,,,125.480000
1997-11-04,,,,125.110000
1997-11-05,,,,125.320000
1997-11-06,,,,123.370000
1997-11-07,,,,122.010000
1997-11-10,,,,123.600000
1997-11-11,,,,123.480000
1997-11-12,,,,121.470000
1997-11-13,,,,122.410000
1997-11-14,,,,121.620000
1997-11-17,,,,125.340000
1997-11-18,,,,122.350000
1997-11-19,,,,125.800000
1997-11-20,,,,125.470000
1997-11-21,,,,125.720000
1997-11-24,,,,123.810000
1997-11-25,,,,124.580000
1997-11-26,,,,120.480000
1997-11-28,,,,120.580000
1997-12-01,,,,119.910000
1997-12-02,,,,119.540000
1997-12-03,,,,119.600000
1997-12-04,,,,119.970000
1997-12-05,,,,119.790000
1997-12-08,,,,120.550000
1997-12-09,,,,121.200000
1997-12-10,,,,121.560000
1997-12-11,,,,134.320000
1997-12-12,,,,135.040000
1997-12-15,,,,120.070000
1997-12-16,,,,121.180000
1997-12-17,,,,121.930000
1997-12-18,,,,119.840000
1997-12-19,,,,120.000000
1997-12-22,,,,119.470000
1997-12-23,,,,118.070000
1997-12-24,,,,117.430000
1997-12-26,,,,117.230000
1997-12-29,,,,118.910000
1997-12-30,,,,119.620000
1997-12-31,,,,119.620000
1998-01-02,,,,121.990000
1998-01-05,,,,120.840000
1998-01-06,,,,119.610000
1998-01-07,,,,119.730000
1998-01-08,,,,118.270000
1998-01-09,,,,124.280000
1998-01-12,,,,115.390000
1998-01-13,,,,116.900000
1998-01-14,,,,118.990000
1998-01-15,,,,118.610000
1998-01-16,,,,120.720000
1998-01-20,,,,120.610000
1998-01-21,,,,121.890000
1998-01-22,,,,120.820000
1998-01-23,,,,121.600000
1998-01-26,,,,121.680000
1998-01-27,,,,122.560000
1998-01-28,,,,123.220000
1998-01-29,,,,122.740000
1998-01-30,,,,123.600000
1998-02-02,,,,121.010000
1998-02-03,,,,119.160000
1998-02-04,,,,116.670000
1998-02-05,,,,119.000000
1998-02-06,,,,114.480000
1998-02-09,,,,116.900000
1998-02-10,,,,118.280000
1998-02-11,,,,119.190000
1998-02-12,,,,119.100000
1998-02-13,,,,121.250000
1998-02-17,,,,119.230000
1998-02-18,,,,121.040000
1998-02-19,,,,120.800000
1998-02-20,,,,122.190000
1998-02-23,,,,120.470000
1998-02-24,,,,116.580000
1998-02-25,,,,119.460000
1998-02-26,,,,117.780000
1998-02-27,,,,118.360000
1998-03-02,,,,116.620000
1998-03-03,,,,117.530000
1998-03-04,,,,116.190000
1998-03-05,,,,117.130000
1998-03-06,,,,116.140000
1998-03-09,,,,115.050000
1998-03-10,,,,116.820000
1998-03-11,,,,117.690000
1998-03-12,,,,120.600000
1998-03-13,,,,119.950000
1998-03-16,,,,119.110000
1998-03-17,,,,119.480000
1998-03-18,,,,120.600000
1998-03-19,,,,122.010000
1998-03-20,,,,122.070000
1998-03-23,,,,122.290000
1998-03-24,,,,122.050000
1998-03-25,,,,120.620000
1998-03-26,,,,118.550000
1998-03-27,,,,118.310000
1998-03-30,,,,119.530000
1998-03-31,,,,119.000000
1998-04-01,,,,120.350000
1998-04-02,,,,119.170000
1998-04-03,,,,120.170000
1998-04-06,,,,116.870000
1998-04-07,,,,117.990000
1998-04-08,,,,119.160000
1998-04-09,,,,119.310000
1998-04-13,,,,118.830000
1998-04-14,,,,119.060000
1998-04-15,,,,119.800000
1998-04-16,,,,118.290000
1998-04-17,,,,120.130000
1998-04-20,,,,119.500000
1998-04-21,,,,118.780000
1998-04-22,,,,120.300000
1998-04-23,,,,118.740000
1998-04-24,,,,118.140000
1998-04-27,,,,120.660000
1998-04-28,,,,117.990000
1998-04-29,,,,117.530000
1998-04-30,,,,119.400000
1998-05-01,,,,121.880000
1998-05-04,,,,117.760000
1998-05-05,,,,117.550000
1998-05-06,,,,118.150000
1998-05-07,,,,116.760000
1998-05-08,,,,118.720000
1998-05-11,,,,120.190000
1998-05-12,,,,124.110000
1998-05-13,,,,125.300000
1998-05-14,,,,125.560000
1998-05-15,,,,123.790000
1998-05-18,,,,125.670000
1998-05-19,,,,124.780000
1998-05-20,,,,123.050000
1998-05-21,,,,122.360000
1998-05-22,,,,122.490000
1998-05-26,,,,118.550000
1998-05-27,,,,122.640000
1998-05-28,,,,120.200000
1998-05-29,,,,118.270000
1998-06-01,,,,119.310000
1998-06-02,,,,118.550000
1998-06-03,,,,116.780000
1998-06-04,,,,118.820000
1998-06-05,,,,119.750000
1998-06-08,,,,119.010000
1998-06-09,,,,120.340000
1998-06-10,,,,119.690000
1998-06-11,,,,119.670000
1998-06-12,,,,122.160000
1998-06-15,,,,119.890000
1998-06-16,,,,120.120000
1998-06-17,,,,122.970000
1998-06-18,,,,123.090000
1998-06-19,,,,122.720000
1998-06-22,,,,121.880000
1998-06-23,,,,123.300000
1998-06-24,,,,121.780000
1998-06-25,,,,123.010000
1998-06-26,,,,124.800000
1998-06-29,,,,123.220000
1998-07-01,,,,125.820000
1998-07-02,,,,129.970000
1998-07-06,,,,120.430000
1998-07-07,,,,122.550000
1998-07-08,,,,122.250000
1998-07-09,,,,124.000000
1998-07-10,,,,118.790000
1998-07-13,,,,118.190000
1998-07-14,,,,122.400000
1998-07-15,,,,122.880000
1998-07-16,,,,117.800000
1998-07-17,,,,118.400000
1998-07-20,,,,119.180000
1998-07-21,,,,122.910000
1998-07-22,,,,124.640000
1998-07-23,,,,120.910000
1998-07-24,,,,120.780000
1998-07-27,,,,120.670000
1998-07-28,,,,123.130000
1998-07-29,,,,120.550000
1998-07-30,,,,124.300000
1998-07-31,,,,121.210000
1998-08-03,,,,120.700000
1998-08-04,,,,118.720000
1998-08-05,,,,121.170000
1998-08-06,,,,121.620000
1998-08-07,,,,122.980000
1998-08-10,,,,121.210000
1998-08-11,,,,122.770000
1998-08-12,,,,121.230000
1998-08-13,,,,121.590000
1998-08-14,,,,122.790000
1998-08-17,,,,124.100000
1998-08-18,,,,128.230000
1998-08-19,,,,125.620000
1998-08-20,,,,124.920000
1998-08-21,,,,125.080000
1998-08-24,,,,126.710000
1998-08-25,,,,127.130000
1998-08-26,,,,125.070000
1998-08-27,,,,118.880000
1998-08-28,,,,118.250000
1998-08-31,,,,118.840000
1998-09-01,,,,124.330000
1998-09-02,,,,122.910000
1998-09-03,,,,122.730000
1998-09-04,,,,123.480000
1998-09-08,,,,127.200000
1998-09-09,,,,126.650000
1998-09-10,,,,122.060000
1998-09-11,,,,126.670000
1998-09-14,,,,136.290000
1998-09-15,,,,134.670000
1998-09-16,,,,134.610000
1998-09-17,,,,129.400000
1998-09-18,,,,128.300000
1998-09-21,,,,127.360000
1998-09-22,,,,118.290000
1998-09-23,,,,122.870000
1998-09-24,,,,119.800000
1998-09-25,,,,119.070000
1998-09-28,,,,119.320000
1998-09-29,,,,121.210000
1998-09-30,,,,117.570000
1998-10-01,,,,114.540000
1998-10-02,,,,115.150000
1998-10-05,,,,113.730000
1998-10-06,,,,113.080000
1998-10-07,,,,118.830000
1998-10-08,,,,118.000000
1998-10-09,,,,119.280000
1998-10-12,,,,130.470000
1998-10-13,,,,130.520000
1998-10-14,,,,133.270000
1998-10-15,,,,136.010000
1998-10-16,,,,146.220000
1998-10-19,,,,120.470000
1998-10-20,,,,120.460000
1998-10-21,,,,122.120000
1998-10-22,,,,123.470000
1998-10-23,,,,122.480000
1998-10-26,,,,124.870000
1998-10-27,,,,124.290000
1998-10-28,,,,125.330000
1998-10-29,,,,130.290000
1998-10-30,,,,129.980000
1998-11-02,,,,136.810000
1998-11-03,,,,126.920000
1998-11-04,,,,128.500000
1998-11-05,,,,126.830000
1998-11-06,,,,129.390000
1998-11-09,,,,126.030000
1998-11-10,,,,122.960000
1998-11-11,,,,124.090000
1998-11-12,,,,122.430000
1998-11-13,,,,123.860000
1998-11-16,,,,126.200000
1998-11-17,,,,127.360000
1998-11-18,,,,125.030000
1998-11-19,,,,135.150000
1998-11-20,,,,131.840000
1998-11-23,,,,128.390000
1998-11-24,,,,121.380000
1998-11-25,,,,129.390000
1998-11-27,,,,122.430000
1998-11-30,,,,121.520000
1998-12-01,,,,120.730000
1998-12-02,,,,122.300000
1998-12-03,,,,119.290000
1998-12-04,,,,120.790000
1998-12-07,,,,120.580000
1998-12-08,,,,120.160000
1998-12-09,,,,121.680000
1998-12-10,,,,120.300000
1998-12-11,,,,120.490000
1998-12-14,,,,118.080000
1998-12-15,,,,120.670000
1998-12-16,,,,119.380000
1998-12-17,,,,121.000000
1998-12-18,,,,123.330000
1998-12-21,,,,127.730000
1998-12-22,,,,128.700000
1998-12-23,,,,123.930000
1998-12-24,,,,120.650000
1998-12-28,,,,125.020000
1998-12-29,,,,121.900000
1998-12-30,,,,119.780000
1998-12-31,,,,124.460000
1999-01-04,,,,118.280000
1999-01-05,,,,118.930000
1999-01-06,,,,116.550000
1999-01-07,,,,119.220000
1999-01-08,,,,121.020000
1999-01-11,,,,120.210000
1999-01-12,,,,119.500000
1999-01-13,,,,117.610000
1999-01-14,,,,115.830000
1999-01-15,,,,120.430000
1999-01-19,,,,119.220000
1999-01-20,,,,120.190000
1999-01-21,,,,117.620000
1999-01-22,,,,119.320000
1999-01-25,,,,118.620000
1999-01-26,,,,120.020000
1999-01-27,,,,116.250000
1999-01-28,,,,118.460000
1999-01-29,,,,119.230000
1999-02-01,,,,118.750000
1999-02-02,,,,117.370000
1999-02-03,,,,116.100000
1999-02-04,,,,115.250000
1999-02-05,,,,115.510000
1999-02-08,,,,114.600000
1999-02-09,,,,113.350000
1999-02-10,,,,114.910000
1999-02-11,,,,117.630000
1999-02-12,,,,116.290000
1999-02-16,,,,115.450000
1999-02-17,,,,114.550000
1999-02-18,,,,115.150000
1999-02-19,,,,115.400000
1999-02-22,,,,117.060000
1999-02-23,,,,117.110000
1999-02-24,,,,116.150000
1999-02-25,,,,115.630000
1999-02-26,,,,114.880000
1999-03-01,,,,115.380000
1999-03-02,,,,114.480000
1999-03-03,,,,114.610000
1999-03-04,,,,115.290000
1999-03-05,,,,115.830000
1999-03-08,,,,116.420000
1999-03-09,,,,115.530000
1999-03-10,,,,115.430000
1999-03-11,,,,114.490000
1999-03-12,,,,113.950000
1999-03-15,,,,115.480000
1999-03-16,,,,114.520000
1999-03-17,,,,114.630000
1999-03-18,,,,114.470000
1999-03-19,,,,114.970000
1999-03-22,,,,114.420000
1999-03-23,,,,112.590000
1999-03-24,,,,112.760000
1999-03-25,,,,114.770000
1999-03-26,,,,114.720000
1999-03-29,,,,114.730000
1999-03-30,,,,115.240000
1999-03-31,,,,114.020000
1999-04-01,,,,112.350000
1999-04-05,,,,114.750000
1999-04-06,,,,114.600000
1999-04-07,,,,113.770000
1999-04-08,,,,113.190000
1999-04-09,,,,115.900000
1999-04-12,,,,112.860000
1999-04-13,,,,112.520000
1999-04-14,,,,112.540000
1999-04-15,,,,113.070000
1999-04-16,,,,113.860000
1999-04-19,,,,113.200000
1999-04-20,,,,112.840000
1999-04-21,,,,114.990000
1999-04-22,,,,115.380000
1999-04-23,,,,115.840000
1999-04-26,,,,115.610000
1999-04-27,,,,116.820000
1999-04-28,,,,116.010000
1999-04-29,,,,115.570000
1999-04-30,,,,116.250000
1999-05-03,,,,116.600000
1999-05-04,,,,116.600000
1999-05-05,,,,117.530000
1999-05-06,,,,116.860000
1999-05-07,,,,116.900000
1999-05-10,,,,116.570000
1999-05-11,,,,116.760000
1999-05-12,,,,117.120000
1999-05-13,,,,117.690000
1999-05-14,,,,116.770000
1999-05-17,,,,115.620000
1999-05-18,,,,118.430000
1999-05-19,,,,117.950000
1999-05-20,,,,118.860000
1999-05-21,,,,118.430000
1999-05-24,,,,116.940000
1999-05-25,,,,117.550000
1999-05-26,,,,118.250000
1999-05-27,,,,117.390000
1999-05-28,,,,117.980000
1999-06-01,,,,114.570000
1999-06-02,,,,116.330000
1999-06-03,,,,116.060000
1999-06-04,,,,116.260000
1999-06-07,,,,116.850000
1999-06-08,,,,116.930000
1999-06-09,,,,116.610000
1999-06-10,,,,115.470000
1999-06-11,,,,115.450000
1999-06-14,,,,114.590000
1999-06-15,,,,116.260000
1999-06-16,,,,117.250000
1999-06-17,,,,118.410000
1999-06-18,,,,119.470000
1999-06-21,,,,119.090000
1999-06-22,,,,118.740000
1999-06-23,,,,119.440000
1999-06-24,,,,118.360000
1999-06-25,,,,118.480000
1999-06-28,,,,119.040000
1999-06-29,,,,118.080000
1999-06-30,,,,120.120000
1999-07-01,,,,120.800000
1999-07-02,,,,120.440000
1999-07-06,,,,119.270000
1999-07-07,,,,120.460000
1999-07-08,,,,119.080000
1999-07-09,,,,119.140000
1999-07-12,,,,122.100000
1999-07-13,,,,119.390000
1999-07-14,,,,118.450000
1999-07-15,,,,119.900000
1999-07-16,,,,122.200000
1999-07-19,,,,122.400000
1999-07-20,,,,121.130000
1999-07-21,,,,119.480000
1999-07-22,,,,119.290000
1999-07-23,,,,118.850000
1999-07-26,,,,118.230000
1999-07-27,,,,115.040000
1999-07-28,,,,117.850000
1999-07-29,,,,119.600000
1999-07-30,,,,119.280000
1999-08-02,,,,120.090000
1999-08-03,,,,120.010000
1999-08-04,,,,118.570000
1999-08-05,,,,119.830000
1999-08-06,,,,121.410000
1999-08-09,,,,119.540000
1999-08-10,,,,118.590000
1999-08-11,,,,120.690000
1999-08-12,,,,121.690000
1999-08-13,,,,128.400000
1999-08-16,,,,122.160000
1999-08-17,,,,122.690000
1999-08-18,,,,119.820000
1999-08-19,,,,119.740000
1999-08-20,,,,122.980000
1999-08-23,,,,117.830000
1999-08-24,,,,119.020000
1999-08-25,,,,119.020000
1999-08-26,,,,118.600000
1999-08-27,,,,118.250000
1999-08-30,,,,116.650000
1999-08-31,,,,117.640000
1999-09-01,,,,117.480000
1999-09-02,,,,119.280000
1999-09-03,,,,122.870000
1999-09-07,,,,120.730000
1999-09-08,,,,119.320000
1999-09-09,,,,119.610000
1999-09-10,,,,119.940000
1999-09-13,,,,118.730000
1999-09-14,,,,117.660000
1999-09-15,,,,118.230000
1999-09-16,,,,119.680000
1999-09-17,,,,119.110000
1999-09-20,,,,118.330000
1999-09-21,,,,117.580000
1999-09-22,,,,118.200000
1999-09-23,,,,116.000000
1999-09-24,,,,115.640000
1999-09-27,,,,117.290000
1999-09-28,,,,116.760000
1999-09-29,,,,116.710000
1999-09-30,,,,115.850000
1999-10-01,,,,117.070000
1999-10-04,,,,117.240000
1999-10-05,,,,117.110000
1999-10-06,,,,118.340000
1999-10-07,,,,120.360000
1999-10-08,,,,120.910000
1999-10-11,,,,118.380000
1999-10-12,,,,120.220000
1999-10-13,,,,115.660000
1999-10-14,,,,116.530000
1999-10-15,,,,116.140000
1999-10-18,,,,115.770000
1999-10-19,,,,116.900000
1999-10-20,,,,118.590000
1999-10-21,,,,120.310000
1999-10-22,,,,120.850000
1999-10-25,,,,119.940000
1999-10-26,,,,118.120000
1999-10-27,,,,119.150000
1999-10-28,,,,121.820000
1999-10-29,,,,124.080000
1999-11-01,,,,123.700000
1999-11-02,,,,121.990000
1999-11-03,,,,122.320000
1999-11-04,,,,122.220000
1999-11-05,,,,127.060000
1999-11-08,,,,122.300000
1999-11-09,,,,122.060000
1999-11-10,,,,122.140000
1999-11-11,,,,120.680000
1999-11-12,,,,126.040000
1999-11-15,,,,124.330000
1999-11-16,,,,125.230000
1999-11-17,,,,124.140000
1999-11-18,,,,125.330000
1999-11-19,,,,127.960000
1999-11-22,,,,123.930000
1999-11-23,,,,121.300000
1999-11-24,,,,121.180000
1999-11-26,,,,121.650000
1999-11-29,,,,120.370000
1999-11-30,,,,118.960000
1999-12-01,,,,119.070000
1999-12-02,,,,117.330000
1999-12-03,,,,115.470000
1999-12-06,,,,117.360000
1999-12-07,,,,116.530000
1999-12-08,,,,115.200000
1999-12-09,,,,114.420000
1999-12-10,,,,114.160000
1999-12-13,,,,117.950000
1999-12-14,,,,117.500000
1999-12-15,,,,116.920000
1999-12-16,,,,117.070000
1999-12-17,,,,118.070000
1999-12-20,,,,116.620000
1999-12-21,,,,118.550000
1999-12-22,,,,117.740000
1999-12-23,,,,120.720000
1999-12-27,,,,117.830000
1999-12-28,,,,119.140000
1999-12-29,,,,119.450000
1999-12-30,,,,120.250000
1999-12-31,,,,119.170000
2000-01-03,,,,117.840000
2000-01-04,,,,114.220000
2000-01-05,,,,114.820000
2000-01-06,,,,114.870000
2000-01-07,,,,117.350000
2000-01-10,,,,115.730000
2000-01-11,,,,114.980000
2000-01-12,,,,114.140000
2000-01-13,,,,115.180000
2000-01-14,,,,116.560000
2000-01-18,,,,114.380000
2000-01-19,,,,115.500000
2000-01-20,,,,114.800000
2000-01-21,,,,116.130000
2000-01-24,,,,114.360000
2000-01-25,,,,116.070000
2000-01-26,,,,115.250000
2000-01-27,,,,115.890000
2000-01-28,,,,113.490000
2000-01-31,,,,114.140000
2000-02-01,,,,114.120000
2000-02-02,,,,114.620000
2000-02-03,,,,115.320000
2000-02-04,,,,115.890000
2000-02-07,,,,116.300000
2000-02-08,,,,117.350000
2000-02-09,,,,115.340000
2000-02-10,,,,115.020000
2000-02-11,,,,114.930000
2000-02-14,,,,113.090000
2000-02-15,,,,116.070000
2000-02-16,,,,114.400000
2000-02-17,,,,114.760000
2000-02-18,,,,114.070000
2000-02-22,,,,112.470000
2000-02-23,,,,113.320000
2000-02-24,,,,111.500000
2000-02-25,,,,109.520000
2000-02-28,,,,111.320000
2000-02-29,,,,111.420000
2000-03-01,,,,113.150000
2000-03-02,,,,111.520000
2000-03-03,,,,112.220000
2000-03-06,,,,111.590000
2000-03-07,,,,110.370000
2000-03-08,,,,111.020000
2000-03-09,,,,113.260000
2000-03-10,,,,113.360000
2000-03-13,,,,114.930000
2000-03-14,,,,113.410000
2000-03-15,,,,114.160000
2000-03-16,,,,114.860000
2000-03-17,,,,115.130000
2000-03-20,,,,114.340000
2000-03-21,,,,113.790000
2000-03-22,,,,113.710000
2000-03-23,,,,114.240000
2000-03-24,,,,113.470000
2000-03-27,,,,112.750000
2000-03-28,,,,113.330000
2000-03-29,,,,113.960000
2000-03-30,,,,112.540000
2000-03-31,,,,113.350000
2000-04-03,,,,113.230000
2000-04-04,,,,112.550000
2000-04-05,,,,111.540000
2000-04-06,,,,113.110000
2000-04-07,,,,113.410000
2000-04-10,,,,111.930000
2000-04-11,,,,112.510000
2000-04-12,,,,111.210000
2000-04-13,,,,110.720000
2000-04-14,,,,107.790000
2000-04-17,,,,109.520000
2000-04-18,,,,112.790000
2000-04-19,,,,113.520000
2000-04-20,,,,114.240000
2000-04-24,,,,114.900000
2000-04-25,,,,115.890000
2000-04-26,,,,115.430000
2000-04-27,,,,115.910000
2000-04-28,,,,115.350000
2000-05-01,,,,116.220000
2000-05-02,,,,114.730000
2000-05-03,,,,114.340000
2000-05-04,,,,114.130000
2000-05-05,,,,114.820000
2000-05-08,,,,114.730000
2000-05-09,,,,113.700000
2000-05-10,,,,112.910000
2000-05-11,,,,115.020000
2000-05-12,,,,114.580000
2000-05-15,,,,115.110000
2000-05-16,,,,113.510000
2000-05-17,,,,113.930000
2000-05-18,,,,113.180000
2000-05-19,,,,112.390000
2000-05-22,,,,112.210000
2000-05-23,,,,111.230000
2000-05-24,,,,110.480000
2000-05-25,,,,110.950000
2000-05-26,,,,110.520000
2000-05-30,,,,109.940000
2000-05-31,,,,108.640000
2000-06-01,,,,109.020000
2000-06-02,,,,110.300000
2000-06-05,,,,109.660000
2000-06-06,,,,109.780000
2000-06-07,,,,109.950000
2000-06-08,,,,110.050000
2000-06-09,,,,109.670000
2000-06-12,,,,112.410000
2000-06-13,,,,111.960000
2000-06-14,,,,113.100000
2000-06-15,,,,113.300000
2000-06-16,,,,114.520000
2000-06-19,,,,111.560000
2000-06-20,,,,112.340000
2000-06-21,,,,110.870000
2000-06-22,,,,111.620000
2000-06-23,,,,110.920000
2000-06-26,,,,109.160000
2000-06-27,,,,110.620000
2000-06-28,,,,109.830000
2000-06-29,,,,111.490000
2000-06-30,,,,109.920000
2000-07-03,,,,107.350000
2000-07-05,,,,109.930000
2000-07-06,,,,110.560000
2000-07-07,,,,109.880000
2000-07-10,,,,110.840000
2000-07-11,,,,110.440000
2000-07-12,,,,108.560000
2000-07-13,,,,109.310000
2000-07-14,,,,109.060000
2000-07-17,,,,112.370000
2000-07-18,,,,112.250000
2000-07-19,,,,112.020000
2000-07-20,,,,110.320000
2000-07-21,,,,108.590000
2000-07-24,,,,113.650000
2000-07-25,,,,110.220000
2000-07-26,,,,112.970000
2000-07-27,,,,113.280000
2000-07-28,,,,112.170000
2000-07-31,,,,112.200000
2000-08-01,,,,112.980000
2000-08-02,,,,109.860000
2000-08-03,,,,111.260000
2000-08-04,,,,108.650000
2000-08-07,,,,106.890000
2000-08-08,,,,108.590000
2000-08-09,,,,110.050000
2000-08-10,,,,110.020000
2000-08-11,,,,108.540000
2000-08-14,,,,109.060000
2000-08-15,,,,108.880000
2000-08-16,,,,109.950000
2000-08-17,,,,109.220000
2000-08-18,,,,110.340000
2000-08-21,,,,110.530000
2000-08-22,,,,108.350000
2000-08-23,,,,111.290000
2000-08-24,,,,109.440000
2000-08-25,,,,112.270000
2000-08-28,,,,110.930000
2000-08-29,,,,111.370000
2000-08-30,,,,110.880000
2000-08-31,,,,112.650000
2000-09-01,,,,114.500000
2000-09-05,,,,112.500000
2000-09-06,,,,110.440000
2000-09-07,,,,112.330000
2000-09-08,,,,111.030000
2000-09-11,,,,111.350000
2000-09-12,,,,112.020000
2000-09-13,,,,112.160000
2000-09-14,,,,111.980000
2000-09-15,,,,111.910000
2000-09-18,,,,111.290000
2000-09-19,,,,111.810000
2000-10-02,,,,112.900000
2000-10-03,,,,113.270000
2000-10-04,,,,113.020000
2000-10-05,,,,112.880000
2000-10-06,,,,113.570000
2000-10-09,,,,112.110000
2000-10-10,,,,110.960000
2000-10-11,,,,111.130000
2000-10-12,,,,107.790000
2000-10-13,,,,111.230000
2000-10-16,,,,111.290000
2000-10-17,,,,110.350000
2000-10-18,,,,110.650000
2000-10-19,,,,113.540000
2000-10-20,,,,114.640000
2000-10-23,,,,115.660000
2000-10-24,,,,115.030000
2000-10-25,,,,113.860000
2000-10-26,,,,113.190000
2000-10-27,,,,115.210000
2000-10-30,,,,115.600000
2000-10-31,,,,116.810000
2000-11-01,,,,116.510000
2000-11-02,,,,117.570000
2000-11-03,,,,119.020000
2000-11-06,,,,118.090000
2000-11-07,,,,118.300000
2000-11-08,,,,114.270000
2000-11-09,,,,116.910000
2000-11-10,,,,115.510000
2000-11-13,,,,116.170000
2000-11-14,,,,119.840000
2000-11-15,,,,117.300000
2000-11-16,,,,116.430000
2000-11-17,,,,118.760000
2000-11-20,,,,116.010000
2000-11-21,,,,119.000000
2000-11-22,,,,116.710000
2000-11-24,,,,116.120000
2000-11-27,,,,110.520000
2000-11-28,,,,113.170000
2000-11-29,,,,111.640000
2000-11-30,,,,110.670000
2000-12-01,,,,112.540000
2000-12-04,,,,112.800000
2000-12-05,,,,109.780000
2000-12-06,,,,109.420000
2000-12-07,,,,109.660000
2000-12-08,,,,112.560000
2000-12-11,,,,109.460000
2000-12-12,,,,113.110000
2000-12-13,,,,113.350000
2000-12-14,,,,113.300000
2000-12-15,,,,111.970000
2000-12-18,,,,112.260000
2000-12-19,,,,112.150000
2000-12-20,,,,110.160000
2000-12-21,,,,110.510000
2000-12-22,,,,111.300000
2000-12-26,,,,110.780000
2000-12-27,,,,111.360000
2000-12-28,,,,110.470000
2000-12-29,,,,111.040000
2001-01-02,,,,109.650000
2001-01-03,,,,110.940000
2001-01-04,,,,110.400000
2001-01-05,,,,109.920000
2001-01-08,,,,109.600000
2001-01-09,,,,111.070000
2001-01-10,,,,112.180000
2001-01-11,,,,110.050000
2001-01-12,,,,110.430000
2001-01-16,,,,110.700000
2001-01-17,,,,116.940000
2001-01-18,,,,111.120000
2001-01-19,,,,112.250000
2001-01-22,,,,112.760000
2001-01-23,,,,111.590000
2001-01-24,,,,111.430000
2001-01-25,,,,110.980000
2001-01-26,,,,111.750000
2001-01-29,,,,111.220000
2001-01-30,,,,111.380000
2001-01-31,,,,112.330000
2001-02-01,,,,113.000000
2001-02-02,,,,112.200000
2001-02-05,,,,111.820000
2001-02-06,,,,112.280000
2001-02-07,,,,111.800000
2001-02-08,,,,111.750000
2001-02-09,,,,111.730000
2001-02-12,,,,111.010000
2001-02-13,,,,112.070000
2001-02-14,,,,113.090000
2001-02-15,,,,114.500000
2001-02-16,,,,112.290000
2001-02-20,,,,112.100000
2001-02-21,,,,112.470000
2001-02-22,,,,113.650000
2001-02-23,,,,113.120000
2001-02-26,,,,112.710000
2001-02-27,,,,112.650000
2001-02-28,,,,112.910000
2001-03-01,,,,112.910000
2001-03-02,,,,112.100000
2001-03-05,,,,112.520000
2001-03-06,,,,111.930000
2001-03-07,,,,111.160000
2001-03-08,,,,112.340000
2001-03-09,,,,109.240000
2001-03-12,,,,109.230000
2001-03-13,,,,110.690000
2001-03-14,,,,109.510000
2001-03-15,,,,109.990000
2001-03-16,,,,109.210000
2001-03-19,,,,114.430000
2001-03-20,,,,112.890000
2001-03-21,,,,111.740000
2001-03-22,,,,110.550000
2001-03-23,,,,111.210000
2001-03-26,,,,109.790000
2001-03-27,,,,111.570000
2001-03-28,,,,110.240000
2001-03-29,,,,110.650000
2001-03-30,,,,109.580000
2001-04-02,,,,109.320000
2001-04-03,,,,109.100000
2001-04-04,,,,108.730000
2001-04-05,,,,110.620000
2001-04-06,,,,109.070000
2001-04-09,,,,108.310000
2001-04-10,,,,109.730000
2001-04-11,,,,110.000000
2001-04-12,,,,110.400000
2001-04-16,,,,109.100000
2001-04-17,,,,110.440000
2001-04-18,,,,111.040000
2001-04-19,,,,112.290000
2001-04-20,,,,112.670000
2001-04-23,,,,113.180000
2001-04-24,,,,113.240000
2001-04-25,,,,112.330000
2001-04-26,,,,112.850000
2001-04-27,,,,113.620000
2001-04-30,,,,113.560000
2001-05-01,,,,113.170000
2001-05-02,,,,113.520000
2001-05-03,,,,112.830000
2001-05-04,,,,113.200000
2001-05-07,,,,113.670000
2001-05-08,,,,113.960000
2001-05-09,,,,113.700000
2001-05-10,,,,114.120000
2001-05-11,,,,114.330000
2001-05-14,,,,116.740000
2001-05-15,,,,115.200000
2001-05-16,,,,115.270000
2001-05-17,,,,116.100000
2001-05-18,,,,118.370000
2001-05-21,,,,118.450000
2001-05-22,,,,117.740000
2001-05-23,,,,115.380000
2001-05-24,,,,116.880000
2001-05-25,,,,115.100000
2001-05-29,,,,112.910000
2001-05-30,,,,111.540000
2001-05-31,,,,113.130000
2001-06-01,,,,111.750000
2001-06-04,,,,110.580000
2001-06-05,,,,109.700000
2001-06-06,,,,111.670000
2001-06-07,,,,110.250000
2001-06-08,,,,110.520000
2001-06-11,,,,111.410000
2001-06-12,,,,114.050000
2001-06-13,,,,114.130000
2001-06-14,,,,113.670000
2001-06-15,,,,114.520000
2001-06-18,,,,113.030000
2001-06-19,,,,113.350000
2001-06-20,,,,113.260000
2001-06-21,,,,114.700000
2001-06-22,,,,114.680000
2001-06-25,,,,113.300000
2001-06-26,,,,111.850000
2001-06-27,,,,111.550000
2001-06-28,,,,114.010000
2001-06-29,,,,115.700000
2001-07-02,,,,114.600000
2001-07-03,,,,110.240000
2001-07-05,,,,114.040000
2001-07-06,,,,112.690000
2001-07-09,,,,111.330000
2001-07-10,,,,111.080000
2001-07-11,,,,114.330000
2001-07-12,,,,113.570000
2001-07-13,,,,112.880000
2001-07-16,,,,113.210000
2001-07-17,,,,112.660000
2001-07-18,,,,112.640000
2001-07-19,,,,115.180000
2001-07-20,,,,114.460000
2001-07-23,,,,113.650000
2001-07-24,,,,113.120000
2001-07-25,,,,114.330000
2001-07-26,,,,115.020000
2001-07-27,,,,116.990000
2001-07-30,,,,114.720000
2001-07-31,,,,115.310000
2001-08-01,,,,116.680000
2001-08-02,,,,115.960000
2001-08-03,,,,115.670000
2001-08-06,,,,115.550000
2001-08-07,,,,114.760000
2001-08-08,,,,114.700000
2001-08-09,,,,115.330000
2001-08-10,,,,114.680000
2001-08-13,,,,115.550000
2001-08-14,,,,116.550000
2001-08-15,,,,116.730000
2001-08-16,,,,117.660000
2001-08-17,,,,115.870000
2001-08-20,,,,116.370000
2001-08-21,,,,115.460000
2001-08-22,,,,114.770000
2001-08-23,,,,117.310000
2001-08-24,,,,115.840000
2001-08-27,,,,115.310000
2001-08-28,,,,114.390000
2001-08-29,,,,115.870000
2001-08-30,,,,114.170000
2001-08-31,,,,113.270000
2001-09-04,,,,113.100000
2001-09-05,,,,113.810000
2001-09-06,,,,112.450000
2001-09-07,,,,111.430000
2001-09-10,,,,112.500000
2001-09-17,,,,110.900000
2001-09-18,,,,114.970000
2001-09-19,,,,113.160000
2001-09-20,,,,111.570000
2001-09-21,,,,112.230000
2001-09-24,,,,114.590000
2001-09-25,,,,115.020000
2001-09-26,,,,114.480000
2001-09-27,,,,115.260000
2001-09-28,,,,114.960000
2001-10-01,,,,115.490000
2001-10-02,,,,117.190000
2001-10-03,,,,118.470000
2001-10-04,,,,118.060000
2001-10-05,,,,119.360000
2001-10-08,,,,117.940000
2001-10-09,,,,118.480000
2001-10-10,,,,119.280000
2001-10-11,,,,120.000000
2001-10-12,,,,118.830000
2001-10-15,,,,118.570000
2001-10-16,,,,119.860000
2001-10-17,,,,118.230000
2001-10-18,,,,118.420000
2001-10-19,,,,119.220000
2001-10-22,,,,120.220000
2001-10-23,,,,119.800000
2001-10-24,,,,119.980000
2001-10-25,,,,119.010000
2001-10-26,,,,119.860000
2001-10-29,,,,118.360000
2001-10-30,,,,117.090000
2001-10-31,,,,117.070000
2001-11-01,,,,117.380000
2001-11-02,,,,118.560000
2001-11-05,,,,118.880000
2001-11-06,,,,116.740000
2001-11-07,,,,117.450000
2001-11-08,,,,117.580000
2001-11-09,,,,117.610000
2001-11-12,,,,118.410000
2001-11-13,,,,120.220000
2001-11-14,,,,119.590000
2001-11-15,,,,121.570000
2001-11-16,,,,122.230000
2001-11-19,,,,122.310000
2001-11-20,,,,120.480000
2001-11-21,,,,119.880000
2001-11-23,,,,120.260000
2001-11-26,,,,119.130000
2001-11-27,,,,118.320000
2001-11-28,,,,118.250000
2001-11-29,,,,121.130000
2001-11-30,,,,120.300000
2001-12-03,,,,119.680000
2001-12-04,,,,121.640000
2001-12-05,,,,116.530000
2001-12-06,,,,117.880000
2001-12-07,,,,118.130000
2001-12-10,,,,117.860000
2001-12-11,,,,118.040000
2001-12-12,,,,119.200000
2001-12-13,,,,119.060000
2001-12-14,,,,120.400000
2001-12-17,,,,122.060000
2001-12-18,,,,122.320000
2001-12-19,,,,122.570000
2001-12-20,,,,124.640000
2001-12-21,,,,123.860000
2001-12-24,,,,124.620000
2001-12-26,,,,119.000000
2001-12-27,,,,122.940000
2001-12-28,,,,123.670000
2001-12-31,,,,121.130000
2002-01-02,,,,119.540000
2002-01-03,,,,118.890000
2002-01-04,,,,122.270000
2002-01-07,,,,121.660000
2002-01-08,,,,121.560000
2002-01-09,,,,119.860000
2002-01-10,,,,119.440000
2002-01-11,,,,121.920000
2002-01-14,,,,118.870000
2002-01-15,,,,121.970000
2002-01-16,,,,119.460000
2002-01-17,,,,119.860000
2002-01-18,,,,120.850000
2002-01-22,,,,120.720000
2002-01-23,,,,119.620000
2002-01-24,,,,119.840000
2002-01-25,,,,121.740000
2002-01-28,,,,123.280000
2002-01-29,,,,118.280000
2002-01-30,,,,120.530000
2002-01-31,,,,120.260000
2002-02-01,,,,119.870000
2002-02-04,,,,118.400000
2002-02-05,,,,118.140000
2002-02-06,,,,117.460000
2002-02-07,,,,116.890000
2002-02-08,,,,118.020000
2002-02-11,,,,120.060000
2002-02-12,,,,119.920000
2002-02-13,,,,121.350000
2002-02-14,,,,121.260000
2002-02-15,,,,122.630000
2002-02-19,,,,120.850000
2002-02-20,,,,121.000000
2002-02-21,,,,117.700000
2002-02-22,,,,118.880000
2002-02-25,,,,116.850000
2002-02-26,,,,118.270000
2002-02-27,,,,118.210000
2002-02-28,,,,119.660000
2002-03-01,,,,119.580000
2002-03-04,,,,116.980000
2002-03-05,,,,116.820000
2002-03-06,,,,115.400000
2002-03-07,,,,115.970000
2002-03-08,,,,115.630000
2002-03-11,,,,116.180000
2002-03-12,,,,117.230000
2002-03-13,,,,116.510000
2002-03-14,,,,115.260000
2002-03-15,,,,117.620000
2002-03-18,,,,117.210000
2002-03-19,,,,115.470000
2002-03-20,,,,116.680000
2002-03-21,,,,117.420000
2002-03-22,,,,116.650000
2002-03-25,,,,116.890000
2002-03-26,,,,118.600000
2002-03-27,,,,117.130000
2002-03-28,,,,112.970000
2002-04-01,,,,115.840000
2002-04-02,,,,113.950000
2002-04-03,,,,114.810000
2002-04-04,,,,113.740000
2002-04-05,,,,114.520000
2002-04-08,,,,114.140000
2002-04-09,,,,115.620000
2002-04-10,,,,118.380000
2002-04-11,,,,114.550000
2002-04-12,,,,115.570000
2002-04-15,,,,115.310000
2002-04-16,,,,116.620000
2002-04-17,,,,116.010000
2002-04-18,,,,115.430000
2002-04-19,,,,115.810000
2002-04-22,,,,116.310000
2002-04-23,,,,114.780000
2002-04-24,,,,114.610000
2002-04-25,,,,115.310000
2002-04-26,,,,114.130000
2002-04-29,,,,113.930000
2002-04-30,,,,114.750000
2002-05-01,,,,113.250000
2002-05-02,,,,114.690000
2002-05-03,,,,113.980000
2002-05-06,,,,111.290000
2002-05-07,,,,111.950000
2002-05-08,,,,112.000000
2002-05-09,,,,113.270000
2002-05-10,,,,113.390000
2002-05-13,,,,113.270000
2002-05-14,,,,113.670000
2002-05-15,,,,113.930000
2002-05-16,,,,114.370000
2002-05-17,,,,115.300000
2002-05-20,,,,115.720000
2002-05-21,,,,114.760000
2002-05-22,,,,116.360000
2002-05-23,,,,116.000000
2002-05-24,,,,114.490000
2002-05-28,,,,114.690000
2002-05-29,,,,113.930000
2002-05-30,,,,115.070000
2002-05-31,,,,116.040000
2002-06-03,,,,113.650000
2002-06-04,,,,114.320000
2002-06-05,,,,114.800000
2002-06-06,,,,114.140000
2002-06-07,,,,114.250000
2002-06-10,,,,113.280000
2002-06-11,,,,111.960000
2002-06-12,,,,113.580000
2002-06-13,,,,112.170000
2002-06-14,,,,113.000000
2002-06-17,,,,112.650000
2002-06-18,,,,113.270000
2002-06-19,,,,111.460000
2002-06-20,,,,111.220000
2002-06-21,,,,112.350000
2002-06-24,,,,112.350000
2002-06-25,,,,111.110000
2002-06-26,,,,111.050000
2002-06-27,,,,112.360000
2002-06-28,,,,112.450000
2002-07-01,,,,112.100000
2002-07-02,,,,110.770000
2002-07-03,,,,109.990000
2002-07-05,,,,116.340000
2002-07-08,,,,112.520000
2002-07-09,,,,110.750000
2002-07-10,,,,108.790000
2002-07-11,,,,110.000000
2002-07-12,,,,111.070000
2002-07-15,,,,112.400000
2002-07-16,,,,110.700000
2002-07-17,,,,111.090000
2002-07-18,,,,111.760000
2002-07-19,,,,109.580000
2002-07-22,,,,108.060000
2002-07-23,,,,107.900000
2002-07-24,,,,110.130000
2002-07-25,,,,110.400000
2002-07-26,,,,112.000000
2002-07-29,,,,113.540000
2002-07-30,,,,113.220000
2002-07-31,,,,112.160000
2002-08-01,,,,110.920000
2002-08-02,,,,110.630000
2002-08-05,,,,109.440000
2002-08-06,,,,110.550000
2002-08-07,,,,112.360000
2002-08-08,,,,113.130000
2002-08-09,,,,113.270000
2002-08-12,,,,113.700000
2002-08-13,,,,113.560000
2002-08-14,,,,114.630000
2002-08-15,,,,116.420000
2002-08-16,,,,116.740000
2002-08-19,,,,117.070000
2002-08-20,,,,115.840000
2002-08-21,,,,118.400000
2002-08-22,,,,117.100000
2002-08-23,,,,116.750000
2002-08-26,,,,116.920000
2002-08-27,,,,116.840000
2002-08-28,,,,115.270000
2002-08-29,,,,115.740000
2002-08-30,,,,116.660000
2002-09-03,,,,113.270000
2002-09-04,,,,114.660000
2002-09-05,,,,114.560000
2002-09-06,,,,115.260000
2002-09-09,,,,115.490000
2002-09-10,,,,116.370000
2002-09-11,,,,115.860000
2002-09-12,,,,114.840000
2002-09-13,,,,115.200000
2002-09-16,,,,115.920000
2002-09-17,,,,114.450000
2002-09-18,,,,113.770000
2002-09-19,,,,112.150000
2002-09-20,,,,112.890000
2002-09-23,,,,111.560000
2002-09-24,,,,110.470000
2002-09-25,,,,111.010000
2002-09-26,,,,111.460000
2002-09-27,,,,109.550000
2002-09-30,,,,109.090000
2002-10-01,,,,110.560000
2002-10-02,,,,109.640000
2002-10-03,,,,108.850000
2002-10-04,,,,108.120000
2002-10-07,,,,107.170000
2002-10-08,,,,107.390000
2002-10-09,,,,106.510000
2002-10-10,,,,108.010000
2002-10-11,,,,109.640000
2002-10-14,,,,109.910000
2002-10-15,,,,111.900000
2002-10-16,,,,110.660000
2002-10-17,,,,111.820000
2002-10-18,,,,112.570000
2002-10-21,,,,113.540000
2002-10-22,,,,113.590000
2002-10-23,,,,114.060000
2002-10-24,,,,112.950000
2002-10-25,,,,114.340000
2002-10-28,,,,113.340000
2002-10-29,,,,112.490000
2002-10-30,,,,113.400000
2002-10-31,,,,114.380000
2002-11-01,,,,114.860000
2002-11-04,,,,113.570000
2002-11-05,,,,114.430000
2002-11-06,,,,112.170000
2002-11-07,,,,113.110000
2002-11-08,,,,114.460000
2002-11-11,,,,111.840000
2002-11-12,,,,113.040000
2002-11-13,,,,113.110000
2002-11-14,,,,112.960000
2002-11-15,,,,112.340000
2002-11-18,,,,113.600000
2002-11-19,,,,111.660000
2002-11-20,,,,114.640000
2002-11-21,,,,116.340000
2002-11-22,,,,114.240000
2002-11-25,,,,113.480000
2002-11-26,,,,113.070000
2002-11-27,,,,112.740000
2002-11-29,,,,112.450000
2002-12-02,,,,112.440000
2002-12-03,,,,111.890000
2002-12-04,,,,111.890000
2002-12-05,,,,112.280000
2002-12-06,,,,112.800000
2002-12-09,,,,111.030000
2002-12-10,,,,111.330000
2002-12-11,,,,111.480000
2002-12-12,,,,110.400000
2002-12-13,,,,111.800000
2002-12-16,,,,114.760000
2002-12-17,,,,112.250000
2002-12-18,,,,113.810000
2002-12-19,,,,115.690000
2002-12-20,,,,112.710000
2002-12-23,,,,111.790000
2002-12-24,,,,114.460000
2002-12-26,,,,114.310000
2002-12-27,,,,112.860000
2002-12-30,,,,114.850000
2002-12-31,,,,114.340000
2003-01-02,,,,116.220000
2003-01-03,,,,114.640000
2003-01-06,,,,113.040000
2003-01-07,,,,112.790000
2003-01-08,,,,112.160000
2003-01-09,,,,112.600000
2003-01-10,,,,112.800000
2003-01-13,,,,110.610000
2003-01-14,,,,114.010000
2003-01-15,,,,111.570000
2003-01-16,,,,114.000000
2003-01-17,,,,112.680000
2003-01-21,,,,112.810000
2003-01-22,,,,111.320000
2003-01-23,,,,110.550000
2003-01-24,,,,112.070000
2003-01-27,,,,111.310000
2003-01-28,,,,110.240000
2003-01-29,,,,109.720000
2003-01-30,,,,109.450000
2003-01-31,,,,109.200000
2003-02-03,,,,110.660000
2003-02-04,,,,109.700000
2003-02-05,,,,109.820000
2003-02-06,,,,110.810000
2003-02-07,,,,110.650000
2003-02-10,,,,111.440000
2003-02-11,,,,110.930000
2003-02-12,,,,110.740000
2003-02-13,,,,110.770000
2003-02-14,,,,111.310000
2003-02-18,,,,112.940000
2003-02-19,,,,112.910000
2003-02-20,,,,109.970000
2003-02-21,,,,110.470000
2003-02-24,,,,109.800000
2003-02-25,,,,110.300000
2003-02-26,,,,108.890000
2003-02-27,,,,109.720000
2003-02-28,,,,109.580000
2003-03-03,,,,109.410000
2003-03-04,,,,108.820000
2003-03-05,,,,108.680000
2003-03-06,,,,108.010000
2003-03-07,,,,107.420000
2003-03-10,,,,107.320000
2003-03-11,,,,106.890000
2003-03-12,,,,106.560000
2003-03-13,,,,107.080000
2003-03-14,,,,107.050000
2003-03-17,,,,109.460000
2003-03-18,,,,108.410000
2003-03-19,,,,109.100000
2003-03-20,,,,109.620000
2003-03-21,,,,110.180000
2003-03-24,,,,108.960000
2003-03-25,,,,109.650000
2003-03-26,,,,109.280000
2003-03-27,,,,109.170000
2003-03-28,,,,109.080000
2003-03-31,,,,108.780000
2003-04-01,,,,108.810000
2003-04-02,,,,108.500000
2003-04-03,,,,108.500000
2003-04-04,,,,108.160000
2003-04-07,,,,107.820000
2003-04-08,,,,108.850000
2003-04-09,,,,108.630000
2003-04-10,,,,107.460000
2003-04-11,,,,109.290000
2003-04-14,,,,111.440000
2003-04-15,,,,110.780000
2003-04-16,,,,111.120000
2003-04-17,,,,110.190000
2003-04-21,,,,110.800000
2003-04-22,,,,107.940000
2003-04-23,,,,110.940000
2003-04-24,,,,107.980000
2003-04-25,,,,109.710000
2003-04-28,,,,109.810000
2003-04-29,,,,109.580000
2003-04-30,,,,109.350000
2003-05-01,,,,109.370000
2003-05-02,,,,109.980000
2003-05-05,,,,110.730000
2003-05-06,,,,111.780000
2003-05-07,,,,109.790000
2003-05-08,,,,110.540000
2003-05-09,,,,112.210000
2003-05-12,,,,111.440000
2003-05-13,,,,111.480000
2003-05-14,,,,112.050000
2003-05-15,,,,111.770000
2003-05-16,,,,111.490000
2003-05-19,,,,111.000000
2003-05-20,,,,111.540000
2003-05-21,,,,111.680000
2003-05-22,,,,112.440000
2003-05-23,,,,112.980000
2003-05-27,,,,114.220000
2003-05-28,,,,113.010000
2003-05-29,,,,113.250000
2003-05-30,,,,111.430000
2003-06-02,,,,113.500000
2003-06-03,,,,113.650000
2003-06-04,,,,114.130000
2003-06-05,,,,114.310000
2003-06-06,,,,112.250000
2003-06-09,,,,111.440000
2003-06-10,,,,112.490000
2003-06-11,,,,112.200000
2003-06-12,,,,112.440000
2003-06-13,,,,109.790000
2003-06-16,,,,112.890000
2003-06-17,,,,111.330000
2003-06-18,,,,111.690000
2003-06-19,,,,113.120000
2003-06-20,,,,112.070000
2003-06-23,,,,112.540000
2003-06-24,,,,110.870000
2003-06-25,,,,110.770000
2003-06-26,,,,110.620000
2003-06-27,,,,111.700000
2003-06-30,,,,110.860000
2003-07-01,,,,113.010000
2003-07-02,,,,111.020000
2003-07-03,,,,110.420000
2003-07-07,,,,111.410000
2003-07-08,,,,111.150000
2003-07-09,,,,110.680000
2003-07-10,,,,109.210000
2003-07-11,,,,110.600000
2003-07-14,,,,109.510000
2003-07-15,,,,108.910000
2003-07-16,,,,109.700000
2003-07-17,,,,109.780000
2003-07-18,,,,109.700000
2003-07-21,,,,110.350000
2003-07-22,,,,110.150000
2003-07-23,,,,110.230000
2003-07-24,,,,108.890000
2003-07-25,,,,109.860000
2003-07-28,,,,110.170000
2003-07-29,,,,109.560000
2003-07-30,,,,108.640000
2003-07-31,,,,108.270000
2003-08-01,,,,109.630000
2003-08-04,,,,110.470000
2003-08-05,,,,109.140000
2003-08-06,,,,110.720000
2003-08-07,,,,113.170000
2003-08-08,,,,112.950000
2003-08-11,,,,113.670000
2003-08-12,,,,113.970000
2003-08-13,,,,112.700000
2003-08-14,,,,113.740000
2003-08-15,,,,114.740000
2003-08-18,,,,116.290000
2003-08-19,,,,116.030000
2003-08-20,,,,115.450000
2003-08-21,,,,115.660000
2003-08-22,,,,114.710000
2003-08-25,,,,114.570000
2003-08-26,,,,114.470000
2003-08-27,,,,114.650000
2003-08-28,,,,114.750000
2003-08-29,,,,114.600000
2003-09-02,,,,115.900000
2003-09-03,,,,114.610000
2003-09-04,,,,115.110000
2003-09-05,,,,114.990000
2003-09-08,,,,114.150000
2003-09-09,,,,114.640000
2003-09-10,,,,113.780000
2003-09-11,,,,113.170000
2003-09-12,,,,111.360000
2003-09-15,,,,113.520000
2003-09-16,,,,112.790000
2003-09-17,,,,113.220000
2003-09-18,,,,113.640000
2003-09-19,,,,113.350000
2003-09-22,,,,113.850000
2003-09-23,,,,114.430000
2003-09-24,,,,112.940000
2003-09-25,,,,111.970000
2003-09-26,,,,112.860000
2003-09-29,,,,113.940000
2003-09-30,,,,113.190000
2003-10-01,,,,114.570000
2003-10-02,,,,114.730000
2003-10-03,,,,113.310000
2003-10-06,,,,115.760000
2003-10-07,,,,115.570000
2003-10-08,,,,112.730000
2003-10-09,,,,112.700000
2003-10-10,,,,112.250000
2003-10-13,,,,114.640000
2003-10-14,,,,115.300000
2003-10-15,,,,115.790000
2003-10-16,,,,115.010000
2003-10-17,,,,112.380000
2003-10-20,,,,115.370000
2003-10-22,,,,113.460000
2003-10-23,,,,113.200000
2003-10-24,,,,117.510000
2003-10-27,,,,115.840000
2003-10-29,,,,117.710000
2003-10-30,,,,117.760000
2003-10-31,,,,116.530000
2003-11-03,,,,115.770000
2003-11-04,,,,115.940000
2003-11-05,,,,115.010000
2003-11-06,,,,117.230000
2003-11-07,,,,117.160000
2003-11-10,,,,116.390000
2003-11-11,,,,117.090000
2003-11-12,,,,118.070000
2003-11-13,,,,118.950000
2003-11-14,,,,119.260000
2003-11-17,,,,121.550000
2003-11-18,,,,116.920000
2003-11-19,,,,120.040000
2003-11-20,,,,119.720000
2003-11-21,,,,121.700000
2003-11-24,,,,123.600000
2003-11-25,,,,123.360000
2003-11-26,,,,126.000000
2003-11-28,,,,121.070000
2003-12-01,,,,123.030000
2003-12-02,,,,121.170000
2003-12-03,,,,118.510000
2003-12-04,,,,114.270000
2003-12-05,,,,120.110000
2003-12-08,,,,117.440000
2003-12-09,,,,120.140000
2003-12-10,,,,123.130000
2003-12-11,,,,124.850000
2003-12-12,,,,125.860000
2003-12-15,,,,125.660000
2003-12-16,,,,128.700000
2003-12-17,,,,127.730000
2003-12-18,,,,124.040000
2003-12-19,,,,123.580000
2003-12-22,,,,122.930000
2003-12-23,,,,123.770000
2003-12-24,,,,121.870000
2003-12-26,,,,124.120000
2003-12-29,,,,124.650000
2003-12-30,,,,123.670000
2003-12-31,,,,120.400000
2004-01-02,,,,123.230000
2004-01-05,,,,121.150000
2004-01-06,,,,125.190000
2004-01-07,,,,114.990000
2004-01-08,,,,119.910000
2004-01-09,,,,121.170000
2004-01-12,,,,122.060000
2004-01-13,,,,124.690000
2004-01-14,,,,123.090000
2004-01-15,,,,123.040000
2004-01-16,,,,125.750000
2004-01-20,,,,120.060000
2004-01-21,,,,118.370000
2004-01-22,,,,116.720000
2004-01-23,,,,115.470000
2004-01-26,,,,115.810000
2004-01-27,,,,113.810000
2004-01-28,,,,113.100000
2004-01-29,,,,112.910000
2004-01-30,,,,112.160000
2004-02-02,,,,114.290000
2004-02-03,,,,115.290000
2004-02-04,,,,113.760000
2004-02-05,,,,115.630000
2004-02-06,,,,115.090000
2004-02-09,,,,117.050000
2004-02-10,,,,118.870000
2004-02-11,,,,118.190000
2004-02-12,,,,118.330000
2004-02-13,,,,118.010000
2004-02-17,,,,117.770000
2004-02-18,,,,116.180000
2004-02-19,,,,115.730000
2004-02-20,,,,117.940000
2004-02-23,,,,115.840000
2004-02-24,,,,116.660000
2004-02-25,,,,115.380000
2004-02-26,,,,115.180000
2004-02-27,,,,111.880000
2004-03-01,,,,115.710000
2004-03-02,,,,117.800000
2004-03-03,,,,115.560000
2004-03-04,,,,115.240000
2004-03-05,,,,117.950000
2004-03-08,,,,114.170000
2004-03-09,,,,115.740000
2004-03-10,,,,114.040000
2004-03-11,,,,111.390000
2004-03-12,,,,118.670000
2004-03-15,,,,113.450000
2004-03-16,,,,116.970000
2004-03-17,,,,120.410000
2004-03-18,,,,122.360000
2004-03-19,,,,118.530000
2004-03-22,,,,117.560000
2004-03-23,,,,120.850000
2004-03-24,,,,118.370000
2004-03-25,,,,119.790000
2004-03-26,,,,121.160000
2004-03-29,,,,118.420000
2004-03-30,,,,120.280000
2004-03-31,,,,115.870000
2004-04-01,,,,119.530000
2004-04-02,,,,121.810000
2004-04-05,,,,123.200000
2004-04-06,,,,120.470000
2004-04-07,,,,119.760000
2004-04-08,,,,121.420000
2004-04-12,,,,118.100000
2004-04-13,,,,124.340000
2004-04-14,,,,118.610000
2004-04-15,,,,119.940000
2004-04-16,,,,121.270000
2004-04-19,,,,121.140000
2004-04-20,,,,116.030000
2004-04-21,,,,116.990000
2004-04-22,,,,117.880000
2004-04-23,,,,118.310000
2004-04-26,,,,116.890000
2004-04-27,,,,116.680000
2004-04-28,,,,114.770000
2004-04-29,,,,112.310000
2004-04-30,,,,111.760000
2004-05-03,,,,113.200000
2004-05-04,,,,113.570000
2004-05-05,,,,113.760000
2004-05-06,,,,112.670000
2004-05-07,,,,111.520000
2004-05-10,,,,115.390000
2004-05-11,,,,114.670000
2004-05-12,,,,115.670000
2004-05-13,,,,114.900000
2004-05-14,,,,114.900000
2004-05-17,,,,114.840000
2004-05-18,,,,116.980000
2004-05-19,,,,117.250000
2004-05-20,,,,117.400000
2004-05-21,,,,116.070000
2004-05-24,,,,116.600000
2004-05-25,,,,116.480000
2004-05-26,,,,118.540000
2004-05-27,,,,119.980000
2004-05-28,,,,118.470000
2004-06-01,,,,120.810000
2004-06-02,,,,121.230000
2004-06-03,,,,116.750000
2004-06-04,,,,122.920000
2004-06-07,,,,123.640000
2004-06-08,,,,128.860000
2004-06-09,,,,123.990000
2004-06-10,,,,134.230000
2004-06-14,,,,124.860000
2004-06-15,,,,127.090000
2004-06-16,,,,125.640000
2004-06-17,,,,123.060000
2004-06-18,,,,121.960000
2004-06-21,,,,122.290000
2004-06-22,,,,121.540000
2004-06-23,,,,123.440000
2004-06-24,,,,121.120000
2004-06-25,,,,119.150000
2004-06-28,,,,118.620000
2004-06-29,,,,117.960000
2004-06-30,,,,118.620000
2004-07-01,,,,117.990000
2004-07-02,,,,117.920000
2004-07-06,,,,116.900000
2004-07-07,,,,118.860000
2004-07-08,,,,114.230000
2004-07-09,,,,115.320000
2004-07-12,,,,119.970000
2004-07-13,,,,121.250000
2004-07-14,,,,115.300000
2004-07-15,,,,117.120000
2004-07-16,,,,120.520000
2004-07-19,,,,123.420000
2004-07-20,,,,125.860000
2004-07-21,,,,116.850000
2004-07-22,,,,118.150000
2004-07-23,,,,117.910000
2004-07-26,,,,116.780000
2004-07-27,,,,117.800000
2004-07-28,,,,118.950000
2004-07-29,,,,119.000000
2004-07-30,,,,116.130000
2004-08-02,,,,119.690000
2004-08-03,,,,118.280000
2004-08-04,,,,120.040000
2004-08-05,,,,117.880000
2004-08-06,,,,117.550000
2004-08-09,,,,117.620000
2004-08-10,,,,119.620000
2004-08-11,,,,121.730000
2004-08-12,,,,117.650000
2004-08-13,,,,117.900000
2004-08-16,,,,122.560000
2004-08-17,,,,120.090000
2004-08-18,,,,119.500000
2004-08-19,,,,120.300000
2004-08-20,,,,120.670000
2004-08-23,,,,120.010000
2004-08-24,,,,119.790000
2004-08-25,,,,120.970000
2004-08-26,,,,119.050000
2004-08-27,,,,118.700000
2004-08-30,,,,117.710000
2004-08-31,,,,118.730000
2004-09-01,,,,119.170000
2004-09-02,,,,122.200000
2004-09-03,,,,122.270000
2004-09-07,,,,122.160000
2004-09-08,,,,122.490000
2004-09-09,,,,125.920000
2004-09-10,,,,128.330000
2004-09-13,,,,120.470000
2004-09-14,,,,127.520000
2004-09-15,,,,125.500000
2004-09-16,,,,120.130000
2004-09-17,,,,117.160000
2004-09-20,,,,125.150000
2004-09-21,,,,123.700000
2004-09-22,,,,123.180000
2004-09-23,,,,118.270000
2004-09-24,,,,124.860000
2004-09-27,,,,122.500000
2004-09-28,,,,121.250000
2004-09-29,,,,118.400000
2004-09-30,,,,117.560000
2004-10-01,,,,120.660000
2004-10-04,,,,117.690000
2004-10-05,,,,118.800000
2004-10-06,,,,117.450000
2004-10-07,,,,116.560000
2004-10-08,,,,117.100000
2004-10-11,,,,122.400000
2004-10-12,,,,119.600000
2004-10-13,,,,116.250000
2004-10-14,,,,114.850000
2004-10-15,,,,116.720000
2004-10-18,,,,116.430000
2004-10-19,,,,116.090000
2004-10-20,,,,114.750000
2004-10-21,,,,115.520000
2004-10-22,,,,114.410000
2004-10-25,,,,114.190000
2004-10-26,,,,114.310000
2004-10-27,,,,116.270000
2004-10-28,,,,116.730000
2004-10-29,,,,116.040000
2004-11-01,,,,116.740000
2004-11-02,,,,114.080000
2004-11-03,,,,118.260000
2004-11-04,,,,117.470000
2004-11-05,,,,116.360000
2004-11-08,,,,111.510000
2004-11-09,,,,113.330000
2004-11-10,,,,111.030000
2004-11-11,,,,109.390000
2004-11-12,,,,111.910000
2004-11-15,,,,111.260000
2004-11-16,,,,110.010000
2004-11-17,,,,109.560000
2004-11-18,,,,110.420000
2004-11-19,,,,111.590000
2004-11-22,,,,111.410000
2004-11-23,,,,108.420000
2004-11-24,,,,114.510000
2004-11-26,,,,111.530000
2004-11-29,,,,111.270000
2004-11-30,,,,108.850000
2004-12-01,,,,111.460000
2004-12-02,,,,111.760000
2004-12-03,,,,114.020000
2004-12-06,,,,113.070000
2004-12-07,,,,110.520000
2004-12-08,,,,109.730000
2004-12-09,,,,111.000000
2004-12-10,,,,113.860000
2004-12-13,,,,115.550000
2004-12-14,,,,117.000000
2004-12-15,,,,117.300000
2004-12-16,,,,120.270000
2004-12-17,,,,117.950000
2004-12-20,,,,116.960000
2004-12-21,,,,119.410000
2004-12-22,,,,116.100000
2004-12-23,,,,117.810000
2004-12-27,,,,115.030000
2004-12-28,,,,114.270000
2004-12-29,,,,115.170000
2004-12-30,,,,116.670000
2004-12-31,,,,116.010000
2005-01-03,,,,118.380000
2005-01-04,,,,116.030000
2005-01-05,,,,114.720000
2005-01-06,,,,114.150000
2005-01-07,,,,114.950000
2005-01-10,,,,116.920000
2005-01-11,,,,115.290000
2005-01-12,,,,110.890000
2005-01-13,,,,112.570000
2005-01-14,,,,117.020000
2005-01-18,,,,117.550000
2005-01-19,,,,115.400000
2005-01-20,,,,115.370000
2005-01-21,,,,123.580000
2005-01-24,,,,120.100000
2005-01-25,,,,121.290000
2005-01-26,,,,121.280000
2005-01-27,,,,125.010000
2005-01-28,,,,119.220000
2005-01-31,,,,119.870000
2005-02-01,,,,119.920000
2005-02-02,,,,121.200000
2005-02-03,,,,118.520000
2005-02-04,,,,123.180000
2005-02-07,,,,119.470000
2005-02-08,,,,120.750000
2005-02-09,,,,118.590000
2005-02-10,,,,119.710000
2005-02-11,,,,123.730000
2005-02-14,,,,118.900000
2005-02-15,,,,121.300000
2005-02-16,,,,122.100000
2005-02-17,,,,123.750000
2005-02-18,,,,127.870000
2005-02-22,,,,124.500000
2005-02-23,,,,126.820000
2005-02-24,,,,125.330000
2005-02-25,,,,126.890000
2005-02-28,,,,119.820000
2005-03-01,,,,118.150000
2005-03-02,,,,116.600000
2005-03-03,,,,122.870000
2005-03-04,,,,121.980000
2005-03-07,,,,123.860000
2005-03-08,,,,127.250000
2005-03-09,,,,115.850000
2005-03-10,,,,118.500000
2005-03-11,,,,114.640000
2005-03-14,,,,113.030000
2005-03-15,,,,115.410000
2005-03-16,,,,112.820000
2005-03-17,,,,115.020000
2005-03-18,,,,121.750000
2005-03-21,,,,117.720000
2005-03-22,,,,117.150000
2005-03-23,,,,116.350000
2005-03-24,,,,119.080000
2005-03-28,,,,114.210000
2005-03-29,,,,117.210000
2005-03-30,,,,117.360000
2005-03-31,,,,118.510000
2005-04-01,,,,116.280000
2005-04-04,,,,117.600000
2005-04-05,,,,118.070000
2005-04-06,,,,115.820000
2005-04-07,,,,115.810000
2005-04-08,,,,114.010000
2005-04-11,,,,112.550000
2005-04-12,,,,111.180000
2005-04-13,,,,121.010000
2005-04-14,,,,115.820000
2005-04-15,,,,120.410000
2005-04-18,,,,117.850000
2005-04-19,,,,121.860000
2005-04-20,,,,119.970000
2005-04-21,,,,122.800000
2005-04-22,,,,120.590000
2005-04-25,,,,121.680000
2005-04-26,,,,118.980000
2005-04-27,,,,123.910000
2005-04-28,,,,117.280000
2005-04-29,,,,116.120000
2005-05-02,,,,119.440000
2005-05-03,,,,118.290000
2005-05-04,,,,120.470000
2005-05-05,,,,122.820000
2005-05-06,,,,119.540000
2005-05-09,,,,119.570000
2005-05-10,,,,117.850000
2005-05-11,,,,120.910000
2005-05-12,,,,117.850000
2005-05-13,,,,118.220000
2005-05-16,,,,125.220000
2005-05-17,,,,122.020000
2005-05-18,,,,125.160000
2005-05-19,,,,127.390000
2005-05-20,,,,128.090000
2005-05-23,,,,131.230000
2005-05-24,,,,130.790000
2005-05-25,,,,128.600000
2005-05-26,,,,129.170000
2005-05-27,,,,125.920000
2005-05-31,,,,120.560000
2005-06-01,,,,127.650000
2005-06-02,,,,127.810000
2005-06-03,,,,123.590000
2005-06-06,,,,122.680000
2005-06-07,,,,118.380000
2005-06-08,,,,121.360000
2005-06-09,,,,118.890000
2005-06-10,,,,118.480000
2005-06-13,,,,117.060000
2005-06-14,,,,120.130000
2005-06-15,,,,118.550000
2005-06-16,,,,119.110000
2005-06-17,,,,119.510000
2005-06-20,,,,121.290000
2005-06-21,,,,123.750000
2005-06-22,,,,123.980000
2005-06-23,,,,118.550000
2005-06-24,,,,115.920000
2005-06-27,,,,118.020000
2005-06-28,,,,119.310000
2005-06-29,,,,118.460000
2005-06-30,,,,118.190000
2005-07-01,,,,123.580000
2005-07-05,,,,123.740000
2005-07-06,,,,121.080000
2005-07-07,,,,121.980000
2005-07-08,,,,125.020000
2005-07-11,,,,121.160000
2005-07-12,,,,114.080000
2005-07-13,,,,117.080000
2005-07-14,,,,122.320000
2005-07-15,,,,122.480000
2005-07-18,,,,120.340000
2005-07-19,,,,122.060000
2005-07-20,,,,119.560000
2005-07-21,,,,118.170000
2005-07-22,,,,123.710000
2005-07-25,,,,124.870000
2005-07-26,,,,128.460000
2005-07-27,,,,123.210000
2005-07-28,,,,122.620000
2005-07-29,,,,121.300000
2005-08-01,,,,122.040000
2005-08-02,,,,124.730000
2005-08-03,,,,126.600000
2005-08-04,,,,123.180000
2005-08-05,,,,124.870000
2005-08-08,,,,125.000000
2005-08-09,,,,129.160000
2005-08-10,,,,124.070000
2005-08-11,,,,126.870000
2005-08-12,,,,130.280000
2005-08-15,,,,121.100000
2005-08-16,,,,124.230000
2005-08-17,,,,126.120000
2005-08-18,,,,126.880000
2005-08-19,,,,131.420000
2005-08-22,,,,128.650000
2005-08-23,,,,128.470000
2005-08-24,,,,129.260000
2005-08-25,,,,133.490000
2005-08-26,,,,135.540000
2005-08-29,,,,136.640000
2005-08-30,,,,127.270000
2005-08-31,,,,122.610000
2005-09-01,,,,123.960000
2005-09-02,,,,124.850000
2005-09-06,,,,124.650000
2005-09-07,,,,122.840000
2005-09-08,,,,121.890000
2005-09-09,,,,124.370000
2005-09-12,,,,122.200000
2005-09-13,,,,120.110000
2005-09-14,,,,126.300000
2005-09-15,,,,125.000000
2005-09-16,,,,122.940000
2005-09-19,,,,123.850000
2005-09-20,,,,121.280000
2005-09-21,,,,120.400000
2005-09-22,,,,121.850000
2005-09-23,,,,122.160000
2005-09-26,,,,123.440000
2005-09-27,,,,121.380000
2005-09-28,,,,121.450000
2005-09-29,,,,123.990000
2005-09-30,,,,115.230000
2005-10-03,,,,124.350000
2005-10-04,,,,116.570000
2005-10-05,,,,114.110000
2005-10-06,,,,115.190000
2005-10-07,,,,117.010000
2005-10-10,,,,117.140000
2005-10-11,,,,117.990000
2005-10-12,,,,117.830000
2005-10-13,,,,117.820000
2005-10-14,,,,121.730000
2005-10-17,,,,122.730000
2005-10-18,,,,120.570000
2005-10-19,,,,115.270000
2005-10-20,,,,122.320000
2005-10-21,,,,121.190000
2005-10-24,,,,126.310000
2005-10-25,,,,124.620000
2005-10-26,,,,122.830000
2005-10-27,,,,121.330000
2005-10-28,,,,118.180000
2005-10-31,,,,122.500000
2005-11-01,,,,126.110000
2005-11-02,,,,121.020000
2005-11-03,,,,122.410000
2005-11-04,,,,121.770000
2005-11-07,,,,120.030000
2005-11-08,,,,122.330000
2005-11-09,,,,122.560000
2005-11-10,,,,122.960000
2005-11-11,,,,123.850000
2005-11-14,,,,125.850000
2005-11-15,,,,120.090000
2005-11-16,,,,125.410000
2005-11-17,,,,123.130000
2005-11-18,,,,129.470000
2005-11-21,,,,125.080000
2005-11-22,,,,122.000000
2005-11-23,,,,123.310000
2005-11-25,,,,114.920000
2005-11-28,,,,120.220000
2005-11-29,,,,120.690000
2005-11-30,,,,114.810000
2005-12-01,,,,123.160000
2005-12-02,,,,123.750000
2005-12-05,,,,122.800000
2005-12-06,,,,117.120000
2005-12-07,,,,121.980000
2005-12-08,,,,122.910000
2005-12-09,,,,121.450000
2005-12-12,,,,119.420000
2005-12-13,,,,128.590000
2005-12-14,,,,119.260000
2005-12-15,,,,124.630000
2005-12-16,,,,120.800000
2005-12-19,,,,120.070000
2005-12-20,,,,122.600000
2005-12-21,,,,117.880000
2005-12-22,,,,118.810000
2005-12-23,,,,120.140000
2005-12-27,,,,115.300000
2005-12-28,,,,115.270000
2005-12-29,,,,115.780000
2005-12-30,,,,113.000000
2006-01-03,,,,114.000000
2006-01-04,,,,114.080000
2006-01-05,,,,113.750000
2006-01-06,,,,117.300000
2006-01-09,,,,115.090000
2006-01-10,,,,116.790000
2006-01-11,,,,119.500000
2006-01-12,,,,118.620000
2006-01-13,,,,119.140000
2006-01-17,,,,115.040000
2006-01-18,,,,115.020000
2006-01-19,,,,117.550000
2006-01-20,,,,123.550000
2006-01-23,,,,126.590000
2006-01-24,,,,128.730000
2006-01-25,,,,123.060000
2006-01-26,,,,126.340000
2006-01-27,,,,127.590000
2006-01-30,,,,120.130000
2006-01-31,,,,120.990000
2006-02-01,,,,117.800000
2006-02-02,,,,116.980000
2006-02-03,,,,116.840000
2006-02-06,,,,119.370000
2006-02-07,,,,116.920000
2006-02-08,,,,119.490000
2006-02-09,,,,119.310000
2006-02-10,,,,120.190000
2006-02-13,,,,120.700000
2006-02-14,,,,119.300000
2006-02-15,,,,126.440000
2006-02-16,,,,128.990000
2006-02-17,,,,133.880000
2006-02-21,,,,128.570000
2006-02-22,,,,130.030000
2006-02-23,,,,127.080000
2006-02-24,,,,128.560000
2006-02-27,,,,123.530000
2006-02-28,,,,124.610000
2006-03-01,,,,124.250000
2006-03-02,,,,123.300000
2006-03-03,,,,121.870000
2006-03-06,,,71.730000,116.600000
2006-03-07,,,,116.210000
2006-03-08,,,,117.210000
2006-03-09,,,,114.200000
2006-03-10,,,,116.210000
2006-03-13,,,,116.540000
2006-03-14,,,,114.430000
2006-03-15,,,15.710000,119.120000
2006-03-16,,,27.940000,142.020000
2006-03-17,,,28.600000,130.060000
2006-03-20,,,37.930000,124.390000
2006-03-21,,,37.350000,120.690000
2006-03-22,,,,121.700000
2006-03-23,,,,119.230000
2006-03-24,,,,124.340000
2006-03-27,,,,118.230000
2006-03-28,,,,118.710000
2006-03-29,,,,117.940000
2006-03-30,,,,116.770000
2006-03-31,,,,115.720000
2006-04-03,,,,115.480000
2006-04-04,,,,117.060000
2006-04-05,,,,117.100000
2006-04-06,,,,118.030000
2006-04-07,,,,115.700000
2006-04-10,,,,116.510000
2006-04-11,,,69.550000,113.560000
2006-04-12,,,,115.710000
2006-04-13,,,,117.990000
2006-04-17,,,,113.560000
2006-04-18,,,,116.740000
2006-04-19,,,,121.700000
2006-04-20,,,,130.000000
2006-04-21,,,,122.050000
2006-04-24,,,63.420000,128.770000
2006-04-25,,,61.330000,129.660000
2006-04-26,,,,126.140000
2006-04-27,,,,129.210000
2006-04-28,,,,125.200000
2006-05-01,,,61.960000,129.670000
2006-05-02,,,,124.010000
2006-05-03,,,,127.460000
2006-05-04,,,,125.860000
2006-05-05,,,,128.060000
2006-05-08,,,,125.250000
2006-05-09,,,,123.020000
2006-05-10,,,,119.620000
2006-05-11,,,,120.680000
2006-05-12,,,,123.210000
2006-05-15,,,,121.860000
2006-05-16,,,,130.150000
2006-05-17,,,,121.870000
2006-05-18,,,,123.090000
2006-05-19,,,,136.930000
2006-05-22,,,91.760000,126.150000
2006-05-23,,,88.660000,125.150000
2006-05-24,,,88.630000,127.400000
2006-05-25,,,82.640000,132.350000
2006-05-26,,,72.500000,128.500000
2006-05-30,,,82.140000,122.670000
2006-05-31,,,77.440000,121.970000
2006-06-01,,,74.080000,128.020000
2006-06-02,,,70.270000,127.020000
2006-06-05,,,77.380000,120.420000
2006-06-06,,,78.660000,121.790000
2006-06-07,,,73.860000,120.810000
2006-06-08,,,78.120000,120.190000
2006-06-09,,,79.870000,118.740000
2006-06-12,,,83.520000,121.270000
2006-06-13,,,93.200000,121.550000
2006-06-14,,,102.110000,124.240000
2006-06-15,,,99.130000,131.600000
2006-06-16,,,106.930000,128.320000
2006-06-19,,,102.560000,125.310000
2006-06-20,,,94.760000,126.540000
2006-06-21,,,92.400000,127.360000
2006-06-22,,,91.850000,125.080000
2006-06-23,,,86.810000,122.550000
2006-06-26,,,90.710000,124.870000
2006-06-27,,,95.120000,120.300000
2006-06-28,,,96.440000,118.990000
2006-06-29,,,96.630000,124.110000
2006-06-30,,,92.100000,118.280000
2006-07-03,,,89.130000,120.930000
2006-07-05,,,91.980000,120.220000
2006-07-06,,,92.880000,116.810000
2006-07-07,,,91.460000,114.970000
2006-07-10,,,93.520000,115.890000
2006-07-11,,,91.990000,119.170000
2006-07-12,,,,115.970000
2006-07-13,,,,115.400000
2006-07-14,,,,117.480000
2006-07-17,,,,118.560000
2006-07-18,,,,122.900000
2006-07-19,,,,121.580000
2006-07-20,,,,118.550000
2006-07-21,,,,118.330000
2006-07-24,,,99.610000,122.030000
2006-07-25,,,94.970000,120.530000
2006-07-26,,,89.230000,120.860000
2006-07-27,,,95.290000,119.780000
2006-07-28,,,93.160000,121.400000
2006-07-31,,,92.790000,121.640000
2006-08-01,,,92.670000,119.490000
2006-08-02,,,91.340000,117.980000
2006-08-03,,,89.240000,116.790000
2006-08-04,,,90.680000,117.540000
2006-08-07,,,89.580000,117.020000
2006-08-08,,,88.090000,118.180000
2006-08-09,,,,116.270000
2006-08-10,,,,118.310000
2006-08-11,,,,118.090000
2006-08-14,,,,118.240000
2006-08-15,,,,118.880000
2006-08-16,,,57.010000,120.170000
2006-08-17,,,,121.420000
2006-08-18,,,,125.350000
2006-08-21,,,80.680000,125.660000
2006-08-22,,,78.750000,124.000000
2006-08-23,,,81.150000,124.200000
2006-08-24,,,79.700000,123.750000
2006-08-25,,,81.940000,125.010000
2006-08-28,,,79.470000,122.640000
2006-08-29,,,81.800000,126.530000
2006-08-30,,,80.770000,125.520000
2006-08-31,,,79.840000,123.220000
2006-09-01,,,77.190000,124.590000
2006-09-05,,,80.180000,124.310000
2006-09-06,,,82.960000,123.090000
2006-09-07,,,86.180000,121.660000
2006-09-08,,,83.700000,124.340000
2006-09-11,,,85.780000,125.990000
2006-09-12,,,80.990000,126.420000
2006-09-13,,,81.550000,120.440000
2006-09-14,,,81.930000,119.470000
2006-09-15,,,59.520000,135.250000
2006-09-18,,,80.970000,127.350000
2006-09-19,,,81.770000,125.030000
2006-09-20,,,80.830000,122.710000
2006-09-21,,,85.950000,119.680000
2006-09-22,,,85.740000,118.860000
2006-09-25,,,82.010000,120.750000
2006-09-26,,,81.590000,121.640000
2006-09-27,,,81.080000,118.430000
2006-09-28,,,84.740000,118.210000
2006-09-29,,,84.310000,120.090000
2006-10-02,,,85.460000,119.800000
2006-10-03,,,86.570000,116.930000
2006-10-04,,,82.500000,118.150000
2006-10-05,,,87.500000,115.480000
2006-10-06,,,85.630000,117.340000
2006-10-09,,,84.760000,116.190000
2006-10-10,,,83.620000,118.430000
2006-10-11,,,88.400000,117.160000
2006-10-12,,,86.870000,117.440000
2006-10-13,,,86.610000,118.740000
2006-10-16,,,82.290000,116.540000
2006-10-17,,,66.990000,117.700000
2006-10-18,,,79.100000,114.960000
2006-10-19,,,77.710000,116.800000
2006-10-20,,,78.600000,117.060000
2006-10-23,,,84.730000,115.280000
2006-10-24,,,87.390000,114.680000
2006-10-25,,,85.900000,113.720000
2006-10-26,,,81.600000,112.970000
2006-10-27,,,82.710000,111.460000
2006-10-30,,,80.160000,114.110000
2006-10-31,,,76.400000,111.480000
2006-11-01,,,78.890000,112.360000
2006-11-02,,,77.080000,113.080000
2006-11-03,,,75.190000,112.370000
2006-11-06,,,70.460000,116.760000
2006-11-07,,,67.500000,115.720000
2006-11-08,,,62.080000,115.860000
2006-11-09,,,60.420000,113.190000
2006-11-10,,,61.060000,113.870000
2006-11-13,,,36.140000,113.320000
2006-11-14,,,60.770000,113.750000
2006-11-15,,,58.580000,111.630000
2006-11-16,,,62.480000,110.870000
2006-11-17,,,64.300000,117.730000
2006-11-20,,,65.980000,119.020000
2006-11-21,,,65.300000,118.530000
2006-11-22,,,63.620000,120.860000
2006-11-24,,,66.480000,118.470000
2006-11-27,,,71.600000,117.960000
2006-11-28,,,66.560000,121.890000
2006-11-29,,,60.300000,125.380000
2006-11-30,,,61.390000,124.000000
2006-12-01,,,62.330000,126.200000
2006-12-04,,,62.110000,124.810000
2006-12-05,,,65.870000,127.140000
2006-12-06,,,66.490000,125.610000
2006-12-07,,,68.650000,122.860000
2006-12-08,,,71.340000,124.710000
2006-12-11,,,72.840000,120.650000
2006-12-12,,,74.780000,124.460000
2006-12-13,,,79.060000,125.760000
2006-12-14,,,82.570000,132.310000
2006-12-15,,,84.630000,129.810000
2006-12-18,,,84.260000,128.930000
2006-12-19,,,78.910000,129.550000
2006-12-20,,,84.680000,126.280000
2006-12-21,,,83.940000,122.050000
2006-12-22,,,83.410000,121.500000
2006-12-26,,,85.280000,123.400000
2006-12-27,,,83.010000,123.480000
2006-12-28,,,88.720000,121.700000
2006-12-29,,,88.160000,121.250000
2007-01-03,,,87.630000,118.770000
2007-01-04,,,88.190000,118.780000
2007-01-05,,,90.170000,117.270000
2007-01-08,,,92.040000,119.440000
2007-01-09,,,92.760000,116.280000
2007-01-10,,,93.780000,117.790000
2007-01-11,,,85.970000,119.130000
2007-01-12,,,85.180000,119.700000
2007-01-16,,,85.300000,120.780000
2007-01-17,,,84.930000,120.950000
2007-01-18,,,83.660000,127.700000
2007-01-19,,,82.490000,127.240000
2007-01-22,,,84.430000,121.130000
2007-01-23,,,81.480000,122.770000
2007-01-24,,,77.510000,124.340000
2007-01-25,,,80.450000,119.490000
2007-01-26,,,81.360000,120.260000
2007-01-29,,,81.680000,117.830000
2007-01-30,,,78.900000,119.530000
2007-01-31,,,77.280000,118.580000
2007-02-01,,,73.500000,119.570000
2007-02-02,,,72.440000,121.700000
2007-02-05,,,70.290000,122.480000
2007-02-06,,,68.550000,122.780000
2007-02-07,,,70.320000,122.940000
2007-02-08,,,73.180000,122.690000
2007-02-09,,,74.390000,121.020000
2007-02-12,,,79.120000,119.810000
2007-02-13,,,75.720000,125.320000
2007-02-14,,,74.000000,123.090000
2007-02-15,,,70.340000,120.550000
2007-02-16,,,70.740000,121.010000
2007-02-20,,,65.870000,120.990000
2007-02-21,,,67.370000,119.100000
2007-02-22,,,66.050000,119.580000
2007-02-23,,,70.710000,117.710000
2007-02-26,,,70.330000,117.810000
2007-02-27,,,110.420000,112.500000
2007-02-28,,,91.640000,121.360000
2007-03-01,,,99.470000,120.990000
2007-03-02,,,104.170000,118.760000
2007-03-05,,,101.200000,118.070000
2007-03-06,,,93.650000,121.140000
2007-03-07,,,94.410000,119.490000
2007-03-08,,,93.970000,121.080000
2007-03-09,,,91.820000,121.960000
2007-03-12,,,90.020000,126.350000
2007-03-13,,,94.530000,130.040000
2007-03-14,,,98.080000,134.250000
2007-03-15,,,99.550000,136.150000
2007-03-16,,,102.740000,128.300000
2007-03-19,,,93.900000,122.840000
2007-03-20,,,89.550000,127.350000
2007-03-21,,,94.130000,130.070000
2007-03-22,,,95.520000,124.990000
2007-03-23,,,96.370000,125.640000
2007-03-26,,,95.950000,126.450000
2007-03-27,,,101.000000,122.890000
2007-03-28,,,104.790000,121.280000
2007-03-29,,,102.310000,121.400000
2007-03-30,,,99.780000,120.890000
2007-04-02,,,98.920000,122.620000
2007-04-03,,,94.980000,124.180000
2007-04-04,,,96.120000,123.940000
2007-04-05,,,93.600000,125.400000
2007-04-09,,,92.300000,125.320000
2007-04-10,,,87.370000,125.940000
2007-04-11,,,93.470000,127.030000
2007-04-12,,,91.380000,126.920000
2007-04-13,,,88.710000,128.620000
2007-04-16,,,83.980000,125.490000
2007-04-17,,,83.680000,130.620000
2007-04-18,,,80.590000,130.350000
2007-04-19,,,77.910000,126.110000
2007-04-20,,,79.180000,128.370000
2007-04-23,,,79.330000,123.550000
2007-04-24,,,77.830000,124.170000
2007-04-25,,,80.790000,122.680000
2007-04-26,,,81.670000,123.250000
2007-04-27,,,80.660000,124.730000
2007-04-30,,,85.330000,123.370000
2007-05-01,,,81.280000,125.450000
2007-05-02,,,82.590000,123.140000
2007-05-03,,,78.810000,123.030000
2007-05-04,,,77.100000,123.110000
2007-05-07,,,78.510000,123.300000
2007-05-08,,,79.900000,120.740000
2007-05-09,,,85.890000,121.240000
2007-05-10,,,83.580000,119.500000
2007-05-11,,,79.470000,121.660000
2007-05-14,,,82.020000,119.780000
2007-05-15,,,76.680000,121.170000
2007-05-16,,,70.260000,123.400000
2007-05-17,,,72.940000,123.340000
2007-05-18,,,75.430000,126.750000
2007-05-21,,,71.820000,126.220000
2007-05-22,,,72.360000,124.740000
2007-05-23,,,71.440000,123.170000
2007-05-24,,,74.360000,121.710000
2007-05-25,,,72.420000,124.000000
2007-05-29,,,72.480000,124.050000
2007-05-30,,,71.610000,124.690000
2007-05-31,,,72.200000,123.840000
2007-06-01,,,70.190000,124.230000
2007-06-04,,,70.740000,122.260000
2007-06-05,,,69.240000,122.930000
2007-06-06,,,72.060000,119.290000
2007-06-07,,,75.830000,117.520000
2007-06-08,,,70.690000,122.080000
2007-06-11,,,68.730000,119.710000
2007-06-12,,,69.480000,119.510000
2007-06-13,,,68.810000,121.590000
2007-06-14,,,63.520000,122.420000
2007-06-15,,,64.030000,121.630000
2007-06-18,,,66.760000,120.460000
2007-06-19,,,67.240000,123.380000
2007-06-20,,,76.800000,117.560000
2007-06-21,,,74.760000,117.970000
2007-06-22,,,78.350000,116.520000
2007-06-25,,,78.070000,116.870000
2007-06-26,,,82.010000,116.030000
2007-06-27,,,78.480000,118.010000
2007-06-28,,,76.040000,117.470000
2007-06-29,,,76.940000,115.720000
2007-07-02,,,75.560000,119.680000
2007-07-03,,,74.630000,119.870000
2007-07-05,,,75.860000,120.590000
2007-07-06,,,74.850000,120.850000
2007-07-09,,,73.050000,120.630000
2007-07-10,,,79.990000,117.480000
2007-07-11,,,81.550000,121.690000
2007-07-12,,,76.600000,119.990000
2007-07-13,,,76.650000,119.590000
2007-07-16,,,72.560000,117.880000
2007-07-17,,,72.410000,117.990000
2007-07-18,,,73.570000,120.350000
2007-07-19,,,72.020000,119.240000
2007-07-20,,,73.760000,117.400000
2007-07-23,,,74.560000,118.840000
2007-07-24,,,79.320000,116.130000
2007-07-25,,,75.310000,116.390000
2007-07-26,,,87.380000,116.270000
2007-07-27,,,97.230000,113.230000
2007-07-30,,,97.450000,115.420000
2007-07-31,,,104.080000,115.530000
2007-08-01,,,108.860000,119.940000
2007-08-02,,,100.800000,119.050000
2007-08-03,,,104.050000,117.300000
2007-08-06,,,95.220000,118.810000
2007-08-07,,,85.960000,116.920000
2007-08-08,,,82.520000,120.920000
2007-08-09,,,99.870000,115.300000
2007-08-10,,,108.910000,116.040000
2007-08-13,,,108.570000,119.500000
2007-08-14,,,114.960000,115.010000
2007-08-15,,,121.670000,118.300000
2007-08-16,,,142.990000,116.580000
2007-08-17,,,133.870000,126.700000
2007-08-20,,,125.040000,117.870000
2007-08-21,,,122.600000,117.760000
2007-08-22,,,117.470000,120.530000
2007-08-23,,,117.420000,121.350000
2007-08-24,,,111.950000,122.790000
2007-08-27,,,115.240000,121.530000
2007-08-28,,,119.790000,118.950000
2007-08-29,,,113.220000,121.020000
2007-08-30,,,112.660000,120.100000
2007-08-31,,,109.270000,117.260000
2007-09-04,,,104.870000,119.620000
2007-09-05,,,107.910000,118.070000
2007-09-06,,,106.600000,117.340000
2007-09-07,,,108.220000,116.720000
2007-09-10,,,107.070000,115.420000
2007-09-11,,,103.750000,116.450000
2007-09-12,,,106.950000,116.620000
2007-09-13,,,104.630000,117.360000
2007-09-14,,,104.390000,117.960000
2007-09-17,,,102.220000,117.870000
2007-09-18,,,92.330000,116.400000
2007-09-19,,,97.700000,120.850000
2007-09-20,,,97.380000,119.870000
2007-09-21,,,98.140000,121.150000
2007-09-24,,,94.270000,122.820000
2007-09-25,,,94.330000,118.580000
2007-09-26,,,89.490000,118.570000
2007-09-27,,,87.570000,118.000000
2007-09-28,,,87.130000,119.970000
2007-10-01,,,84.480000,120.830000
2007-10-02,,,88.740000,121.780000
2007-10-03,,,87.650000,121.790000
2007-10-04,,,89.380000,120.210000
2007-10-05,,,83.910000,119.730000
2007-10-08,,,84.960000,118.480000
2007-10-09,,,79.930000,119.130000
2007-10-10,,,87.460000,118.640000
2007-10-11,,,95.780000,117.440000
2007-10-12,,,90.630000,119.540000
2007-10-15,,,86.180000,117.450000
2007-10-16,,,91.470000,116.640000
2007-10-17,,,89.480000,118.480000
2007-10-18,,,83.370000,117.280000
2007-10-19,,,91.560000,114.990000
2007-10-22,,,88.170000,115.700000
2007-10-23,,,86.420000,116.420000
2007-10-24,,,89.140000,116.480000
2007-10-25,,,90.820000,115.670000
2007-10-26,,,95.360000,116.340000
2007-10-29,,,95.010000,115.190000
2007-10-30,,,100.370000,114.460000
2007-10-31,,,93.620000,116.880000
2007-11-01,,,97.530000,114.670000
2007-11-02,,,97.460000,116.520000
2007-11-05,,,97.290000,115.380000
2007-11-06,,,92.700000,115.460000
2007-11-07,,,98.170000,115.580000
2007-11-08,,,97.360000,115.030000
2007-11-09,,,97.860000,115.770000
2007-11-12,,,98.090000,117.920000
2007-11-13,,,92.580000,121.090000
2007-11-14,,,94.390000,119.700000
2007-11-15,,,92.960000,118.310000
2007-11-16,,,92.800000,119.300000
2007-11-19,,,91.130000,115.610000
2007-11-20,,,91.340000,114.100000
2007-11-21,,,94.490000,111.490000
2007-11-23,,,89.620000,111.320000
2007-11-26,,,91.550000,109.940000
2007-11-27,,,90.700000,109.310000
2007-11-28,,,91.620000,111.280000
2007-11-29,,,91.080000,110.790000
2007-11-30,,,88.880000,111.850000
2007-12-03,,,87.450000,111.570000
2007-12-04,,,86.850000,110.370000
2007-12-05,,,83.080000,112.080000
2007-12-06,,,81.510000,112.790000
2007-12-07,,,82.470000,112.790000
2007-12-10,,,81.500000,113.390000
2007-12-11,,,82.580000,111.270000
2007-12-12,,,89.410000,113.030000
2007-12-13,,,88.190000,111.450000
2007-12-14,,,85.820000,111.310000
2007-12-17,,,85.380000,109.750000
2007-12-18,,,80.830000,110.380000
2007-12-19,,,83.470000,111.220000
2007-12-20,,,79.440000,111.810000
2007-12-21,,,82.870000,115.120000
2007-12-24,,,79.850000,115.860000
2007-12-26,,,80.790000,115.200000
2007-12-27,,,84.360000,114.120000
2007-12-28,,,84.030000,112.900000
2007-12-31,,,82.190000,111.650000
2008-01-02,,,80.580000,110.610000
2008-01-03,,,79.330000,111.380000
2008-01-04,,,81.460000,109.530000
2008-01-07,,,79.510000,110.190000
2008-01-08,,,79.590000,109.170000
2008-01-09,,,89.370000,110.760000
2008-01-10,,,84.980000,110.250000
2008-01-11,,,84.660000,108.790000
2008-01-14,,,86.960000,111.380000
2008-01-15,,,81.130000,108.150000
2008-01-16,,,80.510000,108.490000
2008-01-17,,,84.990000,110.000000
2008-01-18,,,77.240000,110.620000
2008-01-22,,,86.580000,114.610000
2008-01-23,,,82.680000,113.070000
2008-01-24,,,81.310000,113.370000
2008-01-25,,,79.000000,112.640000
2008-01-28,,,76.430000,114.150000
2008-01-29,,,77.460000,113.820000
2008-01-30,,,76.410000,112.330000
2008-01-31,,,75.210000,106.430000
2008-02-01,,,73.940000,114.860000
2008-02-04,,,73.900000,112.880000
2008-02-05,,,75.060000,112.010000
2008-02-06,,,74.630000,111.930000
2008-02-07,,,72.000000,112.710000
2008-02-08,,,72.600000,111.710000
2008-02-11,,,71.410000,114.570000
2008-02-12,,,72.520000,113.970000
2008-02-13,,,71.440000,116.250000
2008-02-14,,,69.230000,114.190000
2008-02-15,,,74.720000,112.030000
2008-02-19,,,69.600000,113.570000
2008-02-20,,,71.290000,112.240000
2008-02-21,,,69.650000,112.440000
2008-02-22,,,65.470000,113.580000
2008-02-25,,,68.920000,113.420000
2008-02-26,,,68.590000,112.390000
2008-02-27,,,67.560000,111.610000
2008-02-28,,,66.610000,111.330000
2008-02-29,,,69.810000,110.190000
2008-03-03,,,71.020000,110.400000
2008-03-04,,,69.950000,110.070000
2008-03-05,,,68.510000,110.240000
2008-03-06,,,74.530000,110.460000
2008-03-07,,,76.020000,110.280000
2008-03-10,,,77.450000,109.890000
2008-03-11,,,73.760000,112.710000
2008-03-12,,,73.940000,111.470000
2008-03-13,,,75.560000,112.580000
2008-03-14,,,80.990000,110.590000
2008-03-17,,,80.710000,113.510000
2008-03-18,,,72.970000,112.400000
2008-03-19,,,70.500000,113.110000
2008-03-20,,,66.970000,113.710000
2008-03-24,,,68.820000,114.560000
2008-03-25,,,68.650000,114.870000
2008-03-26,,,69.560000,112.080000
2008-03-27,,,69.000000,111.780000
2008-03-28,,,68.790000,110.780000
2008-03-31,,,67.640000,110.360000
2008-04-01,,,66.960000,111.310000
2008-04-02,,,67.610000,112.080000
2008-04-03,,,66.110000,111.880000
2008-04-04,,,64.560000,111.480000
2008-04-07,,,67.400000,111.570000
2008-04-08,,,67.300000,112.130000
2008-04-09,,,75.240000,110.960000
2008-04-10,,,75.470000,110.820000
2008-04-11,,,74.740000,109.900000
2008-04-14,,,72.390000,109.620000
2008-04-15,,,68.150000,109.900000
2008-04-16,,,66.360000,112.470000
2008-04-17,,,65.090000,113.520000
2008-04-18,,,62.090000,115.350000
2008-04-21,,,63.430000,115.310000
2008-04-22,,,62.840000,114.420000
2008-04-23,,,59.740000,113.330000
2008-04-24,,,62.750000,114.270000
2008-04-25,,,65.990000,114.490000
2008-04-28,,,66.480000,114.610000
2008-04-29,,,65.420000,114.580000
2008-04-30,,,64.690000,112.480000
2008-05-01,,,63.060000,116.000000
2008-05-02,,,63.680000,117.490000
2008-05-05,,,70.100000,115.320000
2008-05-06,,,69.040000,117.630000
2008-05-07,,,72.820000,116.240000
2008-05-08,,,73.450000,114.990000
2008-05-09,,,73.790000,117.770000
2008-05-12,,,72.000000,117.420000
2008-05-13,,,68.620000,117.930000
2008-05-14,,,71.180000,118.920000
2008-05-15,,,71.160000,121.050000
2008-05-16,,,75.770000,119.490000
2008-05-19,,,76.630000,117.960000
2008-05-20,,,79.800000,117.440000
2008-05-21,,,80.120000,114.510000
2008-05-22,,,83.620000,114.410000
2008-05-23,,,79.630000,113.110000
2008-05-27,,,79.350000,113.380000
2008-05-28,,,77.700000,113.930000
2008-05-29,,,74.200000,114.830000
2008-05-30,,,73.460000,113.530000
2008-06-02,,,78.600000,114.390000
2008-06-03,,,79.720000,114.600000
2008-06-04,,,81.040000,114.370000
2008-06-05,,,79.350000,114.760000
2008-06-06,,,88.780000,113.550000
2008-06-09,,,92.230000,114.980000
2008-06-10,,,91.980000,114.300000
2008-06-11,,,93.870000,113.200000
2008-06-12,,,92.410000,113.970000
2008-06-13,,,86.910000,113.770000
2008-06-16,,,84.170000,114.710000
2008-06-17,,,80.890000,115.710000
2008-06-18,,,81.560000,112.740000
2008-06-19,,,77.910000,113.440000
2008-06-20,,,78.350000,113.130000
2008-06-23,,,78.370000,113.590000
2008-06-24,,,77.410000,112.200000
2008-06-25,,,76.010000,110.700000
2008-06-26,,,79.870000,109.670000
2008-06-27,,,79.540000,110.520000
2008-06-30,,,79.660000,112.000000
2008-07-01,,,79.440000,112.690000
2008-07-02,,,79.190000,110.960000
2008-07-03,,,76.440000,111.720000
2008-07-07,,,75.430000,111.750000
2008-07-08,,,76.030000,112.210000
2008-07-09,,,81.690000,110.250000
2008-07-10,,,79.940000,110.910000
2008-07-11,,,77.180000,110.870000
2008-07-14,,,78.830000,111.110000
2008-07-15,,,73.070000,110.810000
2008-07-16,,,73.220000,111.930000
2008-07-17,,,72.460000,113.930000
2008-07-18,,,70.290000,113.850000
2008-07-21,,,71.600000,114.100000
2008-07-22,,,68.390000,113.200000
2008-07-23,,,67.250000,115.060000
2008-07-24,,,74.900000,113.190000
2008-07-25,,,73.700000,113.900000
2008-07-28,,,74.900000,111.490000
2008-07-29,,,71.030000,112.180000
2008-07-30,,,67.210000,112.110000
2008-07-31,,,72.950000,110.660000
2008-08-01,,,72.730000,111.380000
2008-08-04,,,73.170000,111.200000
2008-08-05,,,70.280000,109.690000
2008-08-06,,,71.600000,113.220000
2008-08-07,,,73.110000,111.970000
2008-08-08,,,73.050000,113.330000
2008-08-11,,,75.590000,111.550000
2008-08-12,,,72.400000,111.260000
2008-08-13,,,79.410000,111.760000
2008-08-14,,,74.370000,113.070000
2008-08-15,,,74.100000,113.210000
2008-08-18,,,72.850000,112.290000
2008-08-19,,,77.500000,111.400000
2008-08-20,,,73.420000,111.950000
2008-08-21,,,73.750000,111.900000
2008-08-22,,,73.560000,111.800000
2008-08-25,,,77.030000,110.340000
2008-08-26,,,73.140000,110.800000
2008-08-27,,,72.000000,110.510000
2008-08-28,,,68.050000,111.210000
2008-08-29,,,68.070000,110.580000
2008-09-02,,,69.650000,110.380000
2008-09-03,,,69.930000,110.500000
2008-09-04,,,72.380000,110.480000
2008-09-05,,,70.390000,109.460000
2008-09-08,,,67.940000,109.100000
2008-09-09,,,70.680000,108.570000
2008-09-10,,,70.630000,109.490000
2008-09-11,,,71.030000,110.500000
2008-09-12,,,70.260000,110.150000
2008-09-15,,,79.370000,110.740000
2008-09-16,,,74.380000,112.290000
2008-09-17,,,93.040000,112.970000
2008-09-18,,,89.330000,117.420000
2008-09-19,,,79.370000,114.480000
2008-09-22,,,83.920000,114.320000
2008-09-23,,,84.770000,111.630000
2008-09-24,,,86.660000,111.580000
2008-09-25,,,82.960000,112.530000
2008-09-26,,,87.810000,110.560000
2008-09-29,,,99.860000,111.330000
2008-09-30,,,92.230000,111.430000
2008-10-01,,,89.760000,112.140000
2008-10-02,,,95.290000,112.240000
2008-10-03,,,94.680000,114.170000
2008-10-06,,,104.820000,112.090000
2008-10-07,,,106.470000,110.200000
2008-10-08,,,104.990000,111.040000
2008-10-09,,,108.050000,109.580000
2008-10-10,,,116.000000,107.230000
2008-10-13,,,110.070000,109.730000
2008-10-14,,,105.640000,113.550000
2008-10-15,,,114.930000,118.940000
2008-10-16,,,119.480000,113.180000
2008-10-17,,,117.450000,118.810000
2008-10-20,,,115.980000,124.830000
2008-10-21,,,114.280000,120.380000
2008-10-22,,,123.310000,119.340000
2008-10-23,,,121.610000,120.690000
2008-10-24,,,128.090000,116.670000
2008-10-27,,,134.870000,116.940000
2008-10-28,,,127.460000,125.950000
2008-10-29,,,124.730000,120.150000
2008-10-30,,,121.520000,124.020000
2008-10-31,,,116.940000,122.190000
2008-11-03,,,116.190000,117.130000
2008-11-04,,,116.290000,117.780000
2008-11-05,,,117.030000,129.350000
2008-11-06,,,125.000000,122.150000
2008-11-07,,,116.370000,122.850000
2008-11-10,,,116.530000,126.270000
2008-11-11,,,114.110000,120.670000
2008-11-12,,,123.260000,121.110000
2008-11-13,,,117.120000,124.980000
2008-11-14,,,118.340000,118.590000
2008-11-17,,,115.100000,113.400000
2008-11-18,,,106.900000,116.050000
2008-11-19,,,102.480000,115.860000
2008-11-20,,,106.710000,114.930000
2008-11-21,,,99.480000,118.880000
2008-11-24,,,92.310000,116.160000
2008-11-25,,,90.280000,114.100000
2008-11-26,,,89.320000,113.300000
2008-11-28,,,88.410000,113.120000
2008-12-01,,,90.490000,112.750000
2008-12-02,,,87.080000,112.200000
2008-12-03,,,84.720000,112.550000
2008-12-04,,,83.940000,111.770000
2008-12-05,,,82.900000,116.450000
2008-12-08,,,82.100000,120.770000
2008-12-09,,,80.750000,118.580000
2008-12-10,,,86.460000,119.510000
2008-12-11,,,88.680000,121.830000
2008-12-12,,,86.270000,116.240000
2008-12-15,,,82.030000,115.860000
2008-12-16,,,79.990000,119.250000
2008-12-17,,,75.170000,115.070000
2008-12-18,,,81.260000,116.550000
2008-12-19,,,87.690000,118.730000
2008-12-22,,,87.040000,115.160000
2008-12-23,,,86.390000,112.010000
2008-12-24,,,85.100000,112.310000
2008-12-26,,,83.740000,112.560000
2008-12-29,,,83.960000,113.770000
2008-12-30,,,80.890000,116.080000
2008-12-31,,,85.600000,116.500000
2009-01-02,,,84.410000,124.210000
2009-01-05,,,90.890000,116.120000
2009-01-06,,,90.330000,115.490000
2009-01-07,,,93.990000,118.210000
2009-01-08,,,93.140000,118.240000
2009-01-09,,,91.520000,118.820000
2009-01-12,,,93.260000,118.360000
2009-01-13,,,92.500000,118.220000
2009-01-14,,,99.880000,119.990000
2009-01-15,,,96.440000,124.700000
2009-01-16,,,98.790000,126.050000
2009-01-20,,,104.020000,119.170000
2009-01-21,,,100.810000,120.580000
2009-01-22,,,98.870000,117.760000
2009-01-23,,,95.700000,121.310000
2009-01-26,,,96.170000,120.650000
2009-01-27,,,95.480000,119.680000
2009-01-28,,,98.220000,122.390000
2009-01-29,,,98.980000,119.920000
2009-01-30,,,98.720000,115.880000
2009-02-02,,,96.480000,123.950000
2009-02-03,,,92.250000,125.250000
2009-02-04,,,91.570000,127.680000
2009-02-05,,,92.260000,122.630000
2009-02-06,,,94.010000,122.270000
2009-02-09,,,94.380000,122.620000
2009-02-10,,,95.980000,118.940000
2009-02-11,,,94.670000,122.570000
2009-02-12,,,91.040000,114.510000
2009-02-13,,,91.930000,120.580000
2009-02-17,,,95.070000,118.100000
2009-02-18,,,89.110000,127.010000
2009-02-19,,,88.270000,119.410000
2009-02-20,,,90.660000,119.930000
2009-02-23,,,93.020000,116.630000
2009-02-24,,,89.130000,114.200000
2009-02-25,,,88.930000,114.970000
2009-02-26,,,89.370000,113.960000
2009-02-27,,,91.080000,114.250000
2009-03-02,,,93.860000,115.420000
2009-03-03,,,90.750000,113.770000
2009-03-04,,,85.600000,118.160000
2009-03-05,,,89.880000,113.730000
2009-03-06,,,88.260000,115.450000
2009-03-09,,,90.090000,113.110000
2009-03-10,,,85.360000,115.590000
2009-03-11,,,85.350000,112.710000
2009-03-12,,,81.810000,112.960000
2009-03-13,,,78.130000,113.940000
2009-03-16,,,80.070000,114.280000
2009-03-17,,,75.210000,118.320000
2009-03-18,,,74.800000,117.300000
2009-03-19,,,73.560000,116.530000
2009-03-20,,,73.110000,117.060000
2009-03-23,,,71.390000,117.950000
2009-03-24,,,70.160000,112.120000
2009-03-25,,,71.760000,114.220000
2009-03-26,,,70.970000,113.750000
2009-03-27,,,71.680000,111.090000
2009-03-30,,,74.680000,113.710000
2009-03-31,,,72.710000,112.870000
2009-04-01,,,70.390000,114.490000
2009-04-02,,,69.610000,111.900000
2009-04-03,,,67.860000,112.040000
2009-04-06,,,68.260000,114.390000
2009-04-07,,,66.390000,111.160000
2009-04-08,,,68.720000,111.490000
2009-04-09,,,65.220000,108.180000
2009-04-13,,,67.510000,110.390000
2009-04-14,,,65.790000,109.230000
2009-04-15,,,64.950000,108.620000
2009-04-16,,,69.720000,114.450000
2009-04-17,,,68.920000,111.750000
2009-04-20,,,75.480000,113.990000
2009-04-21,,,75.480000,114.630000
2009-04-22,,,75.520000,112.720000
2009-04-23,,,72.810000,113.400000
2009-04-24,,,72.040000,114.600000
2009-04-27,,,74.160000,114.120000
2009-04-28,,,74.220000,114.130000
2009-04-29,,,72.120000,114.600000
2009-04-30,,,71.420000,114.860000
2009-05-01,,,69.820000,115.210000
2009-05-04,,,70.360000,115.400000
2009-05-05,,,70.770000,113.650000
2009-05-06,,,71.150000,113.340000
2009-05-07,,,72.790000,112.700000
2009-05-08,,,74.660000,114.960000
2009-05-11,,,76.860000,113.990000
2009-05-12,,,77.530000,115.660000
2009-05-13,,,81.870000,116.320000
2009-05-14,,,79.380000,116.500000
2009-05-15,,,80.290000,119.060000
2009-05-18,,,76.410000,119.210000
2009-05-19,,,74.400000,117.920000
2009-05-20,,,77.450000,113.960000
2009-05-21,,,84.690000,117.100000
2009-05-22,,,87.280000,118.810000
2009-05-26,,,91.230000,120.890000
2009-05-27,,,90.860000,120.040000
2009-05-28,,,88.190000,122.330000
2009-05-29,,,83.910000,122.990000
2009-06-01,,,84.230000,122.090000
2009-06-02,,,83.820000,120.940000
2009-06-03,,,84.890000,121.190000
2009-06-04,,,81.260000,119.370000
2009-06-05,,,82.110000,118.830000
2009-06-08,,,82.690000,119.440000
2009-06-09,,,81.640000,119.240000
2009-06-10,,,86.920000,121.610000
2009-06-11,,,85.220000,117.880000
2009-06-12,,,85.430000,120.980000
2009-06-15,,,85.050000,118.200000
2009-06-16,,,88.490000,125.050000
2009-06-17,,,86.490000,123.170000
2009-06-18,,,83.870000,123.720000
2009-06-19,,,84.150000,123.780000
2009-06-22,,,86.100000,116.790000
2009-06-23,,,85.640000,116.010000
2009-06-24,,,83.960000,116.970000
2009-06-25,,,82.570000,115.510000
2009-06-26,,,77.600000,115.720000
2009-06-29,,,79.690000,117.160000
2009-06-30,,,79.600000,117.030000
2009-07-01,,,79.680000,116.680000
2009-07-02,,,81.320000,115.080000
2009-07-06,,,83.200000,118.410000
2009-07-07,,,85.630000,116.350000
2009-07-08,,,86.170000,114.250000
2009-07-09,,,82.880000,115.200000
2009-07-10,,,81.420000,113.200000
2009-07-13,,,80.580000,113.300000
2009-07-14,,,81.520000,115.440000
2009-07-15,,,85.640000,115.750000
2009-07-16,,,83.640000,116.890000
2009-07-17,,,82.490000,116.430000
2009-07-20,,,80.980000,116.310000
2009-07-21,,,80.450000,116.790000
2009-07-22,,,75.300000,112.410000
2009-07-23,,,72.800000,112.070000
2009-07-24,,,73.010000,114.040000
2009-07-27,,,74.350000,114.050000
2009-07-28,,,76.680000,116.180000
2009-07-29,,,77.100000,116.740000
2009-07-30,,,73.880000,115.410000
2009-07-31,,,73.470000,108.940000
2009-08-03,,,72.790000,114.030000
2009-08-04,,,71.050000,114.940000
2009-08-05,,,70.130000,117.110000
2009-08-06,,,73.170000,115.220000
2009-08-07,,,71.530000,113.770000
2009-08-10,,,72.590000,117.020000
2009-08-11,,,75.600000,117.610000
2009-08-12,,,81.280000,119.640000
2009-08-13,,,79.960000,121.850000
2009-08-14,,,80.450000,118.750000
2009-08-17,,,84.220000,116.580000
2009-08-18,,,81.110000,118.110000
2009-08-19,,,76.320000,121.730000
2009-08-20,,,76.700000,121.530000
2009-08-21,,,76.550000,122.900000
2009-08-24,,,78.470000,121.160000
2009-08-25,,,77.760000,119.050000
2009-08-26,,,77.970000,118.710000
2009-08-27,,,75.590000,117.710000
2009-08-28,,,74.410000,117.670000
2009-08-31,,,77.120000,120.140000
2009-09-01,,,81.000000,118.260000
2009-09-02,,,77.070000,118.410000
2009-09-03,,,75.480000,119.380000
2009-09-04,,,77.510000,119.730000
2009-09-08,,,75.690000,120.550000
2009-09-09,,,76.170000,120.830000
2009-09-10,,,71.390000,121.260000
2009-09-11,,,72.360000,120.230000
2009-09-14,,,71.140000,121.000000
2009-09-15,,,72.250000,118.460000
2009-09-16,,,71.700000,113.620000
2009-09-17,,,69.360000,118.950000
2009-09-18,26.540000,,70.390000,117.020000
2009-09-21,26.230000,,71.000000,119.140000
2009-09-22,25.690000,,68.260000,118.160000
2009-09-23,26.090000,,68.180000,117.440000
2009-09-24,27.130000,,70.780000,116.650000
2009-09-25,27.210000,,71.740000,118.010000
2009-09-28,26.270000,,70.540000,119.100000
2009-09-29,26.480000,,68.990000,119.840000
2009-09-30,26.660000,,71.320000,120.860000
2009-10-01,28.330000,,76.250000,117.810000
2009-10-02,28.800000,,76.130000,118.550000
2009-10-05,27.610000,,73.560000,118.500000
2009-10-06,26.730000,,71.500000,117.820000
2009-10-07,26.120000,,71.010000,117.650000
2009-10-08,25.740000,,68.100000,119.920000
2009-10-09,25.080000,,65.540000,120.870000
2009-10-12,25.170000,,64.970000,119.550000
2009-10-13,25.090000,,64.970000,120.770000
2009-10-14,24.580000,,68.840000,121.310000
2009-10-15,24.220000,,67.070000,120.030000
2009-10-16,24.400000,,69.850000,119.050000
2009-10-19,24.150000,,67.760000,117.250000
2009-10-20,23.720000,,68.630000,116.900000
2009-10-21,24.550000,,78.160000,118.600000
2009-10-22,23.350000,,77.600000,118.090000
2009-10-23,24.310000,,79.880000,117.510000
2009-10-26,25.370000,,82.280000,118.330000
2009-10-27,25.460000,,80.410000,118.900000
2009-10-28,27.420000,,85.430000,118.370000
2009-10-29,25.660000,,78.100000,120.820000
2009-10-30,29.070000,,89.900000,122.750000
2009-11-02,28.820000,,91.980000,121.900000
2009-11-03,28.870000,,90.160000,118.530000
2009-11-04,28.180000,,85.970000,119.750000
2009-11-05,26.610000,,79.100000,119.830000
2009-11-06,25.880000,,73.720000,120.140000
2009-11-09,24.410000,,68.830000,114.400000
2009-11-10,24.710000,,68.490000,119.650000
2009-11-11,24.970000,,73.050000,119.210000
2009-11-12,26.070000,,80.770000,118.380000
2009-11-13,25.600000,,80.280000,120.720000
2009-11-16,25.150000,,83.310000,114.530000
2009-11-17,25.040000,,83.970000,119.320000
2009-11-18,24.720000,,79.150000,114.750000
2009-11-19,25.110000,,79.270000,119.350000
2009-11-20,24.660000,,75.560000,120.590000
2009-11-23,24.110000,,75.840000,122.850000
2009-11-24,23.740000,,75.050000,122.470000
2009-11-25,23.660000,,73.910000,121.980000
2009-11-27,26.150000,,83.240000,120.820000
2009-11-30,26.240000,,81.580000,122.910000
2009-12-01,24.940000,,80.740000,122.960000
2009-12-02,24.800000,,78.260000,119.000000
2009-12-03,25.510000,,78.520000,117.040000
2009-12-04,24.760000,,77.180000,118.010000
2009-12-07,25.300000,,77.750000,117.170000
2009-12-08,26.130000,,79.570000,117.890000
2009-12-09,25.800000,,84.930000,118.750000
2009-12-10,25.340000,,84.560000,121.350000
2009-12-11,25.120000,,82.870000,121.590000
2009-12-14,24.560000,,81.640000,125.300000
2009-12-15,24.730000,,80.990000,123.840000
2009-12-16,24.250000,,82.050000,117.130000
2009-12-17,24.780000,,83.560000,121.830000
2009-12-18,24.520000,,81.750000,122.290000
2009-12-21,23.530000,,79.620000,124.330000
2009-12-22,22.760000,,71.450000,127.890000
2009-12-23,22.680000,,69.810000,127.150000
2009-12-24,22.430000,,68.810000,128.160000
2009-12-28,22.490000,,69.890000,125.790000
2009-12-29,22.630000,,69.100000,125.710000
2009-12-30,22.660000,,70.360000,125.650000
2009-12-31,23.890000,,74.990000,123.230000
2010-01-04,22.770000,,73.300000,123.840000
2010-01-05,22.390000,,70.360000,122.990000
2010-01-06,21.800000,,67.650000,121.630000
2010-01-07,21.600000,,67.150000,120.170000
2010-01-08,21.000000,,65.710000,120.150000
2010-01-11,21.270000,,64.870000,119.100000
2010-01-12,21.790000,,70.420000,120.660000
2010-01-13,21.290000,,75.530000,125.890000
2010-01-14,20.710000,,74.520000,125.060000
2010-01-15,21.480000,,74.270000,124.320000
2010-01-19,20.890000,,73.500000,124.280000
2010-01-20,21.400000,,80.360000,124.100000
2010-01-21,23.150000,,88.820000,121.990000
2010-01-22,26.290000,,100.060000,122.880000
2010-01-25,25.190000,,90.580000,122.540000
2010-01-26,25.170000,,90.040000,118.410000
2010-01-27,24.130000,,85.860000,118.980000
2010-01-28,24.670000,,87.910000,117.980000
2010-01-29,25.380000,,89.000000,117.500000
2010-02-01,23.640000,,83.730000,119.220000
2010-02-02,22.930000,,80.980000,120.460000
2010-02-03,23.000000,,80.550000,119.950000
2010-02-04,25.980000,,91.420000,116.020000
2010-02-05,26.000000,,88.220000,118.750000
2010-02-08,26.430000,,90.010000,117.680000
2010-02-09,26.040000,,88.800000,120.430000
2010-02-10,25.870000,,92.180000,118.510000
2010-02-11,24.570000,,89.590000,120.130000
2010-02-12,24.460000,,88.160000,113.710000
2010-02-16,23.570000,,81.770000,120.890000
2010-02-17,23.290000,,80.290000,119.630000
2010-02-18,22.780000,,79.200000,122.560000
2010-02-19,22.310000,,77.970000,118.530000
2010-02-22,21.730000,,75.440000,121.330000
2010-02-23,22.620000,,77.820000,120.820000
2010-02-24,22.080000,,75.930000,120.610000
2010-02-25,22.070000,,75.300000,121.280000
2010-02-26,21.650000,,73.130000,120.130000
2010-03-01,21.440000,,73.240000,120.800000
2010-03-02,21.180000,,73.430000,120.280000
2010-03-03,20.970000,,72.610000,119.030000
2010-03-04,21.030000,,70.510000,120.750000
2010-03-05,20.230000,,71.060000,118.030000
2010-03-08,20.260000,,70.900000,117.560000
2010-03-09,20.160000,,71.490000,116.640000
2010-03-10,20.510000,,76.200000,117.980000
2010-03-11,20.700000,,76.160000,117.480000
2010-03-12,20.270000,,73.740000,118.960000
2010-03-15,20.720000,,75.220000,120.630000
2010-03-16,20.160000,,76.410000,123.510000
2010-03-17,19.720000,,73.160000,119.660000
2010-03-18,19.480000,,76.460000,120.270000
2010-03-19,19.950000,,76.680000,121.970000
2010-03-22,20.110000,,77.750000,123.630000
2010-03-23,19.680000,,78.310000,121.180000
2010-03-24,20.080000,,80.680000,122.670000
2010-03-25,20.580000,,83.820000,122.140000
2010-03-26,20.060000,,81.560000,123.140000
2010-03-29,19.850000,,78.750000,123.200000
2010-03-30,19.540000,,76.910000,124.030000
2010-03-31,19.920000,,77.490000,123.700000
2010-04-01,19.900000,,78.290000,123.930000
2010-04-05,19.350000,,76.970000,123.780000
2010-04-06,18.840000,,76.820000,123.290000
2010-04-07,19.190000,,78.160000,123.270000
2010-04-08,19.080000,,77.060000,122.670000
2010-04-09,18.620000,,78.240000,124.360000
2010-04-12,18.960000,,80.060000,123.160000
2010-04-13,18.990000,,79.970000,125.540000
2010-04-14,18.770000,,83.310000,125.770000
2010-04-15,18.900000,,83.100000,126.290000
2010-04-16,20.230000,,86.290000,131.330000
2010-04-19,19.790000,,81.720000,131.140000
2010-04-20,18.990000,,79.650000,134.190000
2010-04-21,19.300000,,83.890000,129.840000
2010-04-22,19.590000,,85.760000,127.480000
2010-04-23,19.390000,,88.140000,126.130000
2010-04-26,19.860000,,87.530000,124.250000
2010-04-27,22.720000,,103.230000,124.980000
2010-04-28,22.310000,,101.700000,128.400000
2010-04-29,20.960000,,92.440000,129.280000
2010-04-30,23.670000,,101.410000,125.410000
2010-05-03,22.580000,,95.680000,125.350000
2010-05-04,25.070000,,101.880000,124.860000
2010-05-05,26.370000,,105.590000,122.820000
2010-05-06,26.370000,,125.360000,122.160000
2010-05-07,36.620000,,135.380000,123.860000
2010-05-10,28.980000,,110.960000,128.640000
2010-05-11,28.870000,,113.950000,127.090000
2010-05-12,26.650000,,116.530000,124.260000
2010-05-13,27.610000,,123.170000,126.200000
2010-05-14,30.800000,,128.340000,128.470000
2010-05-17,30.510000,,120.970000,128.870000
2010-05-18,32.810000,,135.820000,123.880000
2010-05-19,34.180000,,128.440000,126.330000
2010-05-20,40.830000,,145.120000,123.360000
2010-05-21,37.400000,,130.670000,125.560000
2010-05-24,36.910000,,123.870000,125.000000
2010-05-25,34.900000,,119.360000,123.280000
2010-05-26,33.950000,,115.680000,121.480000
2010-05-27,30.640000,,107.640000,125.730000
2010-05-28,32.000000,,110.130000,123.130000
2010-06-01,34.020000,,109.920000,119.630000
2010-06-02,30.590000,,98.020000,123.690000
2010-06-03,30.240000,,95.610000,123.830000
2010-06-04,34.370000,,103.310000,121.110000
2010-06-07,35.300000,,102.760000,119.210000
2010-06-08,33.650000,,101.790000,120.740000
2010-06-09,33.800000,,111.770000,119.970000
2010-06-10,31.470000,,108.610000,122.340000
2010-06-11,30.950000,,103.690000,122.810000
2010-06-14,30.680000,,99.920000,121.690000
2010-06-15,28.450000,,99.000000,124.800000
2010-06-16,28.780000,,93.670000,121.480000
2010-06-17,28.210000,,89.650000,122.130000
2010-06-18,27.960000,,92.360000,122.980000
2010-06-21,27.540000,,96.010000,121.730000
2010-06-22,29.090000,,101.650000,120.420000
2010-06-23,29.260000,,98.930000,119.840000
2010-06-24,31.360000,,103.690000,119.560000
2010-06-25,30.700000,,97.510000,119.370000
2010-06-28,30.960000,,99.010000,120.300000
2010-06-29,34.380000,,104.000000,118.130000
2010-06-30,35.230000,,105.160000,116.870000
2010-07-01,34.490000,,100.690000,116.760000
2010-07-02,33.290000,,97.190000,114.650000
2010-07-06,32.010000,,97.580000,116.010000
2010-07-07,29.720000,,92.140000,117.770000
2010-07-08,28.830000,,89.850000,117.220000
2010-07-09,28.170000,,88.580000,117.970000
2010-07-12,28.390000,,91.750000,118.720000
2010-07-13,28.320000,,90.800000,119.330000
2010-07-14,28.830000,,96.130000,120.070000
2010-07-15,29.230000,,97.750000,118.580000
2010-07-16,30.600000,,101.570000,118.670000
2010-07-19,30.080000,,102.580000,118.780000
2010-07-20,28.220000,,98.890000,119.070000
2010-07-21,29.080000,,97.020000,117.290000
2010-07-22,27.900000,,93.200000,118.220000
2010-07-23,26.990000,,89.900000,119.690000
2010-07-26,26.440000,,88.550000,119.290000
2010-07-27,26.370000,,90.140000,121.320000
2010-07-28,26.710000,,90.710000,121.910000
2010-07-29,27.120000,,90.620000,119.360000
2010-07-30,27.140000,,89.550000,119.530000
2010-08-02,25.400000,,85.020000,122.500000
2010-08-03,26.010000,,85.040000,121.390000
2010-08-04,25.960000,,85.050000,120.990000
2010-08-05,26.160000,,86.520000,120.430000
2010-08-06,26.120000,,87.440000,119.670000
2010-08-09,26.030000,,87.860000,123.750000
2010-08-10,26.310000,,90.350000,122.790000
2010-08-11,28.690000,,102.650000,118.450000
2010-08-12,29.250000,,99.750000,115.180000
2010-08-13,29.970000,,99.540000,115.280000
2010-08-16,29.800000,,98.730000,121.100000
2010-08-17,28.570000,,93.250000,121.960000
2010-08-18,28.580000,,91.300000,121.260000
2010-08-19,29.630000,,91.960000,120.260000
2010-08-20,29.540000,,89.340000,119.620000
2010-08-23,29.290000,,87.660000,118.380000
2010-08-24,30.310000,,85.700000,117.390000
2010-08-25,29.850000,,82.640000,117.010000
2010-08-26,30.370000,,82.950000,115.990000
2010-08-27,28.400000,,79.000000,116.030000
2010-08-30,30.010000,,82.520000,115.060000
2010-08-31,29.040000,,81.490000,115.020000
2010-09-01,27.290000,,78.280000,116.360000
2010-09-02,26.620000,,79.050000,116.740000
2010-09-03,25.310000,,76.640000,119.110000
2010-09-07,26.770000,,78.980000,118.730000
2010-09-08,26.300000,,89.880000,120.300000
2010-09-09,26.100000,,87.970000,119.310000
2010-09-10,25.590000,,87.600000,121.090000
2010-09-13,24.750000,,87.330000,121.890000
2010-09-14,24.740000,,87.950000,120.980000
2010-09-15,24.930000,,88.400000,119.740000
2010-09-16,24.960000,,87.630000,124.320000
2010-09-17,25.120000,,85.450000,124.900000
2010-09-20,24.590000,,81.500000,124.880000
2010-09-21,24.940000,,80.970000,122.810000
2010-09-22,25.160000,,81.860000,121.750000
2010-09-23,26.160000,,83.020000,121.570000
2010-09-24,24.750000,,80.000000,123.000000
2010-09-27,25.200000,,82.620000,120.210000
2010-09-28,25.340000,,83.620000,121.690000
2010-09-29,25.910000,,83.350000,119.270000
2010-09-30,26.400000,,86.490000,120.480000
2010-10-01,25.700000,,84.080000,119.610000
2010-10-04,26.320000,,86.220000,118.290000
2010-10-05,25.080000,,82.620000,117.770000
2010-10-06,24.910000,,81.050000,116.570000
2010-10-07,24.890000,,80.700000,116.690000
2010-10-08,24.060000,,81.410000,117.960000
2010-10-11,23.980000,,84.750000,115.870000
2010-10-12,23.370000,,84.770000,117.020000
2010-10-13,22.980000,,88.720000,118.430000
2010-10-14,23.560000,,87.140000,120.240000
2010-10-15,23.200000,,89.820000,121.480000
2010-10-18,22.800000,,91.750000,120.570000
2010-10-19,23.590000,,91.530000,119.570000
2010-10-20,22.660000,,85.480000,120.040000
2010-10-21,22.220000,,83.590000,118.170000
2010-10-22,21.650000,,81.970000,117.380000
2010-10-25,21.910000,,82.020000,116.450000
2010-10-26,22.200000,,82.790000,116.510000
2010-10-27,22.600000,,80.420000,116.970000
2010-10-28,22.810000,,78.470000,116.290000
2010-10-29,22.950000,,77.460000,116.040000
2010-11-01,23.290000,,79.720000,116.830000
2010-11-02,23.020000,,80.180000,116.140000
2010-11-03,21.650000,,76.570000,118.210000
2010-11-04,20.570000,,70.780000,116.590000
2010-11-05,20.660000,,74.020000,116.980000
2010-11-08,20.730000,,73.670000,118.270000
2010-11-09,21.530000,,76.490000,119.610000
2010-11-10,21.280000,,83.070000,122.160000
2010-11-11,21.470000,,,123.590000
2010-11-12,22.930000,,88.180000,121.720000
2010-11-15,22.810000,,88.130000,122.040000
2010-11-16,24.080000,,93.650000,120.860000
2010-11-17,23.830000,,89.250000,120.340000
2010-11-18,22.430000,,83.920000,121.730000
2010-11-19,21.400000,,84.730000,121.260000
2010-11-22,21.330000,,78.390000,122.340000
2010-11-23,22.590000,,87.440000,119.860000
2010-11-24,21.810000,,81.550000,122.160000
2010-11-26,21.810000,,90.550000,119.020000
2010-11-29,23.350000,,89.010000,118.540000
2010-11-30,25.190000,,95.730000,116.710000
2010-12-01,23.990000,,92.030000,118.690000
2010-12-02,21.990000,,87.740000,120.880000
2010-12-03,21.000000,,84.280000,120.420000
2010-12-06,21.040000,,82.600000,121.150000
2010-12-07,20.970000,,82.660000,118.130000
2010-12-08,20.380000,,81.800000,119.530000
2010-12-09,19.980000,,79.800000,123.930000
2010-12-10,19.840000,,79.360000,123.010000
2010-12-13,20.460000,,81.670000,120.740000
2010-12-14,20.390000,,81.670000,121.990000
2010-12-15,20.740000,,83.420000,121.940000
2010-12-16,20.820000,,81.320000,124.810000
2010-12-17,20.290000,,86.620000,125.240000
2010-12-20,20.100000,,84.090000,125.840000
2010-12-21,19.910000,,84.380000,124.870000
2010-12-22,19.570000,,86.030000,123.650000
2010-12-23,20.440000,,86.740000,125.350000
2010-12-27,21.040000,,87.440000,123.860000
2010-12-28,21.180000,,86.340000,123.530000
2010-12-29,20.840000,,85.710000,122.400000
2010-12-30,21.010000,,86.520000,122.170000
2010-12-31,20.900000,,86.360000,120.740000
2011-01-03,20.620000,,84.800000,122.680000
2011-01-04,20.610000,16.060000,85.250000,121.960000
2011-01-05,20.050000,15.570000,84.700000,121.230000
2011-01-06,20.350000,15.710000,84.600000,121.010000
2011-01-07,20.290000,15.010000,83.730000,121.220000
2011-01-10,20.480000,15.810000,81.650000,121.470000
2011-01-11,20.140000,14.930000,79.820000,122.290000
2011-01-12,19.230000,14.820000,77.940000,121.940000
2011-01-13,19.200000,14.920000,78.640000,121.290000
2011-01-14,18.370000,14.300000,75.940000,123.520000
2011-01-18,18.380000,16.340000,79.770000,128.160000
2011-01-19,19.640000,17.740000,83.700000,123.410000
2011-01-20,19.900000,16.980000,82.690000,126.190000
2011-01-21,19.970000,17.320000,85.410000,133.990000
2011-01-24,19.580000,17.380000,82.970000,131.860000
2011-01-25,19.340000,17.750000,82.670000,134.610000
2011-01-26,18.820000,16.270000,79.430000,131.760000
2011-01-27,18.480000,15.070000,77.040000,130.560000
2011-01-28,20.590000,21.250000,91.520000,128.230000
2011-01-31,20.150000,20.500000,86.080000,130.300000
2011-02-01,18.970000,17.210000,84.480000,129.000000
2011-02-02,19.090000,16.830000,83.160000,127.520000
2011-02-03,18.920000,15.380000,81.750000,127.130000
2011-02-04,18.330000,14.190000,81.110000,127.450000
2011-02-07,18.260000,15.330000,80.540000,127.630000
2011-02-08,17.850000,14.560000,78.930000,129.540000
2011-02-09,17.860000,14.300000,82.110000,
2011-02-10,18.100000,14.530000,83.730000,129.240000
2011-02-11,17.860000,14.790000,84.500000,131.310000
2011-02-14,17.940000,16.160000,82.670000,127.410000
2011-02-15,18.270000,16.580000,84.380000,131.780000
2011-02-16,18.320000,16.870000,83.050000,130.690000
2011-02-17,18.630000,15.810000,83.030000,130.970000
2011-02-18,18.900000,14.920000,85.470000,136.430000
2011-02-22,21.320000,22.090000,99.180000,125.900000
2011-02-23,22.470000,22.770000,99.040000,124.530000
2011-02-24,22.260000,21.510000,94.070000,124.680000
2011-02-25,20.570000,18.470000,86.170000,128.760000
2011-02-28,20.000000,18.300000,81.780000,129.370000
2011-03-01,21.900000,21.590000,89.280000,122.430000
2011-03-02,21.680000,20.780000,87.550000,123.060000
2011-03-03,20.440000,16.850000,82.360000,125.710000
2011-03-04,20.800000,17.690000,81.480000,125.900000
2011-03-07,21.850000,20.970000,84.320000,122.950000
2011-03-08,21.450000,19.340000,80.840000,123.370000
2011-03-09,21.820000,19.930000,84.890000,122.600000
2011-03-10,22.760000,22.890000,88.160000,119.260000
2011-03-11,21.870000,19.400000,83.210000,118.540000
2011-03-14,22.490000,21.930000,83.890000,121.520000
2011-03-15,24.030000,25.900000,89.680000,121.820000
2011-03-16,26.910000,31.040000,112.390000,122.460000
2011-03-17,25.440000,28.620000,101.450000,125.850000
2011-03-18,24.340000,25.310000,96.280000,126.810000
2011-03-21,21.950000,21.020000,89.170000,124.590000
2011-03-22,21.700000,20.170000,87.390000,120.830000
2011-03-23,20.930000,19.060000,84.770000,120.750000
2011-03-24,20.080000,17.420000,84.170000,119.970000
2011-03-25,20.030000,17.490000,84.530000,121.430000
2011-03-28,20.860000,19.840000,89.940000,122.680000
2011-03-29,19.970000,17.460000,84.960000,124.110000
2011-03-30,19.750000,16.980000,82.750000,123.500000
2011-03-31,19.840000,16.310000,82.510000,124.640000
2011-04-01,19.590000,15.150000,81.980000,128.640000
2011-04-04,19.390000,16.720000,81.840000,128.050000
2011-04-05,19.400000,15.810000,81.440000,128.020000
2011-04-06,19.380000,15.210000,83.220000,125.180000
2011-04-07,19.500000,15.930000,82.390000,126.460000
2011-04-08,20.050000,17.210000,83.430000,125.920000
2011-04-11,20.010000,18.390000,84.160000,122.940000
2011-04-12,20.330000,18.930000,85.360000,121.940000
2011-04-13,19.990000,17.970000,86.040000,124.550000
2011-04-14,19.960000,15.990000,86.070000,125.090000
2011-04-15,19.170000,14.280000,85.720000,130.450000
2011-04-18,19.920000,17.630000,89.110000,129.370000
2011-04-19,19.180000,15.910000,85.730000,129.400000
2011-04-20,18.480000,15.040000,86.210000,131.130000
2011-04-21,18.350000,13.030000,87.710000,131.780000
2011-04-25,18.550000,15.050000,87.680000,130.880000
2011-04-26,18.270000,15.160000,85.720000,127.450000
2011-04-27,17.900000,14.610000,83.210000,126.930000
2011-04-28,17.520000,12.810000,82.890000,124.990000
2011-04-29,17.500000,13.090000,83.980000,127.450000
2011-05-02,18.390000,15.160000,88.500000,124.150000
2011-05-03,19.110000,15.710000,90.620000,127.490000
2011-05-04,19.440000,16.370000,91.390000,125.290000
2011-05-05,19.840000,18.870000,95.080000,124.890000
2011-05-06,19.910000,18.890000,94.430000,124.610000
2011-05-09,19.200000,16.560000,90.860000,124.670000
2011-05-10,18.370000,14.580000,87.560000,126.230000
2011-05-11,19.050000,16.800000,96.250000,121.790000
2011-05-12,18.440000,15.100000,93.570000,122.590000
2011-05-13,19.070000,17.130000,93.860000,121.900000
2011-05-16,19.870000,19.710000,94.440000,123.580000
2011-05-17,19.450000,18.330000,93.640000,121.140000
2011-05-18,18.530000,16.250000,90.700000,125.820000
2011-05-19,18.170000,14.920000,87.530000,127.160000
2011-05-20,19.050000,18.100000,90.230000,129.150000
2011-05-23,19.790000,18.870000,92.080000,124.780000
2011-05-24,19.170000,17.870000,88.470000,123.130000
2011-05-25,18.870000,16.830000,85.290000,122.890000
2011-05-26,18.190000,14.620000,81.480000,125.430000
2011-05-27,18.130000,14.790000,81.460000,123.580000
2011-05-31,17.560000,14.890000,80.920000,123.910000
2011-06-01,19.360000,19.100000,87.590000,119.330000
2011-06-02,19.320000,18.930000,85.220000,119.200000
2011-06-03,19.470000,17.990000,85.540000,116.800000
2011-06-06,19.960000,19.350000,88.150000,116.020000
2011-06-07,19.500000,18.410000,83.720000,116.070000
2011-06-08,19.950000,19.020000,88.980000,118.760000
2011-06-09,19.260000,18.110000,85.650000,117.270000
2011-06-10,20.110000,18.920000,93.340000,122.650000
2011-06-13,20.440000,20.280000,98.350000,120.990000
2011-06-14,19.430000,18.440000,91.740000,125.300000
2011-06-15,21.380000,22.030000,105.070000,124.320000
2011-06-16,22.610000,24.630000,100.390000,122.350000
2011-06-17,22.440000,23.130000,95.310000,120.060000
2011-06-20,21.220000,20.740000,90.250000,117.440000
2011-06-21,20.500000,20.180000,90.550000,116.520000
2011-06-22,20.720000,18.640000,91.710000,114.740000
2011-06-23,20.930000,20.070000,93.090000,116.790000
2011-06-24,21.920000,22.470000,99.140000,115.920000
2011-06-27,21.500000,21.990000,94.290000,119.460000
2011-06-28,20.520000,19.830000,90.330000,122.150000
2011-06-29,19.420000,16.960000,85.900000,128.730000
2011-06-30,18.910000,15.140000,81.080000,122.090000
2011-07-01,17.930000,15.290000,78.640000,119.630000
2011-07-05,18.110000,15.850000,81.340000,121.780000
2011-07-06,18.410000,15.660000,82.690000,121.510000
2011-07-07,17.770000,15.290000,80.700000,121.860000
2011-07-08,17.960000,15.560000,80.820000,119.680000
2011-07-11,19.980000,20.140000,90.870000,123.080000
2011-07-12,20.930000,21.500000,88.390000,119.210000
2011-07-13,20.850000,20.650000,88.920000,124.790000
2011-07-14,21.590000,22.190000,95.720000,126.630000
2011-07-15,20.940000,19.820000,89.330000,129.240000
2011-07-18,21.840000,22.130000,97.810000,123.920000
2011-07-19,20.500000,19.690000,91.010000,126.120000
2011-07-20,20.370000,19.750000,86.060000,122.970000
2011-07-21,19.200000,17.540000,81.680000,122.420000
2011-07-22,19.200000,16.960000,82.450000,121.590000
2011-07-25,20.260000,20.400000,90.200000,119.450000
2011-07-26,20.890000,20.830000,93.350000,120.120000
2011-07-27,22.690000,24.410000,102.010000,119.440000
2011-07-28,22.950000,27.520000,105.620000,120.360000
2011-07-29,22.910000,30.350000,106.570000,120.650000
2011-08-01,22.380000,26.850000,95.890000,118.640000
2011-08-02,23.600000,27.780000,102.010000,116.080000
2011-08-03,23.120000,24.700000,98.580000,117.270000
2011-08-04,28.560000,39.890000,121.760000,113.170000
2011-08-05,29.590000,37.580000,118.610000,119.360000
2011-08-08,38.100000,68.000000,134.630000,121.060000
2011-08-09,31.070000,43.380000,112.800000,124.510000
2011-08-10,36.580000,56.660000,132.860000,118.650000
2011-08-11,33.820000,46.980000,128.760000,119.990000
2011-08-12,32.750000,38.410000,120.190000,119.790000
2011-08-15,30.080000,32.940000,109.000000,121.760000
2011-08-16,30.440000,33.090000,104.660000,122.410000
2011-08-17,30.030000,31.220000,104.620000,126.160000
2011-08-18,36.600000,46.550000,106.660000,124.440000
2011-08-19,37.900000,47.410000,111.580000,124.050000
2011-08-22,38.260000,44.570000,111.250000,119.400000
2011-08-23,34.790000,37.810000,103.430000,124.050000
2011-08-24,34.800000,37.430000,104.540000,123.370000
2011-08-25,36.610000,44.080000,112.400000,120.810000
2011-08-26,34.410000,36.340000,104.720000,122.970000
2011-08-29,31.980000,33.390000,96.510000,120.990000
2011-08-30,32.470000,34.670000,96.160000,119.900000
2011-08-31,31.670000,32.330000,94.160000,120.010000
2011-09-01,31.990000,31.780000,92.310000,120.230000
2011-09-02,33.790000,31.940000,91.000000,119.330000
2011-09-06,35.380000,39.240000,97.010000,121.040000
2011-09-07,32.960000,32.440000,93.300000,118.750000
2011-09-08,33.710000,34.410000,93.450000,118.590000
2011-09-09,36.640000,40.420000,99.070000,116.900000
2011-09-12,37.060000,40.450000,97.070000,117.230000
2011-09-13,36.060000,37.630000,96.140000,118.050000
2011-09-14,34.960000,35.030000,100.220000,115.730000
2011-09-15,33.520000,32.790000,96.690000,120.000000
2011-09-16,32.950000,32.520000,93.670000,123.270000
2011-09-19,33.810000,34.600000,95.950000,120.760000
2011-09-20,33.620000,34.490000,92.900000,120.610000
2011-09-21,36.190000,37.760000,98.580000,120.180000
2011-09-22,39.150000,43.490000,103.910000,119.370000
2011-09-23,39.550000,42.660000,104.770000,118.240000
2011-09-26,38.030000,40.170000,102.890000,120.340000
2011-09-27,37.210000,38.930000,100.310000,119.550000
2011-09-28,39.520000,42.810000,104.300000,118.210000
2011-09-29,38.180000,39.790000,101.050000,118.970000
2011-09-30,41.240000,43.730000,101.080000,114.830000
2011-10-03,43.380000,48.640000,103.890000,113.090000
2011-10-04,40.450000,41.470000,99.310000,115.280000
2011-10-05,38.310000,37.580000,94.660000,113.870000
2011-10-06,37.040000,34.960000,93.520000,115.420000
2011-10-07,37.310000,33.620000,92.570000,116.100000
2011-10-10,34.790000,31.300000,89.390000,116.810000
2011-10-11,34.060000,30.010000,90.980000,118.910000
2011-10-12,32.970000,29.020000,91.340000,121.600000
2011-10-13,32.710000,27.710000,95.100000,121.980000
2011-10-14,30.390000,26.490000,94.690000,121.900000
2011-10-17,33.600000,33.950000,103.550000,124.460000
2011-10-18,31.980000,32.210000,100.210000,127.990000
2011-10-19,34.390000,34.700000,103.290000,122.570000
2011-10-20,34.200000,36.700000,102.970000,122.570000
2011-10-21,31.970000,32.150000,98.050000,127.190000
2011-10-24,30.470000,30.190000,97.130000,124.850000
2011-10-25,32.360000,33.570000,97.750000,122.650000
2011-10-26,30.940000,30.330000,97.740000,122.650000
2011-10-27,27.030000,24.950000,94.440000,122.820000
2011-10-28,26.520000,23.030000,94.190000,121.180000
2011-10-31,30.370000,30.880000,104.840000,120.690000
2011-11-01,34.020000,36.720000,113.150000,126.650000
2011-11-02,32.880000,33.060000,107.400000,123.950000
2011-11-03,31.620000,29.500000,104.280000,124.190000
2011-11-04,31.230000,28.430000,103.340000,123.560000
2011-11-07,31.380000,28.390000,103.350000,124.930000
2011-11-08,29.520000,24.570000,98.050000,124.770000
2011-11-09,35.490000,38.140000,122.730000,122.870000
2011-11-10,33.750000,32.130000,113.540000,125.240000
2011-11-11,31.600000,28.030000,112.100000,124.560000
2011-11-14,32.720000,31.230000,112.350000,124.560000
2011-11-15,32.520000,31.570000,107.550000,124.970000
2011-11-16,34.390000,34.120000,111.180000,122.920000
2011-11-17,35.320000,32.620000,111.860000,121.590000
2011-11-18,34.200000,30.260000,101.920000,120.040000
2011-11-21,34.780000,33.340000,99.600000,115.150000
2011-11-22,34.240000,31.030000,98.530000,114.920000
2011-11-23,35.870000,33.600000,101.460000,116.780000
2011-11-25,36.450000,33.950000,98.980000,114.770000
2011-11-28,33.940000,31.880000,96.230000,118.630000
2011-11-29,33.210000,30.400000,95.470000,116.450000
2011-11-30,30.580000,27.430000,92.220000,116.560000
2011-12-01,30.030000,27.000000,90.880000,116.900000
2011-12-02,29.850000,27.780000,92.460000,116.310000
2011-12-05,29.900000,28.840000,92.970000,116.140000
2011-12-06,30.160000,28.500000,92.210000,115.160000
2011-12-07,30.620000,30.190000,92.840000,115.870000
2011-12-08,32.090000,31.620000,94.970000,115.370000
2011-12-09,29.530000,24.440000,90.920000,116.830000
2011-12-12,30.170000,25.990000,93.210000,120.260000
2011-12-13,30.170000,25.630000,94.550000,119.440000
2011-12-14,30.420000,25.620000,99.630000,120.660000
2011-12-15,29.460000,24.070000,97.710000,122.350000
2011-12-16,29.030000,22.760000,94.280000,119.220000
2011-12-19,28.740000,23.160000,90.270000,116.580000
2011-12-20,26.870000,21.550000,88.640000,120.660000
2011-12-21,25.560000,20.620000,85.540000,115.160000
2011-12-22,25.280000,19.720000,86.180000,115.560000
2011-12-23,25.220000,17.810000,86.540000,117.140000
2011-12-27,25.540000,20.600000,88.130000,116.530000
2011-12-28,26.750000,22.420000,94.080000,116.320000
2011-12-29,26.250000,19.420000,91.800000,116.570000
2011-12-30,26.860000,19.360000,91.700000,116.210000
2012-01-03,26.050000,20.630000,91.390000,117.100000
2012-01-04,25.310000,19.320000,88.890000,117.630000
2012-01-05,24.700000,18.250000,87.690000,117.760000
2012-01-06,24.090000,17.010000,86.950000,118.290000
2012-01-09,24.120000,17.610000,87.800000,119.070000
2012-01-10,23.680000,17.480000,88.820000,118.990000
2012-01-11,24.110000,17.120000,93.170000,120.200000
2012-01-12,24.040000,16.650000,90.510000,120.780000
2012-01-13,24.670000,17.690000,93.550000,121.920000
2012-01-17,25.000000,22.070000,93.660000,125.630000
2012-01-18,24.180000,20.670000,90.090000,130.780000
2012-01-19,23.650000,17.410000,88.730000,129.600000
2012-01-20,22.820000,16.120000,89.240000,129.240000
2012-01-23,22.320000,18.120000,89.590000,125.830000
2012-01-24,22.030000,18.080000,89.010000,127.380000
2012-01-25,21.360000,17.360000,86.010000,125.220000
2012-01-26,21.680000,16.400000,88.920000,122.960000
2012-01-27,21.400000,16.630000,87.440000,121.500000
2012-01-30,21.920000,18.470000,89.860000,121.990000
2012-01-31,22.090000,18.440000,88.510000,121.960000
2012-02-01,21.540000,16.870000,85.780000,121.390000
2012-02-02,21.010000,15.780000,84.100000,122.260000
2012-02-03,20.050000,15.340000,84.040000,122.140000
2012-02-06,20.390000,16.640000,85.380000,123.630000
2012-02-07,20.140000,16.110000,83.790000,123.020000
2012-02-08,20.680000,16.330000,97.010000,124.760000
2012-02-09,21.340000,16.560000,100.760000,126.480000
2012-02-10,23.280000,19.660000,104.150000,129.590000
2012-02-13,22.120000,18.450000,102.450000,127.890000
2012-02-14,22.820000,19.230000,107.820000,129.960000
2012-02-15,24.120000,21.260000,114.650000,128.880000
2012-02-16,23.170000,17.120000,110.410000,130.290000
2012-02-17,22.390000,16.230000,108.560000,129.540000
2012-02-21,22.350000,17.440000,107.710000,128.460000
2012-02-22,22.090000,17.090000,100.810000,127.700000
2012-02-23,20.780000,14.830000,94.440000,127.810000
2012-02-24,21.180000,15.090000,99.430000,128.720000
2012-02-27,21.870000,16.940000,101.680000,126.980000
2012-02-28,21.600000,16.570000,99.130000,125.650000
2012-02-29,21.800000,16.850000,101.600000,124.590000
2012-03-01,21.030000,15.060000,97.430000,127.630000
2012-03-02,21.260000,14.440000,96.940000,125.200000
2012-03-05,21.990000,15.980000,98.180000,126.230000
2012-03-06,23.900000,20.100000,105.110000,126.490000
2012-03-07,22.720000,17.370000,100.460000,126.020000
2012-03-08,21.840000,16.980000,97.190000,125.080000
2012-03-09,21.220000,15.300000,97.980000,124.780000
2012-03-12,20.810000,15.540000,98.610000,139.250000
2012-03-13,19.600000,16.350000,98.470000,122.890000
2012-03-14,20.750000,16.720000,106.630000,118.820000
2012-03-15,20.540000,14.290000,108.420000,136.510000
2012-03-16,20.370000,13.470000,105.780000,138.430000
2012-03-19,19.940000,14.620000,106.490000,128.850000
2012-03-20,19.960000,15.310000,109.380000,128.020000
2012-03-21,19.250000,15.370000,104.650000,124.600000
2012-03-22,19.550000,15.900000,102.530000,121.170000
2012-03-23,18.640000,14.330000,98.600000,122.980000
2012-03-26,17.430000,14.300000,96.080000,118.020000
2012-03-27,18.570000,15.430000,101.150000,121.130000
2012-03-28,18.790000,14.930000,102.740000,121.610000
2012-03-29,18.840000,14.550000,101.940000,121.690000
2012-03-30,18.610000,14.200000,100.280000,124.970000
2012-04-02,18.460000,14.770000,100.380000,123.130000
2012-04-03,18.810000,14.360000,98.370000,123.840000
2012-04-04,19.450000,12.920000,99.730000,121.000000
2012-04-05,19.820000,14.700000,99.470000,120.610000
2012-04-09,21.210000,17.870000,104.590000,119.050000
2012-04-10,22.620000,19.840000,109.130000,119.270000
2012-04-11,22.470000,18.690000,111.190000,118.430000
2012-04-12,20.250000,15.990000,104.270000,119.870000
2012-04-13,21.990000,19.070000,110.760000,118.190000
2012-04-16,22.040000,20.130000,110.970000,116.670000
2012-04-17,20.850000,18.840000,107.010000,121.830000
2012-04-18,21.120000,18.850000,106.060000,119.500000
2012-04-19,21.230000,18.090000,103.960000,117.600000
2012-04-20,20.480000,16.850000,101.080000,118.050000
2012-04-23,21.390000,19.100000,104.010000,117.190000
2012-04-24,20.510000,17.870000,99.840000,118.360000
2012-04-25,19.460000,16.140000,93.280000,122.530000
2012-04-26,18.550000,14.700000,89.650000,121.030000
2012-04-27,18.740000,14.650000,88.620000,120.080000
2012-04-30,19.320000,16.550000,89.320000,119.830000
2012-05-01,19.130000,15.630000,87.060000,120.180000
2012-05-02,19.010000,16.230000,86.290000,119.940000
2012-05-03,19.500000,16.940000,88.350000,116.180000
2012-05-04,20.720000,18.420000,91.310000,115.830000
2012-05-07,20.450000,18.460000,90.910000,116.680000
2012-05-08,20.810000,19.090000,91.330000,117.230000
2012-05-09,21.530000,20.240000,102.070000,115.050000
2012-05-10,20.870000,18.640000,98.650000,115.110000
2012-05-11,21.550000,20.190000,100.120000,114.700000
2012-05-14,22.970000,22.560000,105.850000,119.180000
2012-05-15,23.920000,22.630000,109.610000,120.040000
2012-05-16,24.920000,22.410000,109.220000,118.470000
2012-05-17,26.410000,25.440000,112.840000,119.540000
2012-05-18,27.660000,26.600000,117.440000,119.280000
2012-05-21,24.710000,21.930000,108.500000,119.560000
2012-05-22,25.230000,22.030000,110.480000,119.310000
2012-05-23,25.110000,21.750000,107.480000,119.520000
2012-05-24,24.780000,19.220000,104.520000,120.640000
2012-05-25,24.930000,19.210000,103.100000,120.380000
2012-05-29,23.890000,19.480000,100.980000,122.390000
2012-05-30,26.190000,23.390000,109.730000,118.540000
2012-05-31,26.220000,22.410000,108.750000,119.320000
2012-06-01,28.470000,26.200000,111.410000,116.350000
2012-06-04,28.120000,24.670000,107.040000,116.660000
2012-06-05,26.870000,23.170000,102.780000,117.070000
2012-06-06,24.710000,19.310000,97.710000,119.660000
2012-06-07,24.470000,19.620000,98.360000,120.010000
2012-06-08,23.640000,19.850000,96.600000,122.090000
2012-06-11,25.500000,26.390000,105.510000,119.280000
2012-06-12,24.940000,24.220000,103.220000,121.820000
2012-06-13,26.500000,26.190000,110.600000,120.370000
2012-06-14,25.000000,25.220000,107.780000,115.050000
2012-06-15,23.670000,24.320000,108.230000,126.080000
2012-06-18,22.130000,19.170000,99.300000,121.200000
2012-06-19,21.920000,19.530000,98.130000,123.090000
2012-06-20,20.840000,17.440000,96.410000,122.060000
2012-06-21,23.160000,20.920000,105.470000,118.400000
2012-06-22,21.510000,17.940000,104.130000,116.370000
2012-06-25,23.030000,20.400000,104.460000,116.290000
2012-06-26,22.470000,18.740000,100.660000,114.690000
2012-06-27,22.360000,17.120000,98.110000,115.850000
2012-06-28,22.250000,18.140000,97.210000,116.900000
2012-06-29,20.320000,15.010000,89.590000,119.090000
2012-07-02,19.790000,15.110000,85.610000,118.890000
2012-07-03,19.320000,14.680000,84.590000,118.330000
2012-07-05,20.110000,15.780000,89.430000,117.910000
2012-07-06,20.040000,15.010000,90.100000,118.450000
2012-07-09,20.370000,17.130000,92.850000,119.620000
2012-07-10,20.870000,18.100000,94.910000,119.340000
2012-07-11,20.250000,17.260000,96.250000,117.300000
2012-07-12,20.690000,18.010000,95.220000,116.130000
2012-07-13,19.390000,14.700000,91.100000,119.130000
2012-07-16,19.610000,16.530000,94.210000,115.090000
2012-07-17,18.920000,15.630000,93.490000,117.220000
2012-07-18,18.940000,15.000000,94.030000,116.590000
2012-07-19,18.610000,14.320000,93.730000,114.190000
2012-07-20,19.640000,15.610000,100.610000,116.520000
2012-07-23,21.180000,19.020000,107.320000,120.260000
2012-07-24,22.260000,21.160000,111.650000,119.130000
2012-07-25,21.880000,19.310000,106.530000,118.580000
2012-07-26,20.240000,17.800000,98.590000,116.920000
2012-07-27,19.660000,16.300000,93.080000,114.400000
2012-07-30,20.130000,18.860000,94.740000,114.860000
2012-07-31,20.780000,19.860000,96.110000,113.990000
2012-08-01,20.670000,20.790000,94.230000,114.590000
2012-08-02,20.230000,16.640000,89.630000,114.350000
2012-08-03,18.680000,14.200000,84.500000,120.250000
2012-08-06,18.740000,14.850000,84.470000,114.790000
2012-08-07,18.810000,14.680000,86.870000,113.550000
2012-08-08,18.580000,13.520000,85.180000,115.360000
2012-08-09,18.230000,13.000000,83.910000,119.840000
2012-08-10,18.140000,12.450000,84.830000,117.890000
2012-08-13,18.070000,13.150000,89.580000,121.650000
2012-08-14,18.510000,13.020000,94.330000,122.050000
2012-08-15,18.860000,12.370000,97.950000,119.890000
2012-08-16,18.550000,12.350000,95.650000,121.940000
2012-08-17,18.350000,11.500000,95.020000,123.790000
2012-08-20,18.590000,12.240000,96.640000,125.840000
2012-08-21,18.800000,13.210000,97.410000,129.990000
2012-08-22,19.420000,13.150000,99.140000,125.320000
2012-08-23,20.090000,13.670000,98.400000,122.410000
2012-08-24,19.240000,13.100000,94.990000,123.740000
2012-08-27,19.920000,14.890000,94.890000,121.530000
2012-08-28,19.820000,15.210000,94.430000,120.280000
2012-08-29,20.460000,15.290000,94.710000,120.550000
2012-08-30,20.920000,16.870000,96.330000,119.000000
2012-08-31,20.620000,15.730000,93.300000,120.780000
2012-09-04,20.680000,17.430000,93.710000,119.590000
2012-09-05,19.990000,17.900000,90.150000,120.490000
2012-09-06,18.620000,14.980000,83.650000,119.310000
2012-09-07,17.590000,13.250000,82.240000,120.700000
2012-09-10,18.300000,16.940000,92.770000,122.370000
2012-09-11,18.290000,16.940000,92.390000,122.820000
2012-09-12,17.600000,15.950000,93.940000,123.380000
2012-09-13,16.450000,14.460000,87.810000,115.690000
2012-09-14,16.900000,14.120000,93.040000,117.260000
2012-09-17,17.130000,14.100000,92.950000,122.690000
2012-09-18,16.630000,13.440000,90.130000,127.380000
2012-09-19,16.490000,13.070000,88.610000,122.440000
2012-09-20,16.750000,12.890000,88.720000,128.030000
2012-09-21,16.790000,13.220000,87.900000,130.600000
2012-09-24,16.590000,13.230000,85.880000,129.120000
2012-09-25,17.600000,14.800000,92.790000,125.450000
2012-09-26,18.500000,16.440000,95.050000,124.060000
2012-09-27,17.070000,14.050000,88.240000,127.560000
2012-09-28,17.610000,15.240000,90.490000,125.870000
2012-10-01,17.920000,15.630000,92.510000,128.170000
2012-10-02,17.740000,14.560000,90.250000,127.100000
2012-10-03,17.580000,14.110000,87.560000,125.400000
2012-10-04,17.060000,13.430000,83.510000,120.390000
2012-10-05,16.930000,12.230000,83.100000,123.850000
2012-10-08,17.360000,14.170000,85.850000,122.060000
2012-10-09,18.010000,15.980000,88.530000,121.210000
2012-10-10,18.130000,15.930000,94.360000,120.460000
2012-10-11,17.570000,14.470000,90.740000,120.830000
2012-10-12,17.740000,15.490000,91.870000,120.970000
2012-10-15,17.110000,14.320000,92.920000,122.450000
2012-10-16,16.970000,13.570000,90.310000,122.520000
2012-10-17,16.610000,13.220000,85.600000,124.950000
2012-10-18,16.580000,13.650000,86.510000,124.580000
2012-10-19,18.120000,17.640000,92.630000,125.390000
2012-10-22,17.870000,16.780000,92.480000,122.990000
2012-10-23,19.450000,20.610000,99.660000,120.160000
2012-10-24,19.270000,18.940000,96.390000,119.330000
2012-10-25,19.110000,18.270000,91.860000,120.890000
2012-10-26,19.020000,16.800000,89.430000,119.310000
2012-10-31,19.310000,19.150000,90.230000,115.040000
2012-11-01,17.730000,17.350000,81.700000,117.850000
2012-11-02,18.550000,18.510000,87.840000,115.780000
2012-11-05,18.970000,20.450000,90.750000,115.520000
2012-11-06,18.240000,19.300000,87.560000,116.340000
2012-11-07,19.810000,19.870000,94.750000,116.100000
2012-11-08,19.830000,18.180000,93.390000,116.690000
2012-11-09,20.070000,18.500000,94.020000,115.400000
2012-11-12,19.150000,16.270000,90.540000,114.230000
2012-11-13,18.970000,16.250000,87.840000,114.810000
2012-11-14,19.870000,18.670000,94.660000,113.230000
2012-11-15,19.790000,18.930000,94.540000,113.650000
2012-11-16,18.930000,17.060000,90.270000,115.850000
2012-11-19,17.590000,15.570000,88.430000,113.460000
2012-11-20,17.280000,15.240000,85.930000,117.250000
2012-11-21,17.580000,15.330000,85.850000,116.620000
2012-11-23,17.580000,15.250000,82.860000,117.820000
2012-11-26,17.310000,16.010000,82.450000,116.960000
2012-11-27,17.620000,16.120000,84.170000,116.650000
2012-11-28,17.200000,15.720000,80.390000,116.120000
2012-11-29,16.820000,15.200000,78.420000,117.350000
2012-11-30,17.270000,15.810000,78.590000,117.070000
2012-12-03,17.820000,17.100000,84.070000,115.980000
2012-12-04,18.190000,17.190000,86.180000,115.310000
2012-12-05,17.830000,15.980000,82.980000,114.550000
2012-12-06,17.840000,15.950000,84.150000,115.740000
2012-12-07,17.290000,15.250000,80.740000,115.230000
2012-12-10,17.350000,15.160000,81.560000,114.770000
2012-12-11,17.000000,15.210000,78.700000,115.920000
2012-12-12,17.430000,15.260000,83.020000,116.490000
2012-12-13,17.880000,15.770000,86.740000,116.240000
2012-12-14,18.030000,16.490000,86.390000,118.920000
2012-12-17,17.500000,16.570000,82.100000,118.060000
2012-12-18,16.810000,16.220000,79.360000,117.860000
2012-12-19,17.860000,18.470000,83.330000,120.760000
2012-12-20,18.140000,19.040000,83.060000,124.470000
2012-12-21,18.870000,18.200000,87.700000,127.080000
2012-12-24,18.870000,20.120000,89.270000,124.470000
2012-12-26,19.930000,21.480000,92.170000,122.180000
2012-12-27,19.920000,21.680000,90.890000,119.600000
2012-12-28,21.880000,26.930000,104.720000,118.380000
2012-12-31,18.730000,20.270000,92.500000,121.270000
2013-01-02,16.690000,12.940000,78.770000,121.770000
2013-01-03,16.740000,13.300000,77.020000,117.930000
2013-01-04,16.340000,11.620000,75.180000,115.530000
2013-01-07,16.450000,11.990000,76.770000,116.780000
2013-01-08,16.450000,11.760000,78.370000,118.150000
2013-01-09,16.500000,11.600000,78.510000,117.890000
2013-01-10,16.120000,11.170000,77.490000,118.530000
2013-01-11,16.010000,11.220000,78.520000,119.140000
2013-01-14,16.290000,12.150000,78.280000,117.190000
2013-01-15,16.330000,12.050000,77.840000,120.900000
2013-01-16,16.240000,11.830000,77.260000,120.130000
2013-01-17,16.080000,12.390000,78.770000,120.530000
2013-01-18,15.290000,10.900000,73.430000,124.790000
2013-01-22,14.720000,11.210000,73.870000,126.730000
2013-01-23,14.500000,11.040000,71.860000,126.580000
2013-01-24,14.670000,11.120000,76.170000,125.470000
2013-01-25,14.660000,11.630000,76.920000,124.710000
2013-01-28,15.070000,13.010000,78.160000,122.950000
2013-01-29,14.740000,13.160000,73.610000,123.950000
2013-01-30,15.420000,14.240000,77.340000,121.920000
2013-01-31,15.550000,14.030000,76.720000,121.640000
2013-02-01,14.790000,10.850000,73.290000,122.550000
2013-02-04,15.790000,14.250000,77.790000,122.600000
2013-02-05,15.300000,12.780000,75.070000,123.220000
2013-02-06,15.140000,12.040000,77.240000,122.450000
2013-02-07,15.190000,12.030000,76.860000,125.350000
2013-02-08,14.800000,11.380000,74.420000,125.670000
2013-02-11,14.680000,11.860000,76.100000,125.530000
2013-02-12,14.530000,11.050000,73.830000,126.120000
2013-02-13,14.630000,11.090000,73.250000,126.680000
2013-02-14,14.430000,10.810000,72.990000,127.190000
2013-02-15,14.260000,10.790000,72.550000,130.460000
2013-02-19,13.990000,11.430000,70.450000,130.150000
2013-02-20,15.410000,15.360000,79.650000,124.470000
2013-02-21,15.710000,16.010000,80.830000,122.580000
2013-02-22,14.980000,14.580000,78.660000,125.370000
2013-02-25,17.940000,21.870000,94.340000,121.500000
2013-02-26,17.250000,18.110000,90.230000,122.920000
2013-02-27,15.660000,14.910000,82.290000,124.960000
2013-02-28,16.180000,15.990000,86.570000,126.860000
2013-03-01,16.290000,14.550000,87.830000,128.190000
2013-03-04,15.420000,12.930000,82.270000,128.650000
2013-03-05,14.950000,12.540000,79.320000,126.620000
2013-03-06,15.030000,12.220000,78.780000,124.730000
2013-03-07,14.740000,11.690000,77.160000,125.280000
2013-03-08,14.520000,10.770000,76.650000,124.460000
2013-03-11,14.300000,11.250000,77.320000,125.210000
2013-03-12,14.580000,12.480000,79.990000,128.660000
2013-03-13,14.510000,11.420000,84.360000,127.130000
2013-03-14,14.100000,11.080000,83.500000,128.960000
2013-03-15,14.260000,10.500000,85.720000,129.120000
2013-03-18,15.390000,13.460000,93.070000,126.170000
2013-03-19,15.710000,14.840000,94.390000,127.080000
2013-03-20,14.930000,13.650000,89.450000,123.730000
2013-03-21,15.530000,16.010000,93.980000,121.690000
2013-03-22,15.260000,15.230000,91.780000,122.180000
2013-03-25,15.300000,14.220000,88.860000,122.030000
2013-03-26,14.750000,11.750000,85.140000,122.470000
2013-03-27,14.930000,12.290000,85.320000,121.990000
2013-03-28,14.640000,11.030000,83.200000,122.930000
2013-04-01,15.280000,12.970000,84.230000,121.210000
2013-04-02,14.710000,11.620000,80.490000,122.840000
2013-04-03,15.490000,14.300000,85.230000,120.920000
2013-04-04,15.300000,13.620000,83.120000,120.790000
2013-04-05,15.380000,13.590000,84.490000,118.340000
2013-04-08,14.710000,13.150000,82.120000,119.210000
2013-04-09,14.460000,12.420000,82.040000,118.630000
2013-04-10,14.120000,11.470000,82.750000,118.340000
2013-04-11,14.170000,11.050000,83.370000,117.240000
2013-04-12,14.020000,11.370000,82.390000,117.840000
2013-04-15,17.030000,20.670000,104.620000,119.920000
2013-04-16,15.100000,14.410000,88.190000,124.100000
2013-04-17,16.930000,18.770000,105.260000,120.700000
2013-04-18,17.520000,19.300000,107.650000,121.280000
2013-04-19,16.170000,15.250000,95.520000,122.610000
2013-04-22,15.660000,14.850000,90.910000,120.520000
2013-04-23,14.830000,13.090000,85.160000,121.560000
2013-04-24,14.970000,13.320000,84.990000,119.840000
2013-04-25,14.960000,13.000000,85.890000,119.830000
2013-04-26,14.890000,12.850000,85.090000,118.860000
2013-04-29,14.920000,13.500000,84.420000,118.850000
2013-04-30,14.780000,13.370000,83.460000,119.050000
2013-05-01,15.610000,15.030000,88.110000,118.050000
2013-05-02,14.870000,13.030000,83.820000,117.950000
2013-05-03,14.450000,11.680000,80.910000,118.180000
2013-05-06,14.310000,11.640000,79.780000,116.930000
2013-05-07,14.350000,11.730000,78.860000,119.760000
2013-05-08,14.400000,11.270000,79.810000,117.350000
2013-05-09,14.810000,11.970000,81.140000,119.080000
2013-05-10,14.710000,11.150000,80.450000,117.970000
2013-05-13,15.050000,13.080000,,119.160000
2013-05-14,14.980000,13.330000,80.450000,116.160000
2013-05-15,15.050000,13.630000,83.150000,119.410000
2013-05-16,15.450000,13.270000,84.500000,121.220000
2013-05-17,15.170000,12.600000,84.000000,127.850000
2013-05-20,15.310000,13.140000,85.010000,117.670000
2013-05-21,15.780000,13.560000,88.040000,117.080000
2013-05-22,15.820000,14.050000,88.230000,117.160000
2013-05-23,16.000000,14.070000,87.400000,116.920000
2013-05-24,15.920000,13.190000,83.880000,118.170000
2013-05-28,15.870000,15.600000,82.650000,112.470000
2013-05-29,16.150000,15.760000,81.720000,116.200000
2013-05-30,16.010000,14.690000,80.220000,117.750000
2013-05-31,17.130000,16.700000,84.870000,119.510000
2013-06-03,17.220000,17.240000,86.990000,119.160000
2013-06-04,17.260000,16.890000,87.390000,116.870000
2013-06-05,18.000000,18.540000,93.180000,116.570000
2013-06-06,17.550000,17.250000,91.910000,117.640000
2013-06-07,16.720000,14.210000,84.190000,116.200000
2013-06-10,16.730000,15.160000,82.940000,116.200000
2013-06-11,17.910000,17.470000,92.320000,116.980000
2013-06-12,19.070000,19.100000,101.770000,115.560000
2013-06-13,17.830000,15.620000,95.080000,117.280000
2013-06-14,18.300000,16.900000,93.870000,116.290000
2013-06-17,17.990000,17.240000,90.450000,116.740000
2013-06-18,17.750000,17.620000,89.990000,118.700000
2013-06-19,17.780000,17.620000,88.590000,117.840000
2013-06-20,20.340000,23.400000,100.980000,117.520000
2013-06-21,19.490000,20.560000,96.100000,117.360000
2013-06-24,20.730000,22.320000,100.930000,116.080000
2013-06-25,19.670000,18.980000,94.830000,115.230000
2013-06-26,18.820000,17.020000,90.760000,115.810000
2013-06-27,18.560000,16.100000,86.050000,116.010000
2013-06-28,18.390000,15.980000,86.540000,116.530000
2013-07-01,17.920000,16.070000,84.890000,114.850000
2013-07-02,18.020000,15.560000,83.700000,115.220000
2013-07-03,17.810000,15.940000,82.720000,113.130000
2013-07-05,16.880000,13.080000,77.410000,117.120000
2013-07-08,16.410000,14.220000,75.490000,117.130000
2013-07-09,15.910000,13.450000,75.920000,115.190000
2013-07-10,15.770000,13.510000,79.540000,117.080000
2013-07-11,15.500000,13.040000,77.160000,115.530000
2013-07-12,15.650000,12.330000,76.140000,113.270000
2013-07-15,15.620000,13.050000,76.220000,114.420000
2013-07-16,16.010000,13.620000,80.840000,115.260000
2013-07-17,15.560000,12.570000,77.060000,115.270000
2013-07-18,15.560000,12.480000,74.680000,115.580000
2013-07-19,15.040000,11.610000,73.640000,113.070000
2013-07-22,14.690000,11.790000,72.490000,112.900000
2013-07-23,14.880000,12.580000,75.050000,113.140000
2013-07-24,15.190000,13.130000,76.800000,118.720000
2013-07-25,15.000000,12.820000,76.740000,117.850000
2013-07-26,14.800000,11.970000,76.540000,118.230000
2013-07-29,15.110000,13.230000,76.650000,118.930000
2013-07-30,14.980000,13.530000,74.350000,119.390000
2013-07-31,14.920000,13.330000,73.080000,117.850000
2013-08-01,14.550000,12.250000,71.100000,115.060000
2013-08-02,14.030000,10.200000,70.360000,116.890000
2013-08-05,13.860000,10.610000,69.740000,116.530000
2013-08-06,14.560000,11.800000,75.530000,119.090000
2013-08-07,14.810000,11.950000,76.570000,118.310000
2013-08-08,14.670000,11.520000,75.410000,118.470000
2013-08-09,15.100000,13.230000,77.330000,122.300000
2013-08-12,15.170000,13.680000,78.770000,115.440000
2013-08-13,14.860000,12.670000,78.940000,115.810000
2013-08-14,15.240000,13.280000,80.220000,119.330000
2013-08-15,16.240000,16.430000,86.210000,115.820000
2013-08-16,15.940000,15.710000,84.090000,117.210000
2013-08-19,16.400000,15.490000,86.910000,118.150000
2013-08-20,16.310000,14.270000,89.080000,118.070000
2013-08-21,16.790000,15.210000,90.380000,117.170000
2013-08-22,15.990000,12.990000,84.520000,119.210000
2013-08-23,15.550000,11.820000,80.020000,120.130000
2013-08-26,16.210000,13.930000,83.060000,118.690000
2013-08-27,17.680000,16.040000,92.360000,118.070000
2013-08-28,17.620000,15.470000,91.460000,117.510000
2013-08-29,17.900000,15.410000,91.490000,117.210000
2013-08-30,18.050000,15.870000,92.600000,117.480000
2013-09-03,17.640000,15.970000,90.660000,116.720000
2013-09-04,17.300000,14.280000,88.280000,116.970000
2013-09-05,17.140000,14.380000,85.800000,117.370000
2013-09-06,17.170000,14.570000,86.510000,118.670000
2013-09-09,16.830000,15.010000,83.460000,119.000000
2013-09-10,16.110000,13.350000,79.250000,119.940000
2013-09-11,15.610000,12.310000,78.400000,120.680000
2013-09-12,15.850000,13.030000,80.970000,119.670000
2013-09-13,15.700000,12.600000,79.730000,120.120000
2013-09-16,15.580000,14.040000,80.090000,118.840000
2013-09-17,15.660000,14.490000,79.490000,121.590000
2013-09-18,15.180000,13.400000,74.650000,114.220000
2013-09-19,15.020000,12.030000,73.220000,115.690000
2013-09-20,15.320000,12.420000,76.890000,115.870000
2013-09-23,15.920000,13.970000,77.560000,119.080000
2013-09-24,15.640000,13.750000,74.780000,119.310000
2013-09-25,15.560000,13.790000,73.080000,117.450000
2013-09-26,15.410000,14.120000,69.960000,122.030000
2013-09-27,16.040000,16.220000,74.930000,124.480000
2013-09-30,16.800000,17.730000,81.670000,123.460000
2013-10-01,16.130000,14.670000,76.430000,123.740000
2013-10-02,16.810000,15.810000,85.730000,123.520000
2013-10-03,17.700000,17.580000,93.790000,122.310000
2013-10-04,17.210000,16.620000,88.710000,123.980000
2013-10-07,19.070000,20.180000,103.080000,123.230000
2013-10-08,19.840000,21.870000,106.550000,120.720000
2013-10-09,19.290000,20.390000,111.430000,122.620000
2013-10-10,17.210000,17.340000,95.310000,120.250000
2013-10-11,16.570000,16.800000,90.850000,130.970000
2013-10-14,16.920000,19.100000,91.800000,129.140000
2013-10-15,18.410000,23.540000,103.370000,131.010000
2013-10-16,16.260000,16.180000,85.700000,125.240000
2013-10-17,15.440000,12.930000,72.700000,126.680000
2013-10-18,14.920000,12.910000,73.420000,131.350000
2013-10-21,15.140000,12.790000,75.020000,130.670000
2013-10-22,15.020000,12.730000,74.130000,129.170000
2013-10-23,15.110000,12.370000,72.430000,134.470000
2013-10-24,14.900000,11.950000,70.840000,135.420000
2013-10-25,14.870000,11.590000,70.030000,135.060000
2013-10-28,14.870000,12.030000,70.160000,133.270000
2013-10-29,15.030000,12.570000,68.520000,127.580000
2013-10-30,15.130000,12.980000,69.560000,127.950000
2013-10-31,15.250000,12.620000,69.440000,132.330000
2013-11-01,15.060000,12.100000,68.940000,129.840000
2013-11-04,14.680000,11.810000,67.090000,125.570000
2013-11-05,14.920000,12.140000,67.410000,122.980000
2013-11-06,14.660000,11.610000,67.410000,118.690000
2013-11-07,15.360000,13.190000,71.740000,123.830000
2013-11-08,14.630000,11.970000,69.390000,126.370000
2013-11-11,14.730000,12.630000,69.390000,125.550000
2013-11-12,14.880000,13.020000,69.390000,129.660000
2013-11-13,14.830000,12.750000,71.370000,131.010000
2013-11-14,14.880000,11.690000,71.910000,133.030000
2013-11-15,14.800000,11.160000,73.580000,133.460000
2013-11-18,14.930000,11.800000,75.060000,137.060000
2013-11-19,15.250000,11.870000,74.450000,133.620000
2013-11-20,14.990000,12.030000,69.050000,133.250000
2013-11-21,14.520000,10.710000,64.950000,124.630000
2013-11-22,14.150000,10.340000,63.770000,133.760000
2013-11-25,14.430000,11.520000,64.880000,134.230000
2013-11-26,14.550000,11.550000,65.140000,133.640000
2013-11-27,14.600000,11.660000,64.810000,133.820000
2013-11-29,15.030000,13.590000,64.810000,130.820000
2013-12-02,15.190000,14.300000,69.590000,131.640000
2013-12-03,15.490000,14.680000,73.210000,132.380000
2013-12-04,15.570000,14.710000,72.730000,131.630000
2013-12-05,15.780000,15.420000,75.800000,128.010000
2013-12-06,14.950000,12.700000,70.450000,132.320000
2013-12-09,14.930000,13.520000,70.450000,126.090000
2013-12-10,15.220000,14.650000,70.450000,126.680000
2013-12-11,15.990000,17.360000,80.550000,126.740000
2013-12-12,16.120000,16.610000,83.380000,125.090000
2013-12-13,16.270000,17.230000,85.390000,126.220000
2013-12-16,16.390000,17.120000,83.200000,128.210000
2013-12-17,16.500000,17.060000,82.230000,128.750000
2013-12-18,14.990000,12.950000,67.170000,135.580000
2013-12-19,15.280000,12.780000,67.030000,137.860000
2013-12-20,15.010000,12.730000,68.000000,143.200000
2013-12-23,14.520000,12.230000,63.490000,138.110000
2013-12-24,14.240000,11.110000,63.490000,137.880000
2013-12-26,14.030000,10.920000,62.710000,136.650000
2013-12-27,13.980000,11.480000,66.670000,136.720000
2013-12-30,14.770000,12.990000,69.710000,134.360000
2013-12-31,14.770000,13.750000,70.830000,133.630000
2014-01-02,15.260000,13.830000,73.140000,133.730000
2014-01-03,15.090000,12.170000,70.030000,134.460000
2014-01-06,14.820000,12.510000,68.330000,131.990000
2014-01-07,14.410000,11.570000,68.330000,129.100000
2014-01-08,14.290000,11.620000,68.330000,129.460000
2014-01-09,14.290000,11.750000,68.330000,130.870000
2014-01-10,13.940000,9.970000,67.740000,126.150000
2014-01-13,14.980000,13.090000,75.710000,130.590000
2014-01-14,14.490000,11.310000,69.310000,133.430000
2014-01-15,14.460000,10.640000,69.560000,132.690000
2014-01-16,14.690000,11.090000,73.980000,136.350000
2014-01-17,14.630000,11.460000,75.720000,139.620000
2014-01-21,14.620000,12.460000,77.780000,138.770000
2014-01-22,14.470000,12.300000,74.460000,138.920000
2014-01-23,14.980000,14.210000,78.250000,135.710000
2014-01-24,17.400000,20.840000,97.710000,131.610000
2014-01-27,17.130000,19.040000,93.500000,128.730000
2014-01-28,16.200000,17.290000,83.960000,128.300000
2014-01-29,17.240000,19.400000,92.470000,126.710000
2014-01-30,17.370000,17.950000,92.350000,127.910000
2014-01-31,18.090000,19.320000,99.660000,128.370000
2014-02-03,20.140000,23.950000,106.780000,126.170000
2014-02-04,19.080000,20.370000,100.400000,127.260000
2014-02-05,19.670000,21.300000,102.870000,127.790000
2014-02-06,17.790000,18.670000,92.580000,124.680000
2014-02-07,16.340000,14.510000,83.170000,129.010000
2014-02-10,16.320000,14.220000,79.890000,126.260000
2014-02-11,15.750000,13.040000,78.640000,126.700000
2014-02-12,15.650000,12.670000,79.560000,127.840000
2014-02-13,15.500000,12.060000,78.410000,128.570000
2014-02-14,15.170000,10.840000,77.490000,129.250000
2014-02-18,15.220000,12.180000,75.820000,124.250000
2014-02-19,16.290000,13.900000,86.230000,129.120000
2014-02-20,15.720000,13.250000,79.830000,134.370000
2014-02-21,15.640000,13.040000,78.960000,138.790000
2014-02-24,15.500000,13.550000,77.840000,134.470000
2014-02-25,15.500000,12.860000,76.460000,121.920000
2014-02-26,15.910000,13.270000,79.420000,132.220000
2014-02-27,15.630000,12.420000,78.940000,137.240000
2014-02-28,15.800000,13.030000,81.450000,137.170000
2014-03-03,16.920000,16.210000,92.840000,129.120000
2014-03-04,15.690000,13.220000,82.140000,131.650000
2014-03-05,15.770000,12.490000,80.520000,129.490000
2014-03-06,15.830000,13.080000,79.550000,133.460000
2014-03-07,15.870000,12.740000,83.070000,130.490000
2014-03-10,15.970000,13.140000,82.350000,131.350000
2014-03-11,16.350000,14.130000,85.120000,130.080000
2014-03-12,16.080000,13.850000,83.450000,132.330000
2014-03-13,17.130000,17.210000,92.140000,127.660000
2014-03-14,17.930000,20.640000,97.110000,126.260000
2014-03-17,16.690000,15.870000,87.790000,131.870000
2014-03-18,16.150000,14.230000,81.890000,129.370000
2014-03-19,16.380000,15.000000,81.350000,132.740000
2014-03-20,15.860000,14.220000,77.030000,134.020000
2014-03-21,16.180000,14.700000,78.640000,132.820000
2014-03-24,16.100000,15.300000,77.290000,132.700000
2014-03-25,15.530000,13.870000,74.770000,121.810000
2014-03-26,16.080000,15.560000,76.270000,119.050000
2014-03-27,15.870000,15.170000,74.710000,117.960000
2014-03-28,15.460000,14.410000,74.860000,124.980000
2014-03-31,15.080000,13.750000,72.200000,123.250000
2014-04-01,14.400000,12.290000,67.510000,128.080000
2014-04-02,14.450000,12.130000,67.330000,127.300000
2014-04-03,14.500000,12.530000,67.730000,128.130000
2014-04-04,14.960000,13.180000,69.530000,126.610000
2014-04-07,15.900000,16.080000,74.510000,123.920000
2014-04-08,15.530000,14.510000,71.430000,124.340000
2014-04-09,14.830000,12.690000,69.190000,130.790000
2014-04-10,16.070000,16.500000,78.560000,125.110000
2014-04-11,16.790000,17.640000,83.940000,122.590000
2014-04-14,16.340000,16.000000,82.200000,123.760000
2014-04-15,15.990000,15.030000,80.670000,129.240000
2014-04-16,15.230000,13.520000,72.080000,125.430000
2014-04-17,14.840000,11.680000,70.080000,127.930000
2014-04-21,14.750000,12.990000,68.620000,119.110000
2014-04-22,14.610000,12.510000,66.740000,126.510000
2014-04-23,14.830000,12.670000,66.220000,126.110000
2014-04-24,14.770000,13.270000,68.750000,124.790000
2014-04-25,15.180000,13.940000,70.490000,121.950000
2014-04-28,14.930000,14.080000,67.630000,123.690000
2014-04-29,14.830000,13.630000,65.470000,123.440000
2014-04-30,14.700000,12.730000,64.490000,124.530000
2014-05-01,14.670000,12.580000,64.500000,124.900000
2014-05-02,14.680000,11.230000,64.540000,124.130000
2014-05-05,14.750000,12.250000,64.400000,123.560000
2014-05-06,15.120000,13.190000,64.930000,121.180000
2014-05-07,14.620000,12.820000,62.640000,123.270000
2014-05-08,14.580000,12.510000,62.160000,123.930000
2014-05-09,14.380000,11.170000,61.760000,125.600000
2014-05-12,13.880000,11.200000,61.760000,125.280000
2014-05-13,14.040000,10.750000,61.760000,124.300000
2014-05-14,14.180000,11.160000,69.030000,122.750000
2014-05-15,14.860000,13.350000,71.600000,123.600000
2014-05-16,14.330000,11.000000,68.720000,127.230000
2014-05-19,14.110000,11.010000,67.580000,128.180000
2014-05-20,14.410000,12.210000,68.770000,127.470000
2014-05-21,13.870000,10.470000,66.560000,123.890000
2014-05-22,13.830000,10.270000,68.060000,123.680000
2014-05-23,13.620000,9.490000,66.860000,125.130000
2014-05-27,13.640000,10.650000,64.950000,123.640000
2014-05-28,13.770000,10.580000,67.370000,124.180000
2014-05-29,13.710000,10.310000,66.930000,125.810000
2014-05-30,13.750000,9.730000,67.950000,124.230000
2014-06-02,13.880000,10.470000,68.760000,123.330000
2014-06-03,13.820000,11.010000,68.190000,121.790000
2014-06-04,13.770000,11.590000,67.670000,121.480000
2014-06-05,13.580000,10.880000,65.470000,122.210000
2014-06-06,12.830000,9.250000,67.080000,122.880000
2014-06-09,13.020000,9.770000,70.880000,124.670000
2014-06-10,13.010000,9.520000,70.500000,125.380000
2014-06-11,13.290000,10.450000,74.210000,126.710000
2014-06-12,14.110000,11.990000,79.970000,127.820000
2014-06-13,13.790000,11.480000,79.810000,127.780000
2014-06-16,13.970000,12.540000,81.500000,127.670000
2014-06-17,13.660000,12.680000,78.410000,130.180000
2014-06-18,12.620000,10.550000,71.760000,129.530000
2014-06-19,12.700000,10.070000,73.410000,138.610000
2014-06-20,12.870000,10.330000,73.330000,143.260000
2014-06-23,12.920000,10.270000,72.580000,139.410000
2014-06-24,13.380000,12.010000,75.240000,134.650000
2014-06-25,13.110000,11.110000,72.310000,131.820000
2014-06-26,13.070000,11.260000,72.860000,132.810000
2014-06-27,12.820000,10.650000,72.720000,135.360000
2014-06-30,13.010000,11.170000,71.560000,139.350000
2014-07-01,12.740000,10.050000,69.280000,139.360000
2014-07-02,12.490000,9.420000,68.150000,140.370000
2014-07-03,12.240000,8.540000,68.350000,142.280000
2014-07-07,12.870000,10.470000,71.660000,137.760000
2014-07-08,13.210000,11.640000,73.210000,134.200000
2014-07-09,12.990000,10.480000,76.280000,135.800000
2014-07-10,13.650000,12.080000,82.140000,134.430000
2014-07-11,13.280000,11.150000,79.910000,138.740000
2014-07-14,12.930000,10.620000,77.290000,139.940000
2014-07-15,13.160000,11.080000,78.920000,136.920000
2014-07-16,12.630000,10.260000,75.810000,134.860000
2014-07-17,14.970000,16.230000,89.960000,131.650000
2014-07-18,13.360000,12.050000,80.370000,141.190000
2014-07-21,13.800000,12.950000,81.410000,138.750000
2014-07-22,13.500000,11.540000,75.220000,136.370000
2014-07-23,13.380000,10.830000,76.640000,132.550000
2014-07-24,13.450000,10.880000,77.660000,133.800000
2014-07-25,14.000000,11.840000,81.080000,135.260000
2014-07-28,13.920000,12.020000,81.210000,135.020000
2014-07-29,14.220000,13.470000,81.720000,132.350000
2014-07-30,14.260000,13.290000,83.580000,130.540000
2014-07-31,16.380000,19.590000,97.420000,128.710000
2014-08-01,16.780000,19.010000,101.110000,128.930000
2014-08-04,15.810000,14.870000,93.120000,126.860000
2014-08-05,17.140000,17.180000,98.320000,124.620000
2014-08-06,16.930000,16.250000,96.380000,124.410000
2014-08-07,17.220000,16.760000,97.400000,124.680000
2014-08-08,16.690000,15.390000,91.840000,120.360000
2014-08-11,15.760000,14.840000,87.540000,124.240000
2014-08-12,15.700000,14.490000,85.980000,123.690000
2014-08-13,14.850000,12.630000,81.270000,126.930000
2014-08-14,14.430000,12.290000,78.480000,132.460000
2014-08-15,14.420000,14.340000,82.200000,135.430000
2014-08-18,13.910000,12.070000,81.020000,138.460000
2014-08-19,13.790000,11.000000,80.840000,138.690000
2014-08-20,13.760000,10.800000,79.900000,135.460000
2014-08-21,13.530000,10.940000,79.610000,135.750000
2014-08-22,13.510000,10.080000,79.580000,135.100000
2014-08-25,13.570000,10.420000,79.330000,135.420000
2014-08-26,13.710000,10.140000,79.390000,133.540000
2014-08-27,13.920000,9.890000,78.850000,135.410000
2014-08-28,14.130000,10.340000,80.530000,137.950000
2014-08-29,14.270000,10.000000,81.110000,127.010000
2014-09-02,14.460000,10.320000,82.410000,131.720000
2014-09-03,14.390000,10.830000,80.770000,131.550000
2014-09-04,14.540000,11.800000,79.990000,130.150000
2014-09-05,14.080000,10.270000,77.330000,137.490000
2014-09-08,14.390000,12.050000,77.840000,132.910000
2014-09-09,14.840000,13.330000,79.300000,136.880000
2014-09-10,14.630000,12.740000,82.120000,130.530000
2014-09-11,14.680000,12.070000,83.100000,132.720000
2014-09-12,15.040000,13.280000,89.250000,127.370000
2014-09-15,15.580000,15.270000,91.580000,127.090000
2014-09-16,14.850000,13.210000,84.520000,126.810000
2014-09-17,14.620000,11.810000,81.520000,138.130000
2014-09-18,14.230000,11.050000,77.470000,142.100000
2014-09-19,14.380000,10.410000,77.700000,146.080000
2014-09-22,15.260000,13.460000,87.410000,139.850000
2014-09-23,16.070000,15.600000,91.900000,132.460000
2014-09-24,15.220000,12.890000,86.210000,126.900000
2014-09-25,16.590000,15.940000,96.720000,132.240000
2014-09-26,16.020000,15.040000,90.630000,130.490000
2014-09-29,16.820000,16.110000,95.020000,131.670000
2014-09-30,17.080000,16.760000,92.470000,127.730000
2014-10-01,17.620000,16.720000,98.120000,123.170000
2014-10-02,17.240000,15.930000,93.750000,125.350000
2014-10-03,16.040000,13.860000,87.770000,122.530000
2014-10-06,16.550000,15.310000,88.730000,126.960000
2014-10-07,17.680000,16.900000,99.200000,120.850000
2014-10-08,16.280000,14.590000,89.080000,128.080000
2014-10-09,18.090000,21.620000,102.130000,123.580000
2014-10-10,19.930000,21.950000,113.380000,130.820000
2014-10-13,22.120000,27.220000,131.570000,130.360000
2014-10-14,21.370000,24.610000,120.610000,127.780000
2014-10-15,23.820000,31.120000,129.010000,111.310000
2014-10-16,22.850000,30.480000,121.940000,127.970000
2014-10-17,21.250000,23.810000,118.840000,131.710000
2014-10-20,19.670000,19.450000,108.830000,120.620000
2014-10-21,17.870000,16.380000,104.090000,129.180000
2014-10-22,19.060000,18.360000,108.820000,127.040000
2014-10-23,18.220000,16.120000,102.050000,128.770000
2014-10-24,17.920000,14.760000,104.380000,125.570000
2014-10-27,17.860000,16.090000,100.750000,123.770000
2014-10-28,16.460000,14.390000,95.890000,127.560000
2014-10-29,16.890000,14.900000,99.340000,124.180000
2014-10-30,16.740000,14.000000,98.520000,121.020000
2014-10-31,16.510000,13.800000,94.100000,124.750000
2014-11-03,16.810000,14.770000,93.190000,124.640000
2014-11-04,16.930000,14.810000,92.440000,124.190000
2014-11-05,16.570000,13.350000,87.080000,125.660000
2014-11-06,16.260000,12.650000,83.420000,124.930000
2014-11-07,15.830000,11.130000,80.440000,127.080000
2014-11-10,15.040000,11.320000,79.700000,130.510000
2014-11-11,15.360000,11.540000,79.790000,127.110000
2014-11-12,15.740000,11.390000,83.100000,125.710000
2014-11-13,15.890000,11.970000,86.290000,128.960000
2014-11-14,15.960000,11.350000,85.580000,128.680000
2014-11-17,15.930000,11.420000,84.790000,123.690000
2014-11-18,15.700000,11.490000,82.600000,132.030000
2014-11-19,15.970000,11.420000,81.060000,124.660000
2014-11-20,16.010000,10.910000,79.140000,136.350000
2014-11-21,15.790000,10.450000,79.340000,138.460000
2014-11-24,15.550000,11.150000,79.250000,140.180000
2014-11-25,15.410000,10.810000,77.930000,140.110000
2014-11-26,15.320000,11.120000,77.040000,139.860000
2014-11-28,15.930000,12.980000,79.840000,131.890000
2014-12-01,16.740000,14.630000,86.840000,127.950000
2014-12-02,15.960000,12.570000,83.470000,121.640000
2014-12-03,15.550000,12.160000,86.450000,134.440000
2014-12-04,15.640000,11.880000,85.170000,128.730000
2014-12-05,15.550000,10.700000,85.410000,131.410000
2014-12-08,16.780000,15.470000,94.450000,137.620000
2014-12-09,16.890000,15.270000,97.130000,136.690000
2014-12-10,19.140000,21.710000,117.320000,130.880000
2014-12-11,20.720000,22.080000,132.400000,130.730000
2014-12-12,21.000000,23.820000,138.600000,131.470000
2014-12-15,21.060000,21.160000,128.220000,135.120000
2014-12-16,23.090000,24.250000,132.940000,131.210000
2014-12-17,20.430000,18.040000,114.370000,125.480000
2014-12-18,18.480000,14.460000,107.240000,126.240000
2014-12-19,18.470000,13.770000,99.170000,138.630000
2014-12-22,17.590000,12.700000,99.690000,136.610000
2014-12-23,17.940000,11.100000,94.730000,136.930000
2014-12-24,17.260000,10.350000,95.290000,135.650000
2014-12-26,17.160000,12.090000,92.280000,135.030000
2014-12-29,17.270000,12.790000,94.860000,127.600000
2014-12-30,18.020000,13.860000,97.840000,136.390000
2014-12-31,19.740000,18.950000,113.080000,133.840000
2015-01-02,19.460000,16.470000,112.550000,128.660000
2015-01-05,20.790000,19.450000,121.870000,127.790000
2015-01-06,21.420000,20.530000,118.450000,125.270000
2015-01-07,20.080000,17.590000,107.690000,123.560000
2015-01-08,18.660000,15.040000,98.440000,124.770000
2015-01-09,19.320000,15.200000,103.770000,121.690000
2015-01-12,20.480000,18.200000,109.040000,121.090000
2015-01-13,21.270000,19.630000,109.220000,122.200000
2015-01-14,20.930000,21.230000,113.500000,132.660000
2015-01-15,22.110000,23.730000,117.070000,120.770000
2015-01-16,21.150000,21.480000,111.320000,131.390000
2015-01-20,20.870000,21.940000,108.400000,123.630000
2015-01-21,20.040000,20.360000,98.620000,134.300000
2015-01-22,18.600000,15.580000,93.250000,139.130000
2015-01-23,19.000000,16.080000,96.330000,132.090000
2015-01-26,18.030000,14.890000,91.940000,135.020000
2015-01-27,19.110000,17.560000,96.110000,128.430000
2015-01-28,21.440000,21.780000,108.680000,123.760000
2015-01-29,20.000000,18.780000,100.700000,130.450000
2015-01-30,21.820000,21.170000,108.990000,125.360000
2015-02-02,20.910000,19.390000,106.740000,129.980000
2015-02-03,19.490000,16.540000,101.030000,129.780000
2015-02-04,20.430000,17.480000,103.740000,126.200000
2015-02-05,19.270000,15.310000,98.560000,127.540000
2015-02-06,19.880000,14.930000,101.690000,125.620000
2015-02-09,20.670000,16.880000,104.190000,129.850000
2015-02-10,19.730000,15.200000,97.330000,126.510000
2015-02-11,19.710000,14.280000,98.730000,128.390000
2015-02-12,18.340000,12.360000,93.240000,129.950000
2015-02-13,18.130000,11.760000,92.740000,126.040000
2015-02-17,18.380000,13.550000,92.950000,127.420000
2015-02-18,18.660000,12.400000,89.380000,135.000000
2015-02-19,18.010000,12.340000,87.600000,131.300000
2015-02-20,17.290000,11.740000,85.780000,125.240000
2015-02-23,17.540000,12.160000,86.130000,134.660000
2015-02-24,16.710000,10.940000,82.650000,136.260000
2015-02-25,16.870000,11.640000,86.570000,136.330000
2015-02-26,16.850000,11.380000,86.930000,126.200000
2015-02-27,16.890000,10.600000,85.230000,126.400000
2015-03-02,16.460000,10.850000,81.840000,126.010000
2015-03-03,16.780000,11.810000,85.050000,123.090000
2015-03-04,16.910000,12.280000,84.100000,127.890000
2015-03-05,16.640000,12.160000,81.260000,127.260000
2015-03-06,17.510000,14.310000,86.880000,124.650000
2015-03-09,17.310000,14.200000,85.550000,124.160000
2015-03-10,18.260000,16.720000,91.890000,123.530000
2015-03-11,18.530000,16.780000,97.280000,123.720000
2015-03-12,17.390000,15.040000,89.480000,121.530000
2015-03-13,17.890000,15.250000,93.120000,120.600000
2015-03-16,17.400000,16.150000,90.540000,122.830000
2015-03-17,17.480000,16.720000,88.250000,125.440000
2015-03-18,16.430000,13.850000,81.220000,128.510000
2015-03-19,16.970000,12.890000,81.610000,127.950000
2015-03-20,16.710000,10.730000,80.490000,131.090000
2015-03-23,16.530000,12.030000,79.980000,127.120000
2015-03-24,16.590000,12.240000,80.040000,126.820000
2015-03-25,17.570000,15.280000,83.520000,122.960000
2015-03-26,17.570000,15.920000,87.030000,122.860000
2015-03-27,17.390000,14.690000,86.500000,121.800000
2015-03-30,16.920000,14.310000,82.160000,122.690000
2015-03-31,17.540000,15.500000,84.010000,120.350000
2015-04-01,17.340000,14.290000,82.820000,120.760000
2015-04-02,17.220000,13.910000,80.210000,119.920000
2015-04-06,16.820000,14.160000,80.300000,120.050000
2015-04-07,16.800000,13.900000,79.700000,121.340000
2015-04-08,16.400000,12.800000,84.760000,124.240000
2015-04-09,16.020000,11.410000,80.710000,125.870000
2015-04-10,15.460000,9.910000,78.910000,127.220000
2015-04-13,16.320000,12.490000,83.800000,117.460000
2015-04-14,15.850000,11.720000,81.910000,123.640000
2015-04-15,15.690000,10.590000,79.830000,119.710000
2015-04-16,15.330000,10.740000,79.780000,120.370000
2015-04-17,16.140000,12.910000,85.970000,122.240000
2015-04-20,15.580000,12.620000,81.480000,124.160000
2015-04-21,15.520000,12.580000,81.290000,122.770000
2015-04-22,15.460000,11.830000,79.700000,124.070000
2015-04-23,15.170000,11.840000,78.170000,123.260000
2015-04-24,15.260000,10.860000,76.430000,119.950000
2015-04-27,15.930000,12.720000,81.220000,122.840000
2015-04-28,15.310000,11.870000,77.680000,124.020000
2015-04-29,15.970000,13.260000,82.270000,125.360000
2015-04-30,16.480000,15.060000,87.080000,115.960000
2015-05-01,15.380000,11.770000,79.640000,122.370000
2015-05-04,15.430000,12.010000,78.560000,121.680000
2015-05-05,16.320000,14.640000,84.450000,122.220000
2015-05-06,16.720000,16.050000,90.800000,119.740000
2015-05-07,16.740000,15.590000,89.210000,120.730000
2015-05-08,15.560000,11.320000,79.440000,122.930000
2015-05-11,16.100000,13.410000,83.110000,115.960000
2015-05-12,16.400000,13.820000,84.640000,123.920000
2015-05-13,16.290000,13.490000,84.450000,126.040000
2015-05-14,15.910000,11.590000,82.340000,127.630000
2015-05-15,15.570000,10.770000,80.930000,127.560000
2015-05-18,15.230000,11.010000,82.060000,126.910000
2015-05-19,15.280000,11.150000,77.530000,126.280000
2015-05-20,15.150000,10.480000,77.030000,125.010000
2015-05-21,14.610000,9.950000,73.180000,121.110000
2015-05-22,14.480000,9.600000,75.980000,124.860000
2015-05-26,15.480000,13.320000,81.940000,123.060000
2015-05-27,14.990000,11.930000,77.790000,123.600000
2015-05-28,15.010000,12.230000,77.350000,125.370000
2015-05-29,15.380000,13.670000,79.070000,122.500000
2015-06-01,15.410000,13.850000,78.890000,122.430000
2015-06-02,15.710000,13.990000,80.610000,121.170000
2015-06-03,15.360000,12.700000,79.270000,124.590000
2015-06-04,16.280000,15.020000,87.990000,121.980000
2015-06-05,15.960000,13.700000,84.100000,119.620000
2015-06-08,16.600000,15.890000,86.500000,118.330000
2015-06-09,16.250000,15.050000,84.340000,119.400000
2015-06-10,15.330000,13.320000,81.600000,120.830000
2015-06-11,15.100000,12.380000,79.530000,125.320000
2015-06-12,15.610000,14.160000,85.550000,119.260000
2015-06-15,16.620000,16.680000,96.120000,119.250000
2015-06-16,16.200000,16.290000,95.960000,120.230000
2015-06-17,16.220000,15.220000,93.190000,119.090000
2015-06-18,15.440000,13.110000,89.200000,120.170000
2015-06-19,15.910000,14.320000,92.160000,119.500000
2015-06-22,14.990000,13.150000,83.870000,120.520000
2015-06-23,14.540000,12.170000,78.850000,122.780000
2015-06-24,15.180000,14.810000,82.530000,119.520000
2015-06-25,15.520000,15.130000,83.510000,122.680000
2015-06-26,15.460000,15.490000,83.090000,123.070000
2015-06-29,18.720000,22.560000,117.000000,124.540000
2015-06-30,18.470000,20.930000,110.170000,123.880000
2015-07-01,16.790000,17.230000,97.600000,120.140000
2015-07-02,17.680000,17.970000,105.140000,121.520000
2015-07-06,18.040000,16.650000,105.970000,118.680000
2015-07-07,17.020000,15.910000,99.350000,117.370000
2015-07-08,19.250000,20.960000,111.670000,118.250000
2015-07-09,19.780000,22.060000,115.360000,120.340000
2015-07-10,17.730000,17.240000,101.190000,118.520000
2015-07-13,15.940000,13.320000,85.950000,121.570000
2015-07-14,15.460000,12.180000,87.350000,123.110000
2015-07-15,15.600000,12.400000,90.810000,123.060000
2015-07-16,14.730000,10.350000,87.120000,124.670000
2015-07-17,14.610000,9.720000,85.320000,127.910000
2015-07-20,14.850000,11.100000,84.380000,125.060000
2015-07-21,14.750000,11.320000,82.560000,124.900000
2015-07-22,14.810000,11.200000,78.890000,130.420000
2015-07-23,14.930000,11.950000,81.440000,123.180000
2015-07-24,15.650000,13.050000,88.360000,126.320000
2015-07-27,16.780000,16.610000,97.320000,126.670000
2015-07-28,15.430000,13.620000,84.770000,123.520000
2015-07-29,14.920000,12.180000,82.940000,121.030000
2015-07-30,14.710000,11.060000,80.650000,122.060000
2015-07-31,14.900000,10.670000,81.770000,124.200000
2015-08-03,14.840000,12.120000,79.430000,119.320000
2015-08-04,15.130000,12.420000,80.820000,119.790000
2015-08-05,14.880000,11.510000,80.100000,119.100000
2015-08-06,15.550000,13.660000,84.360000,126.090000
2015-08-07,15.420000,13.040000,82.570000,117.820000
2015-08-10,14.990000,11.440000,80.210000,121.540000
2015-08-11,15.940000,14.130000,85.220000,124.370000
2015-08-12,15.870000,14.270000,88.130000,119.970000
2015-08-13,15.750000,13.630000,88.360000,119.960000
2015-08-14,15.510000,11.770000,89.380000,119.370000
2015-08-17,15.210000,11.290000,87.350000,120.270000
2015-08-18,15.610000,12.140000,88.840000,124.340000
2015-08-19,16.500000,14.340000,91.840000,122.140000
2015-08-20,18.830000,20.880000,108.750000,118.760000
2015-08-21,23.470000,38.960000,138.570000,130.040000
2015-08-24,31.140000,54.610000,168.750000,129.460000
2015-08-25,29.580000,44.920000,152.420000,126.780000
2015-08-26,25.650000,37.880000,134.310000,124.350000
2015-08-27,24.860000,28.890000,128.590000,126.310000
2015-08-28,25.340000,27.110000,127.180000,130.380000
2015-08-31,26.530000,28.260000,127.280000,129.360000
2015-09-01,29.530000,31.210000,128.940000,125.350000
2015-09-02,26.190000,24.260000,114.430000,125.350000
2015-09-03,26.200000,23.990000,118.160000,132.430000
2015-09-04,28.070000,26.880000,123.150000,142.190000
2015-09-08,25.690000,24.420000,117.620000,132.370000
2015-09-09,26.310000,27.900000,131.300000,137.030000
2015-09-10,25.650000,26.110000,127.060000,131.420000
2015-09-11,24.680000,23.430000,119.090000,118.180000
2015-09-14,23.700000,25.520000,118.010000,142.930000
2015-09-15,23.120000,24.620000,109.340000,136.000000
2015-09-16,22.330000,23.750000,107.020000,142.160000
2015-09-17,21.140000,22.250000,118.090000,137.490000
2015-09-18,23.200000,21.780000,116.260000,119.470000
2015-09-21,21.590000,19.610000,103.400000,135.450000
2015-09-22,23.280000,23.450000,111.360000,135.940000
2015-09-23,22.880000,22.460000,105.860000,136.710000
2015-09-24,23.460000,24.220000,110.120000,134.030000
2015-09-25,24.400000,22.890000,110.540000,135.160000
2015-09-28,26.380000,30.260000,115.310000,134.180000
2015-09-29,26.000000,28.560000,110.990000,136.710000
2015-09-30,24.750000,25.700000,103.280000,113.900000
2015-10-01,23.830000,21.930000,98.270000,124.810000
2015-10-02,22.600000,19.350000,95.070000,115.750000
2015-10-05,21.330000,19.020000,92.290000,132.830000
2015-10-06,21.590000,18.190000,92.460000,129.320000
2015-10-07,20.710000,16.390000,89.430000,132.390000
2015-10-08,20.090000,15.470000,88.420000,136.690000
2015-10-09,19.850000,14.270000,89.080000,134.660000
2015-10-12,19.260000,14.730000,88.270000,137.250000
2015-10-13,20.500000,16.530000,98.350000,133.810000
2015-10-14,20.810000,16.900000,102.290000,135.820000
2015-10-15,19.430000,13.850000,96.610000,144.720000
2015-10-16,18.670000,12.890000,97.580000,135.040000
2015-10-19,17.860000,13.870000,94.380000,139.920000
2015-10-20,18.600000,15.010000,97.110000,140.700000
2015-10-21,19.460000,16.670000,106.020000,133.070000
2015-10-22,17.160000,13.100000,97.070000,121.020000
2015-10-23,17.480000,13.150000,97.210000,135.620000
2015-10-26,17.990000,15.200000,98.100000,132.290000
2015-10-27,18.140000,16.310000,95.210000,132.170000
2015-10-28,17.490000,14.570000,88.280000,134.430000
2015-10-29,17.810000,14.540000,88.600000,134.640000
2015-10-30,18.400000,14.310000,90.270000,125.770000
2015-11-02,17.420000,13.680000,86.750000,138.780000
2015-11-03,17.470000,13.810000,87.340000,137.400000
2015-11-04,18.310000,14.760000,89.460000,134.440000
2015-11-05,17.810000,14.220000,87.680000,135.210000
2015-11-06,17.450000,12.600000,85.030000,137.750000
2015-11-09,18.850000,16.390000,92.970000,134.340000
2015-11-10,18.020000,14.290000,86.960000,132.240000
2015-11-11,18.450000,15.600000,91.250000,132.440000
2015-11-12,20.170000,18.390000,98.190000,136.930000
2015-11-13,21.580000,20.430000,106.060000,139.500000
2015-11-16,19.980000,16.810000,96.710000,131.770000
2015-11-17,20.430000,17.020000,100.370000,136.970000
2015-11-18,19.220000,13.330000,93.470000,136.860000
2015-11-19,19.640000,13.620000,96.180000,139.170000
2015-11-20,18.940000,12.400000,90.790000,126.860000
2015-11-23,18.630000,14.070000,88.550000,139.510000
2015-11-24,18.710000,14.540000,89.640000,138.170000
2015-11-25,18.190000,14.350000,86.140000,139.450000
2015-11-27,17.350000,14.210000,88.350000,137.660000
2015-11-30,18.490000,16.600000,90.840000,127.250000
2015-12-01,17.580000,13.990000,87.320000,135.570000
2015-12-02,18.330000,15.970000,92.940000,132.660000
2015-12-03,20.110000,18.710000,101.800000,135.260000
2015-12-04,18.170000,13.650000,89.190000,136.310000
2015-12-07,18.650000,16.000000,94.300000,136.770000
2015-12-08,20.060000,18.810000,99.160000,131.250000
2015-12-09,21.050000,22.070000,113.830000,134.260000
2015-12-10,20.760000,20.420000,113.800000,134.940000
2015-12-11,24.380000,28.000000,131.090000,146.530000
2015-12-14,23.300000,25.780000,122.220000,140.920000
2015-12-15,21.860000,23.050000,114.370000,143.350000
2015-12-16,19.570000,18.810000,108.930000,135.500000
2015-12-17,20.370000,18.880000,113.520000,131.200000
2015-12-18,21.260000,19.380000,118.320000,140.840000
2015-12-21,21.110000,17.550000,109.440000,125.180000
2015-12-22,19.840000,15.060000,100.910000,133.630000
2015-12-23,19.330000,13.640000,99.610000,134.690000
2015-12-24,19.690000,13.470000,99.880000,128.780000
2015-12-28,19.680000,15.790000,99.240000,136.290000
2015-12-29,19.100000,14.740000,95.130000,139.260000
2015-12-30,19.590000,15.960000,100.820000,143.000000
2015-12-31,19.800000,17.520000,100.200000,124.430000
2016-01-04,22.010000,21.930000,107.690000,140.000000
2016-01-05,20.520000,19.370000,101.840000,135.070000
2016-01-06,21.270000,20.600000,103.060000,128.310000
2016-01-07,24.620000,26.190000,116.550000,135.940000
2016-01-08,26.230000,27.980000,116.460000,138.830000
2016-01-11,24.730000,24.210000,109.630000,142.520000
2016-01-12,22.530000,22.300000,104.520000,138.670000
2016-01-13,24.890000,25.570000,117.140000,145.880000
2016-01-14,23.530000,24.630000,110.070000,138.790000
2016-01-15,26.880000,29.600000,116.410000,145.030000
2016-01-19,26.440000,30.430000,113.760000,137.900000
2016-01-20,27.810000,32.850000,112.880000,134.820000
2016-01-21,26.710000,29.990000,108.380000,132.990000
2016-01-22,24.280000,22.590000,98.920000,133.640000
2016-01-25,25.250000,26.040000,102.880000,132.270000
2016-01-26,23.290000,24.250000,98.400000,129.530000
2016-01-27,24.470000,24.510000,100.040000,129.060000
2016-01-28,24.020000,23.400000,96.560000,129.230000
2016-01-29,22.660000,19.370000,89.950000,120.860000
2016-02-01,22.010000,19.680000,89.650000,126.380000
2016-02-02,23.410000,22.190000,97.600000,119.830000
2016-02-03,23.200000,22.350000,97.320000,122.040000
2016-02-04,23.660000,21.750000,95.220000,122.690000
2016-02-05,24.480000,22.960000,100.550000,119.010000
2016-02-08,25.980000,26.400000,104.530000,120.250000
2016-02-09,26.800000,26.840000,103.060000,120.740000
2016-02-10,26.720000,25.530000,106.190000,120.360000
2016-02-11,27.720000,27.360000,107.210000,122.380000
2016-02-12,26.230000,22.710000,103.250000,117.750000
2016-02-16,25.010000,21.810000,94.200000,125.770000
2016-02-17,23.550000,20.270000,88.960000,124.990000
2016-02-18,23.200000,19.530000,87.530000,125.330000
2016-02-19,22.800000,18.220000,86.250000,123.610000
2016-02-22,21.620000,18.390000,86.190000,117.460000
2016-02-23,22.440000,20.690000,89.670000,119.670000
2016-02-24,22.340000,20.720000,86.740000,119.460000
2016-02-25,21.240000,17.790000,83.510000,122.020000
2016-02-26,21.860000,18.560000,83.720000,118.650000
2016-02-29,22.390000,20.360000,85.060000,117.680000
2016-03-01,20.280000,17.040000,79.450000,119.810000
2016-03-02,19.920000,15.780000,78.840000,122.350000
2016-03-03,19.490000,15.910000,79.410000,125.270000
2016-03-04,19.630000,15.860000,81.970000,121.650000
2016-03-07,19.900000,17.660000,82.300000,124.010000
2016-03-08,21.040000,19.170000,87.460000,123.530000
2016-03-09,20.750000,18.790000,92.860000,123.470000
2016-03-10,20.710000,17.660000,94.770000,130.040000
2016-03-11,19.470000,15.200000,92.350000,128.990000
2016-03-14,19.420000,15.990000,89.740000,133.300000
2016-03-15,19.330000,16.460000,90.340000,132.450000
2016-03-16,18.480000,14.070000,84.370000,125.420000
2016-03-17,18.140000,13.050000,84.710000,126.650000
2016-03-18,17.930000,12.470000,86.200000,126.750000
2016-03-21,17.590000,12.770000,87.780000,129.350000
2016-03-22,17.750000,13.140000,85.040000,130.990000
2016-03-23,18.300000,13.360000,86.060000,129.670000
2016-03-24,18.270000,12.350000,84.200000,119.020000
2016-03-28,18.300000,14.070000,83.290000,127.740000
2016-03-29,17.240000,12.170000,81.390000,132.610000
2016-03-30,16.920000,11.870000,80.330000,128.670000
2016-03-31,17.080000,12.250000,82.940000,122.030000
2016-04-01,16.500000,10.920000,81.570000,124.030000
2016-04-04,17.230000,12.500000,84.430000,125.230000
2016-04-05,18.380000,13.960000,89.110000,120.270000
2016-04-06,17.280000,12.560000,85.590000,125.060000
2016-04-07,18.860000,15.200000,92.740000,125.130000
2016-04-08,18.320000,13.590000,89.730000,113.840000
2016-04-11,18.890000,15.590000,92.810000,119.130000
2016-04-12,17.970000,13.710000,89.780000,126.170000
2016-04-13,17.260000,12.450000,87.890000,127.130000
2016-04-14,17.240000,12.320000,87.920000,126.230000
2016-04-15,17.160000,12.200000,90.270000,123.100000
2016-04-18,16.510000,12.860000,86.570000,120.550000
2016-04-19,16.470000,12.860000,86.980000,126.190000
2016-04-20,16.600000,12.800000,87.970000,126.200000
2016-04-21,17.140000,13.180000,87.070000,127.060000
2016-04-22,16.640000,11.930000,84.100000,123.250000
2016-04-25,17.220000,13.620000,85.770000,126.780000
2016-04-26,16.920000,13.500000,84.510000,127.400000
2016-04-27,16.770000,12.810000,83.100000,126.090000
2016-04-28,17.780000,14.550000,87.360000,125.440000
2016-04-29,18.450000,14.790000,91.680000,126.490000
2016-05-02,17.780000,13.770000,89.490000,127.670000
2016-05-03,18.570000,15.170000,91.660000,125.940000
2016-05-04,18.910000,15.470000,91.860000,124.310000
2016-05-05,18.920000,15.370000,91.580000,123.740000
2016-05-06,18.270000,13.380000,88.860000,120.820000
2016-05-09,18.050000,13.860000,86.420000,123.170000
2016-05-10,17.180000,12.800000,85.920000,124.100000
2016-05-11,18.020000,13.750000,91.530000,122.190000
2016-05-12,17.750000,13.460000,91.250000,123.520000
2016-05-13,18.250000,14.150000,94.000000,121.460000
2016-05-16,17.700000,13.590000,90.610000,124.130000
2016-05-17,18.430000,15.110000,91.760000,122.960000
2016-05-18,18.540000,15.340000,89.990000,122.220000
2016-05-19,18.770000,15.280000,90.460000,123.660000
2016-05-20,18.050000,12.730000,85.460000,125.610000
2016-05-23,18.150000,13.600000,84.120000,124.740000
2016-05-24,17.080000,11.910000,79.480000,124.740000
2016-05-25,16.770000,11.410000,78.540000,127.130000
2016-05-26,16.560000,10.460000,77.480000,129.280000
2016-05-27,16.310000,9.770000,76.170000,129.610000
2016-05-31,16.630000,11.850000,79.430000,127.700000
2016-06-01,16.700000,11.610000,78.930000,132.460000
2016-06-02,16.370000,11.010000,79.540000,134.150000
2016-06-03,16.490000,10.110000,79.080000,125.040000
2016-06-06,16.440000,11.260000,80.710000,125.570000
2016-06-07,16.630000,11.560000,82.300000,128.540000
2016-06-08,16.790000,10.890000,86.610000,129.230000
2016-06-09,17.320000,12.230000,89.980000,129.310000
2016-06-10,18.940000,15.830000,103.780000,133.670000
2016-06-13,21.870000,22.940000,124.560000,137.490000
2016-06-14,21.940000,23.350000,116.440000,138.020000
2016-06-15,21.810000,22.600000,114.230000,140.910000
2016-06-16,21.160000,21.890000,115.470000,142.500000
2016-06-17,21.310000,22.000000,115.720000,137.940000
2016-06-20,19.810000,22.210000,112.400000,137.810000
2016-06-21,19.690000,22.470000,113.460000,135.920000
2016-06-22,21.080000,27.860000,122.940000,136.480000
2016-06-23,18.420000,21.130000,104.710000,145.700000
2016-06-24,23.930000,30.710000,125.130000,142.920000
2016-06-27,23.680000,25.060000,115.600000,136.430000
2016-06-28,20.260000,19.080000,108.000000,153.660000
2016-06-29,18.730000,15.860000,98.600000,136.460000
2016-06-30,18.090000,14.050000,94.230000,140.580000
2016-07-01,17.650000,11.850000,91.700000,128.530000
2016-07-05,18.240000,14.190000,91.850000,125.350000
2016-07-06,17.740000,13.180000,89.240000,123.140000
2016-07-07,17.760000,13.110000,89.500000,124.720000
2016-07-08,16.490000,11.430000,84.720000,127.200000
2016-07-11,16.490000,12.230000,84.780000,125.030000
2016-07-12,16.170000,12.250000,84.980000,126.100000
2016-07-13,15.970000,11.110000,84.180000,127.290000
2016-07-14,15.860000,10.930000,86.030000,128.280000
2016-07-15,15.990000,10.260000,89.040000,129.760000
2016-07-18,15.770000,10.990000,87.200000,125.380000
2016-07-19,15.740000,11.020000,89.030000,129.920000
2016-07-20,15.440000,10.430000,87.090000,128.490000
2016-07-21,16.100000,11.500000,92.840000,128.010000
2016-07-22,15.800000,10.220000,89.510000,128.360000
2016-07-25,16.270000,11.930000,91.950000,129.650000
2016-07-26,16.320000,11.980000,91.440000,130.020000
2016-07-27,16.100000,11.610000,91.230000,125.680000
2016-07-28,16.000000,11.790000,89.810000,128.510000
2016-07-29,15.420000,10.010000,90.840000,128.250000
2016-08-01,15.700000,11.100000,90.680000,128.010000
2016-08-02,16.390000,12.350000,93.890000,129.250000
2016-08-03,16.080000,11.290000,88.590000,129.990000
2016-08-04,15.710000,10.800000,88.140000,127.060000
2016-08-05,15.140000,9.180000,85.230000,130.600000
2016-08-08,15.160000,10.100000,84.500000,132.940000
2016-08-09,15.110000,10.490000,86.650000,135.560000
2016-08-10,15.410000,10.680000,89.400000,133.250000
2016-08-11,15.300000,9.740000,97.360000,131.280000
2016-08-12,15.260000,9.540000,94.490000,132.130000
2016-08-15,15.380000,9.720000,91.670000,134.450000
2016-08-16,16.020000,10.870000,91.860000,132.270000
2016-08-17,15.520000,10.760000,84.840000,136.710000
2016-08-18,15.160000,9.900000,82.830000,134.870000
2016-08-19,15.130000,9.400000,82.440000,136.580000
2016-08-22,15.500000,10.950000,83.130000,135.200000
2016-08-23,15.420000,11.370000,83.450000,131.790000
2016-08-24,16.000000,12.670000,85.370000,130.430000
2016-08-25,16.130000,12.770000,85.430000,131.060000
2016-08-26,16.240000,12.100000,88.620000,132.400000
2016-08-29,15.930000,11.140000,85.830000,131.300000
2016-08-30,16.030000,11.210000,84.440000,136.140000
2016-08-31,16.140000,11.640000,84.870000,129.250000
2016-09-01,16.310000,11.890000,84.900000,129.830000
2016-09-02,15.650000,9.100000,81.350000,128.400000
2016-09-06,15.560000,9.980000,82.140000,131.160000
2016-09-07,15.490000,9.800000,83.080000,130.940000
2016-09-08,15.810000,10.990000,85.570000,129.740000
2016-09-09,18.830000,18.780000,110.020000,125.250000
2016-09-12,17.270000,16.030000,99.530000,134.180000
2016-09-13,19.050000,19.550000,110.020000,131.560000
2016-09-14,19.350000,19.380000,113.150000,127.400000
2016-09-15,18.190000,17.000000,109.270000,130.570000
2016-09-16,17.880000,15.270000,102.590000,125.250000
2016-09-19,17.780000,16.310000,101.580000,125.810000
2016-09-20,17.990000,17.220000,101.980000,126.850000
2016-09-21,16.660000,12.830000,92.590000,122.130000
2016-09-22,15.940000,10.790000,89.220000,124.290000
2016-09-23,16.050000,11.390000,90.400000,125.130000
2016-09-26,17.280000,15.670000,96.240000,121.720000
2016-09-27,16.450000,12.800000,88.940000,123.740000
2016-09-28,16.010000,11.720000,87.550000,126.850000
2016-09-29,16.870000,14.710000,93.780000,122.670000
2016-09-30,16.370000,12.370000,91.420000,124.580000
2016-10-03,16.400000,13.000000,91.510000,122.860000
2016-10-04,16.470000,12.950000,89.940000,119.670000
2016-10-05,16.220000,12.030000,89.880000,121.540000
2016-10-06,16.070000,11.470000,89.860000,120.480000
2016-10-07,16.440000,11.470000,90.860000,119.950000
2016-10-10,15.950000,10.810000,90.660000,123.840000
2016-10-11,16.940000,13.340000,95.430000,119.790000
2016-10-12,17.020000,13.160000,102.020000,122.340000
2016-10-13,17.590000,14.070000,103.400000,123.320000
2016-10-14,17.420000,12.940000,101.010000,121.860000
2016-10-17,17.470000,13.810000,99.340000,124.080000
2016-10-18,16.920000,12.450000,96.870000,122.760000
2016-10-19,16.460000,11.970000,93.900000,122.560000
2016-10-20,16.230000,11.070000,89.720000,123.910000
2016-10-21,16.040000,10.680000,87.340000,123.000000
2016-10-24,15.610000,11.350000,85.810000,124.600000
2016-10-25,15.810000,11.900000,86.230000,122.830000
2016-10-26,16.250000,12.580000,86.900000,123.310000
2016-10-27,16.930000,14.590000,91.210000,122.350000
2016-10-28,17.370000,16.690000,99.440000,126.350000
2016-10-31,17.850000,20.190000,102.820000,126.120000
2016-11-01,18.740000,22.860000,108.260000,124.460000
2016-11-02,19.180000,24.160000,112.390000,126.150000
2016-11-03,20.700000,27.900000,120.240000,141.180000
2016-11-04,21.130000,28.820000,120.230000,133.030000
2016-11-07,18.150000,24.670000,107.840000,134.910000
2016-11-08,18.100000,25.310000,108.670000,135.600000
2016-11-09,16.280000,15.360000,96.140000,134.610000
2016-11-10,16.750000,14.120000,102.670000,127.000000
2016-11-11,16.490000,12.840000,97.220000,121.710000
2016-11-14,16.700000,12.510000,98.220000,122.710000
2016-11-15,15.750000,10.640000,91.770000,119.790000
2016-11-16,16.070000,9.520000,92.450000,123.770000
2016-11-17,15.640000,9.380000,87.580000,123.060000
2016-11-18,15.520000,8.630000,86.400000,126.380000
2016-11-21,15.320000,10.000000,80.750000,124.010000
2016-11-22,15.350000,10.200000,83.400000,127.980000
2016-11-23,15.430000,10.060000,82.450000,125.330000
2016-11-25,15.510000,10.430000,82.650000,126.270000
2016-11-28,16.020000,12.860000,86.170000,125.750000
2016-11-29,15.900000,12.640000,86.280000,128.310000
2016-11-30,16.100000,13.230000,88.990000,126.390000
2016-12-01,16.670000,13.960000,97.790000,128.370000
2016-12-02,16.780000,13.640000,98.070000,128.990000
2016-12-05,15.770000,11.410000,88.880000,128.350000
2016-12-06,15.480000,10.840000,88.120000,130.920000
2016-12-07,15.480000,11.790000,89.110000,123.610000
2016-12-08,15.720000,12.920000,91.270000,119.080000
2016-12-09,15.220000,11.100000,89.400000,119.510000
2016-12-12,15.730000,12.250000,91.870000,123.280000
2016-12-13,15.700000,12.250000,93.320000,119.340000
2016-12-14,15.870000,12.840000,96.820000,125.430000
2016-12-15,15.750000,11.850000,93.080000,129.440000
2016-12-16,15.570000,10.670000,93.790000,131.950000
2016-12-19,15.310000,9.950000,90.510000,130.470000
2016-12-20,15.140000,9.850000,88.260000,122.090000
2016-12-21,15.090000,9.330000,87.970000,124.900000
2016-12-22,15.290000,9.340000,89.720000,128.020000
2016-12-23,15.250000,8.980000,87.640000,120.510000
2016-12-27,15.360000,10.220000,86.370000,123.650000
2016-12-28,15.930000,11.220000,89.170000,122.370000
2016-12-29,16.160000,11.640000,88.870000,124.570000
2016-12-30,16.540000,12.680000,91.600000,127.260000
2017-01-03,15.560000,11.990000,85.370000,125.790000
2017-01-04,14.840000,10.680000,82.270000,124.400000
2017-01-05,14.700000,9.950000,81.330000,128.210000
2017-01-06,14.560000,9.190000,80.590000,123.670000
2017-01-09,14.630000,9.440000,83.470000,122.590000
2017-01-10,14.660000,8.880000,86.360000,121.840000
2017-01-11,14.470000,8.880000,86.720000,123.060000
2017-01-12,14.580000,9.320000,90.440000,126.220000
2017-01-13,14.540000,8.990000,92.900000,132.320000
2017-01-17,14.890000,10.850000,92.390000,131.550000
2017-01-18,14.940000,11.290000,87.060000,143.430000
2017-01-19,15.020000,11.500000,86.840000,141.030000
2017-01-20,14.490000,9.720000,83.630000,146.330000
2017-01-23,14.540000,10.920000,84.510000,137.780000
2017-01-24,13.870000,10.080000,79.050000,138.160000
2017-01-25,13.610000,10.060000,78.660000,128.800000
2017-01-26,13.630000,9.710000,79.650000,129.580000
2017-01-27,13.680000,9.360000,83.630000,129.950000
2017-01-30,14.410000,11.660000,92.040000,134.320000
2017-01-31,14.480000,11.770000,89.830000,138.080000
2017-02-01,14.290000,12.040000,87.750000,133.970000
2017-02-02,14.590000,11.160000,89.730000,136.650000
2017-02-03,14.050000,9.190000,88.970000,133.250000
2017-02-06,14.240000,10.170000,90.020000,131.410000
2017-02-07,14.350000,9.470000,89.610000,130.460000
2017-02-08,14.560000,9.600000,94.580000,134.010000
2017-02-09,14.170000,8.850000,89.590000,129.190000
2017-02-10,13.910000,9.020000,85.770000,130.470000
2017-02-13,13.680000,9.320000,80.840000,130.100000
2017-02-14,13.190000,8.940000,78.350000,133.660000
2017-02-15,13.410000,10.260000,81.120000,137.550000
2017-02-16,13.630000,10.020000,79.660000,141.410000
2017-02-17,13.720000,9.030000,81.250000,141.130000
2017-02-21,14.040000,10.220000,82.450000,136.930000
2017-02-22,14.390000,10.390000,81.530000,138.240000
2017-02-23,14.740000,10.150000,82.200000,137.910000
2017-02-24,14.760000,9.410000,83.310000,138.660000
2017-02-27,14.910000,10.830000,85.690000,134.390000
2017-02-28,15.280000,11.890000,88.080000,131.980000
2017-03-01,14.860000,10.570000,84.030000,132.160000
2017-03-02,14.770000,9.600000,83.610000,133.360000
2017-03-03,14.260000,8.560000,81.190000,136.100000
2017-03-06,14.340000,9.670000,81.440000,140.170000
2017-03-07,14.410000,10.230000,81.430000,138.850000
2017-03-08,14.540000,10.910000,82.500000,139.630000
2017-03-09,14.780000,11.780000,83.640000,139.480000
2017-03-10,14.380000,10.670000,80.270000,138.990000
2017-03-13,14.360000,10.780000,81.570000,145.750000
2017-03-14,14.630000,11.780000,85.880000,146.110000
2017-03-15,14.200000,10.760000,80.760000,147.200000
2017-03-16,13.780000,9.740000,75.960000,149.490000
2017-03-17,13.920000,9.870000,78.660000,154.340000
2017-03-20,13.900000,10.230000,77.160000,152.930000
2017-03-21,14.620000,14.230000,83.020000,141.020000
2017-03-22,14.680000,14.510000,83.800000,136.070000
2017-03-23,14.910000,15.140000,88.930000,132.540000
2017-03-24,14.550000,13.430000,89.740000,136.620000
2017-03-27,14.230000,12.120000,84.860000,135.370000
2017-03-28,13.680000,10.510000,79.270000,134.430000
2017-03-29,13.430000,10.080000,78.260000,132.370000
2017-03-30,13.370000,9.580000,77.870000,138.840000
2017-03-31,13.600000,9.660000,78.310000,138.310000
2017-04-03,13.670000,10.160000,82.960000,135.230000
2017-04-04,13.370000,9.510000,79.670000,132.280000
2017-04-05,14.120000,11.890000,86.590000,130.910000
2017-04-06,13.660000,10.270000,83.910000,131.270000
2017-04-07,14.060000,10.060000,89.390000,132.700000
2017-04-10,14.580000,10.360000,97.900000,132.860000
2017-04-11,15.160000,10.540000,103.740000,136.660000
2017-04-12,15.280000,10.910000,111.530000,131.930000
2017-04-13,15.750000,12.750000,115.540000,134.360000
2017-04-17,14.860000,13.440000,101.490000,139.630000
2017-04-18,14.760000,14.200000,99.520000,137.200000
2017-04-19,15.080000,16.200000,97.890000,140.200000
2017-04-20,14.530000,15.830000,94.530000,146.850000
2017-04-21,14.750000,17.090000,95.410000,148.420000
2017-04-24,12.900000,9.960000,78.170000,144.450000
2017-04-25,12.850000,9.800000,75.640000,139.040000
2017-04-26,12.980000,9.790000,76.640000,142.130000
2017-04-27,12.800000,9.240000,76.660000,142.550000
2017-04-28,12.930000,9.420000,77.090000,146.980000
2017-05-01,12.630000,9.490000,78.330000,128.460000
2017-05-02,12.830000,10.490000,79.330000,127.490000
2017-05-03,13.090000,10.780000,78.770000,129.390000
2017-05-04,12.830000,11.040000,78.000000,130.480000
2017-05-05,12.850000,11.440000,80.650000,131.360000
2017-05-08,12.590000,9.090000,81.380000,128.120000
2017-05-09,12.710000,9.310000,83.630000,128.280000
2017-05-10,12.910000,9.430000,87.490000,128.270000
2017-05-11,13.010000,10.350000,86.510000,128.210000
2017-05-12,12.970000,9.400000,82.500000,129.650000
2017-05-15,12.780000,9.160000,79.530000,129.440000
2017-05-16,12.650000,8.960000,76.760000,131.240000
2017-05-17,15.600000,20.170000,111.480000,133.510000
2017-05-18,14.970000,16.670000,104.120000,137.010000
2017-05-19,13.490000,10.980000,87.210000,131.390000
2017-05-22,12.960000,9.390000,83.470000,128.570000
2017-05-23,12.900000,9.320000,84.190000,124.540000
2017-05-24,12.590000,8.560000,81.910000,123.110000
2017-05-25,12.510000,8.120000,82.200000,123.650000
2017-05-26,12.440000,7.600000,81.810000,125.410000
2017-05-30,12.740000,9.040000,84.300000,125.370000
2017-05-31,12.630000,8.710000,84.520000,125.110000
2017-06-01,12.420000,8.500000,83.830000,124.550000
2017-06-02,12.460000,8.470000,83.620000,124.230000
2017-06-05,12.850000,9.690000,86.080000,125.050000
2017-06-06,13.080000,10.390000,89.150000,125.720000
2017-06-07,13.090000,10.130000,88.220000,125.980000
2017-06-08,12.760000,9.620000,83.280000,127.090000
2017-06-09,12.960000,10.370000,87.410000,131.260000
2017-06-12,13.300000,11.350000,91.210000,136.860000
2017-06-13,12.730000,9.350000,86.660000,136.410000
2017-06-14,12.770000,9.910000,89.970000,135.890000
2017-06-15,12.910000,10.140000,89.950000,134.120000
2017-06-16,12.710000,8.330000,87.000000,135.020000
2017-06-19,12.400000,8.520000,85.270000,138.770000
2017-06-20,12.690000,9.420000,89.190000,133.370000
2017-06-21,12.760000,9.560000,88.070000,129.890000
2017-06-22,12.620000,9.230000,86.380000,130.860000
2017-06-23,12.360000,8.380000,84.520000,132.760000
2017-06-26,12.270000,8.700000,81.940000,128.600000
2017-06-27,12.960000,10.500000,87.300000,125.460000
2017-06-28,12.400000,8.490000,84.240000,126.950000
2017-06-29,13.150000,11.370000,93.780000,129.150000
2017-06-30,13.140000,9.930000,90.430000,129.510000
2017-07-03,13.310000,10.210000,93.310000,126.630000
2017-07-05,13.310000,9.650000,91.980000,128.670000
2017-07-06,14.110000,11.530000,100.210000,127.250000
2017-07-07,13.520000,9.260000,92.500000,131.580000
2017-07-10,13.350000,9.900000,89.690000,133.400000
2017-07-11,13.160000,9.370000,88.230000,132.750000
2017-07-12,12.780000,8.060000,88.190000,134.950000
2017-07-13,12.550000,8.010000,85.680000,138.350000
2017-07-14,12.230000,7.550000,82.200000,137.710000
2017-07-17,12.280000,8.390000,80.270000,139.870000
2017-07-18,12.250000,8.440000,79.140000,137.530000
2017-07-19,12.000000,7.850000,77.960000,136.880000
2017-07-20,12.040000,7.690000,76.260000,130.880000
2017-07-21,12.060000,7.100000,77.860000,134.530000
2017-07-24,12.040000,7.640000,78.240000,132.670000
2017-07-25,12.050000,7.870000,79.170000,135.610000
2017-07-26,12.110000,8.070000,82.340000,135.610000
2017-07-27,12.420000,9.030000,86.870000,140.810000
2017-07-28,12.580000,8.550000,87.200000,139.910000
2017-07-31,12.470000,9.430000,86.760000,139.820000
2017-08-01,12.400000,8.930000,84.550000,138.720000
2017-08-02,12.560000,8.680000,86.890000,142.020000
2017-08-03,12.740000,9.310000,87.660000,138.320000
2017-08-04,12.750000,8.580000,87.390000,139.810000
2017-08-07,12.660000,8.430000,90.010000,138.910000
2017-08-08,13.200000,10.500000,98.680000,140.050000
2017-08-09,13.490000,10.720000,106.770000,141.200000
2017-08-10,16.210000,17.830000,135.320000,136.480000
2017-08-11,16.390000,15.530000,127.430000,135.430000
2017-08-14,13.920000,11.630000,100.600000,142.070000
2017-08-15,13.900000,10.410000,96.710000,143.230000
2017-08-16,13.580000,9.730000,94.820000,148.620000
2017-08-17,16.140000,15.770000,117.770000,142.730000
2017-08-18,15.650000,13.170000,114.390000,128.860000
2017-08-21,14.990000,12.480000,101.390000,131.610000
2017-08-22,13.630000,9.920000,92.700000,135.720000
2017-08-23,14.330000,11.140000,98.960000,129.980000
2017-08-24,14.390000,10.330000,100.260000,129.950000
2017-08-25,13.990000,8.970000,95.530000,130.160000
2017-08-28,13.990000,9.450000,96.420000,128.320000
2017-08-29,14.120000,9.810000,98.790000,131.480000
2017-08-30,14.140000,9.150000,98.900000,130.530000
2017-08-31,13.800000,8.660000,94.860000,134.000000
2017-09-01,13.590000,7.940000,93.600000,134.850000
2017-09-05,14.580000,11.340000,102.660000,133.480000
2017-09-06,14.400000,10.220000,99.610000,136.480000
2017-09-07,14.320000,9.750000,96.290000,135.390000
2017-09-08,14.690000,11.290000,100.120000,130.570000
2017-09-11,13.860000,9.010000,93.660000,136.960000
2017-09-12,13.560000,9.250000,92.390000,139.600000
2017-09-13,13.230000,9.380000,90.890000,142.740000
2017-09-14,13.160000,9.290000,92.090000,
2017-09-15,12.960000,8.300000,90.630000,144.540000
2017-09-18,12.690000,8.720000,90.460000,143.650000
2017-09-19,12.730000,9.090000,91.220000,142.640000
2017-09-20,12.660000,8.950000,90.910000,138.940000
2017-09-21,12.660000,8.440000,92.320000,137.870000
2017-09-22,12.850000,7.980000,93.290000,137.500000
2017-09-25,13.060000,9.210000,96.400000,135.070000
2017-09-26,13.020000,9.340000,94.810000,134.250000
2017-09-27,12.910000,9.030000,95.360000,129.490000
2017-09-28,12.760000,8.390000,94.100000,132.990000
2017-09-29,12.490000,7.950000,93.140000,137.750000
2017-10-02,12.360000,8.180000,92.480000,138.020000
2017-10-03,12.310000,8.040000,91.590000,137.150000
2017-10-04,12.380000,8.020000,92.120000,144.190000
2017-10-05,12.180000,7.810000,91.790000,140.330000
2017-10-06,12.440000,7.880000,97.090000,140.350000
2017-10-09,12.730000,9.340000,101.830000,139.830000
2017-10-10,12.470000,8.720000,97.330000,139.240000
2017-10-11,12.240000,8.320000,99.220000,138.740000
2017-10-12,12.260000,8.340000,97.770000,136.360000
2017-10-13,11.980000,8.030000,97.800000,138.280000
2017-10-16,11.940000,8.460000,97.650000,147.530000
2017-10-17,12.050000,8.690000,98.740000,150.120000
2017-10-18,11.920000,8.370000,94.340000,147.950000
2017-10-19,11.960000,8.880000,93.330000,146.160000
2017-10-20,11.850000,8.410000,90.530000,148.810000
2017-10-23,12.550000,10.770000,97.090000,142.460000
2017-10-24,12.670000,10.480000,98.430000,142.150000
2017-10-25,12.950000,11.090000,100.160000,138.000000
2017-10-26,12.930000,10.690000,97.730000,135.360000
2017-10-27,12.230000,8.610000,92.780000,135.700000
2017-10-30,12.570000,9.810000,95.190000,132.540000
2017-10-31,12.380000,9.320000,92.010000,131.810000
2017-11-01,12.570000,9.290000,92.000000,129.050000
2017-11-02,12.680000,8.540000,91.480000,128.970000
2017-11-03,12.420000,7.840000,89.680000,130.340000
2017-11-06,12.570000,8.090000,91.250000,130.520000
2017-11-07,12.760000,8.830000,93.450000,129.150000
2017-11-08,12.880000,8.280000,97.740000,131.500000
2017-11-09,13.140000,9.650000,98.820000,128.950000
2017-11-10,13.610000,10.310000,104.760000,130.560000
2017-11-13,13.750000,9.840000,106.300000,129.750000
2017-11-14,13.930000,9.730000,103.180000,130.150000
2017-11-15,14.660000,11.730000,106.270000,135.210000
2017-11-16,13.960000,8.740000,100.150000,136.300000
2017-11-17,13.800000,8.490000,97.120000,137.190000
2017-11-20,13.280000,8.600000,93.760000,135.830000
2017-11-21,12.550000,7.970000,89.270000,133.560000
2017-11-22,12.440000,7.870000,86.420000,132.520000
2017-11-24,12.420000,7.870000,86.320000,130.980000
2017-11-27,12.570000,9.000000,86.580000,130.180000
2017-11-28,12.270000,9.180000,85.730000,124.080000
2017-11-29,12.820000,10.160000,89.570000,126.280000
2017-11-30,13.040000,11.380000,89.940000,128.900000
2017-12-01,13.280000,11.980000,95.030000,128.830000
2017-12-04,13.550000,12.210000,97.570000,132.140000
2017-12-05,13.540000,11.110000,97.950000,132.070000
2017-12-06,13.450000,10.900000,98.170000,130.980000
2017-12-07,12.930000,9.510000,95.830000,130.840000
2017-12-08,12.460000,8.440000,91.890000,132.540000
2017-12-11,12.280000,8.790000,92.060000,133.980000
2017-12-12,12.480000,9.240000,93.270000,133.020000
2017-12-13,12.500000,9.350000,95.560000,134.710000
2017-12-14,12.800000,9.870000,96.070000,134.030000
2017-12-15,12.080000,8.250000,92.200000,135.730000
2017-12-18,12.070000,8.050000,90.640000,132.720000
2017-12-19,12.510000,9.030000,93.580000,130.690000
2017-12-20,12.370000,8.340000,92.860000,133.150000
2017-12-21,12.350000,7.630000,92.210000,132.630000
2017-12-22,12.490000,7.510000,94.900000,134.400000
2017-12-26,12.620000,8.480000,97.560000,135.600000
2017-12-27,12.650000,9.710000,97.080000,138.430000
2017-12-28,12.760000,9.270000,97.250000,137.820000
2017-12-29,13.090000,10.420000,100.760000,137.050000
2018-01-02,12.610000,8.540000,97.360000,135.370000
2018-01-03,12.320000,7.850000,94.400000,133.430000
2018-01-04,12.240000,7.730000,94.210000,131.240000
2018-01-05,12.060000,7.700000,93.100000,127.030000
2018-01-08,12.150000,7.900000,93.970000,128.000000
2018-01-09,12.410000,8.350000,94.740000,126.370000
2018-01-10,12.360000,7.850000,93.700000,129.120000
2018-01-11,12.160000,7.840000,92.240000,126.100000
2018-01-12,12.200000,8.680000,92.220000,124.950000
2018-01-16,13.230000,11.250000,106.490000,128.650000
2018-01-17,13.250000,11.690000,102.460000,136.190000
2018-01-18,13.580000,12.370000,103.680000,131.410000
2018-01-19,13.040000,10.410000,101.590000,132.280000
2018-01-22,12.990000,10.860000,99.680000,127.180000
2018-01-23,13.220000,11.020000,98.590000,122.950000
2018-01-24,13.530000,11.450000,99.770000,120.200000
2018-01-25,13.680000,11.640000,101.780000,121.870000
2018-01-26,13.460000,10.460000,98.650000,117.990000
2018-01-29,14.990000,14.910000,110.010000,118.800000
2018-01-30,15.830000,16.200000,113.480000,122.850000
2018-01-31,14.900000,13.860000,108.410000,121.230000
2018-02-01,14.720000,13.860000,105.770000,120.590000
2018-02-02,17.030000,18.860000,125.510000,126.450000
2018-02-05,28.130000,59.340000,177.340000,117.330000
2018-02-06,23.750000,39.460000,161.120000,129.610000
2018-02-07,23.030000,32.860000,159.030000,136.900000
2018-02-08,27.330000,41.440000,180.610000,130.920000
2018-02-09,24.920000,31.640000,167.280000,128.510000
2018-02-12,22.860000,26.830000,140.800000,148.020000
2018-02-13,22.650000,25.290000,136.580000,143.070000
2018-02-14,19.340000,18.730000,124.490000,127.840000
2018-02-15,19.080000,18.580000,122.760000,131.670000
2018-02-16,19.170000,18.680000,121.200000,137.800000
2018-02-20,20.010000,20.640000,122.580000,131.630000
2018-02-21,20.030000,20.010000,125.730000,130.030000
2018-02-22,19.060000,18.130000,116.980000,134.310000
2018-02-23,17.500000,14.980000,110.190000,139.200000
2018-02-26,16.920000,15.160000,107.680000,131.720000
2018-02-27,19.020000,18.120000,119.500000,132.270000
2018-02-28,19.890000,19.190000,121.700000,138.950000
2018-03-01,21.420000,23.890000,128.140000,136.540000
2018-03-02,19.860000,18.870000,114.780000,127.480000
2018-03-05,19.210000,18.260000,109.660000,130.120000
2018-03-06,19.240000,17.230000,104.610000,128.410000
2018-03-07,18.840000,16.710000,99.490000,128.170000
2018-03-08,18.180000,15.860000,96.920000,129.620000
2018-03-09,17.010000,13.530000,99.710000,127.790000
2018-03-12,17.800000,15.240000,104.940000,141.980000
2018-03-13,18.050000,15.360000,107.040000,140.430000
2018-03-14,18.780000,17.280000,110.290000,141.660000
2018-03-15,18.210000,15.960000,109.280000,146.550000
2018-03-16,17.740000,14.930000,106.490000,147.350000
2018-03-19,19.380000,21.950000,112.920000,143.960000
2018-03-20,18.880000,19.700000,107.130000,139.520000
2018-03-21,18.710000,18.520000,106.600000,133.690000
2018-03-22,21.660000,26.310000,125.120000,131.520000
2018-03-23,22.790000,28.220000,129.820000,130.790000
2018-03-26,20.700000,22.280000,113.080000,128.960000
2018-03-27,21.940000,22.950000,118.610000,128.650000
2018-03-28,22.310000,24.940000,114.020000,128.330000
2018-03-29,20.550000,20.570000,103.320000,119.340000
2018-04-02,22.570000,27.310000,111.670000,119.680000
2018-04-03,21.020000,23.480000,102.060000,118.380000
2018-04-04,20.420000,21.950000,95.440000,119.230000
2018-04-05,19.610000,19.930000,92.210000,121.510000
2018-04-06,21.200000,23.060000,98.600000,122.390000
2018-04-09,21.230000,23.830000,100.240000,119.900000
2018-04-10,20.400000,20.920000,98.210000,121.250000
2018-04-11,20.370000,20.370000,100.020000,122.270000
2018-04-12,19.280000,17.820000,98.080000,122.290000
2018-04-13,18.550000,16.360000,93.940000,126.000000
2018-04-16,17.820000,16.570000,93.220000,131.470000
2018-04-17,16.800000,15.350000,89.590000,130.570000
2018-04-18,16.800000,14.640000,92.410000,146.260000
2018-04-19,17.120000,15.500000,95.380000,138.200000
2018-04-20,17.720000,16.230000,99.210000,133.070000
2018-04-23,17.350000,16.440000,96.870000,126.480000
2018-04-24,18.230000,19.170000,100.810000,126.500000
2018-04-25,18.230000,18.710000,97.800000,124.290000
2018-04-26,17.290000,16.010000,90.710000,127.080000
2018-04-27,17.080000,14.440000,92.150000,128.400000
2018-04-30,17.340000,16.450000,94.300000,130.770000
2018-05-01,16.910000,15.700000,89.970000,128.210000
2018-05-02,17.260000,16.530000,93.790000,122.420000
2018-05-03,17.030000,15.750000,91.070000,126.790000
2018-05-04,16.650000,13.860000,88.120000,127.370000
2018-05-07,16.650000,14.220000,90.710000,123.040000
2018-05-08,16.480000,13.980000,89.500000,125.100000
2018-05-09,15.780000,12.130000,93.890000,126.050000
2018-05-10,15.240000,12.430000,93.020000,129.350000
2018-05-11,14.820000,11.240000,90.030000,131.590000
2018-05-14,14.530000,11.920000,92.620000,133.970000
2018-05-15,15.790000,14.290000,99.180000,136.760000
2018-05-16,15.140000,12.360000,94.790000,134.450000
2018-05-17,15.020000,12.020000,93.480000,134.780000
2018-05-18,15.190000,11.480000,94.760000,133.320000
2018-05-21,14.690000,11.370000,91.040000,134.020000
2018-05-22,14.880000,10.920000,90.470000,134.610000
2018-05-23,14.480000,10.060000,89.800000,135.610000
2018-05-24,14.430000,10.330000,90.640000,139.240000
2018-05-25,14.830000,11.460000,93.780000,140.780000
2018-05-29,17.130000,17.240000,108.670000,141.840000
2018-05-30,16.000000,13.260000,99.080000,143.890000
2018-05-31,16.330000,14.120000,100.630000,140.070000
2018-06-01,15.270000,11.440000,93.300000,134.530000
2018-06-04,14.900000,12.020000,90.830000,132.700000
2018-06-05,14.720000,11.680000,89.840000,132.580000
2018-06-06,14.190000,11.030000,88.120000,136.570000
2018-06-07,14.430000,11.900000,91.280000,133.840000
2018-06-08,14.600000,11.560000,93.490000,133.110000
2018-06-11,14.550000,12.530000,94.540000,138.930000
2018-06-12,14.590000,12.030000,95.710000,142.820000
2018-06-13,14.920000,12.660000,100.010000,141.740000
2018-06-14,14.400000,11.560000,98.210000,142.390000
2018-06-15,14.420000,10.840000,101.660000,140.920000
2018-06-18,14.480000,11.690000,99.870000,140.920000
2018-06-19,15.170000,12.970000,104.130000,139.350000
2018-06-20,14.790000,12.160000,98.510000,140.820000
2018-06-21,15.870000,14.560000,107.450000,139.940000
2018-06-22,15.500000,12.160000,102.490000,140.540000
2018-06-25,17.520000,17.680000,114.320000,134.660000
2018-06-26,16.870000,15.160000,107.520000,134.920000
2018-06-27,18.050000,17.910000,112.750000,131.300000
2018-06-28,17.520000,15.830000,108.880000,136.340000
2018-06-29,17.140000,14.930000,105.970000,141.720000
2018-07-02,16.950000,14.420000,104.800000,140.890000
2018-07-03,17.350000,15.170000,108.500000,134.570000
2018-07-05,16.530000,14.140000,103.220000,139.860000
2018-07-06,15.710000,11.490000,95.740000,141.020000
2018-07-09,14.870000,10.790000,94.160000,138.960000
2018-07-10,14.710000,10.660000,91.960000,139.260000
2018-07-11,15.380000,11.800000,104.500000,136.850000
2018-07-12,14.760000,10.600000,100.820000,138.220000
2018-07-13,14.540000,10.070000,99.810000,142.480000
2018-07-16,14.850000,11.500000,100.950000,148.160000
2018-07-17,14.400000,10.560000,98.560000,149.580000
2018-07-18,14.390000,10.030000,98.080000,154.250000
2018-07-19,14.970000,11.150000,100.580000,150.980000
2018-07-20,15.080000,11.010000,102.760000,152.720000
2018-07-23,14.860000,11.340000,102.040000,153.780000
2018-07-24,14.700000,11.150000,98.680000,145.940000
2018-07-25,14.550000,11.270000,94.200000,145.090000
2018-07-26,14.400000,11.070000,91.660000,142.180000
2018-07-27,15.000000,11.590000,97.150000,144.570000
2018-07-30,15.660000,13.570000,101.410000,141.570000
2018-07-31,14.870000,11.640000,94.130000,144.490000
2018-08-01,15.220000,12.290000,95.280000,142.770000
2018-08-02,14.760000,10.510000,91.660000,143.830000
2018-08-03,14.490000,9.580000,86.600000,146.190000
2018-08-06,14.230000,9.740000,84.660000,142.010000
2018-08-07,13.930000,9.130000,83.210000,138.940000
2018-08-08,13.960000,8.860000,84.420000,139.840000
2018-08-09,14.130000,9.460000,88.690000,138.610000
2018-08-10,15.220000,13.090000,99.070000,149.200000
2018-08-13,16.210000,15.340000,107.780000,159.030000
2018-08-14,15.350000,12.620000,100.340000,152.410000
2018-08-15,16.190000,15.010000,111.130000,148.400000
2018-08-16,15.510000,12.920000,103.490000,148.450000
2018-08-17,15.170000,11.570000,101.810000,146.010000
2018-08-20,15.000000,11.420000,100.770000,145.550000
2018-08-21,15.190000,11.550000,101.560000,144.700000
2018-08-22,15.080000,10.770000,95.720000,143.750000
2018-08-23,15.060000,10.800000,95.920000,147.380000
2018-08-24,14.820000,10.170000,93.950000,148.200000
2018-08-27,14.790000,10.230000,93.390000,144.850000
2018-08-28,15.110000,10.200000,92.310000,140.880000
2018-08-29,14.950000,9.770000,91.100000,140.760000
2018-08-30,15.540000,11.490000,95.110000,141.820000
2018-08-31,15.150000,11.010000,92.730000,146.910000
2018-09-04,15.450000,11.970000,95.230000,142.180000
2018-09-05,15.920000,12.650000,97.940000,142.220000
2018-09-06,16.340000,13.460000,101.360000,140.560000
2018-09-07,16.590000,13.490000,102.380000,145.870000
2018-09-10,16.170000,12.570000,100.380000,144.880000
2018-09-11,15.540000,11.000000,96.440000,147.880000
2018-09-12,15.320000,10.670000,97.240000,148.750000
2018-09-13,14.770000,10.030000,91.060000,150.640000
2018-09-14,14.370000,9.930000,88.070000,151.590000
2018-09-17,15.280000,13.500000,96.340000,150.950000
2018-09-18,15.040000,11.740000,92.490000,151.370000
2018-09-19,14.650000,11.450000,88.180000,145.190000
2018-09-20,14.510000,11.040000,87.310000,144.840000
2018-09-21,14.580000,10.630000,90.200000,141.550000
2018-09-24,14.770000,11.630000,91.510000,138.840000
2018-09-25,14.920000,11.760000,91.070000,137.680000
2018-09-26,15.150000,12.700000,91.560000,140.980000
2018-09-27,14.890000,12.090000,87.660000,142.100000
2018-09-28,14.770000,11.170000,87.310000,144.430000
2018-10-01,14.740000,11.190000,86.970000,141.520000
2018-10-02,14.840000,11.130000,88.120000,137.980000
2018-10-03,14.680000,10.810000,85.800000,136.330000
2018-10-04,15.840000,15.420000,99.440000,136.730000
2018-10-05,16.250000,14.860000,102.630000,130.280000
2018-10-08,16.510000,14.920000,102.740000,129.640000
2018-10-09,16.630000,14.400000,103.920000,128.980000
2018-10-10,20.700000,25.980000,135.610000,127.650000
2018-10-11,21.560000,29.580000,129.300000,130.850000
2018-10-12,19.840000,22.840000,124.810000,125.510000
2018-10-15,20.290000,23.910000,118.780000,128.320000
2018-10-16,17.960000,17.850000,111.780000,132.150000
2018-10-17,18.100000,17.750000,109.280000,130.650000
2018-10-18,19.860000,22.310000,116.820000,125.960000
2018-10-19,19.840000,21.130000,114.950000,124.940000
2018-10-22,19.820000,20.670000,112.150000,125.680000
2018-10-23,20.280000,23.430000,108.710000,126.540000
2018-10-24,22.620000,31.910000,118.580000,128.910000
2018-10-25,22.440000,29.620000,113.910000,125.260000
2018-10-26,22.480000,29.890000,110.490000,121.700000
2018-10-29,23.060000,31.030000,110.390000,120.830000
2018-10-30,22.230000,28.870000,106.080000,118.110000
2018-10-31,21.150000,25.160000,102.900000,117.640000
2018-11-01,20.070000,21.540000,99.570000,118.280000
2018-11-02,20.300000,21.170000,102.380000,115.730000
2018-11-05,20.200000,21.630000,101.830000,118.890000
2018-11-06,19.580000,21.620000,102.480000,119.930000
2018-11-07,17.620000,15.540000,95.750000,120.560000
2018-11-08,17.680000,15.560000,95.400000,121.850000
2018-11-09,18.460000,15.630000,100.550000,120.060000
2018-11-12,20.230000,20.690000,107.770000,121.350000
2018-11-13,20.270000,19.380000,105.320000,122.060000
2018-11-14,21.220000,21.390000,111.420000,120.680000
2018-11-15,20.310000,19.500000,107.380000,120.760000
2018-11-16,19.350000,16.350000,101.930000,118.710000
2018-11-19,20.640000,20.430000,107.130000,115.790000
2018-11-20,22.270000,23.630000,107.610000,119.550000
2018-11-21,21.320000,19.860000,100.270000,119.310000
2018-11-23,21.750000,21.420000,99.290000,117.210000
2018-11-26,20.110000,20.040000,92.170000,117.570000
2018-11-27,19.940000,21.080000,91.540000,115.830000
2018-11-28,19.280000,21.920000,93.550000,115.960000
2018-11-29,19.590000,22.380000,93.360000,115.490000
2018-11-30,18.890000,22.110000,93.590000,114.710000
2018-12-03,17.950000,17.210000,85.870000,
2018-12-04,20.750000,25.130000,96.570000,117.760000
2018-12-06,21.060000,25.060000,93.850000,116.680000
2018-12-07,22.440000,27.470000,96.490000,114.300000
2018-12-10,22.010000,25.240000,91.780000,117.640000
2018-12-11,21.720000,23.790000,89.770000,116.800000
2018-12-12,21.590000,22.640000,91.410000,116.780000
2018-12-13,21.350000,20.330000,93.000000,117.030000
2018-12-14,21.960000,22.080000,96.450000,118.600000
2018-12-17,23.410000,28.000000,101.550000,123.960000
2018-12-18,23.900000,28.510000,103.640000,124.230000
2018-12-19,24.020000,26.160000,105.050000,125.380000
2018-12-20,25.240000,31.190000,109.650000,124.070000
2018-12-21,26.230000,33.030000,106.610000,122.170000
2018-12-24,28.840000,42.400000,111.880000,118.270000
2018-12-26,25.690000,33.920000,97.320000,116.470000
2018-12-27,25.890000,34.380000,95.890000,115.180000
2018-12-28,25.320000,31.640000,91.240000,117.260000
2018-12-31,23.730000,28.570000,87.110000,117.800000
2019-01-02,22.750000,22.820000,81.660000,116.060000
2019-01-03,24.110000,26.590000,83.800000,112.220000
2019-01-04,21.860000,20.850000,84.440000,111.440000
2019-01-07,21.620000,21.470000,82.740000,113.560000
2019-01-08,21.140000,20.130000,82.410000,115.300000
2019-01-09,20.690000,18.880000,86.620000,117.010000
2019-01-10,20.520000,17.740000,86.350000,117.720000
2019-01-11,19.740000,15.960000,83.850000,119.090000
2019-01-14,19.930000,17.040000,83.010000,125.200000
2019-01-15,19.240000,16.500000,81.390000,126.870000
2019-01-16,19.530000,16.340000,83.340000,131.660000
2019-01-17,19.170000,15.670000,82.790000,133.020000
2019-01-18,18.840000,15.040000,82.490000,131.190000
2019-01-22,20.690000,21.240000,93.810000,122.820000
2019-01-23,20.080000,19.400000,88.450000,123.880000
2019-01-24,19.670000,17.640000,84.890000,130.920000
2019-01-25,18.820000,16.390000,83.380000,126.110000
2019-01-28,19.580000,19.490000,86.440000,123.060000
2019-01-29,19.600000,19.950000,86.840000,121.900000
2019-01-30,18.680000,17.370000,82.390000,123.280000
2019-01-31,17.880000,15.610000,79.240000,126.530000
2019-02-01,17.590000,14.090000,80.000000,126.030000
2019-02-04,17.190000,13.670000,77.360000,128.400000
2019-02-05,17.070000,13.460000,80.620000,123.420000
2019-02-06,16.900000,12.730000,84.990000,123.720000
2019-02-07,17.520000,14.890000,85.010000,124.450000
2019-02-08,17.260000,13.610000,82.700000,127.720000
2019-02-11,17.220000,14.670000,82.770000,129.190000
2019-02-12,16.820000,13.470000,81.630000,128.600000
2019-02-13,16.960000,13.490000,80.270000,127.120000
2019-02-14,17.320000,14.110000,81.640000,126.890000
2019-02-15,16.480000,12.180000,80.450000,129.550000
2019-02-19,16.450000,13.380000,78.640000,124.680000
2019-02-20,15.820000,12.600000,75.590000,123.390000
2019-02-21,16.160000,13.180000,76.640000,122.420000
2019-02-22,15.460000,11.490000,74.980000,121.080000
2019-02-25,16.000000,14.060000,79.350000,127.670000
2019-02-26,16.300000,14.200000,80.530000,125.530000
2019-02-27,15.990000,13.140000,80.370000,126.440000
2019-02-28,16.100000,13.180000,80.000000,128.850000
2019-03-01,15.380000,11.330000,79.270000,126.970000
2019-03-04,16.030000,13.400000,82.340000,125.040000
2019-03-05,16.150000,13.360000,82.460000,126.400000
2019-03-06,16.740000,14.990000,86.100000,125.800000
2019-03-07,17.300000,16.150000,88.700000,123.140000
2019-03-08,17.110000,14.630000,87.240000,125.730000
2019-03-11,16.010000,13.400000,81.230000,132.930000
2019-03-12,15.650000,12.730000,83.060000,130.170000
2019-03-13,15.330000,12.530000,82.760000,132.570000
2019-03-14,15.300000,12.520000,82.560000,130.570000
2019-03-15,14.980000,11.220000,82.940000,128.760000
2019-03-18,15.240000,12.530000,85.520000,127.100000
2019-03-19,15.560000,13.530000,87.360000,123.130000
2019-03-20,15.790000,13.490000,86.630000,120.590000
2019-03-21,15.510000,13.110000,83.890000,120.670000
2019-03-22,17.370000,16.850000,98.500000,117.550000
2019-03-25,17.450000,16.410000,97.200000,117.600000
2019-03-26,16.450000,13.950000,89.850000,117.800000
2019-03-27,16.780000,14.700000,91.340000,117.660000
2019-03-28,16.300000,13.700000,87.950000,119.250000
2019-03-29,15.800000,12.340000,85.820000,120.960000
2019-04-01,15.460000,12.110000,84.930000,126.770000
2019-04-02,15.540000,11.860000,83.280000,127.310000
2019-04-03,15.630000,12.290000,84.230000,125.960000
2019-04-04,15.480000,11.580000,82.150000,126.230000
2019-04-05,15.060000,10.120000,79.100000,128.750000
2019-04-08,15.280000,10.740000,81.860000,129.130000
2019-04-09,15.990000,11.780000,88.140000,127.660000
2019-04-10,15.380000,10.140000,89.490000,127.610000
2019-04-11,15.250000,10.520000,88.060000,126.230000
2019-04-12,14.460000,9.740000,84.980000,124.220000
2019-04-15,14.530000,10.610000,84.170000,127.690000
2019-04-16,14.470000,10.760000,83.580000,125.810000
2019-04-17,14.820000,11.000000,85.550000,125.780000
2019-04-18,14.570000,9.930000,84.410000,123.600000
2019-04-22,14.720000,11.630000,83.270000,124.240000
2019-04-23,14.540000,11.640000,81.430000,124.650000
2019-04-24,15.040000,12.540000,85.170000,123.810000
2019-04-25,15.210000,12.360000,86.940000,124.180000
2019-04-26,14.890000,11.810000,84.120000,126.290000
2019-04-29,15.230000,12.520000,86.080000,125.790000
2019-04-30,15.230000,12.440000,88.560000,126.470000
2019-05-01,16.190000,14.950000,95.750000,125.320000
2019-05-02,16.030000,13.920000,93.020000,124.590000
2019-05-03,15.070000,10.960000,86.230000,122.220000
2019-05-06,16.400000,15.450000,94.850000,123.230000
2019-05-07,18.780000,20.740000,111.540000,116.880000
2019-05-08,18.750000,21.330000,106.480000,117.790000
2019-05-09,18.440000,21.860000,102.920000,117.680000
2019-05-10,16.900000,16.570000,96.010000,118.540000
2019-05-13,19.790000,22.760000,105.600000,119.360000
2019-05-14,18.290000,18.760000,97.260000,119.950000
2019-05-15,17.490000,16.310000,94.530000,120.870000
2019-05-16,16.740000,15.060000,94.230000,121.090000
2019-05-17,17.060000,16.260000,99.120000,118.690000
2019-05-20,17.290000,16.820000,96.830000,115.250000
2019-05-21,16.420000,14.500000,92.380000,117.170000
2019-05-22,16.420000,13.920000,89.300000,115.420000
2019-05-23,17.690000,17.400000,94.980000,114.710000
2019-05-24,17.090000,15.360000,90.190000,114.120000
2019-05-28,17.900000,17.980000,95.080000,112.580000
2019-05-29,18.240000,18.340000,93.830000,111.930000
2019-05-30,17.960000,17.120000,92.780000,112.680000
2019-05-31,18.830000,19.000000,96.720000,112.650000
2019-06-03,18.770000,19.260000,96.030000,112.320000
2019-06-04,17.590000,16.650000,88.930000,112.740000
2019-06-05,17.130000,14.900000,86.720000,112.910000
2019-06-06,16.920000,14.880000,84.840000,113.890000
2019-06-07,17.150000,15.020000,86.000000,114.670000
2019-06-10,16.880000,15.250000,83.860000,114.380000
2019-06-11,16.990000,15.150000,84.950000,113.810000
2019-06-12,17.050000,14.660000,86.200000,114.660000
2019-06-13,16.860000,14.590000,84.730000,113.330000
2019-06-14,16.600000,13.560000,82.570000,113.160000
2019-06-17,16.610000,14.990000,83.480000,115.300000
2019-06-18,16.500000,15.290000,87.370000,116.210000
2019-06-19,16.100000,13.870000,84.580000,115.930000
2019-06-20,16.140000,14.770000,81.210000,119.230000
2019-06-21,16.670000,14.830000,83.140000,118.460000
2019-06-24,16.470000,15.800000,82.590000,117.090000
2019-06-25,17.120000,17.010000,85.160000,116.830000
2019-06-26,17.050000,16.800000,85.390000,117.160000
2019-06-27,16.760000,16.340000,86.520000,117.500000
2019-06-28,16.060000,15.670000,85.780000,118.120000
2019-07-01,15.430000,12.510000,79.580000,119.860000
2019-07-02,14.720000,10.420000,78.220000,122.140000
2019-07-03,14.530000,9.910000,80.040000,120.820000
2019-07-05,14.980000,10.570000,79.780000,
2019-07-08,15.480000,11.120000,83.660000,121.420000
2019-07-09,15.570000,11.080000,82.310000,120.440000
2019-07-10,15.190000,9.940000,85.970000,120.660000
2019-07-11,14.980000,10.080000,88.200000,122.450000
2019-07-12,14.800000,9.880000,86.140000,123.650000
2019-07-15,15.040000,11.010000,86.200000,126.220000
2019-07-16,15.220000,11.710000,88.250000,125.150000
2019-07-17,15.820000,13.420000,90.350000,123.980000
2019-07-18,15.540000,12.680000,84.040000,125.420000
2019-07-19,15.930000,13.560000,86.770000,125.500000
2019-07-22,15.470000,13.640000,81.220000,125.360000
2019-07-23,14.930000,12.820000,78.990000,124.650000
2019-07-24,14.560000,12.190000,83.890000,123.080000
2019-07-25,15.050000,12.530000,84.300000,121.880000
2019-07-26,14.690000,11.540000,83.110000,123.270000
2019-07-29,15.000000,12.670000,88.160000,125.100000
2019-07-30,15.700000,14.460000,91.580000,121.940000
2019-07-31,16.910000,18.410000,96.280000,121.710000
2019-08-01,17.990000,19.320000,105.470000,117.070000
2019-08-02,17.890000,17.690000,102.690000,117.250000
2019-08-05,21.900000,29.140000,114.400000,113.300000
2019-08-06,19.690000,21.840000,107.450000,114.200000
2019-08-07,19.500000,20.950000,104.270000,113.960000
2019-08-08,17.860000,16.770000,98.660000,117.710000
2019-08-09,18.560000,17.750000,101.520000,116.340000
2019-08-12,20.500000,22.450000,110.310000,115.150000
2019-08-13,18.530000,17.490000,102.210000,117.580000
2019-08-14,21.300000,24.420000,113.990000,113.480000
2019-08-15,21.070000,22.450000,112.260000,112.520000
2019-08-16,19.700000,18.360000,110.320000,115.840000
2019-08-19,18.360000,17.200000,101.220000,116.480000
2019-08-20,18.870000,18.430000,104.770000,114.780000
2019-08-21,17.720000,16.090000,98.030000,114.480000
2019-08-22,18.230000,16.710000,100.940000,114.460000
2019-08-23,20.360000,21.550000,111.370000,112.620000
2019-08-26,19.820000,19.820000,106.270000,113.070000
2019-08-27,20.640000,20.810000,106.490000,111.760000
2019-08-28,20.050000,19.160000,103.950000,113.650000
2019-08-29,19.030000,16.850000,99.800000,115.020000
2019-08-30,19.540000,18.600000,102.660000,115.370000
2019-09-03,20.120000,19.070000,102.190000,114.680000
2019-09-04,18.810000,15.600000,97.300000,115.990000
2019-09-05,18.080000,14.590000,95.510000,118.580000
2019-09-06,17.460000,12.390000,94.400000,118.870000
2019-09-09,17.550000,13.660000,94.500000,118.790000
2019-09-10,17.410000,13.760000,94.120000,119.010000
2019-09-11,17.100000,13.130000,97.790000,119.950000
2019-09-12,16.810000,13.100000,95.940000,119.950000
2019-09-13,16.670000,12.620000,98.930000,118.400000
2019-09-16,17.200000,14.600000,101.730000,119.160000
2019-09-17,17.230000,14.540000,101.670000,117.940000
2019-09-18,16.860000,14.130000,99.090000,118.090000
2019-09-19,16.790000,13.180000,97.300000,118.770000
2019-09-20,17.710000,14.680000,101.030000,117.500000
2019-09-23,17.870000,9.830000,97.600000,118.780000
2019-09-24,18.550000,17.730000,104.960000,118.010000
2019-09-25,18.000000,15.300000,99.680000,117.980000
2019-09-26,18.120000,15.200000,100.310000,117.510000
2019-09-27,18.750000,16.770000,103.200000,116.610000
2019-09-30,17.960000,15.280000,97.620000,117.670000
2019-10-01,19.350000,18.940000,102.740000,114.010000
2019-10-02,20.740000,21.710000,103.810000,111.470000
2019-10-03,19.780000,19.480000,98.200000,112.440000
2019-10-04,18.590000,16.270000,95.190000,114.540000
2019-10-07,18.910000,17.700000,97.040000,118.760000
2019-10-08,20.390000,20.290000,102.270000,118.420000
2019-10-09,19.510000,18.260000,101.250000,119.950000
2019-10-10,18.790000,17.780000,99.660000,120.850000
2019-10-11,17.550000,15.280000,97.700000,122.400000
2019-10-14,17.120000,14.010000,94.430000,124.850000
2019-10-15,16.480000,12.300000,93.980000,127.170000
2019-10-16,16.480000,11.920000,93.160000,125.530000
2019-10-17,16.440000,11.900000,90.270000,128.010000
2019-10-18,16.650000,12.350000,91.200000,126.240000
2019-10-21,16.280000,12.610000,87.290000,128.440000
2019-10-22,16.550000,13.300000,89.320000,125.790000
2019-10-23,16.290000,12.270000,87.590000,127.920000
2019-10-24,16.250000,11.890000,86.550000,125.220000
2019-10-25,15.710000,10.330000,83.820000,125.700000
2019-10-28,15.990000,11.700000,86.480000,125.260000
2019-10-29,16.090000,11.750000,87.750000,127.290000
2019-10-30,15.690000,10.670000,86.470000,129.640000
2019-10-31,16.050000,11.580000,88.920000,130.710000
2019-11-01,15.420000,9.840000,85.690000,126.880000
2019-11-04,15.620000,11.080000,88.750000,129.740000
2019-11-05,15.910000,10.990000,90.980000,126.780000
2019-11-06,15.830000,9.470000,89.590000,125.200000
2019-11-07,15.800000,10.160000,90.150000,124.680000
2019-11-08,15.530000,9.320000,89.060000,123.300000
2019-11-11,15.600000,10.690000,89.560000,123.850000
2019-11-12,15.490000,10.800000,90.350000,123.180000
2019-11-13,15.620000,10.970000,93.500000,124.610000
2019-11-14,15.600000,11.230000,93.450000,126.280000
2019-11-15,14.990000,9.670000,93.350000,124.950000
2019-11-18,15.170000,10.180000,93.990000,126.590000
2019-11-19,15.500000,10.250000,95.950000,127.460000
2019-11-20,15.640000,10.200000,95.360000,125.640000
2019-11-21,15.820000,10.560000,96.090000,124.870000
2019-11-22,15.400000,9.220000,94.400000,125.530000
2019-11-25,14.990000,9.760000,90.240000,128.650000
2019-11-26,14.850000,9.500000,89.880000,130.280000
2019-11-27,14.960000,9.900000,90.200000,130.370000
2019-11-29,15.510000,11.360000,91.050000,129.830000
2019-12-02,16.840000,15.300000,98.910000,126.350000
2019-12-03,17.630000,16.860000,102.650000,122.780000
2019-12-04,16.980000,14.920000,98.720000,123.310000
2019-12-05,16.780000,13.940000,98.120000,123.640000
2019-12-06,16.210000,12.810000,96.520000,131.480000
2019-12-09,17.300000,17.060000,101.890000,136.560000
2019-12-10,17.130000,16.240000,101.030000,135.000000
2019-12-11,16.910000,15.270000,104.820000,134.370000
2019-12-12,16.090000,14.670000,101.300000,132.680000
2019-12-13,15.280000,12.410000,96.610000,144.510000
2019-12-16,14.980000,11.630000,94.210000,143.850000
2019-12-17,15.150000,11.160000,98.560000,137.480000
2019-12-18,15.200000,10.300000,99.200000,144.560000
2019-12-19,15.140000,9.390000,97.250000,150.140000
2019-12-20,15.320000,9.270000,99.290000,147.170000
2019-12-23,15.500000,9.830000,99.820000,143.910000
2019-12-24,15.520000,9.560000,98.830000,143.870000
2019-12-26,15.520000,9.940000,97.460000,143.070000
2019-12-27,15.950000,11.000000,99.630000,140.290000
2019-12-30,16.680000,13.770000,100.020000,133.560000
2019-12-31,15.870000,13.260000,94.100000,139.520000
2020-01-02,15.190000,10.600000,89.670000,137.700000
2020-01-03,16.010000,12.780000,93.790000,133.460000
2020-01-06,15.920000,12.420000,92.660000,132.510000
2020-01-07,15.860000,12.340000,91.070000,129.780000
2020-01-08,15.400000,12.220000,90.210000,136.420000
2020-01-09,14.950000,10.860000,87.810000,133.470000
2020-01-10,14.950000,10.570000,88.330000,128.150000
2020-01-13,14.640000,10.050000,88.480000,131.270000
2020-01-14,14.640000,10.180000,86.870000,130.820000
2020-01-15,14.630000,9.690000,91.150000,135.530000
2020-01-16,14.450000,9.710000,90.380000,133.130000
2020-01-17,14.410000,9.040000,91.750000,134.620000
2020-01-21,14.870000,11.380000,92.980000,132.700000
2020-01-22,14.980000,11.030000,91.110000,129.930000
2020-01-23,14.990000,11.400000,92.540000,131.760000
2020-01-24,16.070000,14.650000,98.430000,127.020000
2020-01-27,18.160000,21.300000,107.390000,127.210000
2020-01-28,17.030000,18.340000,102.110000,125.610000
2020-01-29,17.030000,18.120000,99.070000,125.150000
2020-01-30,16.590000,16.410000,96.490000,129.950000
2020-01-31,18.630000,21.660000,105.600000,135.730000
2020-02-03,18.040000,19.230000,102.950000,127.700000
2020-02-04,16.700000,15.810000,96.180000,128.650000
2020-02-05,16.110000,13.690000,92.820000,129.780000
2020-02-06,15.890000,12.980000,93.610000,134.480000
2020-02-07,16.290000,13.730000,96.010000,132.210000
2020-02-10,16.130000,12.890000,96.810000,133.290000
2020-02-11,16.140000,13.040000,96.960000,132.950000
2020-02-12,15.360000,10.840000,96.650000,133.200000
2020-02-13,15.680000,11.830000,99.170000,133.040000
2020-02-14,15.500000,10.980000,98.170000,132.670000
2020-02-18,16.100000,13.020000,101.020000,137.660000
2020-02-19,15.820000,11.880000,95.920000,141.810000
2020-02-20,16.600000,13.860000,99.480000,137.120000
2020-02-21,17.610000,15.770000,104.860000,135.140000
2020-02-24,21.920000,31.900000,112.720000,130.480000
2020-02-25,23.860000,36.350000,121.010000,130.790000
2020-02-26,23.700000,34.840000,113.440000,130.650000
2020-02-27,29.920000,54.740000,118.000000,128.930000
2020-02-28,29.850000,52.900000,125.730000,130.820000
2020-03-02,27.700000,42.170000,114.690000,126.840000
2020-03-03,30.170000,47.340000,116.720000,123.060000
2020-03-04,27.510000,37.060000,113.970000,127.380000
2020-03-05,32.570000,48.630000,119.660000,123.610000
2020-03-06,35.460000,48.550000,127.160000,126.080000
2020-03-09,43.050000,70.300000,137.190000,121.570000
2020-03-10,39.440000,57.390000,138.820000,121.380000
2020-03-11,44.370000,68.210000,146.930000,121.720000
2020-03-12,57.240000,103.560000,155.050000,115.790000
2020-03-13,48.310000,69.870000,171.280000,132.370000
2020-03-16,67.700000,106.660000,207.590000,114.660000
2020-03-17,65.270000,92.930000,194.430000,116.670000
2020-03-18,72.980000,97.220000,181.330000,113.540000
2020-03-19,69.470000,91.020000,181.760000,115.440000
2020-03-20,65.590000,83.470000,187.180000,118.120000
2020-03-23,56.640000,78.760000,167.930000,117.050000
2020-03-24,52.110000,78.040000,171.910000,117.750000
2020-03-25,53.850000,81.300000,171.890000,116.600000
2020-03-26,49.790000,73.610000,169.580000,118.970000
2020-03-27,55.750000,72.330000,168.710000,117.410000
2020-03-30,51.260000,62.800000,157.660000,122.180000
2020-03-31,48.320000,60.160000,152.920000,125.490000
2020-04-01,51.170000,61.330000,156.990000,115.480000
2020-04-02,47.300000,52.810000,147.330000,118.430000
2020-04-03,44.840000,46.660000,143.520000,120.570000
2020-04-06,43.090000,47.020000,143.300000,121.010000
2020-04-07,43.420000,48.340000,134.450000,118.480000
2020-04-08,41.590000,42.460000,141.370000,119.300000
2020-04-09,40.610000,40.420000,137.750000,120.850000
2020-04-13,39.970000,41.740000,138.680000,119.600000
2020-04-14,36.460000,38.810000,131.780000,122.330000
2020-04-15,39.280000,41.640000,135.930000,122.420000
2020-04-16,39.210000,40.490000,129.550000,122.330000
2020-04-17,37.280000,36.180000,127.150000,126.430000
2020-04-20,40.970000,44.000000,132.040000,125.340000
2020-04-21,43.280000,45.460000,132.220000,123.710000
2020-04-22,40.920000,40.210000,124.100000,126.190000
2020-04-23,40.860000,39.350000,121.860000,125.220000
2020-04-24,37.810000,31.720000,119.880000,126.510000
2020-04-27,35.330000,31.410000,120.560000,129.290000
2020-04-28,35.370000,32.440000,117.790000,129.230000
2020-04-29,33.330000,29.660000,115.980000,132.600000
2020-04-30,35.050000,32.880000,118.530000,130.380000
2020-05-01,37.970000,35.570000,122.150000,129.970000
2020-05-04,37.000000,35.450000,121.250000,131.290000
2020-05-05,35.520000,33.190000,118.870000,128.260000
2020-05-06,35.680000,33.980000,119.160000,128.590000
2020-05-07,34.010000,29.750000,115.830000,130.670000
2020-05-08,31.640000,24.890000,115.650000,132.210000
2020-05-11,30.390000,26.170000,118.710000,129.100000
2020-05-12,34.260000,33.360000,130.750000,125.970000
2020-05-13,36.510000,34.630000,142.750000,123.430000
2020-05-14,34.900000,31.660000,137.050000,124.350000
2020-05-15,34.510000,29.710000,133.020000,124.470000
2020-05-18,31.770000,27.620000,125.900000,129.230000
2020-05-19,32.810000,28.030000,125.600000,127.480000
2020-05-20,31.110000,24.930000,120.040000,125.950000
2020-05-21,32.380000,26.150000,122.080000,124.530000
2020-05-22,31.540000,23.470000,118.380000,125.780000
2020-05-26,30.850000,25.500000,113.590000,129.110000
2020-05-27,30.190000,25.170000,109.820000,129.960000
2020-05-28,31.210000,26.020000,108.990000,130.780000
2020-05-29,30.270000,24.590000,105.600000,131.720000
2020-06-01,30.920000,27.080000,106.470000,132.090000
2020-06-02,29.930000,25.060000,104.830000,132.610000
2020-06-03,28.910000,23.970000,106.850000,131.500000
2020-06-04,28.850000,23.560000,109.880000,130.770000
2020-06-05,27.420000,22.630000,107.590000,129.870000
2020-06-08,28.080000,25.180000,110.050000,129.110000
2020-06-09,29.670000,26.920000,111.000000,124.930000
2020-06-10,29.570000,27.100000,116.530000,127.740000
2020-06-11,40.430000,42.060000,146.840000,131.290000
2020-06-12,38.050000,36.520000,151.600000,133.540000
2020-06-15,36.430000,35.980000,141.830000,137.330000
2020-06-16,35.800000,35.380000,143.240000,133.850000
2020-06-17,35.720000,33.980000,139.940000,135.490000
2020-06-18,35.140000,32.050000,135.290000,134.900000
2020-06-19,36.680000,33.920000,138.350000,125.380000
2020-06-22,33.750000,31.230000,133.980000,135.540000
2020-06-23,33.060000,30.290000,130.730000,135.200000
2020-06-24,35.390000,33.250000,136.890000,134.050000
2020-06-25,34.090000,30.920000,127.200000,131.920000
2020-06-26,35.800000,33.310000,128.630000,137.470000
2020-06-29,33.910000,30.420000,121.320000,135.750000
2020-06-30,32.520000,29.140000,120.760000,148.270000
2020-07-01,31.680000,25.200000,120.830000,142.440000
2020-07-02,30.870000,22.640000,115.470000,146.340000
2020-07-06,30.980000,25.230000,116.570000,140.980000
2020-07-07,32.070000,26.840000,118.120000,138.340000
2020-07-08,31.190000,23.670000,113.340000,144.460000
2020-07-09,32.060000,25.550000,115.110000,138.840000
2020-07-10,31.020000,22.590000,109.710000,135.680000
2020-07-13,34.540000,30.310000,123.300000,128.520000
2020-07-14,32.560000,27.780000,112.750000,131.100000
2020-07-15,31.560000,25.220000,113.710000,146.530000
2020-07-16,31.550000,25.850000,115.620000,142.440000
2020-07-17,30.370000,22.160000,117.970000,140.810000
2020-07-20,29.100000,22.520000,112.510000,145.900000
2020-07-21,29.470000,23.330000,115.460000,134.840000
2020-07-22,29.050000,21.650000,112.840000,140.390000
2020-07-23,30.250000,24.100000,116.700000,140.740000
2020-07-24,30.560000,22.700000,117.220000,139.400000
2020-07-27,30.000000,22.380000,112.710000,139.610000
2020-07-28,30.100000,23.540000,113.880000,139.640000
2020-07-29,29.290000,21.930000,110.950000,140.860000
2020-07-30,29.760000,22.790000,112.160000,138.990000
2020-07-31,29.710000,20.610000,112.040000,141.560000
2020-08-03,29.660000,20.950000,111.020000,141.770000
2020-08-04,29.090000,20.440000,109.000000,141.640000
2020-08-05,28.600000,19.020000,105.670000,139.590000
2020-08-06,28.200000,19.400000,105.840000,141.750000
2020-08-07,28.280000,18.080000,108.180000,139.750000
2020-08-10,28.050000,18.880000,111.130000,137.500000
2020-08-11,29.170000,21.890000,118.340000,136.390000
2020-08-12,28.120000,18.900000,115.730000,137.010000
2020-08-13,28.170000,18.540000,115.180000,136.110000
2020-08-14,28.370000,17.870000,114.350000,136.820000
2020-08-17,27.450000,17.600000,110.350000,137.450000
2020-08-18,27.350000,17.820000,112.590000,138.080000
2020-08-19,28.110000,19.230000,114.720000,138.200000
2020-08-20,28.130000,18.850000,112.990000,144.050000
2020-08-21,28.170000,18.010000,111.250000,146.730000
2020-08-24,28.100000,18.810000,108.250000,147.230000
2020-08-25,27.910000,18.090000,103.880000,146.530000
2020-08-26,28.700000,19.960000,105.800000,142.090000
2020-08-27,29.930000,20.190000,114.740000,145.070000
2020-08-28,29.620000,17.130000,111.560000,145.730000
2020-08-31,31.850000,21.100000,119.010000,144.670000
2020-09-01,32.100000,19.650000,120.100000,142.280000
2020-09-02,32.670000,20.710000,122.010000,141.100000
2020-09-03,37.630000,30.450000,132.910000,144.660000
2020-09-04,34.750000,29.410000,122.140000,133.280000
2020-09-08,34.310000,32.910000,123.560000,132.510000
2020-09-09,32.120000,29.090000,121.540000,133.200000
2020-09-10,32.920000,30.430000,120.580000,130.160000
2020-09-11,31.130000,26.330000,113.950000,125.420000
2020-09-14,30.480000,25.060000,111.270000,130.950000
2020-09-15,30.270000,24.220000,108.970000,132.950000
2020-09-16,30.570000,23.770000,103.480000,136.060000
2020-09-17,30.750000,24.950000,100.370000,139.410000
2020-09-18,30.460000,24.020000,101.190000,132.090000
2020-09-21,31.640000,28.110000,108.740000,130.640000
2020-09-22,31.670000,25.950000,104.690000,130.080000
2020-09-23,33.280000,27.970000,107.350000,129.840000
2020-09-24,33.060000,27.650000,102.260000,129.170000
2020-09-25,32.030000,24.570000,99.640000,129.260000
2020-09-28,31.740000,25.210000,101.850000,126.690000
2020-09-29,31.090000,25.990000,96.930000,123.930000
2020-09-30,31.640000,25.770000,101.580000,120.940000
2020-10-01,31.720000,24.800000,101.000000,117.780000
2020-10-02,32.390000,24.640000,102.720000,119.120000
2020-10-05,31.280000,23.510000,103.220000,119.530000
2020-10-06,31.880000,25.080000,106.140000,120.050000
2020-10-07,30.700000,21.740000,104.190000,120.600000
2020-10-08,29.490000,19.940000,104.800000,121.810000
2020-10-09,28.280000,18.850000,109.220000,121.930000
2020-10-12,27.980000,20.300000,109.680000,123.940000
2020-10-13,28.350000,21.390000,110.970000,122.540000
2020-10-14,28.240000,21.300000,116.930000,122.600000
2020-10-15,28.720000,21.380000,117.590000,123.470000
2020-10-16,29.210000,21.640000,115.920000,123.700000
2020-10-19,30.400000,24.650000,119.760000,124.750000
2020-10-20,30.110000,24.570000,119.590000,125.310000
2020-10-21,29.610000,23.200000,117.470000,124.380000
2020-10-22,29.300000,24.060000,118.600000,124.940000
2020-10-23,28.990000,24.290000,118.940000,126.700000
2020-10-26,32.070000,35.910000,133.080000,126.050000
2020-10-27,32.720000,37.290000,135.320000,127.580000
2020-10-28,37.750000,47.900000,152.010000,129.300000
2020-10-29,35.840000,44.340000,147.840000,128.050000
2020-10-30,36.270000,44.330000,145.240000,129.010000
2020-11-02,35.060000,43.860000,142.650000,133.860000
2020-11-03,33.520000,43.200000,136.280000,136.440000
2020-11-04,29.980000,32.460000,122.120000,133.320000
2020-11-05,29.050000,28.090000,117.680000,127.650000
2020-11-06,27.370000,23.960000,112.920000,124.560000
2020-11-09,26.880000,26.710000,116.780000,127.410000
2020-11-10,26.490000,24.430000,116.050000,126.300000
2020-11-11,25.620000,21.590000,118.320000,129.470000
2020-11-12,27.220000,23.880000,121.570000,131.420000
2020-11-13,25.690000,21.010000,114.390000,129.330000
2020-11-16,25.350000,19.330000,115.000000,129.560000
2020-11-17,25.380000,18.810000,116.250000,128.910000
2020-11-18,26.390000,19.590000,117.900000,133.590000
2020-11-19,25.800000,19.260000,114.150000,133.550000
2020-11-20,26.060000,19.860000,113.990000,133.540000
2020-11-23,25.430000,19.580000,109.850000,134.260000
2020-11-24,24.840000,18.400000,104.560000,134.190000
2020-11-25,24.420000,17.140000,103.460000,133.900000
2020-11-27,24.430000,18.250000,106.120000,132.430000
2020-11-30,24.330000,19.870000,106.120000,133.950000
2020-12-01,24.490000,19.870000,108.430000,132.600000
2020-12-02,24.540000,19.290000,107.520000,134.610000
2020-12-03,24.560000,19.350000,107.890000,132.460000
2020-12-04,24.290000,17.960000,103.720000,133.080000
2020-12-07,24.520000,18.740000,104.420000,132.440000
2020-12-08,23.870000,18.170000,102.820000,134.900000
2020-12-09,24.730000,19.990000,113.930000,135.750000
2020-12-10,25.050000,19.670000,114.660000,135.710000
2020-12-11,26.050000,20.450000,120.770000,139.920000
2020-12-14,27.110000,23.670000,127.680000,139.290000
2020-12-15,25.870000,20.190000,119.110000,138.950000
2020-12-16,25.470000,18.800000,111.850000,144.790000
2020-12-17,25.150000,18.620000,110.210000,147.070000
2020-12-18,25.170000,16.700000,110.300000,147.020000
2020-12-21,27.580000,21.560000,121.610000,146.530000
2020-12-22,27.250000,19.910000,120.570000,146.270000
2020-12-23,26.260000,19.200000,118.310000,147.390000
2020-12-24,25.370000,17.120000,115.260000,148.270000
2020-12-28,25.150000,20.050000,114.400000,145.300000
2020-12-29,26.240000,21.470000,116.270000,142.740000
2020-12-30,25.440000,21.310000,112.040000,143.030000
2020-12-31,25.280000,21.200000,111.860000,147.830000
2021-01-04,28.260000,27.390000,124.650000,143.840000
2021-01-05,27.250000,24.290000,120.070000,145.500000
2021-01-06,26.790000,23.770000,119.900000,147.060000
2021-01-07,25.020000,19.420000,109.380000,145.920000
2021-01-08,24.900000,18.340000,111.000000,139.250000
2021-01-11,26.700000,21.690000,118.800000,134.700000
2021-01-12,26.200000,20.650000,115.790000,139.990000
2021-01-13,25.550000,18.910000,117.760000,139.930000
2021-01-14,26.320000,21.170000,122.780000,138.060000
2021-01-15,27.260000,21.690000,124.250000,136.700000
2021-01-19,26.690000,21.880000,120.710000,141.320000
2021-01-20,25.720000,18.850000,114.170000,146.660000
2021-01-21,25.700000,18.230000,112.590000,144.200000
2021-01-22,25.990000,18.420000,111.790000,145.550000
2021-01-25,26.880000,20.660000,116.630000,145.560000
2021-01-26,26.890000,20.460000,115.310000,143.310000
2021-01-27,35.730000,41.640000,157.690000,137.930000
2021-01-28,31.770000,30.000000,133.220000,145.840000
2021-01-29,33.880000,32.630000,137.330000,134.300000
2021-02-01,32.530000,28.990000,129.440000,141.630000
2021-02-02,29.360000,22.440000,119.100000,141.150000
2021-02-03,27.570000,18.970000,111.030000,136.590000
2021-02-04,26.790000,17.480000,108.470000,136.010000
2021-02-05,26.520000,15.520000,107.640000,135.090000
2021-02-08,26.650000,16.570000,106.610000,136.650000
2021-02-09,27.110000,17.090000,108.140000,140.060000
2021-02-10,27.490000,17.680000,114.930000,139.330000
2021-02-11,27.220000,17.090000,116.220000,137.600000
2021-02-12,26.500000,15.050000,118.590000,137.660000
2021-02-16,27.550000,19.320000,124.660000,140.170000
2021-02-17,27.520000,18.410000,122.830000,144.450000
2021-02-18,27.860000,19.460000,121.050000,142.550000
2021-02-19,27.090000,18.330000,117.450000,141.530000
2021-02-22,27.810000,21.220000,117.060000,138.820000
2021-02-23,27.120000,21.300000,112.780000,136.640000
2021-02-24,25.890000,18.350000,109.600000,138.520000
2021-02-25,30.240000,31.810000,127.830000,142.070000
2021-02-26,29.600000,29.420000,124.960000,136.230000
2021-03-01,26.780000,22.700000,114.940000,141.330000
2021-03-02,27.160000,23.170000,114.920000,141.680000
2021-03-03,28.790000,26.880000,121.230000,140.530000
2021-03-04,30.080000,29.300000,124.620000,137.190000
2021-03-05,27.890000,23.830000,116.210000,135.900000
2021-03-08,28.130000,25.700000,114.620000,137.010000
2021-03-09,27.280000,24.110000,108.710000,134.450000
2021-03-10,26.680000,20.980000,114.680000,138.570000
2021-03-11,26.090000,20.010000,112.870000,139.610000
2021-03-12,25.740000,17.410000,111.730000,140.290000
2021-03-15,24.890000,17.740000,110.490000,141.260000
2021-03-16,24.710000,17.930000,113.730000,142.560000
2021-03-17,23.880000,16.690000,109.900000,143.190000
2021-03-18,25.280000,20.330000,117.800000,148.110000
2021-03-19,24.990000,18.280000,115.950000,141.470000
2021-03-22,22.940000,16.400000,108.630000,146.140000
2021-03-23,23.800000,18.370000,111.690000,143.440000
2021-03-24,24.400000,19.070000,110.670000,143.700000
2021-03-25,23.370000,17.160000,104.750000,140.860000
2021-03-26,22.320000,16.320000,103.260000,145.460000
2021-03-29,23.200000,18.850000,105.840000,143.670000
2021-03-30,22.310000,17.280000,101.900000,142.200000
2021-03-31,22.150000,15.620000,100.040000,140.930000
2021-04-01,20.970000,12.970000,98.970000,136.290000
2021-04-05,20.960000,15.650000,99.240000,139.630000
2021-04-06,21.160000,15.710000,99.060000,142.440000
2021-04-07,20.660000,14.130000,97.090000,140.600000
2021-04-08,20.590000,13.940000,100.720000,139.040000
2021-04-09,20.740000,13.190000,102.060000,132.880000
2021-04-12,20.820000,14.240000,102.080000,134.290000
2021-04-13,20.780000,13.780000,100.440000,134.720000
2021-04-14,21.060000,14.100000,107.470000,137.670000
2021-04-15,20.760000,14.220000,108.660000,139.290000
2021-04-16,20.530000,12.970000,107.800000,138.330000
2021-04-19,21.370000,15.420000,111.900000,137.150000
2021-04-20,22.350000,17.330000,116.370000,134.870000
2021-04-21,21.490000,14.790000,112.900000,139.430000
2021-04-22,22.520000,16.770000,116.050000,138.090000
2021-04-23,21.570000,14.070000,108.360000,140.090000
2021-04-26,21.540000,14.810000,104.010000,139.090000
2021-04-27,21.320000,14.550000,103.390000,139.130000
2021-04-28,21.130000,13.620000,104.780000,139.370000
2021-04-29,21.310000,13.960000,105.460000,139.300000
2021-04-30,22.070000,15.530000,109.220000,146.320000
2021-05-03,21.740000,16.170000,108.320000,143.750000
2021-05-04,22.670000,17.750000,111.220000,139.230000
2021-05-05,22.260000,17.570000,109.510000,142.120000
2021-05-06,21.880000,16.040000,108.390000,144.470000
2021-05-07,20.790000,14.090000,107.030000,145.760000
2021-05-10,22.400000,19.680000,114.100000,142.720000
2021-05-11,24.230000,22.030000,122.470000,140.120000
2021-05-12,28.180000,29.550000,146.280000,142.600000
2021-05-13,25.260000,23.210000,130.010000,139.260000
2021-05-14,22.260000,17.410000,117.560000,139.050000
2021-05-17,23.140000,18.830000,120.700000,138.350000
2021-05-18,24.220000,20.990000,123.930000,139.460000
2021-05-19,25.270000,21.210000,130.170000,143.750000
2021-05-20,23.810000,18.560000,126.340000,142.960000
2021-05-21,23.490000,17.120000,124.220000,144.510000
2021-05-24,22.230000,14.670000,116.120000,144.640000
2021-05-25,22.400000,15.790000,113.550000,144.600000
2021-05-26,21.300000,13.840000,106.290000,149.820000
2021-05-27,20.310000,13.030000,103.880000,149.350000
2021-05-28,20.480000,12.730000,105.410000,155.310000
2021-06-01,21.340000,15.000000,113.040000,149.040000
2021-06-02,21.420000,13.700000,112.570000,148.590000
2021-06-03,21.820000,15.180000,114.310000,145.210000
2021-06-04,20.620000,12.700000,108.160000,147.760000
2021-06-07,20.550000,13.910000,108.030000,151.290000
2021-06-08,20.850000,15.430000,109.620000,150.700000
2021-06-09,21.280000,17.090000,120.970000,150.710000
2021-06-10,20.080000,13.830000,116.760000,154.810000
2021-06-11,19.640000,13.060000,116.120000,159.280000
2021-06-14,20.140000,14.920000,119.800000,160.640000
2021-06-15,20.680000,15.920000,122.900000,161.350000
2021-06-16,21.260000,17.940000,121.570000,155.970000
2021-06-17,20.980000,16.670000,120.630000,161.010000
2021-06-18,22.930000,20.140000,128.830000,150.780000
2021-06-21,21.120000,16.830000,121.250000,158.360000
2021-06-22,20.070000,14.580000,114.010000,160.510000
2021-06-23,19.700000,13.630000,110.480000,154.850000
2021-06-24,19.260000,12.770000,107.870000,161.040000
2021-06-25,19.000000,11.860000,105.910000,170.550000
2021-06-28,19.020000,11.920000,106.320000,162.090000
2021-06-29,19.490000,11.860000,107.010000,163.840000
2021-06-30,19.510000,11.110000,106.730000,161.850000
2021-07-01,19.450000,11.430000,108.720000,155.650000
2021-07-02,19.300000,10.400000,106.110000,157.940000
2021-07-06,20.260000,13.760000,112.240000,153.750000
2021-07-07,20.410000,13.070000,112.700000,152.150000
2021-07-08,21.980000,17.240000,120.030000,152.820000
2021-07-09,20.440000,13.020000,112.620000,155.700000
2021-07-12,20.460000,13.520000,111.590000,157.930000
2021-07-13,21.130000,14.980000,116.400000,154.400000
2021-07-14,20.620000,13.450000,117.660000,154.310000
2021-07-15,21.090000,14.550000,121.030000,154.150000
2021-07-16,22.070000,16.300000,128.890000,151.940000
2021-07-19,24.900000,22.150000,139.540000,155.740000
2021-07-20,23.200000,17.860000,131.300000,154.500000
2021-07-21,21.870000,14.650000,122.530000,155.340000
2021-07-22,21.860000,14.070000,118.820000,152.630000
2021-07-23,21.650000,12.870000,114.920000,159.440000
2021-07-26,21.740000,14.010000,114.860000,153.200000
2021-07-27,23.000000,17.160000,121.110000,151.040000
2021-07-28,22.350000,14.820000,117.080000,152.230000
2021-07-29,21.880000,13.650000,114.040000,149.960000
2021-07-30,22.180000,14.360000,116.180000,153.710000
2021-08-02,23.050000,16.210000,122.850000,153.300000
2021-08-03,22.180000,13.680000,117.550000,152.560000
2021-08-04,22.170000,13.620000,116.210000,151.400000
2021-08-05,21.520000,13.250000,113.350000,150.260000
2021-08-06,20.870000,10.960000,112.000000,150.960000
2021-08-09,21.270000,12.750000,115.090000,153.130000
2021-08-10,21.210000,13.230000,114.150000,153.330000
2021-08-11,20.670000,11.580000,118.050000,154.320000
2021-08-12,20.250000,11.540000,117.720000,157.180000
2021-08-13,20.260000,11.210000,117.810000,159.660000
2021-08-16,20.640000,13.070000,117.690000,152.540000
2021-08-17,21.700000,16.290000,120.530000,149.050000
2021-08-18,23.800000,23.120000,128.410000,148.540000
2021-08-19,24.200000,21.240000,130.410000,151.190000
2021-08-20,22.410000,15.100000,120.510000,153.510000
2021-08-23,21.200000,14.020000,113.330000,159.020000
2021-08-24,21.220000,13.940000,111.090000,157.130000
2021-08-25,20.790000,12.990000,108.840000,159.510000
2021-08-26,21.860000,17.110000,116.600000,157.250000
2021-08-27,20.610000,12.320000,109.620000,162.430000
2021-08-30,20.400000,12.000000,107.900000,157.990000
2021-08-31,20.420000,12.750000,105.810000,155.910000
2021-09-01,20.080000,11.750000,105.200000,154.750000
2021-09-02,20.130000,12.730000,105.700000,156.980000
2021-09-03,20.320000,11.660000,105.480000,162.270000
2021-09-07,21.530000,15.330000,111.010000,154.760000
2021-09-08,21.590000,14.750000,115.060000,153.390000
2021-09-09,22.060000,16.550000,117.030000,149.970000
2021-09-10,23.310000,22.580000,124.980000,151.160000
2021-09-13,22.470000,20.200000,118.010000,148.500000
2021-09-14,22.550000,19.430000,120.370000,146.730000
2021-09-15,21.760000,16.200000,112.480000,154.330000
2021-09-16,21.810000,16.640000,112.110000,152.880000
2021-09-17,23.220000,19.660000,118.900000,149.520000
2021-09-20,26.400000,27.700000,138.930000,141.570000
2021-09-21,25.470000,25.130000,130.760000,139.980000
2021-09-22,23.050000,19.460000,117.620000,144.120000
2021-09-23,21.370000,17.080000,108.310000,146.870000
2021-09-24,20.820000,15.240000,103.070000,145.670000
2021-09-27,21.400000,16.960000,107.730000,144.660000
2021-09-28,24.030000,24.560000,121.060000,140.080000
2021-09-29,23.720000,21.790000,119.040000,137.990000
2021-09-30,23.870000,23.030000,118.010000,135.550000
2021-10-01,23.050000,19.420000,113.140000,135.050000
2021-10-04,24.110000,23.040000,117.170000,130.870000
2021-10-05,23.110000,20.320000,110.750000,131.680000
2021-10-06,22.840000,19.540000,110.920000,131.510000
2021-10-07,22.120000,18.130000,107.430000,133.320000
2021-10-08,21.880000,16.740000,107.270000,134.460000
2021-10-11,22.390000,19.750000,110.290000,134.700000
2021-10-12,22.330000,19.410000,109.120000,134.100000
2021-10-13,21.540000,17.450000,108.720000,135.770000
2021-10-14,20.370000,14.800000,107.970000,143.780000
2021-10-15,20.300000,13.240000,106.760000,147.270000
2021-10-18,20.290000,13.910000,104.370000,143.770000
2021-10-19,19.980000,13.340000,103.060000,141.010000
2021-10-20,19.870000,12.690000,101.840000,141.230000
2021-10-21,19.480000,11.810000,102.140000,140.940000
2021-10-22,20.010000,11.980000,106.080000,139.340000
2021-10-25,19.560000,13.090000,102.360000,140.940000
2021-10-26,20.110000,14.330000,103.250000,141.300000
2021-10-27,20.890000,15.160000,109.610000,140.600000
2021-10-28,20.480000,14.310000,106.280000,144.730000
2021-10-29,20.370000,13.670000,105.170000,148.090000
2021-11-01,20.390000,15.020000,106.660000,145.810000
2021-11-02,20.100000,14.740000,105.440000,146.680000
2021-11-03,19.500000,13.100000,102.250000,149.770000
2021-11-04,19.700000,13.040000,104.460000,151.670000
2021-11-05,20.490000,13.150000,110.210000,148.830000
2021-11-08,20.980000,14.430000,111.490000,149.240000
2021-11-09,21.410000,15.190000,110.550000,144.090000
2021-11-10,22.000000,15.950000,117.190000,144.890000
2021-11-11,21.380000,14.300000,114.660000,144.030000
2021-11-12,20.690000,11.990000,112.110000,144.370000
2021-11-15,20.870000,12.200000,110.660000,142.380000
2021-11-16,20.900000,11.940000,109.580000,139.560000
2021-11-17,21.580000,11.510000,111.530000,141.960000
2021-11-18,21.900000,12.430000,112.150000,144.800000
2021-11-19,21.920000,12.450000,113.740000,148.440000
2021-11-22,22.630000,16.060000,118.620000,147.440000
2021-11-23,22.450000,16.350000,115.030000,146.990000
2021-11-24,21.900000,14.820000,110.480000,148.150000
2021-11-26,29.170000,30.600000,149.740000,148.270000
2021-11-29,25.040000,21.430000,131.240000,149.930000
2021-11-30,28.130000,28.380000,142.550000,150.550000
2021-12-01,30.790000,33.930000,155.020000,155.210000
2021-12-02,29.150000,28.040000,147.310000,151.380000
2021-12-03,31.780000,31.700000,156.100000,149.640000
2021-12-06,28.880000,27.290000,138.880000,151.640000
2021-12-07,24.960000,20.830000,117.920000,151.660000
2021-12-08,23.630000,17.500000,114.290000,151.200000
2021-12-09,24.660000,20.490000,121.790000,149.660000
2021-12-10,23.180000,15.700000,113.850000,147.340000
2021-12-13,24.320000,18.540000,121.070000,146.070000
2021-12-14,25.350000,21.020000,126.570000,137.760000
2021-12-15,23.300000,16.780000,118.610000,141.750000
2021-12-16,24.370000,18.760000,128.970000,140.290000
2021-12-17,25.380000,19.350000,136.060000,134.940000
2021-12-20,26.310000,22.210000,138.670000,131.710000
2021-12-21,25.000000,18.830000,131.410000,136.330000
2021-12-22,23.560000,14.760000,122.700000,142.040000
2021-12-23,23.240000,13.710000,120.460000,150.260000
2021-12-27,22.740000,14.480000,115.920000,151.870000
2021-12-28,22.330000,14.400000,114.830000,153.210000
2021-12-29,21.830000,12.850000,109.500000,156.240000
2021-12-30,21.880000,13.860000,110.840000,155.270000
2021-12-31,21.880000,13.260000,109.670000,154.380000
2022-01-03,21.530000,13.520000,108.450000,151.490000
2022-01-04,21.620000,13.880000,109.310000,150.360000
2022-01-05,23.470000,18.070000,119.310000,143.410000
2022-01-06,23.500000,17.060000,117.820000,140.770000
2022-01-07,22.870000,15.400000,113.860000,139.140000
2022-01-10,22.680000,17.910000,113.020000,139.240000
2022-01-11,21.980000,16.590000,111.610000,138.090000
2022-01-12,21.580000,14.680000,113.940000,135.730000
2022-01-13,23.410000,18.790000,123.440000,133.130000
2022-01-14,22.820000,17.310000,117.570000,133.850000
2022-01-18,25.120000,24.170000,127.950000,129.720000
2022-01-19,25.810000,23.960000,129.850000,134.730000
2022-01-20,27.250000,26.730000,135.600000,127.580000
2022-01-21,29.950000,30.860000,149.500000,136.180000
2022-01-24,30.820000,35.820000,154.380000,136.060000
2022-01-25,31.760000,37.180000,150.800000,133.900000
2022-01-26,31.950000,37.400000,148.550000,133.380000
2022-01-27,30.870000,33.030000,141.140000,132.220000
2022-01-28,28.820000,28.130000,132.440000,132.960000
2022-01-31,26.850000,25.330000,125.060000,131.440000
2022-02-01,24.760000,21.100000,117.990000,133.000000
2022-02-02,25.140000,21.600000,119.610000,132.050000
2022-02-03,26.670000,24.110000,125.110000,132.750000
2022-02-04,26.250000,21.860000,124.890000,129.290000
2022-02-07,25.690000,21.610000,124.130000,126.250000
2022-02-08,24.540000,20.070000,118.860000,127.720000
2022-02-09,23.490000,18.670000,119.320000,129.780000
2022-02-10,26.070000,23.710000,129.100000,128.110000
2022-02-11,28.830000,26.840000,141.170000,126.810000
2022-02-14,29.440000,27.620000,140.590000,128.120000
2022-02-15,27.280000,24.490000,129.050000,129.760000
2022-02-16,26.260000,21.320000,122.580000,132.750000
2022-02-17,29.320000,27.690000,134.490000,131.310000
2022-02-18,29.220000,26.030000,133.640000,128.360000
2022-02-22,29.110000,28.620000,130.690000,128.330000
2022-02-23,30.880000,30.710000,131.240000,126.880000
2022-02-24,30.050000,30.040000,128.500000,130.480000
2022-02-25,28.040000,26.150000,117.760000,132.510000
2022-02-28,29.650000,31.500000,123.640000,137.360000
2022-03-01,32.590000,34.800000,132.800000,134.420000
2022-03-02,30.970000,30.790000,124.920000,136.110000
2022-03-03,30.800000,30.020000,122.360000,133.280000
2022-03-04,32.340000,31.110000,127.850000,134.980000
2022-03-07,35.740000,38.570000,133.660000,136.690000
2022-03-08,35.000000,36.660000,139.710000,135.250000
2022-03-09,33.060000,33.440000,130.860000,134.120000
2022-03-10,31.520000,30.010000,125.470000,130.940000
2022-03-11,32.340000,30.630000,125.580000,130.700000
2022-03-14,33.320000,34.230000,126.260000,131.810000
2022-03-15,31.960000,30.710000,122.180000,130.660000
2022-03-16,28.960000,26.510000,115.100000,132.000000
2022-03-17,28.220000,24.940000,109.250000,134.930000
2022-03-18,26.550000,22.190000,106.740000,136.640000
2022-03-21,26.380000,22.730000,108.960000,135.730000
2022-03-22,25.850000,22.570000,108.220000,139.720000
2022-03-23,26.410000,23.210000,108.770000,136.710000
2022-03-24,25.300000,20.420000,106.050000,138.390000
2022-03-25,24.720000,18.450000,109.210000,140.260000
2022-03-28,24.180000,17.820000,108.290000,138.870000
2022-03-29,23.190000,17.540000,104.350000,140.000000
2022-03-30,23.570000,17.430000,107.410000,139.280000
2022-03-31,24.460000,18.400000,111.450000,140.730000
2022-04-01,24.210000,16.000000,112.220000,145.510000
2022-04-04,23.030000,15.760000,107.110000,146.480000
2022-04-05,24.900000,18.620000,116.270000,141.330000
2022-04-06,25.800000,19.640000,114.840000,144.270000
2022-04-07,25.230000,19.050000,113.330000,139.550000
2022-04-08,25.170000,17.300000,112.140000,141.510000
2022-04-11,27.000000,22.850000,117.350000,137.910000
2022-04-12,27.170000,22.490000,117.260000,137.620000
2022-04-13,25.540000,19.150000,113.760000,139.860000
2022-04-14,26.030000,19.340000,114.750000,134.390000
2022-04-18,25.750000,20.880000,110.900000,130.940000
2022-04-19,25.060000,20.700000,106.060000,130.940000
2022-04-20,24.150000,19.300000,103.030000,134.180000
2022-04-21,26.110000,22.210000,110.930000,132.720000
2022-04-22,29.870000,29.070000,122.370000,136.220000
2022-04-25,29.070000,28.950000,116.980000,133.420000
2022-04-26,33.140000,37.740000,127.500000,137.430000
2022-04-27,32.200000,34.820000,123.710000,138.090000
2022-04-28,31.150000,32.250000,119.750000,136.350000
2022-04-29,33.180000,36.110000,121.980000,136.690000
2022-05-02,33.010000,35.400000,124.480000,131.400000
2022-05-03,30.810000,31.610000,117.550000,129.000000
2022-05-04,28.090000,26.160000,106.620000,127.750000
2022-05-05,32.680000,33.250000,119.180000,128.650000
2022-05-06,32.310000,29.790000,116.780000,126.210000
2022-05-09,35.050000,36.650000,125.930000,127.050000
2022-05-10,33.970000,34.700000,120.980000,125.860000
2022-05-11,33.630000,33.920000,125.890000,124.510000
2022-05-12,33.080000,33.320000,122.110000,119.910000
2022-05-13,30.700000,29.380000,113.890000,122.090000
2022-05-16,29.510000,28.520000,108.260000,117.530000
2022-05-17,28.370000,26.920000,101.200000,117.680000
2022-05-18,32.800000,32.300000,114.960000,123.460000
2022-05-19,30.790000,30.690000,104.890000,122.660000
2022-05-20,31.140000,29.190000,107.800000,122.320000
2022-05-23,30.290000,28.980000,102.680000,120.550000
2022-05-24,30.740000,29.480000,104.290000,122.960000
2022-05-25,29.730000,27.370000,98.790000,118.850000
2022-05-26,29.280000,25.670000,96.250000,122.280000
2022-05-27,28.020000,23.130000,93.660000,121.250000
2022-05-31,27.990000,25.910000,93.100000,119.100000
2022-06-01,27.720000,25.120000,91.390000,119.300000
2022-06-02,27.060000,23.570000,91.080000,121.400000
2022-06-03,27.330000,23.050000,90.500000,122.250000
2022-06-06,27.220000,25.570000,89.530000,122.360000
2022-06-07,26.520000,24.230000,87.820000,120.660000
2022-06-08,26.540000,23.910000,92.680000,119.130000
2022-06-09,28.010000,27.540000,98.820000,120.660000
2022-06-10,29.720000,28.780000,99.750000,121.640000
2022-06-13,34.240000,38.860000,113.720000,124.140000
2022-06-14,33.280000,36.950000,111.010000,125.160000
2022-06-15,30.780000,32.530000,105.370000,118.360000
2022-06-16,33.490000,36.580000,114.360000,122.480000
2022-06-17,32.360000,30.400000,110.060000,121.150000
2022-06-21,31.250000,30.380000,104.370000,121.380000
2022-06-22,30.240000,28.300000,99.660000,119.220000
2022-06-23,30.190000,28.290000,98.310000,121.110000
2022-06-24,28.950000,26.040000,91.340000,120.430000
2022-06-27,28.180000,25.810000,87.580000,119.980000
2022-06-28,29.150000,27.180000,90.620000,120.460000
2022-06-29,29.000000,26.560000,88.920000,119.260000
2022-06-30,29.710000,26.860000,89.390000,119.940000
2022-07-01,28.520000,23.560000,85.510000,118.590000
2022-07-05,28.900000,27.340000,87.300000,118.190000
2022-07-06,28.390000,25.950000,85.880000,117.450000
2022-07-07,28.030000,24.790000,85.880000,118.760000
2022-07-08,27.300000,21.910000,84.740000,118.130000
2022-07-11,28.250000,24.460000,88.050000,119.800000
2022-07-12,28.820000,27.130000,90.060000,121.330000
2022-07-13,28.560000,25.940000,90.490000,120.410000
2022-07-14,28.610000,25.220000,90.730000,121.920000
2022-07-15,27.080000,22.140000,89.370000,122.480000
2022-07-18,27.820000,25.600000,91.860000,120.550000
2022-07-19,27.310000,26.200000,88.610000,120.040000
2022-07-20,26.700000,25.180000,86.750000,117.240000
2022-07-21,26.220000,23.440000,85.040000,118.710000
2022-07-22,25.970000,22.090000,84.530000,119.150000
2022-07-25,25.800000,23.090000,83.820000,119.460000
2022-07-26,26.420000,24.950000,84.830000,121.290000
2022-07-27,25.310000,22.140000,81.770000,121.920000
2022-07-28,24.330000,20.810000,80.880000,122.670000
2022-07-29,23.790000,18.570000,80.290000,122.290000
2022-08-01,24.860000,21.940000,86.340000,122.940000
2022-08-02,25.660000,23.250000,88.470000,121.780000
2022-08-03,24.370000,20.560000,84.600000,121.160000
2022-08-04,24.320000,19.690000,83.690000,122.810000
2022-08-05,24.180000,19.320000,84.130000,125.970000
2022-08-08,24.480000,19.930000,86.950000,123.690000
2022-08-09,24.690000,20.810000,87.490000,123.910000
2022-08-10,23.460000,17.590000,90.040000,125.040000
2022-08-11,23.710000,18.030000,90.840000,126.840000
2022-08-12,23.310000,16.780000,91.010000,129.340000
2022-08-15,23.320000,18.540000,88.730000,127.620000
2022-08-16,23.320000,18.600000,88.050000,126.090000
2022-08-17,23.600000,18.640000,87.470000,122.060000
2022-08-18,23.390000,17.670000,86.460000,124.220000
2022-08-19,24.320000,18.240000,89.770000,123.680000
2022-08-22,26.000000,22.850000,94.750000,123.930000
2022-08-23,25.920000,23.350000,93.340000,123.830000
2022-08-24,24.890000,21.200000,86.450000,122.780000
2022-08-25,24.130000,20.340000,83.320000,123.100000
2022-08-26,26.560000,23.900000,91.660000,124.570000
2022-08-29,26.820000,24.760000,91.570000,121.970000
2022-08-30,26.910000,24.410000,91.110000,121.010000
2022-08-31,26.650000,23.690000,88.400000,119.710000
2022-09-01,26.430000,23.760000,87.740000,120.740000
2022-09-02,26.480000,22.970000,89.190000,119.810000
2022-09-06,27.590000,26.990000,94.080000,119.840000
2022-09-07,26.100000,24.050000,88.260000,119.050000
2022-09-08,25.520000,22.840000,85.570000,119.080000
2022-09-09,25.140000,21.710000,84.090000,119.660000
2022-09-12,25.370000,25.260000,84.530000,121.060000
2022-09-13,27.950000,29.140000,93.890000,125.460000
2022-09-14,27.460000,27.280000,93.580000,120.190000
2022-09-15,27.600000,27.110000,92.610000,119.970000
2022-09-16,27.630000,27.060000,92.420000,117.710000
2022-09-19,27.010000,27.780000,88.990000,116.260000
2022-09-20,27.880000,30.390000,91.120000,116.690000
2022-09-21,28.760000,30.340000,92.050000,116.210000
2022-09-22,28.220000,27.670000,89.180000,115.860000
2022-09-23,30.320000,30.250000,101.550000,118.990000
2022-09-26,31.770000,34.140000,109.090000,120.010000
2022-09-27,32.120000,33.490000,113.760000,120.390000
2022-09-28,30.580000,31.160000,105.830000,120.380000
2022-09-29,31.740000,32.670000,108.310000,121.540000
2022-09-30,31.860000,31.190000,106.190000,123.590000
2022-10-03,30.690000,30.650000,103.030000,121.380000
2022-10-04,29.670000,29.820000,96.830000,122.460000
2022-10-05,29.430000,28.810000,92.790000,121.780000
2022-10-06,30.790000,31.300000,97.730000,122.440000
2022-10-07,32.100000,30.550000,103.370000,121.810000
2022-10-10,32.730000,32.220000,107.110000,120.070000
2022-10-11,33.360000,34.660000,105.260000,120.120000
2022-10-12,33.130000,34.610000,109.190000,119.990000
2022-10-13,31.800000,31.510000,101.260000,117.820000
2022-10-14,32.450000,29.670000,101.940000,119.300000
2022-10-17,31.740000,30.600000,97.320000,116.970000
2022-10-18,30.980000,28.990000,92.300000,116.880000
2022-10-19,31.350000,28.670000,90.690000,117.260000
2022-10-20,30.810000,27.870000,88.350000,117.410000
2022-10-21,30.470000,28.460000,87.320000,116.190000
2022-10-24,30.330000,31.660000,86.060000,114.970000
2022-10-25,29.290000,30.670000,82.210000,114.640000
2022-10-26,28.460000,29.320000,80.420000,113.860000
2022-10-27,28.280000,29.770000,82.510000,113.230000
2022-10-28,26.900000,27.810000,78.120000,112.060000
2022-10-31,26.920000,29.800000,78.860000,111.960000
2022-11-01,26.690000,30.510000,80.240000,111.440000
2022-11-02,27.220000,29.370000,80.930000,111.990000
2022-11-03,26.700000,28.400000,79.170000,110.340000
2022-11-04,26.390000,27.040000,79.240000,111.620000
2022-11-07,26.260000,27.160000,79.950000,111.670000
2022-11-08,27.100000,28.700000,84.600000,113.550000
2022-11-09,27.910000,28.900000,90.110000,114.360000
2022-11-10,26.180000,24.460000,85.780000,111.420000
2022-11-11,25.740000,21.310000,85.890000,114.090000
2022-11-14,26.130000,21.190000,84.570000,113.670000
2022-11-15,26.590000,21.800000,88.310000,115.940000
2022-11-16,26.030000,19.670000,81.380000,115.560000
2022-11-17,25.830000,19.740000,81.160000,115.240000
2022-11-18,25.330000,18.340000,77.680000,114.970000
2022-11-21,24.720000,19.510000,77.110000,114.520000
2022-11-22,23.830000,19.030000,77.810000,116.240000
2022-11-23,23.380000,16.910000,81.720000,118.650000
2022-11-25,23.590000,17.060000,82.500000,128.110000
2022-11-28,24.900000,20.070000,87.330000,118.470000
2022-11-29,24.650000,20.390000,85.430000,120.380000
2022-11-30,23.530000,18.870000,81.790000,118.470000
2022-12-01,23.310000,18.380000,82.190000,117.790000
2022-12-02,22.960000,17.950000,81.570000,118.110000
2022-12-05,23.890000,23.810000,84.710000,117.750000
2022-12-06,24.720000,27.080000,86.590000,117.110000
2022-12-07,25.180000,28.070000,87.180000,117.810000
2022-12-08,24.730000,26.740000,84.900000,117.540000
2022-12-09,25.210000,26.480000,87.260000,119.240000
2022-12-12,25.670000,29.540000,91.730000,121.860000
2022-12-13,24.290000,23.700000,88.740000,122.730000
2022-12-14,23.460000,20.200000,88.350000,124.230000
2022-12-15,25.080000,21.730000,92.260000,124.490000
2022-12-16,25.150000,20.510000,89.150000,120.040000
2022-12-19,25.080000,20.830000,87.540000,117.090000
2022-12-20,24.400000,19.780000,83.000000,115.570000
2022-12-21,23.350000,17.580000,77.640000,114.250000
2022-12-22,24.780000,19.840000,81.940000,114.420000
2022-12-23,24.130000,17.490000,78.840000,114.570000
2022-12-27,24.430000,19.770000,78.650000,113.440000
2022-12-28,24.580000,20.880000,79.900000,112.030000
2022-12-29,23.950000,20.490000,77.280000,113.270000
2022-12-30,24.290000,21.140000,77.050000,113.570000
2023-01-03,24.580000,25.080000,80.340000,112.740000
2023-01-04,23.810000,23.920000,76.650000,112.140000
2023-01-05,24.070000,24.540000,75.960000,112.670000
2023-01-06,23.180000,21.570000,73.880000,113.860000
2023-01-09,23.740000,23.040000,77.270000,114.420000
2023-01-10,22.740000,21.500000,76.020000,114.650000
2023-01-11,22.740000,22.410000,78.940000,115.100000
2023-01-12,21.580000,16.460000,78.790000,117.390000
2023-01-13,21.140000,14.820000,80.890000,121.700000
2023-01-17,21.450000,16.610000,83.440000,120.010000
2023-01-18,22.270000,17.240000,85.330000,119.910000
2023-01-19,22.450000,18.280000,85.140000,121.230000
2023-01-20,21.720000,18.260000,81.030000,120.190000
2023-01-23,21.600000,21.250000,78.340000,120.910000
2023-01-24,20.910000,21.840000,79.370000,121.340000
2023-01-25,20.940000,22.010000,80.740000,121.040000
2023-01-26,20.700000,21.050000,81.600000,121.490000
2023-01-27,20.470000,20.030000,83.310000,121.970000
2023-01-30,21.370000,22.420000,86.130000,120.690000
2023-01-31,20.810000,21.740000,83.900000,123.290000
2023-02-01,19.970000,18.560000,81.200000,122.190000
2023-02-02,20.840000,19.130000,84.970000,123.880000
2023-02-03,20.780000,17.760000,83.490000,123.080000
2023-02-06,21.430000,20.670000,85.100000,123.010000
2023-02-07,20.780000,19.620000,84.540000,123.360000
2023-02-08,21.820000,21.000000,94.830000,121.520000
2023-02-09,22.500000,22.740000,97.960000,120.580000
2023-02-10,22.550000,21.500000,95.630000,120.880000
2023-02-13,21.970000,21.410000,93.950000,122.480000
2023-02-14,21.140000,17.720000,89.200000,121.270000
2023-02-15,20.680000,16.020000,84.810000,121.360000
2023-02-16,21.880000,19.330000,88.250000,123.090000
2023-02-17,21.770000,16.940000,87.970000,122.890000
2023-02-21,23.380000,21.140000,95.990000,124.090000
2023-02-22,22.680000,19.200000,91.240000,122.810000
2023-02-23,21.740000,18.110000,85.160000,121.850000
2023-02-24,22.430000,18.380000,85.260000,121.220000
2023-02-27,21.590000,19.370000,83.210000,120.540000
2023-02-28,21.320000,19.590000,80.760000,120.010000
2023-03-01,21.360000,19.590000,80.550000,118.890000
2023-03-02,20.630000,18.710000,77.340000,117.580000
2023-03-03,19.980000,17.760000,75.930000,118.140000
2023-03-06,19.990000,19.600000,76.410000,120.190000
2023-03-07,20.590000,20.960000,78.540000,120.560000
2023-03-08,20.190000,20.570000,74.670000,119.320000
2023-03-09,22.870000,25.460000,92.040000,122.220000
2023-03-10,25.390000,26.860000,108.620000,130.270000
2023-03-13,26.640000,30.930000,114.540000,132.140000
2023-03-14,24.870000,25.970000,104.900000,132.720000
2023-03-15,27.200000,29.310000,122.750000,136.620000
2023-03-16,24.560000,24.610000,110.770000,134.530000
2023-03-17,27.420000,27.010000,124.750000,131.340000
2023-03-20,25.850000,25.900000,110.160000,129.910000
2023-03-21,23.570000,22.840000,101.190000,127.460000
2023-03-22,24.380000,23.750000,102.640000,123.160000
2023-03-23,24.530000,23.110000,102.920000,125.500000
2023-03-24,23.960000,20.620000,99.720000,126.880000
2023-03-27,22.870000,19.310000,95.070000,126.000000
2023-03-28,22.380000,18.330000,91.410000,122.900000
2023-03-29,21.490000,17.170000,87.780000,123.760000
2023-03-30,21.450000,17.300000,85.340000,126.310000
2023-03-31,21.230000,16.510000,87.530000,125.850000
2023-04-03,20.830000,17.030000,84.070000,126.210000
2023-04-04,21.340000,17.420000,84.720000,127.030000
2023-04-05,21.480000,16.990000,85.920000,126.980000
2023-04-06,21.000000,15.680000,84.640000,124.420000
2023-04-10,21.070000,16.800000,85.940000,126.960000
2023-04-11,21.010000,16.860000,85.920000,127.420000
2023-04-12,21.050000,15.900000,87.060000,130.000000
2023-04-13,20.260000,14.650000,84.730000,132.360000
2023-04-14,20.030000,13.350000,84.010000,134.650000
2023-04-17,19.650000,14.510000,83.150000,135.040000
2023-04-18,19.820000,14.710000,88.010000,137.120000
2023-04-19,20.020000,14.300000,95.040000,130.480000
2023-04-20,20.550000,15.130000,98.460000,133.490000
2023-04-21,20.390000,14.880000,96.940000,132.940000
2023-04-24,20.400000,16.650000,93.960000,132.400000
2023-04-25,21.650000,19.080000,94.350000,130.290000
2023-04-26,21.540000,19.280000,90.650000,130.500000
2023-04-27,20.370000,17.220000,85.790000,136.600000
2023-04-28,19.540000,15.530000,86.900000,138.440000
2023-05-01,19.670000,16.070000,88.210000,135.660000
2023-05-02,20.750000,18.610000,91.460000,131.090000
2023-05-03,21.290000,18.490000,91.540000,130.410000
2023-05-04,22.770000,19.880000,98.740000,130.540000
2023-05-05,20.780000,15.340000,91.800000,134.320000
2023-05-08,20.710000,15.240000,91.980000,132.320000
2023-05-09,21.170000,16.400000,92.450000,133.880000
2023-05-10,20.690000,14.590000,97.530000,138.630000
2023-05-11,20.620000,14.490000,97.320000,138.180000
2023-05-12,20.660000,14.090000,100.540000,140.260000
2023-05-15,20.310000,14.640000,94.650000,138.570000
2023-05-16,20.900000,15.990000,97.630000,137.320000
2023-05-17,20.050000,14.670000,92.760000,137.530000
2023-05-18,19.330000,14.060000,89.060000,138.060000
2023-05-19,20.040000,14.250000,94.770000,135.520000
2023-05-22,20.360000,15.520000,97.640000,136.240000
2023-05-23,21.060000,17.370000,101.910000,136.420000
2023-05-24,22.020000,19.770000,106.520000,138.370000
2023-05-25,21.380000,18.460000,103.880000,140.730000
2023-05-26,20.440000,17.240000,97.570000,146.460000
2023-05-30,20.130000,16.510000,91.910000,145.140000
2023-05-31,20.210000,16.850000,91.390000,158.300000
2023-06-01,18.750000,13.980000,85.070000,151.980000
2023-06-02,17.920000,12.740000,86.160000,142.610000
2023-06-05,17.900000,14.140000,85.770000,143.180000
2023-06-06,17.040000,13.830000,85.740000,146.270000
2023-06-07,17.140000,13.860000,84.000000,151.010000
2023-06-08,16.860000,13.590000,87.630000,155.530000
2023-06-09,16.960000,13.290000,89.700000,152.780000
2023-06-12,17.280000,15.350000,92.830000,157.710000
2023-06-13,17.230000,14.400000,92.100000,156.440000
2023-06-14,16.860000,12.710000,91.910000,150.370000
2023-06-15,17.180000,13.580000,93.950000,147.860000
2023-06-16,16.750000,11.330000,90.690000,143.070000
2023-06-20,17.300000,12.920000,96.260000,138.750000
2023-06-21,16.890000,12.030000,92.730000,133.720000
2023-06-22,16.560000,11.150000,90.640000,136.150000
2023-06-23,16.870000,11.610000,92.340000,137.850000
2023-06-26,17.050000,12.680000,95.420000,140.090000
2023-06-27,16.440000,12.050000,91.330000,140.560000
2023-06-28,15.900000,11.740000,85.790000,138.370000
2023-06-29,16.100000,11.750000,85.260000,143.050000
2023-06-30,16.020000,11.530000,83.110000,149.960000
2023-07-03,16.070000,12.000000,84.170000,145.240000
2023-07-05,16.510000,12.570000,87.760000,144.080000
2023-07-06,17.520000,13.960000,95.300000,148.450000
2023-07-07,17.240000,12.600000,94.490000,148.130000
2023-07-10,17.250000,13.500000,95.330000,142.490000
2023-07-11,16.970000,13.700000,95.210000,143.990000
2023-07-12,16.110000,11.380000,95.850000,148.320000
2023-07-13,16.120000,12.130000,96.430000,147.080000
2023-07-14,16.040000,11.900000,94.890000,149.480000
2023-07-17,16.270000,13.090000,95.980000,142.240000
2023-07-18,16.130000,13.150000,92.990000,141.860000
2023-07-19,16.560000,13.360000,93.570000,141.250000
2023-07-20,16.660000,13.570000,94.060000,142.820000
2023-07-21,16.400000,12.500000,93.360000,142.550000
2023-07-24,16.260000,13.410000,91.740000,143.750000
2023-07-25,16.220000,13.490000,90.000000,142.180000
2023-07-26,15.790000,11.740000,85.380000,143.580000
2023-07-27,16.630000,13.470000,94.050000,147.930000
2023-07-28,15.920000,11.230000,87.380000,143.480000
2023-07-31,16.010000,12.620000,86.680000,145.470000
2023-08-01,16.340000,13.010000,87.490000,142.570000
2023-08-02,17.960000,15.400000,96.200000,145.750000
2023-08-03,17.720000,15.060000,94.040000,147.380000
2023-08-04,18.610000,16.090000,99.630000,153.350000
2023-08-07,17.720000,14.680000,92.990000,148.540000
2023-08-08,18.130000,14.810000,94.910000,142.300000
2023-08-09,18.050000,15.330000,97.430000,137.120000
2023-08-10,18.160000,15.380000,99.780000,136.580000
2023-08-11,17.560000,13.630000,96.680000,135.160000
2023-08-14,17.410000,14.570000,95.330000,136.900000
2023-08-15,18.590000,16.560000,103.280000,136.690000
2023-08-16,18.970000,16.360000,104.540000,132.090000
2023-08-17,19.830000,17.470000,106.740000,132.510000
2023-08-18,19.240000,16.540000,97.280000,134.770000
2023-08-21,18.770000,16.820000,95.240000,133.590000
2023-08-22,18.720000,16.390000,92.620000,134.060000
2023-08-23,17.940000,15.340000,88.990000,131.820000
2023-08-24,18.750000,16.100000,92.170000,132.480000
2023-08-25,17.720000,13.780000,84.320000,132.270000
2023-08-28,17.120000,13.530000,82.230000,130.190000
2023-08-29,16.560000,13.300000,79.050000,135.230000
2023-08-30,16.180000,12.420000,78.630000,142.140000
2023-08-31,15.920000,11.790000,80.800000,144.700000
2023-09-01,15.740000,10.450000,82.650000,144.280000
2023-09-05,16.240000,12.890000,86.430000,139.620000
2023-09-06,16.610000,13.100000,87.850000,137.880000
2023-09-07,16.580000,13.100000,87.650000,135.590000
2023-09-08,16.140000,12.380000,85.270000,138.180000
2023-09-11,16.020000,13.270000,85.190000,138.210000
2023-09-12,16.250000,14.050000,85.630000,136.250000
2023-09-13,15.920000,12.470000,84.970000,137.420000
2023-09-14,15.340000,11.800000,82.480000,144.320000
2023-09-15,16.020000,12.510000,84.840000,142.920000
2023-09-18,16.130000,13.620000,84.770000,137.650000
2023-09-19,16.130000,14.230000,83.540000,137.310000
2023-09-20,16.810000,15.270000,88.050000,135.740000
2023-09-21,18.240000,18.880000,94.440000,135.940000
2023-09-22,18.090000,17.510000,90.540000,137.740000
2023-09-25,18.020000,17.560000,91.740000,133.060000
2023-09-26,19.720000,19.850000,103.040000,136.300000
2023-09-27,19.110000,18.920000,97.090000,135.380000
2023-09-28,18.380000,17.630000,93.720000,133.480000
2023-09-29,18.510000,17.200000,94.100000,134.500000
2023-10-02,18.620000,17.610000,95.390000,129.170000
2023-10-03,20.410000,19.900000,104.390000,129.780000
2023-10-04,19.520000,18.300000,95.580000,130.680000
2023-10-05,19.500000,18.360000,95.590000,129.750000
2023-10-06,18.730000,16.290000,91.160000,129.360000
2023-10-09,18.810000,17.880000,92.030000,133.640000
2023-10-10,18.270000,17.110000,90.100000,135.170000
2023-10-11,17.630000,15.170000,90.570000,137.610000
2023-10-12,18.090000,15.870000,91.870000,136.130000
2023-10-13,20.570000,18.760000,108.100000,144.300000
2023-10-16,18.790000,17.190000,95.690000,137.950000
2023-10-17,19.260000,17.710000,95.800000,138.720000
2023-10-18,20.470000,18.900000,105.890000,137.100000
2023-10-19,22.190000,21.460000,116.470000,137.730000
2023-10-20,22.440000,20.760000,115.430000,136.740000
2023-10-23,21.330000,20.690000,109.000000,133.920000
2023-10-24,20.210000,19.310000,98.540000,132.440000
2023-10-25,21.330000,20.490000,102.920000,132.290000
2023-10-26,21.570000,20.800000,101.970000,133.380000
2023-10-27,22.270000,21.360000,102.040000,132.740000
2023-10-30,20.800000,20.650000,95.230000,130.130000
2023-10-31,19.490000,19.020000,87.940000,128.210000
2023-11-01,18.550000,16.870000,85.080000,129.820000
2023-11-02,17.800000,15.160000,83.240000,133.800000
2023-11-03,17.220000,13.710000,82.830000,140.090000
2023-11-06,17.030000,14.530000,84.330000,137.890000
2023-11-07,16.920000,14.430000,83.430000,139.520000
2023-11-08,16.640000,13.830000,85.040000,139.410000
2023-11-09,17.300000,14.700000,88.740000,139.280000
2023-11-10,16.520000,12.780000,85.660000,139.810000
2023-11-13,16.610000,13.800000,85.510000,135.270000
2023-11-14,16.290000,12.870000,83.770000,138.380000
2023-11-15,16.280000,11.890000,84.910000,142.980000
2023-11-16,16.140000,11.810000,83.230000,154.450000
2023-11-17,15.850000,10.670000,81.830000,146.880000
2023-11-20,15.690000,11.140000,81.810000,143.780000
2023-11-21,15.500000,11.470000,81.770000,140.800000
2023-11-22,15.480000,9.960000,83.380000,141.550000
2023-11-24,15.120000,9.830000,83.000000,144.540000
2023-11-27,15.340000,11.270000,85.150000,142.200000
2023-11-28,15.240000,11.520000,85.140000,142.680000
2023-11-29,15.510000,12.050000,87.790000,139.820000
2023-11-30,15.440000,12.300000,86.710000,140.910000
2023-12-01,15.360000,11.980000,85.900000,138.040000
2023-12-04,15.680000,13.460000,87.760000,136.040000
2023-12-05,15.570000,13.530000,85.760000,134.760000
2023-12-06,15.740000,13.670000,86.850000,132.500000
2023-12-07,15.650000,13.730000,86.000000,130.840000
2023-12-08,15.160000,12.210000,81.110000,134.100000
2023-12-11,15.190000,12.680000,82.350000,140.900000
2023-12-12,14.830000,11.640000,83.540000,148.830000
2023-12-13,14.660000,12.430000,80.830000,152.020000
2023-12-14,14.790000,12.290000,80.830000,162.510000
2023-12-15,15.130000,10.870000,88.040000,153.260000
2023-12-18,15.470000,11.440000,88.670000,139.360000
2023-12-19,15.640000,11.250000,88.770000,133.180000
2023-12-20,16.580000,13.670000,92.180000,136.860000
2023-12-21,16.300000,13.110000,89.850000,138.180000
2023-12-22,15.990000,11.560000,88.620000,134.460000
2023-12-26,15.880000,12.450000,88.870000,135.690000
2023-12-27,15.270000,11.230000,86.220000,135.640000
2023-12-28,15.230000,11.230000,86.690000,136.900000
2023-12-29,15.260000,10.670000,86.960000,138.050000
2024-01-02,15.480000,12.590000,88.090000,134.800000
2024-01-03,16.040000,13.240000,89.650000,134.230000
2024-01-04,16.040000,13.060000,87.590000,136.600000
2024-01-05,15.510000,11.710000,82.870000,132.680000
2024-01-08,15.140000,11.700000,81.260000,137.050000
2024-01-09,14.900000,11.350000,78.590000,140.950000
2024-01-10,14.730000,11.090000,77.090000,137.400000
2024-01-11,14.560000,10.750000,75.540000,140.360000
2024-01-12,14.940000,10.520000,86.070000,143.810000
2024-01-16,15.740000,12.640000,89.590000,139.940000
2024-01-17,16.380000,13.320000,91.360000,147.760000
2024-01-18,15.840000,12.660000,86.340000,148.150000
2024-01-19,15.260000,11.820000,81.950000,147.760000
2024-01-22,14.970000,13.180000,79.170000,146.010000
2024-01-23,14.520000,12.490000,76.670000,148.120000
2024-01-24,14.970000,13.580000,80.940000,150.250000
2024-01-25,15.100000,13.740000,81.390000,153.050000
2024-01-26,15.030000,13.070000,82.200000,151.360000
2024-01-29,15.220000,13.950000,83.400000,149.030000
2024-01-30,15.140000,13.720000,82.240000,148.730000
2024-01-31,15.960000,14.550000,87.560000,150.210000
2024-02-01,15.500000,13.280000,84.830000,160.080000
2024-02-02,15.610000,13.040000,83.310000,160.020000
2024-02-05,15.330000,13.350000,79.580000,155.490000
2024-02-06,14.990000,12.460000,76.970000,152.820000
2024-02-07,14.850000,11.960000,80.540000,151.410000
2024-02-08,14.930000,11.600000,83.070000,150.360000
2024-02-09,15.080000,11.610000,81.940000,156.620000
2024-02-12,15.670000,13.030000,84.630000,152.800000
2024-02-13,16.820000,15.000000,93.190000,170.520000
2024-02-14,15.930000,12.920000,83.170000,160.400000
2024-02-15,15.760000,12.470000,82.400000,148.900000
2024-02-16,15.860000,12.570000,82.630000,142.620000
2024-02-20,16.410000,14.850000,86.100000,141.450000
2024-02-21,16.230000,14.650000,84.660000,142.720000
2024-02-22,15.770000,13.170000,80.880000,145.910000
2024-02-23,15.250000,11.920000,78.860000,144.000000
2024-02-26,15.220000,13.130000,80.500000,143.600000
2024-02-27,14.890000,12.840000,78.540000,147.290000
2024-02-28,15.220000,13.520000,80.360000,149.090000
2024-02-29,14.930000,12.480000,77.450000,149.830000
2024-03-01,14.930000,11.820000,77.680000,150.420000
2024-03-04,15.230000,13.230000,79.410000,145.940000
2024-03-05,15.910000,14.880000,83.910000,144.900000
2024-03-06,15.970000,14.880000,83.110000,143.640000
2024-03-07,15.910000,14.550000,82.130000,142.940000
2024-03-08,16.300000,14.630000,86.560000,141.180000
2024-03-11,16.460000,16.460000,88.970000,142.270000
2024-03-12,15.660000,14.070000,83.760000,142.230000
2024-03-13,15.600000,14.100000,86.270000,144.170000
2024-03-14,16.120000,14.870000,88.750000,143.950000
2024-03-15,16.410000,14.160000,92.170000,138.910000
2024-03-18,16.220000,14.500000,86.780000,139.970000
2024-03-19,15.770000,13.640000,83.900000,141.610000
2024-03-20,15.280000,11.580000,78.870000,141.190000
2024-03-21,15.180000,11.170000,77.300000,154.000000
2024-03-22,15.300000,10.860000,76.490000,155.840000
2024-03-25,15.380000,11.470000,76.600000,151.600000
2024-03-26,15.290000,11.590000,76.770000,157.600000
2024-03-27,15.010000,10.530000,76.000000,157.110000
2024-03-28,15.190000,10.560000,76.570000,155.440000
2024-04-01,15.520000,12.620000,78.450000,146.330000
2024-04-02,16.090000,14.030000,82.760000,142.140000
2024-04-03,15.910000,13.270000,81.080000,138.520000
2024-04-04,17.160000,17.140000,90.040000,142.490000
2024-04-05,17.180000,15.460000,90.580000,142.640000
2024-04-08,16.560000,14.560000,86.260000,140.630000
2024-04-09,16.420000,14.700000,84.450000,139.280000
2024-04-10,17.040000,15.810000,91.760000,139.940000
2024-04-11,16.490000,14.180000,89.400000,136.160000
2024-04-12,18.200000,17.330000,102.720000,142.310000
2024-04-15,19.550000,20.760000,109.640000,137.720000
2024-04-16,18.840000,19.240000,99.250000,135.600000
2024-04-17,18.770000,18.100000,98.760000,134.380000
2024-04-18,18.660000,17.880000,95.990000,131.800000
2024-04-19,19.250000,18.130000,99.090000,133.400000
2024-04-22,17.630000,17.450000,89.540000,131.680000
2024-04-23,16.680000,16.250000,82.360000,135.610000
2024-04-24,16.840000,16.290000,83.610000,135.060000
2024-04-25,16.370000,15.810000,82.540000,134.080000
2024-04-26,16.270000,14.670000,79.560000,140.860000
2024-04-29,16.000000,15.110000,78.220000,138.300000
2024-04-30,16.590000,16.660000,81.820000,132.400000
2024-05-01,16.570000,15.910000,81.930000,133.350000
2024-05-02,16.050000,14.860000,78.590000,132.120000
2024-05-03,15.270000,12.000000,74.570000,135.180000
2024-05-06,15.020000,13.130000,73.460000,130.080000
2024-05-07,14.950000,12.760000,74.540000,133.640000
2024-05-08,14.900000,12.480000,74.500000,133.240000
2024-05-09,14.710000,11.920000,73.770000,136.460000
2024-05-10,14.660000,11.820000,73.260000,137.300000
2024-05-13,14.890000,13.710000,77.550000,139.650000
2024-05-14,14.700000,13.310000,77.650000,140.180000
2024-05-15,14.080000,11.420000,76.310000,140.640000
2024-05-16,14.220000,10.960000,77.740000,147.850000
2024-05-17,13.990000,9.670000,78.430000,143.050000
2024-05-20,14.110000,10.530000,79.450000,144.540000
2024-05-21,13.950000,10.080000,77.620000,149.520000
2024-05-22,14.310000,11.140000,79.960000,150.140000
2024-05-23,14.670000,10.790000,84.620000,153.330000
2024-05-24,14.170000,9.190000,79.090000,155.860000
2024-05-28,14.720000,11.510000,81.640000,152.230000
2024-05-29,15.450000,13.410000,83.790000,151.800000
2024-05-30,15.590000,13.670000,83.440000,146.610000
2024-05-31,14.660000,11.680000,78.270000,148.100000
2024-06-03,14.800000,13.910000,78.790000,139.010000
2024-06-04,14.880000,14.280000,77.650000,138.180000
2024-06-05,14.540000,13.990000,75.240000,141.400000
2024-06-06,14.540000,13.470000,77.910000,140.180000
2024-06-07,14.410000,12.330000,76.650000,139.610000
2024-06-10,14.600000,12.850000,78.970000,141.560000
2024-06-11,14.490000,12.870000,79.950000,144.700000
2024-06-12,14.120000,10.400000,77.600000,150.660000
2024-06-13,14.170000,10.280000,78.200000,162.250000
2024-06-14,14.840000,11.000000,83.720000,156.180000
2024-06-17,14.790000,11.940000,83.340000,153.840000
2024-06-18,14.690000,11.120000,80.630000,142.900000
2024-06-20,15.410000,12.360000,85.720000,148.600000
2024-06-21,15.170000,10.960000,83.310000,151.790000
2024-06-24,15.230000,11.830000,84.800000,147.130000
2024-06-25,14.860000,11.100000,82.870000,146.640000
2024-06-26,14.710000,10.510000,81.450000,143.490000
2024-06-27,14.420000,10.490000,79.500000,143.060000
2024-06-28,14.520000,10.540000,79.480000,141.790000
2024-07-01,14.190000,10.930000,76.050000,145.820000
2024-07-02,14.010000,10.600000,77.060000,147.160000
2024-07-03,14.020000,10.720000,78.070000,148.830000
2024-07-05,14.350000,10.810000,78.800000,150.200000
2024-07-08,14.290000,11.050000,78.590000,148.530000
2024-07-09,14.390000,11.110000,78.580000,151.090000
2024-07-10,14.500000,12.000000,83.410000,156.960000
2024-07-11,14.670000,11.420000,84.470000,152.230000
2024-07-12,14.370000,10.550000,81.610000,150.860000
2024-07-15,14.870000,12.180000,83.860000,147.400000
2024-07-16,14.910000,11.800000,82.400000,151.530000
2024-07-17,15.790000,13.160000,88.280000,146.390000
2024-07-18,16.560000,14.900000,94.710000,151.120000
2024-07-19,17.160000,15.040000,97.930000,146.990000
2024-07-22,16.090000,14.790000,93.660000,141.380000
2024-07-23,16.010000,14.610000,88.510000,137.000000
2024-07-24,18.430000,19.790000,106.120000,136.840000
2024-07-25,18.690000,19.820000,104.380000,134.170000
2024-07-26,17.240000,16.810000,94.610000,131.730000
2024-07-29,17.160000,17.390000,93.510000,128.930000
2024-07-30,18.010000,18.900000,99.970000,127.310000
2024-07-31,16.970000,16.510000,94.250000,136.690000
2024-08-01,19.140000,19.540000,111.180000,132.230000
2024-08-02,23.340000,23.310000,136.810000,139.650000
2024-08-05,33.710000,42.790000,173.320000,145.300000
2024-08-06,26.760000,28.930000,150.090000,145.430000
2024-08-07,27.010000,29.260000,151.240000,146.360000
2024-08-08,24.130000,23.900000,134.340000,147.370000
2024-08-09,21.180000,20.060000,114.630000,144.520000
2024-08-12,21.630000,21.920000,121.940000,140.820000
2024-08-13,19.860000,18.570000,113.890000,143.870000
2024-08-14,18.450000,15.790000,107.810000,141.820000
2024-08-15,17.880000,14.370000,105.420000,143.560000
2024-08-16,17.810000,12.970000,103.420000,142.550000
2024-08-19,17.590000,14.120000,98.820000,141.500000
2024-08-20,18.280000,15.850000,101.740000,146.260000
2024-08-21,18.580000,15.650000,106.720000,149.670000
2024-08-22,19.360000,16.550000,112.530000,154.160000
2024-08-23,18.190000,13.690000,99.220000,153.950000
2024-08-26,18.250000,14.870000,100.680000,151.500000
2024-08-27,17.730000,14.170000,93.450000,151.830000
2024-08-28,18.900000,16.640000,106.320000,151.680000
2024-08-29,18.000000,13.730000,97.080000,153.010000
2024-08-30,17.430000,12.900000,93.730000,159.000000
2024-09-03,21.700000,20.070000,129.790000,163.600000
2024-09-04,22.070000,20.430000,123.470000,160.900000
2024-09-05,20.930000,19.540000,115.010000,156.710000
2024-09-06,22.740000,22.260000,119.330000,148.980000
2024-09-09,20.880000,19.670000,110.850000,140.330000
2024-09-10,20.550000,19.690000,107.200000,139.750000
2024-09-11,19.590000,17.880000,102.900000,139.730000
2024-09-12,19.480000,16.750000,103.940000,145.880000
2024-09-13,19.280000,15.800000,101.880000,149.990000
2024-09-16,19.810000,17.190000,106.670000,152.170000
2024-09-17,20.130000,18.090000,107.190000,157.540000
2024-09-18,20.350000,17.950000,105.430000,167.420000
2024-09-19,19.070000,14.660000,97.460000,171.720000
2024-09-20,18.940000,13.200000,94.270000,165.750000
2024-09-23,18.700000,14.350000,94.410000,165.600000
2024-09-24,18.470000,14.120000,90.930000,162.410000
2024-09-25,18.570000,14.240000,90.480000,160.480000
2024-09-26,18.450000,14.560000,89.860000,158.670000
2024-09-27,19.540000,15.740000,101.340000,160.990000
2024-09-30,19.220000,16.650000,99.340000,154.300000
2024-10-01,20.890000,19.550000,110.140000,158.590000
2024-10-02,20.590000,18.760000,107.970000,161.500000
2024-10-03,21.630000,20.410000,115.640000,162.780000
2024-10-04,20.650000,16.480000,110.630000,156.430000
2024-10-07,22.590000,20.000000,122.580000,155.570000
2024-10-08,21.520000,18.000000,114.820000,156.280000
2024-10-09,20.910000,16.410000,119.360000,156.930000
2024-10-10,21.020000,15.490000,117.430000,154.090000
2024-10-11,20.770000,14.330000,113.990000,159.430000
2024-10-14,20.120000,14.640000,107.220000,153.080000
2024-10-15,20.800000,14.880000,112.900000,159.690000
2024-10-16,20.320000,14.250000,111.620000,161.850000
2024-10-17,19.810000,13.850000,105.890000,165.820000
2024-10-18,19.190000,12.380000,100.950000,155.550000
2024-10-21,19.240000,14.390000,102.960000,150.970000
2024-10-22,19.170000,14.550000,100.500000,146.800000
2024-10-23,20.040000,16.490000,108.110000,146.970000
2024-10-24,19.850000,16.670000,109.840000,144.710000
2024-10-25,20.940000,18.490000,117.500000,148.910000
2024-10-28,20.170000,21.170000,112.230000,148.460000
2024-10-29,19.960000,21.770000,108.700000,150.740000
2024-10-30,20.760000,23.590000,112.770000,153.450000
2024-10-31,22.640000,26.050000,121.890000,152.070000
2024-11-01,21.910000,23.470000,119.120000,146.660000
2024-11-04,21.570000,25.770000,121.800000,148.950000
2024-11-05,20.190000,24.700000,114.320000,152.680000
2024-11-06,17.670000,15.850000,97.240000,148.110000
2024-11-07,16.950000,13.840000,88.600000,152.120000
2024-11-08,16.830000,13.090000,87.760000,150.340000
2024-11-11,16.800000,14.000000,90.730000,140.320000
2024-11-12,16.710000,13.920000,89.450000,141.500000
2024-11-13,16.510000,12.810000,91.760000,142.920000
2024-11-14,16.680000,13.130000,90.430000,147.980000
2024-11-15,17.810000,14.810000,98.930000,149.550000
2024-11-18,17.190000,13.980000,93.810000,147.330000
2024-11-19,17.690000,14.240000,97.370000,149.460000
2024-11-20,18.260000,15.080000,102.200000,153.000000
2024-11-21,18.180000,14.150000,101.300000,155.720000
2024-11-22,17.300000,11.460000,95.130000,161.640000
2024-11-25,16.870000,12.310000,88.790000,167.280000
2024-11-26,16.530000,11.730000,87.710000,166.230000
2024-11-27,16.600000,10.750000,88.360000,167.940000
2024-11-29,16.260000,10.890000,86.320000,
2024-12-02,16.340000,11.860000,87.110000,170.650000
2024-12-03,16.240000,11.870000,86.430000,170.230000
2024-12-04,16.390000,11.600000,86.480000,172.450000
2024-12-05,16.580000,11.680000,86.950000,173.930000
2024-12-06,16.320000,10.380000,87.380000,168.050000
2024-12-09,17.090000,12.970000,93.840000,163.140000
2024-12-10,16.980000,13.290000,94.350000,165.120000
2024-12-11,16.880000,12.040000,98.120000,169.060000
2024-12-12,17.350000,11.930000,99.430000,167.430000
2024-12-13,17.150000,10.900000,96.500000,169.910000
2024-12-16,17.570000,12.060000,98.350000,166.790000
2024-12-17,18.130000,13.390000,100.730000,173.040000
2024-12-18,24.240000,35.420000,129.790000,168.920000
2024-12-19,24.140000,23.720000,136.290000,163.100000
2024-12-20,20.100000,15.950000,114.010000,161.210000
2024-12-23,18.650000,14.760000,102.340000,170.650000
2024-12-24,17.200000,10.890000,91.050000,180.090000
2024-12-26,17.360000,11.630000,92.770000,173.720000
2024-12-27,18.070000,13.310000,98.810000,167.920000
2024-12-30,18.940000,15.810000,103.050000,161.080000
2024-12-31,18.980000,15.150000,104.330000,169.160000
2025-01-02,19.330000,16.260000,106.590000,157.200000
2025-01-03,18.140000,13.440000,94.360000,157.320000
2025-01-06,18.030000,14.200000,95.890000,152.640000
2025-01-07,19.190000,16.100000,106.370000,155.100000
2025-01-08,19.340000,16.150000,103.930000,154.340000
2025-01-10,20.970000,17.830000,115.490000,151.450000
2025-01-13,20.430000,18.700000,110.940000,170.550000
2025-01-14,19.990000,18.150000,107.930000,167.640000
2025-01-15,18.230000,13.940000,97.790000,163.540000
2025-01-16,18.350000,14.880000,99.840000,167.410000
2025-01-17,18.190000,14.130000,101.610000,165.350000
2025-01-21,17.500000,14.310000,98.260000,173.000000
2025-01-22,17.810000,13.570000,100.560000,179.980000
2025-01-23,17.520000,13.420000,99.520000,179.320000
2025-01-24,17.550000,12.880000,100.410000,173.160000
2025-01-27,18.970000,18.450000,110.310000,168.550000
2025-01-28,18.130000,16.640000,103.740000,163.640000
2025-01-29,18.150000,16.410000,101.680000,157.430000
2025-01-30,17.910000,14.980000,98.320000,156.700000
2025-01-31,18.430000,15.850000,101.500000,158.470000
2025-02-03,19.550000,19.380000,109.010000,155.450000
2025-02-04,18.640000,17.000000,100.880000,159.440000
2025-02-05,17.960000,14.880000,97.290000,162.640000
2025-02-06,17.940000,14.150000,96.770000,163.570000
2025-02-07,18.630000,14.670000,101.490000,166.530000
2025-02-10,18.230000,13.760000,99.150000,166.950000
2025-02-11,18.280000,13.830000,99.820000,168.810000
2025-02-12,18.310000,13.510000,98.740000,166.100000
2025-02-13,17.840000,12.310000,95.480000,163.360000
2025-02-14,17.810000,11.560000,96.900000,167.970000
2025-02-18,17.820000,13.200000,98.500000,183.120000
2025-02-19,17.930000,13.060000,95.550000,175.760000
2025-02-20,18.010000,13.460000,94.990000,178.570000
2025-02-21,19.480000,17.000000,105.710000,165.000000
2025-02-24,19.860000,18.300000,106.800000,156.930000
2025-02-25,20.030000,19.290000,108.470000,157.600000
2025-02-26,19.750000,18.880000,106.050000,153.440000
2025-02-27,21.220000,20.950000,114.790000,149.320000
2025-02-28,20.180000,18.880000,108.990000,157.940000
2025-03-03,22.180000,23.960000,118.740000,154.260000
2025-03-04,22.780000,24.790000,118.560000,151.380000
2025-03-05,21.720000,22.900000,109.630000,138.880000
2025-03-06,23.700000,26.790000,120.820000,137.650000
2025-03-07,22.590000,23.790000,115.730000,139.940000
2025-03-10,25.720000,31.190000,128.460000,146.040000
2025-03-11,25.340000,28.930000,129.510000,132.790000
2025-03-12,23.670000,25.260000,115.890000,128.690000
2025-03-13,24.060000,25.360000,112.890000,128.860000
2025-03-14,22.170000,21.770000,98.230000,130.300000
2025-03-17,21.300000,21.300000,95.930000,133.900000
2025-03-18,21.970000,22.590000,99.680000,136.750000
2025-03-19,20.830000,19.790000,93.230000,136.450000
2025-03-20,20.710000,19.460000,89.950000,140.790000
2025-03-21,20.350000,18.580000,87.990000,141.730000
2025-03-24,19.040000,18.560000,81.890000,144.010000
2025-03-25,19.050000,18.010000,87.460000,148.680000
2025-03-26,19.840000,19.960000,90.240000,144.750000
2025-03-27,19.890000,20.030000,89.510000,140.850000
2025-03-28,22.010000,22.690000,102.440000,139.040000
2025-03-31,21.970000,25.140000,99.120000,148.580000
2025-04-01,21.820000,24.460000,97.550000,143.010000
2025-04-02,21.450000,24.290000,118.370000,144.270000
2025-04-03,27.380000,34.100000,119.480000,139.200000
2025-04-04,36.710000,57.170000,147.160000,136.540000
2025-04-07,36.880000,62.580000,152.630000,133.820000
2025-04-08,41.500000,67.630000,170.920000,135.680000
2025-04-09,29.920000,40.060000,142.500000,142.230000
2025-04-10,35.710000,50.430000,157.240000,127.540000
2025-04-11,33.910000,43.320000,147.350000,128.640000
2025-04-14,29.630000,34.200000,122.320000,135.710000
2025-04-15,29.000000,29.940000,115.890000,135.760000
2025-04-16,30.940000,33.220000,122.910000,131.320000
2025-04-17,29.350000,27.650000,116.260000,130.020000
2025-04-21,31.830000,36.560000,124.110000,125.770000
2025-04-22,29.450000,33.140000,112.960000,125.930000
2025-04-23,28.020000,30.740000,109.020000,126.670000
2025-04-24,26.440000,28.280000,102.980000,129.020000
2025-04-25,25.370000,24.640000,98.950000,132.370000
2025-04-28,25.730000,26.470000,103.390000,131.280000
2025-04-29,25.220000,24.950000,101.310000,134.290000
2025-04-30,25.540000,25.070000,102.290000,132.730000
2025-05-01,25.490000,24.820000,102.310000,134.070000
2025-05-02,24.000000,21.220000,97.260000,134.780000
2025-05-05,24.550000,22.730000,101.170000,134.120000
2025-05-06,25.410000,24.140000,104.320000,133.240000
2025-05-07,24.700000,22.690000,99.820000,132.210000
2025-05-08,23.760000,21.630000,96.290000,131.520000
2025-05-09,23.380000,20.870000,96.350000,128.400000
2025-05-12,20.220000,17.970000,87.930000,137.670000
2025-05-13,20.090000,17.410000,91.590000,140.520000
2025-05-14,20.580000,17.530000,97.160000,138.940000
2025-05-15,20.250000,15.880000,94.110000,140.850000
2025-05-16,20.080000,14.350000,94.940000,136.010000
2025-05-19,20.690000,16.810000,96.890000,135.940000
2025-05-20,20.720000,16.570000,96.620000,137.270000
2025-05-21,22.660000,19.560000,106.300000,137.280000
2025-05-22,22.320000,18.420000,104.100000,139.040000
2025-05-23,23.800000,20.630000,109.760000,139.340000
2025-05-27,21.290000,17.900000,96.490000,140.890000
2025-05-28,21.670000,18.190000,97.150000,137.650000
2025-05-29,21.620000,17.840000,95.320000,137.260000
2025-05-30,21.380000,16.740000,95.150000,138.250000
2025-06-02,21.090000,17.640000,91.840000,141.040000
2025-06-03,20.720000,16.620000,90.890000,141.600000
2025-06-04,20.660000,16.040000,90.790000,137.460000
2025-06-05,21.110000,17.340000,93.200000,140.090000
2025-06-06,20.020000,14.200000,89.450000,138.850000
2025-06-09,20.090000,15.380000,88.970000,139.180000
2025-06-10,19.940000,15.160000,92.060000,141.220000
2025-06-11,20.300000,15.420000,99.020000,141.390000
2025-06-12,20.650000,16.120000,103.040000,145.600000
2025-06-13,22.620000,19.260000,113.370000,149.650000
2025-06-16,21.230000,17.870000,106.190000,156.600000
2025-06-17,22.910000,21.860000,115.500000,154.360000
2025-06-18,21.970000,19.130000,106.200000,148.410000
2025-06-20,22.480000,18.320000,108.860000,149.190000
2025-06-23,21.820000,17.920000,104.320000,154.780000
2025-06-24,20.050000,15.400000,92.290000,154.970000
2025-06-25,19.670000,13.810000,89.650000,152.240000
2025-06-26,19.450000,13.490000,89.600000,147.460000
2025-06-27,19.450000,12.810000,91.840000,143.440000
2025-06-30,19.440000,13.770000,89.740000,139.650000
2025-07-01,19.510000,13.790000,89.540000,140.070000
2025-07-02,19.350000,13.070000,89.800000,139.280000
2025-07-03,19.210000,12.850000,90.600000,141.360000
2025-07-07,20.210000,15.710000,96.300000,137.960000
2025-07-08,19.580000,13.900000,91.310000,140.800000
2025-07-09,19.020000,12.530000,91.760000,141.750000
2025-07-10,18.920000,12.460000,90.940000,143.320000
2025-07-11,19.370000,13.030000,93.530000,144.960000
2025-07-14,19.840000,14.270000,95.750000,147.000000
2025-07-15,20.060000,14.690000,94.660000,143.720000
2025-07-16,20.090000,13.770000,95.560000,146.710000
2025-07-17,19.690000,13.140000,92.900000,151.120000
2025-07-18,19.580000,12.700000,93.150000,150.450000
2025-07-21,19.510000,14.950000,92.260000,154.830000
2025-07-22,19.530000,15.030000,90.580000,153.440000
2025-07-23,18.560000,14.050000,88.040000,159.290000
2025-07-24,18.560000,14.080000,89.750000,159.410000
2025-07-25,18.320000,12.830000,90.590000,145.570000
2025-07-28,18.160000,13.370000,88.590000,147.650000
2025-07-29,18.770000,14.620000,95.140000,149.120000
2025-07-30,18.350000,13.460000,94.330000,154.080000
2025-07-31,19.140000,15.150000,98.370000,152.290000
2025-08-01,21.240000,19.530000,109.790000,155.490000
2025-08-04,19.610000,16.430000,95.850000,159.310000
2025-08-05,20.030000,16.810000,97.650000,149.910000
2025-08-06,19.470000,15.000000,97.810000,149.710000
2025-08-07,19.350000,14.760000,97.370000,147.030000
2025-08-08,18.700000,12.860000,93.140000,147.530000
2025-08-11,19.250000,15.750000,97.090000,148.550000
2025-08-12,18.340000,13.110000,92.860000,151.450000
2025-08-13,18.330000,12.380000,98.170000,153.130000
2025-08-14,18.490000,12.980000,98.040000,150.620000
2025-08-15,18.640000,13.270000,97.850000,153.790000
2025-08-18,18.450000,13.790000,96.630000,153.950000
2025-08-19,18.900000,14.700000,102.090000,153.170000
2025-08-20,19.100000,15.090000,98.600000,144.560000
2025-08-21,19.410000,16.370000,99.990000,144.320000
2025-08-22,17.760000,11.850000,89.780000,146.390000
2025-08-25,18.020000,13.010000,92.300000,149.990000
2025-08-26,17.900000,12.910000,91.650000,156.530000
2025-08-27,17.940000,13.270000,94.930000,150.880000
2025-08-28,17.720000,11.680000,92.030000,152.500000
2025-08-29,18.350000,12.720000,97.170000,152.100000
2025-09-02,19.380000,16.170000,103.880000,151.480000
2025-09-03,18.930000,14.450000,99.620000,150.220000
2025-09-04,18.390000,13.320000,95.280000,153.960000
2025-09-05,18.420000,12.660000,93.060000,148.160000
2025-09-08,18.290000,13.500000,92.290000,148.820000
2025-09-09,18.270000,13.610000,93.160000,150.930000
2025-09-10,18.440000,14.290000,100.530000,151.920000
2025-09-11,18.030000,12.990000,96.320000,147.630000
2025-09-12,18.060000,12.850000,96.780000,149.490000
2025-09-15,18.530000,14.710000,99.550000,152.110000
2025-09-16,18.910000,15.790000,104.100000,148.210000
2025-09-17,18.440000,14.530000,96.170000,146.370000
2025-09-18,18.520000,13.530000,97.280000,148.190000
2025-09-19,18.480000,12.410000,96.900000,146.970000
2025-09-22,18.950000,14.250000,99.750000,145.460000
2025-09-23,19.440000,14.670000,101.230000,146.530000
2025-09-24,19.140000,13.390000,99.990000,145.870000
2025-09-25,19.460000,14.170000,100.340000,145.890000
2025-09-26,18.410000,12.270000,93.400000,141.510000
2025-09-29,18.760000,13.510000,96.740000,143.030000
2025-09-30,18.770000,13.950000,95.890000,143.440000
2025-10-01,18.760000,13.530000,93.220000,143.680000
2025-10-02,18.890000,13.790000,94.100000,145.930000
2025-10-03,19.080000,13.470000,94.790000,144.650000
2025-10-06,19.120000,13.570000,95.380000,142.500000
2025-10-07,19.710000,14.990000,98.700000,145.220000
2025-10-08,19.260000,13.170000,96.220000,145.760000
2025-10-09,19.380000,13.920000,97.250000,145.340000
2025-10-10,22.810000,21.700000,116.250000,138.860000
2025-10-13,20.930000,18.020000,106.450000,142.810000
2025-10-14,22.030000,20.380000,113.190000,146.480000
2025-10-15,21.940000,19.280000,117.300000,144.980000
2025-10-16,24.870000,25.870000,134.250000,147.140000
2025-10-17,22.090000,19.800000,115.630000,147.630000
2025-10-20,20.310000,17.350000,103.180000,151.310000
2025-10-21,19.990000,16.880000,103.360000,149.950000
2025-10-22,20.310000,18.350000,104.870000,152.850000
2025-10-23,19.650000,16.620000,98.600000,154.340000
2025-10-24,19.200000,14.850000,98.030000,153.490000
2025-10-27,18.990000,14.640000,97.400000,148.500000
2025-10-28,19.550000,15.630000,101.510000,140.370000
2025-10-29,19.830000,15.610000,103.570000,139.450000
2025-10-30,19.980000,14.900000,102.840000,141.150000
2025-10-31,20.490000,14.710000,104.460000,142.780000
2025-11-03,20.380000,14.970000,101.430000,141.990000
2025-11-04,21.290000,17.750000,104.440000,144.010000
2025-11-05,20.600000,15.870000,100.770000,143.640000
2025-11-06,21.350000,18.120000,105.710000,143.540000
2025-11-07,21.190000,17.310000,103.600000,141.270000
2025-11-10,20.240000,16.040000,98.910000,142.940000
2025-11-11,20.190000,15.180000,99.600000,143.450000
2025-11-12,20.340000,15.370000,103.470000,138.570000
2025-11-13,21.850000,19.170000,111.250000,142.490000
2025-11-14,21.580000,18.610000,107.950000,137.930000
2025-11-17,23.180000,22.330000,117.860000,140.900000
2025-11-18,24.540000,25.180000,124.320000,142.980000
2025-11-19,23.990000,23.100000,119.570000,143.050000
2025-11-20,25.760000,26.350000,128.650000,144.960000
2025-11-21,23.960000,21.510000,118.340000,148.340000
2025-11-24,21.850000,18.550000,103.960000,148.600000
2025-11-25,20.730000,15.390000,96.850000,151.680000
2025-11-26,20.020000,13.330000,92.170000,145.040000
2025-11-28,19.640000,13.610000,90.340000,143.000000
2025-12-01,20.220000,16.550000,93.760000,144.860000
2025-12-02,19.840000,15.420000,91.710000,144.940000
2025-12-03,19.710000,14.460000,92.390000,149.230000
2025-12-04,19.490000,14.300000,91.280000,148.910000
2025-12-05,19.270000,13.900000,90.650000,148.830000
2025-12-08,19.910000,16.290000,97.350000,150.630000
2025-12-09,20.080000,16.300000,98.140000,150.320000
2025-12-10,19.350000,14.680000,99.110000,147.550000
2025-12-11,19.050000,12.460000,95.410000,148.320000
2025-12-12,19.250000,13.480000,97.330000,153.590000
2025-12-15,19.680000,14.200000,100.370000,161.860000
2025-12-16,19.670000,13.880000,98.360000,156.990000
2025-12-17,20.080000,15.750000,99.890000,153.490000
2025-12-18,19.590000,13.920000,92.610000,155.380000
2025-12-19,18.250000,10.490000,83.870000,155.870000
2025-12-22,17.790000,10.500000,81.970000,159.930000
2025-12-23,17.840000,10.060000,85.140000,160.530000
2025-12-24,17.770000,9.170000,85.240000,161.300000
2025-12-26,17.770000,9.650000,84.240000,151.450000
2025-12-29,17.820000,11.370000,85.880000,150.470000
2025-12-30,17.770000,11.460000,87.130000,148.330000
2025-12-31,18.180000,12.000000,92.670000,148.700000
2026-01-02,18.020000,11.720000,90.100000,141.860000
2026-01-05,18.320000,12.440000,90.510000,142.450000
2026-01-06,18.150000,12.130000,89.010000,146.230000
2026-01-07,18.590000,12.540000,91.860000,143.570000
2026-01-08,18.390000,12.830000,89.850000,147.080000
2026-01-09,17.880000,10.860000,88.190000,146.040000
2026-01-12,18.230000,11.940000,93.130000,149.750000
2026-01-13,18.850000,12.510000,101.070000,151.600000
2026-01-14,19.370000,13.180000,104.850000,152.520000
2026-01-15,18.900000,12.320000,100.900000,151.570000
2026-01-16,18.990000,12.090000,102.050000,153.590000
2026-01-20,21.280000,19.930000,117.050000,154.960000
2026-01-21,19.360000,15.880000,102.570000,144.410000
2026-01-22,18.750000,14.380000,96.120000,141.310000
2026-01-23,19.150000,15.000000,101.830000,144.020000
2026-01-26,19.070000,15.050000,99.750000,148.100000
2026-01-27,19.220000,14.850000,101.260000,147.250000
2026-01-28,19.300000,14.540000,100.460000,144.980000
2026-01-29,19.670000,15.220000,101.760000,143.740000
2026-01-30,20.070000,15.690000,108.180000,143.650000
2026-02-02,19.370000,14.450000,98.770000,146.560000
2026-02-03,20.350000,17.070000,103.820000,143.850000
2026-02-04,20.620000,18.670000,106.160000,143.160000
2026-02-05,22.450000,22.290000,117.070000,137.160000
2026-02-06,20.370000,15.430000,100.990000,140.310000
2026-02-09,20.090000,14.750000,98.600000,145.230000
2026-02-10,20.430000,14.940000,100.810000,145.710000
2026-02-11,20.370000,14.180000,102.150000,143.780000
2026-02-12,22.170000,19.800000,112.300000,142.500000
2026-02-13,22.170000,18.770000,115.520000,139.350000
2026-02-17,21.600000,20.310000,107.090000,140.280000
2026-02-18,21.390000,19.080000,108.690000,139.170000
2026-02-19,21.880000,19.870000,111.670000,141.190000
2026-02-20,21.090000,18.020000,108.710000,145.520000
2026-02-23,22.140000,21.110000,115.660000,141.430000
2026-02-24,21.340000,18.600000,108.610000,141.940000
2026-02-25,20.360000,16.280000,103.980000,146.050000
2026-02-26,20.810000,16.650000,104.150000,146.570000
2026-02-27,21.560000,18.590000,110.890000,146.670000
2026-03-02,22.440000,21.180000,113.440000,151.780000
2026-03-03,23.540000,24.550000,116.020000,152.830000
2026-03-04,22.290000,20.600000,106.940000,152.870000
2026-03-05,23.860000,23.550000,115.930000,153.950000
2026-03-06,27.560000,30.440000,140.440000,151.800000
2026-03-09,25.340000,27.850000,122.600000,157.980000
2026-03-10,25.510000,25.540000,125.360000,154.460000
2026-03-11,24.970000,24.440000,122.490000,152.440000
2026-03-12,26.950000,28.980000,130.180000,139.940000
2026-03-13,27.280000,28.000000,131.050000,137.760000
2026-03-16,24.920000,24.330000,116.780000,141.490000
2026-03-17,24.330000,22.360000,110.550000,145.040000
2026-03-18,26.560000,26.030000,126.500000,136.540000
2026-03-19,25.540000,24.090000,118.090000,138.260000
2026-03-20,27.430000,26.950000,126.280000,139.120000
2026-03-23,26.100000,27.760000,122.820000,142.020000
2026-03-24,26.560000,28.210000,124.140000,142.630000
2026-03-25,25.630000,25.260000,119.370000,140.880000
2026-03-26,27.160000,27.050000,124.430000,143.990000
2026-03-27,29.270000,30.640000,133.180000,139.000000
2026-03-30,29.130000,30.570000,127.840000,142.230000
2026-03-31,25.550000,24.180000,116.050000,145.450000
2026-04-01,24.860000,23.610000,114.830000,143.770000
2026-04-02,24.720000,21.710000,115.330000,146.950000
2026-04-06,24.770000,23.900000,113.530000,147.600000
2026-04-07,25.570000,27.270000,117.300000,148.450000
2026-04-08,22.680000,19.160000,111.070000,150.360000
2026-04-09,21.810000,16.810000,105.370000,143.270000
2026-04-10,21.860000,16.360000,107.300000,144.180000
2026-04-13,21.340000,17.330000,102.630000,156.930000
2026-04-14,20.820000,16.700000,95.400000,149.940000
2026-04-15,20.780000,16.010000,97.650000,139.230000
2026-04-16,20.770000,15.460000,96.800000,140.740000
2026-04-17,20.510000,14.810000,95.130000,141.820000
2026-04-20,21.240000,17.790000,98.150000,141.900000
2026-04-21,21.510000,18.680000,101.890000,140.910000
2026-04-22,21.240000,17.290000,98.730000,140.840000
2026-04-23,21.480000,18.040000,98.570000,139.590000
2026-04-24,21.300000,16.710000,97.180000,139.080000
2026-04-27,20.770000,16.690000,93.860000,139.640000
2026-04-28,20.490000,16.690000,91.030000,138.160000
2026-04-29,21.190000,17.610000,96.020000,141.880000
2026-04-30,20.080000,14.370000,93.700000,143.330000
2026-05-01,20.370000,14.150000,95.170000,141.380000
2026-05-04,21.050000,16.600000,98.290000,141.740000
2026-05-05,20.820000,14.640000,95.260000,138.740000
2026-05-06,20.570000,14.760000,93.700000,135.420000
2026-05-07,20.350000,14.560000,93.610000,136.110000
2026-05-08,20.500000,14.210000,96.780000,138.210000
2026-05-11,21.240000,16.890000,98.060000,140.210000
2026-05-12,21.040000,16.340000,98.550000,139.410000
2026-05-13,21.180000,15.870000,98.360000,141.510000
2026-05-14,20.850000,15.140000,94.260000,139.320000
2026-05-15,21.360000,16.370000,92.940000,145.770000
2026-05-18,20.920000,16.860000,91.180000,138.400000
2026-05-19,21.120000,16.640000,94.610000,135.500000
2026-05-20,20.760000,15.140000,96.450000,132.310000
2026-05-21,20.000000,14.080000,91.880000,136.960000
2026-05-22,20.030000,14.070000,91.160000,137.390000
2026-05-26,19.890000,14.840000,89.550000,139.040000
2026-05-27,19.450000,13.270000,87.530000,138.570000
2026-05-28,19.110000,12.980000,86.030000,139.520000
2026-05-29,18.660000,12.590000,86.060000,144.180000
2026-06-01,19.430000,13.760000,91.600000,142.460000
2026-06-02,19.490000,13.190000,90.530000,143.240000
2026-06-03,19.760000,13.410000,89.800000,136.860000
2026-06-04,19.230000,12.650000,85.750000,142.150000
2026-06-05,21.820000,23.920000,102.040000,152.250000
2026-06-08,20.790000,19.690000,92.400000,145.000000
2026-06-09,21.310000,22.140000,95.810000,141.970000
2026-06-10,22.890000,25.670000,108.160000,143.080000
2026-06-11,21.420000,20.660000,100.630000,142.980000
2026-06-12,20.510000,17.260000,93.820000,142.600000
2026-06-15,19.360000,15.580000,87.580000,144.320000
2026-06-16,19.530000,15.770000,87.690000,142.660000
2026-06-17,20.620000,18.630000,94.530000,142.620000
2026-06-18,19.570000,13.930000,88.430000,146.720000
2026-06-22,19.760000,16.290000,91.720000,141.850000
2026-06-23,21.060000,19.470000,99.500000,143.140000
2026-06-24,20.370000,18.070000,95.580000,145.300000
2026-06-25,20.330000,17.920000,91.190000,139.890000
2026-06-26,20.130000,16.800000,89.020000,139.400000
2026-06-29,19.530000,15.510000,88.710000,144.460000
2026-06-30,19.000000,13.730000,86.870000,149.600000
2026-07-01,19.160000,13.140000,89.040000,154.820000
2026-07-02,19.040000,12.370000,88.800000,150.020000
2026-07-06,18.780000,12.320000,87.090000,145.380000
2026-07-07,19.010000,13.420000,87.900000,145.740000
2026-07-08,19.460000,14.410000,91.380000,149.790000
2026-07-09,18.990000,12.500000,88.780000,144.670000
2026-07-10,18.570000,11.150000,87.280000,144.270000
2026-07-13,19.640000,15.130000,95.280000,145.690000
2026-07-14,19.300000,13.460000,93.530000,145.130000
2026-07-15,18.910000,12.060000,91.850000,148.510000
2026-07-16,19.500000,13.980000,97.310000,145.720000
2026-07-17,20.540000,16.850000,104.870000,147.280000
2026-07-20,20.400000,17.780000,102.820000,146.050000
2026-07-21,19.590000,15.480000,96.340000,151.660000
2026-07-22,19.540000,14.880000,95.550000,150.190000
2026-07-23,20.600000,18.150000,102.170000,145.950000
2026-07-24,20.510000,17.620000,100.730000,147.280000
2026-07-27,20.200000,18.130000,100.910000,146.600000
2026-07-28,19.860000,17.250000,98.510000,142.980000
2026-07-29,21.500000,20.380000,109.470000,139.550000
2026-07-30,19.500000,14.850000,94.660000,139.900000
2026-07-31,19.020000,13.050000,91.640000,141.230000
2026-08-03,18.930000,13.280000,90.810000,139.960000
2026-08-04,19.340000,15.040000,92.570000,126.410000
2026-08-05,18.950000,13.790000,90.430000,133.320000
2026-08-06,18.690000,12.660000,88.720000,134.730000
2026-08-07,18.720000,11.960000,90.420000,132.570000
2026-08-10,18.980000,12.770000,92.510000,137.130000
2026-08-11,18.910000,12.520000,90.900000,135.590000
2026-08-12,18.530000,11.090000,88.500000,136.540000
2026-08-13,18.610000,11.370000,89.420000,134.370000
2026-08-14,18.460000,10.610000,87.480000,138.360000
2026-08-17,19.040000,12.390000,93.920000,142.910000
2026-08-18,19.270000,13.590000,92.870000,143.600000
2026-08-19,18.570000,12.660000,86.530000,142.930000
2026-08-20,19.060000,14.390000,89.860000,143.230000
2026-08-21,18.500000,12.580000,86.270000,143.900000
2026-08-24,18.560000,14.070000,88.640000,145.640000
2026-08-25,18.210000,13.450000,85.670000,143.270000
2026-08-26,17.990000,13.330000,85.240000,142.960000
2026-08-27,17.560000,12.100000,82.900000,144.050000
2026-08-28,17.480000,11.220000,86.630000,149.770000
2026-08-31,17.530000,12.340000,86.290000,148.530000
2026-09-01,18.330000,14.330000,91.250000,149.230000
2026-09-02,17.730000,12.570000,86.250000,144.120000
2026-09-03,17.420000,11.680000,83.800000,150.630000
2026-09-04,17.610000,11.970000,84.420000,151.580000
