date,score,market_momentum_sp500,market_momentum_sp125,stock_price_strength,stock_price_breadth,put_call_options,market_volatility_vix,market_volatility_vix_50,junk_bond_demand,safe_haven_demand
2020-08-03,50.000000,3294.610000,2981.069360,3.159948,1494.012346,0.637138,24.280000,28.785800,1.948900,4.221178
2020-08-04,50.000000,3306.510000,2980.843920,3.239748,1488.853054,0.616642,23.760000,28.697800,2.133900,3.318079
2020-08-05,50.000000,3327.770000,2980.699840,3.392572,1502.901247,0.600955,22.990000,28.597400,2.149400,5.206403
2020-08-06,50.000000,3349.160000,2980.871440,3.497091,1507.348804,0.559165,22.650000,28.498000,2.137000,4.532874
2020-08-07,50.000000,3351.280000,2980.864960,3.578177,1516.216665,0.543367,22.210000,28.370400,2.144500,5.871782
2020-08-10,50.000000,3360.470000,2980.886720,3.600092,1546.510372,0.538190,22.130000,28.262800,2.140500,4.924443
2020-08-11,50.000000,3333.690000,2980.520640,3.759564,1568.425384,0.545169,24.030000,28.178800,2.139000,3.389499
2020-08-12,50.000000,3380.350000,2980.571920,3.809530,1588.411140,0.565953,22.280000,28.087600,2.112700,5.564801
2020-08-13,50.000000,3373.430000,2980.518080,3.833969,1587.516485,0.587709,22.130000,28.017000,2.117400,5.256167
2020-08-14,50.000000,3372.850000,2980.538560,3.773085,1588.522842,0.604266,22.050000,27.941800,2.111500,4.404446
2020-08-17,50.000000,3381.990000,2980.505280,3.748473,1580.191255,0.612074,21.350000,27.878400,2.116100,4.492888
2020-08-18,50.000000,3389.780000,2980.637680,3.699011,1553.390130,0.628700,21.510000,27.792400,2.118000,3.964669
2020-08-19,50.000000,3374.850000,2980.934480,3.625775,1513.412839,0.625517,22.540000,27.691800,2.114600,5.036107
2020-08-20,50.000000,3385.510000,2982.211440,3.469241,1459.477076,0.630743,22.720000,27.594800,2.111100,5.695295
2020-08-21,50.000000,3397.160000,2984.363040,3.426475,1395.641515,0.617676,22.540000,27.229800,2.119600,5.063081
2020-08-24,50.000000,3431.280000,2986.882160,3.391200,1371.220486,0.614791,22.370000,26.955400,2.122100,7.175390
2020-08-25,50.000000,3443.620000,2990.601040,3.347242,1346.691266,0.589238,22.030000,26.708000,2.111800,6.625938
2020-08-26,50.000000,3478.730000,2994.797120,3.265679,1313.755935,0.570107,23.270000,26.500000,2.087700,8.239598
2020-08-27,50.000000,3484.550000,2997.951680,3.262905,1295.664242,0.546496,24.470000,26.320000,2.077000,8.011915
2020-08-28,50.000000,3508.010000,3001.988800,3.261673,1307.447037,0.521163,22.960000,26.120400,2.050000,7.658520
2020-08-31,50.000000,3500.310000,3004.950320,3.171838,1291.296278,0.521792,26.410000,25.946200,2.049700,7.136397
2020-09-01,50.000000,3526.650000,3008.972000,3.129408,1283.304554,0.512451,26.120000,25.833200,1.882500,6.857559
2020-09-02,50.000000,3580.840000,3013.839760,3.132041,1295.145281,0.504676,26.570000,25.737200,2.089800,7.660545
2020-09-03,2.600000,3455.060000,3019.507760,3.031996,1276.383199,0.546134,33.600000,25.732400,2.098100,3.545729
2020-09-04,3.800000,3426.960000,3023.865600,2.847042,1254.086671,0.600793,30.750000,25.703000,2.108700,2.843137
2020-09-08,3.400000,3331.840000,3028.589280,2.651572,1202.637525,0.628254,31.460000,25.637600,2.086900,0.351597
2020-09-09,50.000000,3398.960000,3035.935840,2.455431,1178.894109,0.657938,28.810000,25.578200,2.108800,0.661368
2020-09-10,50.000000,3339.190000,3040.961200,2.331162,1123.565162,0.698854,29.710000,25.563800,2.095200,-1.257764
2020-09-11,50.000000,3340.970000,3048.599920,2.209484,1079.468656,0.717294,26.870000,25.528800,2.101500,-1.308535
2020-09-14,50.000000,3383.540000,3055.434720,2.191676,1075.174145,0.680563,25.850000,25.492200,2.110200,-0.056929
2020-09-15,50.000000,3401.200000,3063.459520,2.215624,1067.414909,0.662791,25.590000,25.445200,2.112600,0.461765
2020-09-16,50.000000,3385.490000,3071.268320,2.212783,1081.014053,0.659288,26.040000,25.377400,2.107300,0.395588
2020-09-17,50.000000,3357.010000,3079.685040,2.192466,1084.089136,0.658486,26.460000,25.345000,2.100100,-0.513376
2020-09-18,50.000000,3319.470000,3088.341600,2.219147,1062.201622,0.643400,25.830000,25.276400,2.113200,-1.859391
2020-09-21,50.000000,3281.060000,3095.011440,2.109695,1003.024020,0.671277,27.780000,25.286200,2.109300,-4.250120
2020-09-22,50.000000,3315.570000,3101.731520,1.956149,953.320319,0.681688,26.860000,25.179600,2.140200,-3.841668
2020-09-23,50.000000,3236.920000,3106.586320,1.774949,869.614184,0.704004,28.580000,25.160800,2.154800,-7.489870
2020-09-24,50.000000,3246.590000,3112.227280,1.526890,805.837768,0.726122,28.510000,25.175800,2.156700,-7.853679
2020-09-25,50.000000,3298.460000,3117.601760,1.315211,767.758908,0.725698,26.380000,25.143400,2.177200,-6.860792
2020-09-28,50.000000,3351.600000,3123.737840,1.251958,767.686176,0.696495,26.190000,25.153600,2.166500,-4.845830
2020-09-29,50.000000,3335.470000,3130.657600,1.247844,744.943331,0.699039,26.270000,25.189800,2.148500,-6.074992
2020-09-30,50.000000,3363.000000,3137.346400,1.177888,745.218140,0.684229,26.370000,25.220400,1.981900,-6.313155
2020-10-01,50.000000,3380.800000,3144.483600,1.012415,753.151878,0.639638,26.700000,25.268000,1.962000,-2.195559
2020-10-02,50.000000,3348.440000,3149.961680,0.935227,775.809622,0.633940,27.630000,25.299000,2.179300,-2.773080
2020-10-05,50.000000,3408.630000,3155.955440,1.086348,827.158277,0.635523,27.960000,25.341400,2.178700,2.539118
2020-10-06,50.000000,3360.950000,3160.843200,1.323216,847.687972,0.635165,29.480000,25.436200,2.147700,-1.114383
2020-10-07,50.000000,3419.450000,3165.880240,1.495371,897.932127,0.624337,28.060000,25.488600,2.143000,2.788978
2020-10-08,50.000000,3446.830000,3171.361840,1.711055,976.975851,0.621334,26.360000,25.533800,2.128700,3.632853
2020-10-09,50.000000,3477.130000,3176.410400,1.988937,1045.173884,0.596520,25.000000,25.538600,2.125300,3.134179
2020-10-12,50.000000,3534.220000,3182.417280,2.191901,1114.512158,0.584574,25.070000,25.550800,2.120300,4.122845
2020-10-13,50.000000,3511.930000,3188.116320,2.273849,1145.761693,0.566918,26.070000,25.586600,2.118600,3.581845
2020-10-14,50.000000,3488.670000,3193.029200,2.237342,1164.397269,0.559419,26.400000,25.639400,2.126900,3.819571
2020-10-15,50.000000,3483.340000,3198.310640,2.215540,1191.015254,0.571534,26.970000,25.719000,2.129300,4.938151
2020-10-16,50.000000,3483.810000,3204.288640,2.294447,1212.086450,0.576556,27.410000,25.814200,2.140300,6.258972
2020-10-19,50.000000,3426.920000,3209.309520,2.424692,1201.249241,0.590401,29.180000,25.953600,2.134100,3.791938
2020-10-20,50.000000,3443.120000,3214.472080,2.546032,1213.197722,0.603832,29.350000,26.098000,2.127500,7.357725
2020-10-21,50.000000,3435.560000,3219.262640,2.661657,1208.979863,0.621628,28.650000,26.190400,2.114200,7.052518
2020-10-22,50.000000,3453.490000,3223.862720,2.816154,1233.084075,0.623964,28.110000,26.307000,2.113900,6.375968
2020-10-23,50.000000,3465.390000,3228.678720,2.955338,1262.525442,0.635224,27.550000,26.415400,2.108600,4.835342
2020-10-26,2.700000,3400.970000,3232.370400,2.838043,1244.345956,0.670359,32.460000,26.623600,2.112800,3.309940
2020-10-27,2.300000,3390.680000,3236.196400,2.686493,1202.027596,0.679742,33.350000,26.863600,2.135900,1.700548
2020-10-28,0.300000,3271.030000,3239.718960,2.442035,1123.003104,0.723316,40.280000,27.239000,2.151500,-2.365106
2020-10-29,1.100000,3310.110000,3243.457920,2.195849,1075.177647,0.734431,37.590000,27.540000,2.181400,-0.149090
2020-10-30,1.900000,3269.960000,3246.670080,2.021566,1025.427702,0.786331,38.020000,27.846000,2.166400,-3.184357
2020-11-02,2.800000,3310.240000,3250.364640,1.849482,1016.234618,0.768157,37.130000,28.137800,1.989500,-0.565226
2020-11-03,3.600000,3369.160000,3254.268400,1.678108,1042.485505,0.774717,35.550000,28.401400,2.220500,-0.581723
2020-11-04,50.000000,3443.440000,3258.377520,1.613880,1059.254614,0.748176,29.570000,28.552200,2.196500,0.043168
2020-11-05,50.000000,3510.450000,3263.018560,1.589325,1106.471374,0.728183,27.580000,28.638400,2.181100,1.076862
2020-11-06,50.000000,3509.440000,3268.133120,1.519058,1140.661908,0.666315,24.860000,28.646200,2.161800,-0.107836
2020-11-09,50.000000,3550.500000,3273.977120,1.770503,1201.131444,0.637878,25.750000,28.702000,2.162200,2.746133
2020-11-10,50.000000,3545.530000,3279.521360,1.859835,1264.878694,0.626761,24.800000,28.669800,2.090700,3.564787
2020-11-11,50.000000,3572.660000,3285.193040,1.774535,1305.185039,0.613345,23.450000,28.616400,2.100600,4.162451
2020-11-12,50.000000,3537.010000,3289.857840,1.746719,1307.829792,0.642584,25.350000,28.592000,2.100100,2.657464
2020-11-13,50.000000,3585.150000,3295.155520,1.675889,1342.644139,0.650271,23.100000,28.382000,2.139500,5.580628
2020-11-16,50.000000,3626.910000,3300.397920,1.922439,1405.852220,0.649638,22.450000,28.216000,2.141500,6.325964
2020-11-17,50.000000,3609.530000,3305.686080,2.182616,1467.501267,0.637773,22.710000,28.041000,2.128100,5.605081
2020-11-18,50.000000,3567.790000,3310.584800,2.391609,1501.457643,0.616730,23.840000,27.941600,2.134600,3.433140
2020-11-19,50.000000,3581.870000,3315.305600,2.527152,1543.905673,0.585427,23.110000,27.809600,2.133400,3.556433
2020-11-20,50.000000,3557.540000,3319.476880,2.615016,1571.310980,0.571677,23.700000,27.746200,2.146800,4.875175
2020-11-23,50.000000,3577.590000,3323.859760,3.005045,1623.009861,0.561105,22.660000,27.682400,2.155500,6.284710
2020-11-24,50.000000,3635.410000,3328.588560,3.591725,1695.366826,0.541129,21.640000,27.603400,2.142000,11.907551
2020-11-25,50.000000,3629.650000,3333.179920,4.141433,1746.953751,0.532024,21.250000,27.507600,2.122300,10.199231
2020-11-27,50.000000,3638.350000,3337.640160,4.575171,1779.825247,0.511960,20.840000,27.395200,2.122200,11.061959
2020-11-30,50.000000,3621.630000,3341.630240,4.957042,1774.492555,0.506035,20.570000,27.290000,2.133400,9.478696
2020-12-01,50.000000,3662.450000,3346.031040,5.315174,1783.953010,0.500482,20.770000,27.149800,1.991500,9.115019
2020-12-02,50.000000,3669.010000,3349.831680,5.465552,1805.998222,0.502054,21.170000,27.036000,2.177100,7.986529
2020-12-03,50.000000,3666.720000,3353.306320,5.632234,1835.631223,0.493975,21.280000,26.890000,2.171000,5.637949
2020-12-04,50.000000,3699.120000,3357.241840,5.874600,1887.678473,0.497029,20.790000,26.735600,2.170300,6.598989
2020-12-07,50.000000,3691.960000,3361.256400,6.092042,1914.420515,0.484977,21.300000,26.634000,2.145400,4.055871
2020-12-08,50.000000,3702.250000,3366.857600,6.087264,1945.703595,0.477055,20.680000,26.523800,2.148700,4.094619
2020-12-09,50.000000,3672.820000,3371.909680,6.354219,1966.180742,0.488199,22.270000,26.443800,2.145500,2.740949
2020-12-10,50.000000,3668.100000,3376.721760,6.704186,1985.454330,0.499238,22.520000,26.366800,2.135000,4.016333
2020-12-11,50.000000,3663.460000,3381.031520,7.025661,1975.558192,0.497890,23.310000,26.299000,2.148500,2.162534
2020-12-14,50.000000,3647.490000,3385.303520,7.271372,1931.839579,0.511607,24.720000,26.240800,2.150200,-0.007297
2020-12-15,50.000000,3694.620000,3389.937760,7.275092,1922.272461,0.526258,22.890000,26.139400,2.148000,2.233097
2020-12-16,50.000000,3701.170000,3394.765200,7.242827,1902.929798,0.516740,22.500000,25.999800,2.148000,3.692157
2020-12-17,50.000000,3722.480000,3399.602160,7.368421,1901.086899,0.501805,21.930000,25.877200,2.141800,4.088966
2020-12-18,50.000000,3709.410000,3404.227120,7.698917,1877.229893,0.510348,21.570000,25.781400,2.144100,4.633269
2020-12-21,50.000000,3694.920000,3409.383840,7.799804,1834.531791,0.517691,25.160000,25.784600,2.243800,3.408954
2020-12-22,50.000000,3687.260000,3414.211840,7.965247,1779.878367,0.512624,24.230000,25.767800,2.255600,1.269322
2020-12-23,50.000000,3690.010000,3419.659520,7.973531,1754.575037,0.516792,23.310000,25.712600,2.258400,1.743077
2020-12-24,50.000000,3703.060000,3424.858080,8.048685,1719.057190,0.542053,21.530000,25.615200,2.245300,2.016509
2020-12-28,50.000000,3735.360000,3429.938640,8.217457,1681.919085,0.542519,21.700000,25.509800,2.253300,3.291962
2020-12-29,50.000000,3727.040000,3434.828080,8.256994,1630.231744,0.548661,23.080000,25.423200,2.236100,1.394334
2020-12-30,50.000000,3732.040000,3439.644320,8.146653,1603.806844,0.562864,22.770000,25.295000,2.235500,1.077848
2020-12-31,50.000000,3756.070000,3444.255120,8.223308,1585.874546,0.581509,22.750000,25.163000,2.234300,1.866270
2021-01-04,50.000000,3700.650000,3448.697760,8.172092,1548.205787,0.587254,26.970000,25.129400,2.242500,-0.814456
2021-01-05,50.000000,3726.860000,3453.153120,7.916172,1539.052061,0.591191,25.340000,25.074000,2.234800,0.577340
2021-01-06,50.000000,3748.140000,3457.921840,8.027840,1558.227094,0.580792,25.070000,25.024400,2.217700,1.588514
2021-01-07,50.000000,3803.790000,3462.871840,8.171399,1587.149695,0.568810,22.370000,24.822600,2.188500,4.195973
2021-01-08,50.000000,3824.680000,3468.227520,8.217849,1607.003605,0.560315,21.560000,24.586800,2.186500,5.348373
2021-01-11,50.000000,3799.610000,3473.044240,8.067314,1621.559179,0.550775,24.080000,24.262800,2.181700,5.186798
2021-01-12,50.000000,3801.190000,3477.641280,8.254804,1655.543975,0.534747,23.330000,23.977600,2.182800,6.090719
2021-01-13,50.000000,3809.840000,3482.395440,8.496357,1672.350352,0.521487,22.210000,23.661400,2.188700,4.509120
2021-01-14,50.000000,3795.540000,3486.961920,8.770288,1706.074898,0.512770,23.250000,23.383800,2.201000,4.130563
2021-01-15,50.000000,3768.250000,3491.093200,8.794958,1709.535492,0.515990,24.340000,23.159600,2.188100,2.426146
2021-01-19,50.000000,3798.910000,3495.426080,8.693980,1719.671388,0.510905,23.240000,23.033000,2.191300,3.483377
2021-01-20,50.000000,3851.850000,3500.032720,8.600519,1728.588709,0.517203,21.580000,22.913000,2.190700,5.263054
2021-01-21,50.000000,3853.070000,3504.972000,8.732862,1716.461840,0.520377,21.320000,22.842200,2.185500,5.863394
2021-01-22,68.900000,3841.470000,3509.978720,8.547912,1701.649318,0.530427,21.910000,22.765400,2.175000,5.060638
2021-01-25,69.700000,3855.360000,3514.906320,8.447637,1686.095291,0.508112,23.190000,22.733200,2.182300,4.811480
2021-01-26,67.400000,3849.620000,3519.955760,8.332282,1665.917923,0.489078,23.020000,22.724600,2.190600,3.802365
2021-01-27,28.200000,3750.770000,3523.894400,8.052747,1638.863721,0.486543,37.210000,22.961800,2.189400,1.346714
2021-01-28,52.900000,3787.380000,3528.223680,7.864829,1618.868234,0.477163,30.210000,23.104000,2.189400,2.391238
2021-01-29,40.966667,3714.240000,3531.768640,7.720260,1569.520135,0.506895,33.090000,23.316800,2.189400,0.061194
2021-02-01,43.400000,3773.860000,3535.602640,7.572675,1554.936197,0.511574,30.240000,23.467400,2.188300,3.051919
2021-02-02,60.466667,3826.310000,3539.761040,7.555964,1551.934316,0.523601,25.560000,23.501800,2.193900,3.838850
2021-02-03,59.200000,3830.170000,3543.780240,7.590935,1562.635023,0.526663,22.910000,23.497800,2.178300,2.963970
2021-02-04,61.066667,3871.740000,3547.960880,7.371966,1584.495993,0.534510,21.770000,23.459200,2.164000,2.295654
2021-02-05,68.000000,3886.830000,3552.245280,7.200095,1619.379937,0.508309,20.870000,23.423400,2.160200,2.040250
2021-02-08,72.866667,3915.590000,3556.686240,7.148503,1669.763713,0.497507,21.240000,23.415400,2.147800,3.243216
2021-02-09,75.400000,3911.230000,3561.306560,7.538758,1706.359810,0.481976,21.630000,23.423000,2.148500,3.046935
2021-02-10,75.266667,3909.880000,3565.542800,7.571501,1738.067976,0.472632,21.990000,23.446000,2.145400,2.838310
2021-02-11,76.000000,3916.380000,3569.886400,7.474941,1751.971443,0.460165,21.250000,23.459600,2.152300,3.216941
2021-02-12,77.666667,3934.830000,3574.382240,7.293478,1775.212882,0.459426,19.970000,23.443600,2.145500,5.086500
2021-02-16,73.933333,3932.590000,3578.787040,7.492991,1798.609789,0.469509,21.460000,23.449400,2.133600,4.969472
2021-02-17,70.200000,3931.330000,3583.119440,7.571100,1806.734462,0.482009,21.500000,23.453800,2.119000,3.549770
2021-02-18,62.533333,3913.970000,3587.432400,7.351606,1783.638091,0.502964,22.490000,23.487800,2.130600,2.893296
2021-02-19,56.240000,3906.710000,3591.602000,7.290601,1776.635937,0.520824,22.050000,23.502800,2.133600,3.593845
2021-02-22,52.480000,3876.500000,3595.436720,7.429377,1771.183616,0.527506,23.450000,23.558200,2.117500,2.973343
2021-02-23,50.560000,3881.370000,3599.037440,7.330618,1761.053350,0.547200,23.110000,23.575000,2.105700,3.120282
2021-02-24,63.800000,3925.430000,3602.891920,7.458541,1774.755665,0.543423,21.340000,23.551400,2.103100,7.030216
2021-02-25,46.160000,3829.340000,3605.696800,7.728373,1746.279487,0.551495,28.890000,23.663000,2.100400,4.714411
2021-02-26,53.520000,3811.150000,3608.309600,7.607507,1691.960919,0.581323,27.950000,23.727600,2.090300,5.186448
2021-03-01,58.520000,3901.820000,3611.460080,7.807775,1675.282484,0.582751,23.350000,23.736800,2.134100,6.210199
2021-03-02,50.320000,3870.290000,3614.419920,7.869266,1653.748266,0.569690,24.100000,23.768800,2.094600,3.550828
2021-03-03,43.840000,3819.720000,3616.764480,7.886111,1632.531319,0.597007,26.670000,23.863600,2.098200,2.404806
2021-03-04,37.800000,3768.470000,3618.265520,7.734322,1590.730717,0.611315,28.570000,24.003600,2.088300,0.513112
2021-03-05,41.520000,3841.940000,3621.360560,7.452809,1578.109359,0.617948,24.660000,23.993600,2.083300,1.853190
2021-03-08,39.080000,3821.350000,3624.515680,7.577475,1570.846856,0.625991,25.470000,24.018400,2.079700,1.057017
2021-03-09,43.360000,3875.440000,3628.864480,7.599807,1567.207320,0.631955,24.030000,24.032800,2.071900,2.133909
2021-03-10,45.560000,3898.810000,3632.863280,7.546681,1585.975790,0.621393,22.560000,24.053400,2.087200,2.825561
2021-03-11,50.480000,3939.340000,3637.664480,7.741893,1614.657593,0.589390,21.910000,24.057600,2.094500,3.642435
2021-03-12,53.720000,3943.340000,3642.483440,8.067577,1653.721168,0.553286,20.690000,24.009800,2.077000,3.682245
2021-03-15,56.520000,3968.940000,3647.166640,8.281884,1695.693999,0.534309,20.030000,23.955000,2.063000,3.548115
2021-03-16,54.800000,3962.710000,3651.658720,8.285863,1701.715103,0.539615,19.790000,23.895800,2.067400,3.476876
2021-03-17,57.866667,3974.120000,3656.367760,8.276280,1722.769390,0.545699,19.230000,23.741000,2.068600,4.391915
2021-03-18,52.333333,3915.460000,3660.835360,8.564360,1713.631363,0.552518,21.580000,23.665800,2.068600,3.314474
2021-03-19,50.833333,3913.100000,3665.584400,8.387227,1697.587888,0.573484,20.950000,23.583400,2.068000,3.798045
2021-03-22,50.700000,3940.590000,3670.860640,8.070740,1670.226092,0.583807,18.880000,23.513600,2.079200,4.246000
2021-03-23,41.800000,3910.520000,3675.620240,7.714310,1606.419588,0.598082,20.300000,23.488400,2.079200,1.743410
2021-03-24,37.666667,3889.140000,3680.838000,7.108089,1531.233846,0.625120,21.200000,23.430800,2.079400,2.215838
2021-03-25,37.833333,3909.520000,3686.141440,6.450428,1489.904187,0.660294,19.810000,23.360400,2.073600,4.004060
2021-03-26,37.566667,3974.540000,3691.550080,6.607376,1469.554377,0.680006,18.860000,23.293400,2.070100,3.355213
2021-03-29,39.566667,3971.090000,3696.506000,6.620854,1432.523132,0.701591,20.740000,23.243200,2.062600,4.607300
2021-03-30,42.033333,3958.550000,3701.490640,6.633407,1413.215193,0.689565,19.610000,23.148600,2.052600,5.296964
2021-03-31,44.566667,3972.890000,3706.369760,6.647727,1387.924301,0.660649,19.400000,23.071800,2.062200,6.655593
2021-04-01,46.400000,4019.870000,3711.482320,6.882184,1382.877742,0.628618,17.330000,22.986800,1.851800,5.343790
2021-04-05,54.566667,4077.910000,3717.318080,7.292017,1386.023637,0.584405,17.910000,22.918600,2.014400,7.251454
2021-04-06,53.500000,4073.940000,3722.640560,7.238756,1397.327683,0.556856,18.120000,22.842800,1.998700,5.695469
2021-04-07,52.533333,4079.950000,3728.392560,7.093343,1395.308659,0.544957,17.160000,22.722200,1.998500,5.455864
2021-04-08,48.100000,4097.170000,3733.814320,6.953185,1389.632964,0.540221,16.950000,22.600800,1.991600,4.500039
2021-04-09,47.500000,4128.800000,3739.270080,6.633545,1385.664219,0.541263,16.690000,22.190400,1.997900,4.627779
2021-04-12,43.433333,4127.990000,3744.476960,6.270556,1374.007924,0.547489,16.910000,21.924400,1.995500,4.224903
2021-04-13,43.633333,4141.590000,3749.335920,6.076272,1358.150242,0.542187,16.650000,21.595600,1.998500,4.245851
2021-04-14,39.966667,4124.660000,3754.237760,6.011113,1358.002984,0.539516,16.990000,21.330600,2.011300,3.515933
2021-04-15,47.166667,4170.420000,3759.691760,6.171738,1362.214443,0.541941,16.570000,21.150800,2.006600,4.906402
2021-04-16,51.300000,4185.470000,3765.308800,6.350719,1382.987302,0.539051,16.250000,21.017600,2.012200,5.690453
2021-04-19,45.266667,4163.260000,3770.744400,6.487045,1387.783567,0.558722,17.290000,20.928000,1.996500,4.770014
2021-04-20,42.866667,4134.940000,3776.408560,6.623689,1362.944383,0.591124,18.680000,20.884200,1.992600,5.021938
2021-04-21,49.633333,4173.420000,3782.250960,6.930021,1376.276368,0.598827,17.500000,20.809400,2.007600,6.636679
2021-04-22,46.700000,4134.980000,3787.846320,7.443799,1372.259809,0.608145,18.710000,20.751000,2.008800,5.227946
2021-04-23,47.700000,4180.170000,3793.659760,8.177152,1398.880682,0.616285,17.330000,20.657800,2.012000,4.429653
2021-04-26,50.533333,4187.620000,3799.437600,8.573278,1436.904790,0.588591,17.640000,20.585600,2.007100,4.477910
2021-04-27,54.800000,4186.720000,3805.723600,8.788840,1469.512009,0.572614,17.560000,20.537400,2.004800,5.014657
2021-04-28,52.400000,4183.180000,3812.063600,9.073991,1507.004286,0.564759,17.280000,20.453800,1.992600,4.286776
2021-04-29,56.166667,4211.470000,3819.587120,9.445697,1539.960048,0.555928,17.610000,20.376000,1.993900,4.389705
2021-04-30,46.533333,4181.170000,3826.555600,9.540685,1538.200210,0.574201,18.610000,20.298400,1.987800,1.864015
2021-05-03,47.566667,4192.660000,3833.937200,9.578573,1551.635356,0.585762,18.310000,20.223600,1.811100,2.530437
2021-05-04,43.466667,4164.660000,3840.772560,9.558633,1548.273106,0.605057,19.480000,20.144200,1.960100,1.582824
2021-05-05,43.033333,4167.590000,3847.160000,9.648524,1553.045433,0.618856,19.150000,20.065000,1.971800,1.345402
2021-05-06,43.933333,4201.620000,3853.225440,9.828338,1566.783752,0.636616,18.390000,20.006000,1.971600,1.125126
2021-05-07,48.166667,4232.600000,3859.002640,10.172189,1603.540185,0.621229,16.690000,19.762000,1.973200,1.724104
2021-05-10,44.933333,4188.430000,3864.434560,10.657664,1616.226175,0.636377,19.660000,19.596200,1.968900,1.047735
2021-05-11,42.033333,4152.100000,3869.247360,10.450510,1607.786957,0.639839,21.840000,19.566000,1.957400,0.524153
2021-05-12,26.766667,4063.040000,3873.387440,9.954681,1560.741302,0.685983,27.590000,19.635800,1.961700,-1.558670
2021-05-13,34.433333,4112.500000,3877.706160,9.364157,1531.638438,0.704332,23.130000,19.565000,1.957300,-1.348944
2021-05-14,36.000000,4173.850000,3882.800880,8.809044,1541.907965,0.714163,18.810000,19.369800,1.963100,0.336585
2021-05-17,36.366667,4163.290000,3887.426000,8.709844,1561.600441,0.703510,19.720000,19.271000,1.968500,1.222411
2021-05-18,34.033333,4127.830000,3891.433360,8.766588,1560.139209,0.677415,21.340000,19.188400,1.971800,-0.519013
2021-05-19,32.333333,4115.680000,3895.482560,8.552941,1527.643211,0.663489,22.180000,19.151400,1.966900,0.472497
2021-05-20,32.300000,4159.120000,3900.213200,8.303482,1506.966716,0.632904,20.670000,19.113600,1.970500,-0.059278
2021-05-21,29.433333,4155.860000,3904.805120,8.026232,1493.747766,0.623444,20.150000,19.078400,1.980400,-0.479495
2021-05-24,29.500000,4197.050000,3909.921200,7.725192,1495.892640,0.623092,18.400000,19.032600,1.981400,0.060173
2021-05-25,26.666667,4188.130000,3914.805520,7.500805,1474.606634,0.632068,18.840000,19.008800,1.982900,-0.354908
2021-05-26,28.133333,4195.990000,3919.290160,7.240256,1480.637402,0.577502,17.360000,18.960200,1.991400,-0.864631
2021-05-27,30.300000,4200.880000,3923.860000,6.937325,1498.471005,0.557215,16.740000,18.910400,1.986000,0.101848
2021-05-28,31.566667,4204.110000,3928.386080,6.883829,1509.593162,0.541882,16.760000,18.814000,1.978100,0.191331
2021-06-01,35.400000,4202.040000,3933.029360,6.988743,1543.586022,0.523597,17.900000,18.753000,1.856100,0.945267
2021-06-02,42.133333,4208.120000,3937.394720,7.138503,1586.119402,0.489692,17.480000,18.725000,1.994900,1.107281
2021-06-03,40.800000,4192.850000,3941.585440,7.066925,1611.188707,0.490558,18.040000,18.679800,1.994300,0.206679
2021-06-04,41.900000,4229.890000,3946.090800,6.925063,1635.685708,0.498085,16.420000,18.584200,1.987900,-0.124203
2021-06-07,44.466667,4226.520000,3950.310000,6.633796,1653.613407,0.484806,16.420000,18.516400,1.999600,0.650029
2021-06-08,46.466667,4227.260000,3954.592400,6.387127,1671.099891,0.472305,17.070000,18.480600,1.996600,1.106836
2021-06-09,48.533333,4219.550000,3958.730800,6.810071,1672.862728,0.459377,17.890000,18.423600,2.000300,2.360699
2021-06-10,48.900000,4239.180000,3963.261680,7.426887,1668.299455,0.470125,16.100000,18.353400,2.003300,1.319246
2021-06-11,51.233333,4247.440000,3967.896400,7.964142,1673.615174,0.464034,15.650000,18.278400,2.011500,0.292113
2021-06-14,54.166667,4255.150000,3972.629920,8.237432,1658.401886,0.468548,16.390000,18.259600,2.008400,0.998081
2021-06-15,52.666667,4246.590000,3977.422720,8.396288,1639.824581,0.485404,17.020000,18.241800,1.999900,1.665761
2021-06-16,44.800000,4223.700000,3981.655360,8.373517,1604.153789,0.526583,18.150000,18.242400,2.000500,1.767555
2021-06-17,42.033333,4221.860000,3985.820880,8.522528,1545.358350,0.527511,17.750000,18.254200,1.996200,0.720064
2021-06-18,31.600000,4166.450000,3989.372640,8.486483,1455.605571,0.561535,20.700000,18.329200,2.016300,-1.118912
2021-06-21,32.466667,4224.790000,3993.495680,8.365292,1412.743324,0.571086,17.890000,18.353200,2.036400,-0.296727
2021-06-22,32.800000,4246.440000,3997.907840,8.312567,1373.507698,0.579848,16.660000,18.348200,2.014600,0.585455
2021-06-23,33.266667,4241.840000,4002.344480,8.294264,1342.109935,0.558049,16.320000,18.341600,2.015400,0.427489
2021-06-24,36.900000,4266.490000,4006.956320,8.386438,1338.868691,0.545346,15.970000,18.321200,2.008600,0.801123
2021-06-25,41.633333,4280.700000,4011.577440,8.404994,1338.699631,0.516503,15.620000,18.302200,2.007100,1.182019
2021-06-28,41.433333,4290.610000,4016.019440,8.210754,1315.920794,0.504125,15.760000,18.292400,1.995600,1.074769
2021-06-29,39.833333,4291.800000,4020.537520,7.843196,1280.878640,0.488387,16.020000,18.267000,2.005200,1.012877
2021-06-30,38.000000,4297.500000,4025.061200,7.455713,1262.270620,0.495000,15.830000,18.210000,2.004700,1.079319
2021-07-01,38.666667,4319.940000,4029.572160,7.364822,1261.361287,0.497661,15.480000,18.169600,1.844100,1.423721
2021-07-02,38.666667,4352.340000,4034.785680,7.224560,1257.149219,0.511646,15.070000,18.096800,1.989200,1.841339
2021-07-06,33.300000,4343.540000,4039.719120,6.924863,1221.908624,0.538080,16.440000,18.079000,1.993300,1.333856
2021-07-07,33.100000,4358.130000,4044.599040,6.527155,1178.146600,0.552901,16.200000,18.050200,2.002700,1.940141
2021-07-08,26.966667,4320.820000,4048.735280,6.010519,1106.442590,0.585895,19.000000,18.079000,2.004200,1.014479
2021-07-09,31.000000,4369.550000,4053.094240,5.597621,1084.532886,0.601453,16.180000,18.057000,2.012100,2.291020
2021-07-12,31.700000,4384.630000,4057.774400,5.409093,1068.173344,0.591825,16.170000,18.028200,1.996700,2.162333
2021-07-13,31.266667,4369.210000,4062.318560,5.302124,1027.141936,0.585599,17.120000,17.998400,1.993600,2.331160
2021-07-14,29.533333,4374.300000,4066.834240,5.073742,981.105272,0.594840,16.330000,17.958800,1.986900,1.909813
2021-07-15,27.333333,4360.030000,4071.350160,4.859099,929.164306,0.602828,17.010000,17.909400,2.003500,1.523276
2021-07-16,26.900000,4327.160000,4075.821440,4.737050,853.533902,0.638427,18.450000,17.895400,2.015200,2.730007
2021-07-19,8.983333,4258.490000,4079.498080,4.513619,748.780872,0.691184,22.500000,17.977600,2.013600,-1.440606
2021-07-20,20.066667,4323.060000,4083.267760,4.428700,699.819546,0.692704,19.730000,18.038400,2.051700,-0.144515
2021-07-21,24.200000,4358.690000,4087.312720,4.389203,693.392569,0.682318,17.910000,18.003400,2.035900,1.129164
2021-07-22,24.333333,4367.480000,4091.520800,4.241420,663.125595,0.662758,17.690000,17.920400,2.016200,0.506822
2021-07-23,28.300000,4411.790000,4095.972240,4.081353,634.203711,0.635451,17.200000,17.712600,2.022800,1.080927
2021-07-26,30.900000,4422.300000,4100.553680,3.802491,618.823941,0.590712,17.580000,17.601600,2.017500,1.525337
2021-07-27,27.166667,4401.460000,4105.759200,3.640992,595.915084,0.617123,19.360000,17.612600,2.013500,0.628706
2021-07-28,27.466667,4400.640000,4110.665280,3.522155,598.665095,0.606243,18.310000,17.584400,2.027800,0.554571
2021-07-29,29.233333,4419.150000,4116.304560,3.490228,621.974856,0.595127,17.700000,17.511600,2.031100,0.602508
2021-07-30,25.766667,4395.260000,4121.275760,3.416423,621.469022,0.611946,18.240000,17.432800,2.023000,-0.600659
2021-08-02,25.100000,4387.160000,4125.762560,3.337686,613.149692,0.609726,19.460000,17.408600,2.026900,-0.392263
2021-08-03,29.533333,4423.150000,4130.506400,3.359123,623.896682,0.587888,18.040000,17.366400,2.015800,0.269688
2021-08-04,28.633333,4402.660000,4134.753760,3.269686,603.952963,0.592976,17.970000,17.357800,2.021400,0.888585
2021-08-05,29.633333,4429.100000,4139.091920,3.342962,609.860372,0.591594,17.280000,17.326600,2.026500,0.301246
2021-08-06,31.866667,4436.520000,4143.259360,3.404276,628.860174,0.572558,16.150000,17.302400,2.016000,0.643263
2021-08-09,32.066667,4432.350000,4147.428320,3.221424,637.920875,0.568527,16.720000,17.302000,1.996900,0.832084
2021-08-10,34.833333,4436.750000,4151.643280,3.125769,660.854496,0.551308,16.790000,17.302600,1.993900,1.437387
2021-08-11,37.933333,4447.700000,4155.893840,3.221968,701.321370,0.554626,16.060000,17.265800,1.991800,2.334627
2021-08-12,43.133333,4460.830000,4160.101840,3.349688,725.832512,0.560670,15.590000,17.228000,1.996000,3.437747
2021-08-13,47.133333,4468.000000,4164.385120,3.447303,739.611230,0.557489,15.450000,17.176200,1.995600,5.542429
2021-08-16,44.866667,4479.710000,4168.772160,3.651091,730.224930,0.568570,16.120000,17.170200,2.009600,3.960681
2021-08-17,31.700000,4448.080000,4173.045040,3.621499,697.945941,0.598170,17.910000,17.200000,2.013100,1.900285
2021-08-18,18.200000,4400.270000,4176.993520,3.430675,644.400379,0.614558,21.570000,17.290000,2.010500,0.860561
2021-08-19,14.883333,4405.800000,4181.227920,3.201533,569.726854,0.651903,21.670000,17.365600,2.008400,-0.351510
2021-08-20,23.866667,4441.670000,4185.710320,2.951737,535.638107,0.673303,18.560000,17.414800,2.017500,0.202126
2021-08-23,30.433333,4479.530000,4190.143120,2.927364,535.154185,0.663325,17.150000,17.444800,2.014900,1.943628
2021-08-24,34.400000,4486.230000,4195.398240,2.998889,564.595938,0.620428,17.220000,17.461400,2.009200,2.532770
2021-08-25,36.033333,4496.190000,4200.878560,3.050678,604.833505,0.599640,16.790000,17.456800,1.995900,2.379496
2021-08-26,36.833333,4470.000000,4205.424000,2.892464,609.133426,0.573664,18.840000,17.470600,1.984100,2.572548
2021-08-27,47.466667,4509.370000,4210.536640,2.765756,650.637755,0.549452,16.390000,17.443400,1.985300,3.722949
2021-08-30,47.866667,4528.790000,4216.209200,2.726284,676.535872,0.537824,16.190000,17.353200,1.986000,3.192060
2021-08-31,47.233333,4522.680000,4222.242880,2.704489,709.268437,0.557153,16.480000,17.325000,1.983900,3.732541
2021-09-01,43.133333,4524.090000,4227.700080,2.757882,742.528476,0.556858,16.110000,17.314000,1.805900,2.805328
2021-09-02,44.166667,4536.950000,4233.424880,2.919077,788.692323,0.530958,16.410000,17.315800,1.953000,2.227764
2021-09-03,44.066667,4535.430000,4238.704800,3.006826,815.574021,0.531362,16.410000,17.324600,1.953200,2.279469
2021-09-07,41.700000,4520.030000,4243.674560,3.028467,826.130571,0.531205,18.140000,17.375000,1.944700,2.034566
2021-09-08,38.566667,4514.070000,4248.272400,2.965682,815.799495,0.537231,17.960000,17.419000,1.938000,1.496749
2021-09-09,33.800000,4493.280000,4252.671920,2.865276,809.297166,0.543086,18.800000,17.474600,1.944000,0.421748
2021-09-10,20.600000,4458.580000,4256.589040,2.785872,779.607189,0.578775,20.950000,17.577000,1.955300,0.289020
2021-09-13,28.266667,4468.730000,4260.637200,2.672074,774.667509,0.586081,19.370000,17.654800,1.946600,0.366033
2021-09-14,24.800000,4443.050000,4264.388640,2.607782,742.506364,0.615972,19.460000,17.742600,1.949700,0.087878
2021-09-15,31.200000,4480.700000,4268.910560,2.627205,737.825028,0.624788,18.180000,17.777400,1.959300,2.139112
2021-09-16,31.500000,4473.750000,4273.395760,2.725986,722.003696,0.630758,18.690000,17.827200,1.951800,2.334120
2021-09-17,17.933333,4432.990000,4277.334960,2.902690,690.304793,0.628843,20.810000,17.863400,1.948800,0.754634
2021-09-20,11.100000,4357.730000,4280.912640,2.873768,623.543705,0.671588,25.710000,18.054000,1.944900,-2.254268
2021-09-21,11.450000,4354.190000,4284.633040,2.807001,566.779807,0.667248,24.360000,18.217800,1.968900,-2.690680
2021-09-22,20.033333,4395.640000,4288.522000,2.772697,554.287789,0.666100,20.870000,18.292800,1.963100,-2.424609
2021-09-23,24.500000,4448.980000,4292.317520,2.693906,575.237766,0.670781,18.630000,18.338800,1.963200,0.243984
2021-09-24,23.833333,4455.480000,4296.192640,2.626547,589.792573,0.675695,17.750000,18.353600,1.944900,-0.188768
2021-09-27,24.766667,4443.110000,4300.069120,2.533060,625.222507,0.617067,18.760000,18.359800,1.944200,-0.475646
2021-09-28,12.466667,4352.630000,4303.107040,2.291787,624.981883,0.642325,23.250000,18.374800,1.944400,-2.134041
2021-09-29,12.483333,4359.460000,4305.823760,2.050408,628.357736,0.653119,22.560000,18.431400,1.937600,-2.138669
2021-09-30,9.966667,4307.540000,4307.660800,1.750473,608.052584,0.680560,23.140000,18.536000,1.934700,-3.613959
2021-10-01,18.333333,4357.040000,4309.925600,1.390351,621.587996,0.685839,21.150000,18.605200,1.745700,-3.013517
2021-10-04,9.500000,4300.460000,4311.689680,1.063354,630.184161,0.714669,22.960000,18.720400,1.904600,-4.220749
2021-10-05,18.766667,4345.720000,4313.678080,0.986224,652.703483,0.689905,21.300000,18.794800,1.905500,-2.520142
2021-10-06,20.066667,4363.550000,4315.556080,0.775780,664.798383,0.694456,21.000000,18.827600,1.898100,-1.428228
2021-10-07,24.600000,4399.760000,4317.730240,0.770772,702.967782,0.676736,19.540000,18.852200,1.910300,0.207442
2021-10-08,25.266667,4391.340000,4319.728240,0.731068,739.270423,0.666424,18.770000,18.873600,1.893300,0.165719
2021-10-11,25.900000,4361.190000,4321.620480,0.780525,759.854342,0.665912,20.000000,18.908800,1.889400,0.560734
2021-10-12,22.700000,4350.650000,4323.062320,0.795767,781.252626,0.673251,19.850000,18.916600,1.889300,-1.099799
2021-10-13,24.100000,4363.800000,4324.488960,0.812252,807.640200,0.652149,18.640000,18.928600,1.908900,-1.071842
2021-10-14,31.833333,4438.260000,4326.688960,0.926490,859.630083,0.646874,16.860000,18.906400,1.917400,1.038295
2021-10-15,43.633333,4471.370000,4329.380400,1.101657,915.431023,0.633021,16.300000,18.886800,1.912200,4.516797
2021-10-18,46.566667,4486.460000,4331.884720,1.344364,958.444747,0.603736,16.310000,18.890000,1.903400,4.951061
2021-10-19,53.400000,4519.630000,4334.961920,1.508715,1008.564044,0.567066,15.700000,18.869600,1.907800,5.189404
2021-10-20,56.566667,4536.190000,4337.810080,1.666583,1074.584097,0.550148,15.490000,18.843600,1.892600,3.518290
2021-10-21,60.200000,4549.780000,4340.707360,1.790714,1117.542085,0.530623,15.010000,18.822600,1.885400,3.936941
2021-10-22,59.500000,4544.900000,4343.572800,2.008538,1152.301406,0.530024,15.430000,18.819400,1.882500,3.619891
2021-10-25,62.966667,4566.480000,4346.639200,2.180604,1192.838679,0.521862,15.240000,18.815200,1.895500,5.751875
2021-10-26,63.033333,4574.790000,4349.545760,2.429928,1215.126750,0.528665,15.980000,18.812400,1.897900,5.672387
2021-10-27,58.333333,4551.680000,4352.509840,2.488924,1200.775620,0.543933,16.980000,18.793800,1.906200,6.079406
2021-10-28,64.400000,4596.420000,4355.739920,2.649907,1205.716801,0.533284,16.530000,18.693000,1.920900,6.435140
2021-10-29,65.433333,4605.380000,4359.265680,2.775329,1192.217766,0.526485,16.260000,18.584800,1.912000,7.862185
2021-11-01,66.133333,4613.670000,4362.834320,3.030427,1208.968065,0.524051,16.410000,18.541800,1.916100,6.737129
2021-11-02,68.266667,4630.650000,4366.266560,3.211711,1211.603821,0.511284,16.030000,18.519400,1.841900,6.486556
2021-11-03,72.200000,4660.570000,4369.690320,3.631463,1230.614592,0.482500,15.100000,18.477000,1.846100,6.174531
2021-11-04,72.433333,4680.060000,4373.623360,3.832878,1227.768432,0.483197,15.440000,18.450000,1.841700,6.058144
2021-11-05,73.600000,4697.530000,4377.986800,4.119301,1240.254241,0.468058,16.480000,18.402800,1.844500,6.439217
2021-11-08,74.533333,4701.700000,4383.096080,4.325053,1257.830173,0.458707,17.220000,18.419400,1.845100,7.719967
2021-11-09,77.171429,4685.250000,4387.678080,4.475923,1263.648999,0.461882,17.780000,18.451200,1.836700,6.691651
2021-11-10,73.085714,4646.710000,4391.460960,4.562491,1255.012412,0.490243,18.730000,18.496200,1.846200,5.143656
2021-11-11,72.228571,4649.270000,4395.348800,4.454786,1261.330886,0.495588,17.660000,18.527200,1.832600,4.215160
2021-11-12,74.000000,4682.850000,4399.788960,4.337469,1267.150663,0.494219,16.290000,18.524800,1.832400,4.328592
2021-11-15,71.628571,4682.800000,4404.325920,4.378271,1272.848213,0.507001,16.490000,18.526400,1.832000,3.574440
2021-11-16,72.485714,4700.900000,4408.660160,4.381931,1264.699478,0.505937,16.370000,18.491000,1.822400,3.632676
2021-11-17,69.200000,4688.670000,4412.922640,4.174698,1235.282125,0.488533,17.110000,18.474000,1.821100,2.495368
2021-11-18,70.142857,4704.540000,4416.982560,3.954313,1187.082180,0.492655,17.590000,18.449800,1.830600,3.155771
2021-11-19,62.771429,4697.960000,4421.061200,3.665346,1120.746851,0.511608,17.910000,18.389000,1.835500,2.299408
2021-11-22,60.000000,4682.940000,4424.956800,3.397849,1068.046577,0.529796,19.170000,18.385000,1.844700,2.733099
2021-11-23,60.371429,4690.700000,4428.875360,2.998198,1028.291147,0.570045,19.380000,18.383400,1.833500,4.299872
2021-11-24,56.942857,4701.460000,4432.854160,2.922969,1000.429383,0.599464,18.580000,18.391400,1.833200,3.018926
2021-11-26,31.257143,4594.620000,4435.994800,2.523555,934.976585,0.657093,28.620000,18.590000,1.850500,-0.725817
2021-11-29,38.114286,4655.270000,4439.572000,2.237240,878.615982,0.670912,22.960000,18.633000,1.898400,0.489498
2021-11-30,24.771429,4567.000000,4442.565200,1.597095,791.454391,0.689266,27.190000,18.662600,1.876300,-2.175314
2021-12-01,25.357143,4513.040000,4444.830400,1.060191,686.060483,0.695302,31.120000,18.797800,1.700300,-4.353236
2021-12-02,22.928571,4577.100000,4447.635040,0.484662,632.173359,0.726096,27.950000,18.939400,1.850000,-2.545910
2021-12-03,20.157143,4538.430000,4450.124400,-0.114670,563.816804,0.758176,30.670000,19.180200,1.844200,-3.805797
2021-12-06,21.257143,4591.670000,4453.101360,-0.623125,537.427044,0.773113,27.180000,19.368800,1.857600,-2.675725
2021-12-07,37.885714,4686.750000,4456.681920,-0.879901,550.448352,0.763931,21.890000,19.431400,1.835100,0.545922
2021-12-08,41.314286,4701.210000,4460.312080,-0.989820,577.066365,0.734718,19.900000,19.364400,1.809400,1.073476
2021-12-09,36.857143,4667.450000,4463.610480,-1.134075,576.833772,0.714485,21.580000,19.344800,1.798200,-0.228279
2021-12-10,42.000000,4712.020000,4467.333920,-1.234803,582.119220,0.653203,18.690000,19.255800,1.805500,0.134903
2021-12-13,35.400000,4668.970000,4470.896080,-1.424793,562.243379,0.646537,20.310000,19.239000,1.805600,-1.977460
2021-12-14,31.542857,4634.090000,4474.193920,-1.803990,532.426526,0.671740,21.890000,19.217600,1.818200,-2.986561
2021-12-15,37.800000,4709.850000,4478.541120,-2.204840,522.229046,0.699244,19.290000,19.177400,1.816300,-0.691453
2021-12-16,33.571429,4668.670000,4482.092160,-2.223567,514.628029,0.679952,20.570000,19.168800,1.806200,-2.076013
2021-12-17,32.514286,4620.640000,4485.085760,-2.418489,497.213318,0.686975,21.570000,19.209400,1.757400,-2.851183
2021-12-20,29.428571,4568.020000,4487.695200,-2.745013,451.105487,0.692906,22.870000,19.291400,1.765700,-4.318391
2021-12-21,34.028571,4649.230000,4490.757120,-2.787599,450.627963,0.656039,21.010000,19.311600,1.760700,-2.736966
2021-12-22,39.542857,4696.560000,4494.084000,-2.635759,477.549387,0.635850,18.630000,19.287200,1.746200,-1.782067
2021-12-23,50.485714,4725.790000,4497.565440,-2.508209,525.670869,0.623311,17.960000,19.273600,1.745200,2.650694
2021-12-27,56.400000,4791.190000,4501.560560,-2.086438,589.621832,0.594887,17.680000,19.290000,1.732300,2.548090
2021-12-28,62.971429,4786.350000,4505.471360,-1.800985,640.668758,0.563499,17.540000,19.314800,1.728200,5.073503
2021-12-29,64.028571,4793.060000,4509.256320,-1.346702,680.567360,0.572382,16.950000,19.327600,1.725800,7.040540
2021-12-30,63.971429,4778.730000,4512.667440,-0.889230,722.149131,0.571780,17.330000,19.360200,1.716700,4.595120
2021-12-31,62.542857,4766.180000,4516.048560,-0.524714,758.290543,0.588971,17.220000,19.394800,1.725900,5.969507
2022-01-03,65.228571,4796.560000,4519.556000,-0.180256,807.580280,0.583517,16.600000,19.426600,1.728700,5.770495
2022-01-04,64.257143,4793.540000,4523.337760,0.057749,865.301583,0.583421,16.910000,19.456200,1.707600,3.292826
2022-01-05,51.028571,4700.580000,4525.986000,-0.016254,887.954405,0.600532,19.730000,19.546000,1.711900,1.140939
2022-01-06,52.142857,4696.050000,4528.477360,-0.263816,913.883372,0.619149,19.610000,19.618600,1.715200,2.234809
2022-01-07,49.257143,4677.030000,4530.939920,-0.258018,947.669874,0.636909,18.760000,19.654200,1.722400,1.272693
2022-01-10,51.142857,4670.290000,4533.307840,-0.395114,964.721273,0.681380,19.400000,19.711600,1.723800,2.776096
2022-01-11,56.114286,4713.070000,4536.132160,-0.283227,1009.948509,0.683593,18.410000,19.754600,1.727800,4.080397
2022-01-12,55.942857,4726.350000,4539.325680,0.003155,1056.127753,0.658699,17.620000,19.778800,1.717500,2.610261
2022-01-13,52.171429,4659.030000,4542.530000,0.293093,1087.724591,0.663095,20.310000,19.864400,1.706500,2.032657
2022-01-14,55.800000,4662.850000,4545.248320,0.151423,1113.278006,0.689670,19.190000,19.946200,1.713400,3.960732
2022-01-18,53.714286,4577.110000,4546.995680,0.049308,1099.796949,0.698578,22.790000,20.093200,1.702500,3.952040
2022-01-19,44.828571,4532.760000,4548.317920,0.012954,1065.231380,0.725784,23.850000,20.240600,1.702400,0.558513
2022-01-20,39.142857,4482.730000,4548.885440,-0.294388,1005.893668,0.779803,25.590000,20.408000,1.705100,-1.603883
2022-01-21,26.728571,4397.940000,4548.690560,-1.035521,917.089120,0.852188,28.850000,20.629400,1.707800,-4.800972
2022-01-24,23.128571,4410.130000,4548.759920,-2.239019,837.932278,0.884377,29.900000,20.852800,1.732200,-5.673735
2022-01-25,20.885714,4356.450000,4548.406400,-2.586425,763.954632,0.880776,31.160000,21.122800,1.738100,-6.549979
2022-01-26,19.514286,4349.930000,4547.852640,-2.972538,684.917179,0.889298,31.960000,21.436200,1.734100,-6.660557
2022-01-27,18.600000,4326.510000,4547.302640,-3.625197,600.504040,0.901409,30.490000,21.716200,1.717500,-6.965460
2022-01-28,23.857143,4431.850000,4547.660160,-4.542383,554.578800,0.878596,27.660000,21.942000,1.752200,-4.855656
2022-01-31,29.200000,4515.550000,4548.399360,-4.775938,547.464352,0.835400,24.830000,22.096400,1.596600,-4.656151
2022-02-01,30.800000,4546.540000,4549.550400,-4.816532,568.995651,0.819351,21.960000,22.183800,1.590800,-3.798045
2022-02-02,28.800000,4589.380000,4550.832640,-4.901555,588.825578,0.821226,22.090000,22.267400,1.755300,-1.604041
2022-02-03,26.057143,4477.440000,4551.160000,-5.064790,574.225957,0.820856,24.350000,22.371000,1.750700,-3.620830
2022-02-04,27.600000,4500.530000,4551.705440,-5.217490,570.391220,0.783984,23.220000,22.447800,1.755000,-2.319135
2022-02-07,27.914286,4483.870000,4552.082400,-5.415255,576.542021,0.762817,22.860000,22.533400,1.757600,-2.533049
2022-02-08,28.942857,4521.540000,4552.673120,-5.530605,600.419517,0.766771,21.440000,22.389800,1.761300,-2.161406
2022-02-09,32.657143,4587.180000,4553.683920,-5.666693,653.000288,0.752686,19.960000,22.329800,1.751600,-1.118338
2022-02-10,33.600000,4504.080000,4553.972560,-6.123434,674.500180,0.724135,23.910000,22.264200,1.742100,-0.295813
2022-02-11,28.485714,4418.640000,4553.484000,-6.612429,676.704110,0.759614,27.360000,22.189000,1.745300,-3.948547
2022-02-14,25.685714,4401.670000,4553.112720,-7.148027,652.666471,0.806373,28.330000,22.196600,1.788200,-2.619203
2022-02-15,29.971429,4471.070000,4553.679120,-7.069626,662.067586,0.813142,25.700000,22.097200,1.788200,0.480606
2022-02-16,32.085714,4475.010000,4554.232800,-6.824016,676.729242,0.832005,24.290000,22.039400,1.788200,1.708368
2022-02-17,32.457143,4380.260000,4553.741520,-6.673237,661.497686,0.850721,28.110000,22.163800,1.755600,1.598202
2022-02-18,29.514286,4348.870000,4552.696240,-6.165024,632.141547,0.867265,27.750000,22.320800,1.762600,0.157595
2022-02-22,28.771429,4304.760000,4551.244480,-5.522517,577.358521,0.864509,28.810000,22.465400,1.768000,0.100986
2022-02-23,18.814286,4225.500000,4549.078960,-5.864434,506.593658,0.894695,31.020000,22.712000,1.763000,-1.662511
2022-02-24,21.228571,4288.700000,4547.628560,-6.715992,449.595758,0.931074,30.320000,22.912200,1.745900,0.567156
2022-02-25,28.142857,4384.650000,4546.630800,-6.203926,437.085280,0.919598,27.590000,23.026200,1.754900,0.586097
2022-02-28,25.471429,4373.940000,4545.392000,-5.490144,418.730881,0.877286,30.150000,23.243400,1.579300,-2.488887
2022-03-01,22.971429,4306.260000,4543.660640,-5.416541,386.504580,0.855158,33.320000,23.498400,1.597200,-5.761887
2022-03-02,17.828571,4386.540000,4542.560240,-5.404016,394.491800,0.832025,30.740000,23.681800,1.784000,-3.233164
2022-03-03,21.728571,4363.490000,4541.172560,-5.458146,393.455885,0.800400,30.480000,23.834000,1.745900,-2.280306
2022-03-04,18.171429,4328.870000,4539.520080,-5.503641,379.859568,0.821304,31.980000,24.053400,1.745900,-5.367180
2022-03-07,16.900000,4201.090000,4536.968560,-5.606374,345.426894,0.815188,36.450000,24.409800,1.745900,-7.403499
2022-03-08,16.671429,4170.700000,4534.221600,-5.978076,329.518781,0.806232,35.130000,24.753200,1.745900,-8.506140
2022-03-09,18.028571,4277.880000,4532.498400,-5.819095,344.523850,0.813841,32.450000,25.048600,1.745900,-6.642244
2022-03-10,17.957143,4259.520000,4530.905920,-6.033627,356.863147,0.822655,30.230000,25.302400,1.745900,-5.862253
2022-03-11,19.057143,4204.310000,4528.790560,-6.081301,339.499333,0.820848,30.750000,25.578400,1.745900,-4.076305
2022-03-14,17.500000,4173.110000,4526.631040,-6.640133,306.418192,0.861445,31.770000,25.867200,1.745900,-3.913780
2022-03-15,21.857143,4262.450000,4524.885040,-6.483122,306.495818,0.889649,29.830000,26.119400,1.793900,-3.610210
2022-03-16,25.257143,4357.860000,4523.957920,-6.443468,342.017343,0.887354,26.670000,26.320800,1.789900,-1.262342
2022-03-17,33.628571,4411.670000,4523.787360,-6.328091,402.293181,0.869447,25.670000,26.496000,1.779000,2.782372
2022-03-18,38.428571,4463.120000,4524.630480,-6.121354,468.777589,0.822909,23.870000,26.578800,1.764200,4.600109
2022-03-21,40.971429,4461.180000,4525.486400,-5.805666,520.036668,0.759133,23.530000,26.657200,1.771700,6.973117
2022-03-22,44.542857,4511.610000,4526.414160,-5.332284,585.672807,0.714828,22.940000,26.740800,1.759100,10.214316
2022-03-23,45.200000,4456.240000,4526.472240,-4.766113,631.357177,0.683946,23.570000,26.824200,1.759100,6.814903
2022-03-24,46.914286,4520.160000,4526.989680,-3.691245,696.143887,0.653735,21.670000,26.889400,1.770400,6.219800
2022-03-25,49.371429,4543.060000,4527.789280,-3.662277,765.790658,0.657414,20.810000,26.953200,1.757300,9.015823
2022-03-28,51.257143,4575.520000,4529.572400,-3.705907,824.538367,0.660381,19.630000,26.939600,1.751400,12.001802
2022-03-29,52.714286,4631.600000,4531.749520,-3.584577,904.499578,0.644024,18.900000,26.933800,1.759900,9.520457
2022-03-30,52.800000,4602.450000,4534.108800,-3.489031,960.967089,0.650609,19.330000,26.864600,1.759900,9.406763
2022-03-31,59.200000,4530.410000,4535.495760,-3.389898,977.186737,0.677894,20.560000,26.798800,1.601800,9.442716
2022-04-01,59.800000,4545.860000,4537.458960,-3.134688,1011.317998,0.690088,19.630000,26.679600,1.601900,13.191684
2022-04-04,61.657143,4582.640000,4539.354320,-2.633487,1049.442196,0.677934,18.570000,26.474000,1.601900,14.405537
2022-04-05,47.914286,4525.120000,4540.646880,-2.052223,1051.259033,0.713158,21.030000,26.296600,1.814900,10.704056
2022-04-06,46.400000,4481.150000,4541.298000,-2.209424,1035.364800,0.742255,22.100000,26.115400,1.807200,10.058182
2022-04-07,46.828571,4500.210000,4542.168960,-2.211247,1013.346914,0.742774,21.550000,25.907200,1.795900,12.119166
2022-04-08,46.085714,4488.280000,4543.185680,-1.936647,1002.807925,0.739468,21.160000,25.720600,1.812800,11.917324
2022-04-11,43.400000,4412.530000,4543.680720,-1.291211,978.682085,0.789989,24.370000,25.654800,1.814600,8.204760
2022-04-12,42.057143,4397.450000,4543.949920,-1.037729,949.412890,0.779869,24.260000,25.643400,1.808700,4.992723
2022-04-13,41.800000,4446.590000,4544.016560,-1.072618,957.162581,0.738335,21.820000,25.640600,1.818700,4.524080
2022-04-14,39.857143,4392.590000,4543.386320,-1.249377,947.465598,0.743828,22.700000,25.652800,1.805900,3.374912
2022-04-18,37.600000,4391.690000,4542.628160,-1.503373,929.938609,0.744077,22.170000,25.609200,1.805900,2.458085
2022-04-19,39.628571,4462.210000,4542.168800,-1.878277,938.267094,0.711369,21.370000,25.572200,1.805900,2.948079
2022-04-20,43.314286,4459.450000,4541.554880,-1.805792,956.690884,0.722706,20.320000,25.521400,1.772900,4.008208
2022-04-21,38.942857,4393.660000,4540.305920,-1.953424,937.840522,0.765837,22.680000,25.546200,1.758000,1.476773
2022-04-22,31.628571,4271.780000,4538.120960,-2.530430,879.889230,0.818540,28.210000,25.711200,1.774400,-2.759404
2022-04-25,29.971429,4296.120000,4535.958080,-3.121472,828.316830,0.855327,27.020000,25.773400,1.770900,-3.240512
2022-04-26,17.900000,4175.200000,4532.761360,-3.615911,744.882647,0.899902,33.520000,25.896600,1.779600,-7.290341
2022-04-27,16.271429,4183.960000,4529.819600,-4.521061,675.355632,0.929021,31.600000,25.962000,1.796800,-5.531481
2022-04-28,24.257143,4287.500000,4527.348240,-5.386381,649.445349,0.937002,29.990000,26.047800,1.810800,-1.467837
2022-04-29,14.328571,4131.930000,4523.560640,-5.916775,588.217659,0.924551,33.400000,26.230000,1.801000,-5.465160
2022-05-02,13.271429,4155.380000,4519.894320,-6.866483,542.291918,0.931848,32.340000,26.314600,1.801000,-4.908430
2022-05-03,30.485714,4175.480000,4516.252960,-7.328839,527.041319,0.902636,29.250000,26.344600,1.663900,-4.565619
2022-05-04,22.400000,4300.170000,4513.369760,-7.730038,555.147062,0.878273,25.420000,26.276800,1.838300,-1.823172
2022-05-05,13.128571,4146.870000,4509.104240,-7.946142,535.689975,0.875067,31.200000,26.280400,1.835100,-4.947782
2022-05-06,12.242857,4123.340000,4504.510720,-8.530500,502.525480,0.872375,30.190000,26.277800,1.837300,-5.137390
2022-05-09,8.185714,3991.240000,4498.827040,-9.869464,432.749102,0.891311,34.750000,26.421000,1.837300,-7.720846
2022-05-10,7.400000,4001.050000,4493.353440,-10.796791,364.837108,0.919995,32.990000,26.477800,1.837300,-7.048391
2022-05-11,4.028571,3935.180000,4487.661200,-11.682650,288.568107,0.957340,32.560000,26.462600,1.902800,-9.908729
2022-05-12,3.200000,3930.080000,4481.907680,-12.954365,233.578629,0.975898,31.770000,26.483200,1.920600,-10.156306
2022-05-13,11.285714,4023.890000,4476.636000,-13.013689,232.022683,0.950101,28.870000,26.451000,1.944300,-7.772863
2022-05-16,11.742857,4008.010000,4471.237680,-12.990663,233.243825,0.903715,27.470000,26.360800,1.916100,-10.690023
2022-05-17,15.200000,4088.850000,4466.341280,-12.865526,274.226367,0.881071,26.100000,26.153800,1.923100,-7.211883
2022-05-18,6.600000,3923.680000,4460.221360,-13.423318,267.296759,0.887495,30.960000,26.070400,1.923100,-10.864979
2022-05-19,13.714286,3900.790000,4453.791360,-13.750047,267.790343,0.886194,29.350000,26.008400,1.952300,-9.177966
2022-05-20,12.657143,3901.360000,4447.418560,-13.657695,268.551858,0.929874,29.430000,25.992400,1.953200,-9.514329
2022-05-23,17.885714,3973.750000,4441.745040,-13.192122,298.873619,0.925128,28.480000,25.947000,1.957300,-3.768232
2022-05-24,16.000000,3941.480000,4435.751280,-12.980332,313.397461,0.952611,29.450000,25.900600,1.929900,-6.152720
2022-05-25,17.571429,3978.730000,4429.969440,-12.213403,360.727479,0.912379,28.370000,25.871400,1.929900,-8.001132
2022-05-26,24.114286,4057.840000,4425.675200,-11.406298,439.540610,0.878344,27.500000,25.888000,1.929900,-2.982087
2022-05-27,29.542857,4158.240000,4421.698960,-10.846513,546.661161,0.818402,25.720000,25.889000,1.864300,-2.195627
2022-05-31,40.057143,4132.150000,4418.220160,-9.849860,615.947048,0.821243,26.190000,25.935400,1.694300,-2.038818
2022-06-01,40.600000,4101.230000,4414.925680,-9.454821,659.086643,0.805065,25.690000,25.978600,1.688100,-4.376776
2022-06-02,44.828571,4176.820000,4411.723440,-9.020574,729.158786,0.797791,24.720000,26.014200,1.698700,-0.155018
2022-06-03,35.457143,4108.540000,4408.284320,-8.516679,761.027307,0.820232,24.790000,26.038600,1.844800,-1.655016
2022-06-06,42.800000,4121.430000,4404.522400,-7.582775,801.564916,0.818617,25.070000,26.106600,1.857900,3.474782
2022-06-07,45.628571,4160.680000,4400.313840,-6.028222,857.565567,0.816162,24.020000,26.170800,1.856000,4.160507
2022-06-08,48.114286,4115.770000,4395.630320,-4.682579,882.000477,0.783534,23.960000,26.257400,1.880700,5.666407
2022-06-09,47.057143,4017.820000,4390.433280,-3.677375,858.967567,0.794275,26.090000,26.401200,1.884600,3.453780
2022-06-10,40.000000,3900.860000,4383.944000,-2.561295,799.726373,0.849786,27.750000,26.569600,1.905400,-1.459756
2022-06-13,25.085714,3749.630000,4376.589280,-3.477013,700.696800,0.954086,34.020000,26.838800,1.928800,-2.637676
2022-06-14,20.528571,3735.480000,4369.400400,-4.506456,604.904979,1.001584,32.690000,27.100000,2.000700,-4.736290
2022-06-15,29.257143,3789.990000,4362.041520,-4.806891,552.229003,1.032837,29.620000,27.321000,1.986400,-0.213422
2022-06-16,17.700000,3666.770000,4354.026320,-5.954999,463.655848,1.096561,32.950000,27.559400,1.968800,-3.078363
2022-06-17,16.928571,3674.840000,4346.459920,-6.334379,396.712397,1.054830,31.130000,27.740000,2.044900,-2.536008
2022-06-21,19.728571,3764.790000,4340.034080,-6.052690,372.353845,0.950410,30.190000,27.912800,2.024300,-1.998619
2022-06-22,26.885714,3759.890000,4332.919360,-6.289569,344.447255,0.933740,28.950000,28.068600,1.998800,-1.864015
2022-06-23,26.742857,3795.730000,4325.712720,-6.266911,324.590746,0.931521,29.050000,28.162200,2.037700,-2.104673
2022-06-24,30.857143,3911.740000,4319.200320,-6.300757,337.165376,0.849672,27.230000,28.221600,2.038400,-0.716773
2022-06-27,30.771429,3900.110000,4312.071680,-6.456090,353.419468,0.815179,26.950000,28.324200,1.994100,-2.723620
2022-06-28,28.142857,3821.550000,4304.353280,-6.676034,345.023584,0.838389,28.360000,28.437400,1.994100,-5.249797
2022-06-29,26.542857,3818.830000,4296.559440,-7.080523,313.985118,0.849223,28.160000,28.557200,2.027900,-6.026253
2022-06-30,24.371429,3785.380000,4288.612640,-7.586112,265.606001,0.870405,28.710000,28.704000,1.916500,-9.119211
2022-07-01,24.571429,3825.330000,4281.085840,-7.908345,254.286035,0.889685,26.700000,28.831600,1.916500,-7.765699
2022-07-05,22.171429,3831.390000,4273.364480,-8.369220,233.216302,0.896951,27.540000,28.928800,2.126700,-8.980741
2022-07-06,22.828571,3845.080000,4265.776800,-8.679970,198.445392,0.889032,26.730000,28.899200,2.137000,-8.236899
2022-07-07,27.600000,3902.620000,4259.393120,-8.814572,209.889567,0.837567,26.080000,28.880400,2.097300,-5.600359
2022-07-08,31.342857,3899.380000,4253.019760,-8.954696,209.632872,0.810420,24.640000,28.702800,2.049600,-2.577584
2022-07-11,30.371429,3854.430000,4246.438960,-8.993177,180.171654,0.832850,26.170000,28.594200,2.034900,-2.548361
2022-07-12,30.314286,3818.800000,4239.627040,-8.856378,146.673936,0.847809,27.290000,28.540200,2.054000,-1.594500
2022-07-13,27.285714,3801.780000,4232.336720,-7.982430,115.837370,0.897793,26.820000,28.408600,2.053800,-3.128048
2022-07-14,26.514286,3790.380000,4224.848960,-7.281213,58.334945,0.940209,26.400000,28.289800,2.070800,-2.783207
2022-07-15,33.285714,3863.160000,4218.482000,-6.925264,52.550916,0.937649,24.230000,28.189400,2.080000,2.912267
2022-07-18,35.885714,3830.850000,4211.826000,-5.357937,62.631561,0.902217,25.300000,28.187000,2.052300,2.198815
2022-07-19,39.314286,3936.690000,4206.702640,-4.558394,118.243366,0.884031,24.500000,28.053000,2.030100,2.284007
2022-07-20,44.085714,3959.900000,4202.119760,-4.373925,181.109347,0.837940,23.880000,27.926800,1.997400,4.489096
2022-07-21,48.200000,3998.950000,4198.249520,-4.030139,248.641814,0.803810,23.110000,27.694000,1.969900,3.933003
2022-07-22,42.428571,3961.630000,4194.759040,-3.706995,285.196495,0.831825,23.030000,27.494800,1.984300,-1.698362
2022-07-25,42.200000,3966.840000,4191.212720,-3.673404,334.283223,0.867241,23.360000,27.310800,1.980200,-1.441015
2022-07-26,42.000000,3921.050000,4187.729520,-3.662157,358.733086,0.894967,24.690000,27.169200,1.960800,-0.460318
2022-07-27,46.628571,4023.610000,4185.118960,-3.559559,417.530343,0.905631,23.240000,27.056600,1.981000,2.885736
2022-07-28,48.485714,4072.430000,4183.086320,-3.249291,493.983754,0.922642,22.330000,26.953800,1.960900,4.898139
2022-07-29,52.400000,4130.290000,4180.673840,-2.753954,583.092133,0.887476,21.330000,26.858400,1.954600,6.272259
2022-08-01,59.085714,4118.630000,4177.498480,-2.488412,655.579189,0.867205,22.840000,26.696000,1.774700,5.653445
2022-08-02,57.371429,4091.190000,4173.855680,-2.039675,705.743022,0.837114,23.930000,26.587600,1.943700,5.136506
2022-08-03,60.257143,4155.170000,4170.382000,-1.794927,765.532986,0.813307,21.950000,26.438000,1.912000,4.171564
2022-08-04,61.514286,4151.940000,4167.778000,-1.733509,809.431665,0.782882,21.440000,26.297200,1.924700,3.005915
2022-08-05,63.314286,4145.190000,4164.935280,-1.681849,859.508899,0.786036,21.150000,26.131200,1.913700,6.340568
2022-08-08,64.742857,4140.060000,4162.184800,-1.460644,921.182987,0.764668,21.290000,25.989600,1.890800,6.864084
2022-08-09,64.457143,4122.470000,4158.992240,-1.273056,965.467821,0.773428,21.770000,25.875000,1.892200,7.700806
2022-08-10,65.114286,4210.240000,4155.976720,-0.916830,1044.887460,0.784891,19.740000,25.755400,1.907800,9.623292
2022-08-11,65.828571,4207.270000,4153.602240,-0.314499,1125.157898,0.779912,20.200000,25.635600,1.875100,8.598186
2022-08-12,68.028571,4280.150000,4152.494320,-0.147678,1230.353219,0.769760,19.530000,25.512400,1.854000,10.602790
2022-08-15,66.828571,4297.140000,4151.658080,-0.032418,1314.908128,0.771482,19.950000,25.417000,1.871100,7.366619
2022-08-16,67.942857,4305.200000,4150.331120,0.072699,1398.152194,0.741235,19.690000,25.315000,1.873500,6.938747
2022-08-17,67.142857,4274.040000,4148.723360,0.112391,1435.801910,0.742568,19.900000,25.211600,1.882700,6.854699
2022-08-18,66.371429,4283.740000,4147.951200,0.195510,1471.885212,0.769624,19.560000,25.122400,1.893600,9.075073
2022-08-19,63.714286,4228.480000,4146.988080,0.180994,1464.221905,0.809431,20.600000,25.055200,1.901500,8.036173
2022-08-22,60.314286,4137.990000,4145.653920,0.152089,1418.609149,0.856587,23.800000,25.009400,1.906600,7.524201
2022-08-23,57.428571,4128.730000,4144.879760,0.151347,1380.483568,0.879785,24.110000,24.936600,1.936600,5.069183
2022-08-24,57.514286,4140.770000,4143.696320,0.109124,1365.856018,0.882911,22.820000,24.712600,1.937900,5.376626
2022-08-25,58.257143,4199.120000,4142.212080,0.098531,1387.222683,0.867194,21.780000,24.494400,1.928100,4.717237
2022-08-26,55.742857,4057.660000,4139.681840,-0.032494,1359.405490,0.863043,25.560000,24.413200,1.928700,2.064452
2022-08-29,54.285714,4030.610000,4137.476640,-0.180878,1315.352094,0.855482,26.210000,24.278400,1.952800,1.302696
2022-08-30,49.800000,3986.160000,4134.273600,-0.392440,1243.598647,0.891042,26.210000,24.180000,1.962700,-0.896978
2022-08-31,52.085714,3955.000000,4131.005680,-0.603307,1160.501221,0.928199,25.870000,24.093600,1.842300,-0.639290
2022-09-01,49.371429,3966.850000,4128.109520,-0.964403,1070.246954,0.981184,25.560000,24.025800,1.842200,-0.607718
2022-09-02,42.457143,3924.260000,4125.894880,-1.065720,979.934149,0.987510,25.470000,23.954200,2.070500,-1.522986
2022-09-06,40.628571,3908.190000,4123.794800,-1.415708,882.912946,1.009131,26.910000,23.947800,2.058700,-0.712846
2022-09-07,39.628571,3979.870000,4121.410720,-1.554494,833.598094,1.007505,24.640000,23.901600,2.029400,-1.547045
2022-09-08,40.371429,4006.180000,4119.384000,-1.724811,811.076198,0.984468,23.610000,23.806600,2.028800,-1.268871
2022-09-09,43.800000,4067.360000,4118.288400,-1.761413,833.424539,0.943429,22.790000,23.699200,1.993900,-0.943614
2022-09-12,47.600000,4110.410000,4117.786800,-1.804625,888.907167,0.913302,23.870000,23.602400,1.962600,0.197785
2022-09-13,36.628571,3932.690000,4115.148720,-1.991636,890.009684,0.922820,27.270000,23.613800,1.947500,-3.746421
2022-09-14,41.885714,3946.010000,4111.853920,-2.275021,891.765644,0.940217,26.160000,23.586200,2.002500,-3.395482
2022-09-15,40.657143,3901.350000,4107.771360,-2.530881,875.912694,0.944680,26.270000,23.577000,2.014400,-4.217040
2022-09-16,35.285714,3873.330000,4103.053040,-3.110052,832.243525,1.012672,26.300000,23.581400,2.032800,-4.600942
2022-09-19,36.314286,3899.890000,4098.562720,-3.400420,818.653339,1.036584,25.760000,23.603800,2.056000,-2.057685
2022-09-20,36.114286,3855.930000,4093.317280,-3.876162,766.830630,1.001848,27.160000,23.623600,2.036600,-2.597848
2022-09-21,27.214286,3789.930000,4087.986800,-4.339175,685.264877,0.984003,27.990000,23.637600,2.035700,-5.183940
2022-09-22,24.485714,3757.990000,4081.889440,-5.337502,587.586938,1.005417,27.350000,23.648200,2.042600,-5.154550
2022-09-23,21.685714,3693.230000,4075.090800,-6.983541,463.590838,1.027221,29.920000,23.718600,2.045600,-3.754248
2022-09-26,17.628571,3655.040000,4067.726960,-8.452978,321.135222,1.055278,32.260000,23.879200,2.092900,-3.528517
2022-09-27,16.514286,3647.290000,4059.852480,-9.579364,201.148406,1.080619,32.600000,24.025200,2.090800,-2.102054
2022-09-28,17.028571,3719.040000,4052.785200,-9.776799,143.672130,1.109784,30.180000,24.138800,2.067100,-2.124237
2022-09-29,13.257143,3640.470000,4045.665680,-10.751082,60.384815,1.098933,31.840000,24.298000,2.087400,-4.852306
2022-09-30,16.457143,3585.620000,4037.983760,-11.090448,-14.749648,1.053571,31.620000,24.468200,1.941000,-4.530159
2022-10-03,20.385714,3678.430000,4030.750080,-11.265933,-33.422549,1.016942,30.100000,24.609600,1.922600,-3.781676
2022-10-04,27.885714,3790.930000,4024.876560,-10.981314,0.999177,0.972164,29.070000,24.723800,2.104600,-2.196251
2022-10-05,29.714286,3783.280000,4019.293600,-10.934246,21.026583,0.958860,28.550000,24.801000,2.040700,-2.449258
2022-10-06,23.142857,3744.520000,4013.248080,-11.013746,16.751861,0.934184,30.520000,24.946600,2.026500,-4.300508
2022-10-07,19.671429,3639.660000,4006.459120,-11.591875,-24.334474,0.923676,31.360000,25.127200,2.010200,-7.567406
2022-10-10,19.400000,3612.390000,4000.058000,-12.202975,-79.963445,0.956201,32.450000,25.349600,2.019200,-4.205589
2022-10-11,16.885714,3588.840000,3993.589120,-12.928693,-129.812052,0.977363,33.630000,25.565400,2.021100,-5.373417
2022-10-12,15.942857,3577.030000,3986.632640,-13.405091,-173.247379,0.991926,33.570000,25.758200,2.040300,-5.256742
2022-10-13,19.371429,3669.910000,3980.851200,-14.499330,-172.764867,1.014239,31.940000,25.958000,2.039700,-1.626935
2022-10-14,16.457143,3583.070000,3974.382240,-14.234437,-205.278363,1.009959,32.020000,26.169600,2.035700,-4.238785
2022-10-17,23.400000,3677.950000,3968.108160,-14.022509,-184.002380,0.980048,31.370000,26.374000,2.010000,-1.464938
2022-10-18,28.800000,3719.980000,3962.192400,-13.558300,-128.744870,0.974290,30.500000,26.558200,1.980600,1.431249
2022-10-19,29.428571,3695.160000,3956.604400,-13.424179,-101.500027,0.969477,30.760000,26.738000,1.970800,1.165183
2022-10-20,39.085714,3665.780000,3951.756400,-12.930753,-82.395423,0.951987,29.980000,26.942800,1.974900,2.814276
2022-10-21,43.742857,3752.750000,3947.409440,-12.066140,-27.704760,0.936384,29.690000,27.132600,1.958000,4.890953
2022-10-24,47.228571,3797.340000,3944.386560,-10.854051,32.178689,0.925342,29.850000,27.339000,1.946400,5.875986
2022-10-25,51.371429,3859.110000,3941.787760,-9.627409,124.233710,0.899347,28.460000,27.509200,1.935200,6.498941
2022-10-26,53.800000,3830.600000,3938.132560,-9.224473,219.279215,0.868315,27.280000,27.661000,1.946200,6.924820
2022-10-27,54.571429,3807.300000,3935.535520,-8.088936,309.255158,0.879250,27.390000,27.810800,1.939900,7.080991
2022-10-28,57.114286,3901.060000,3933.500960,-7.433249,412.271211,0.885068,25.750000,27.934600,1.924400,8.248214
2022-10-31,64.057143,3871.980000,3931.072960,-7.153525,494.418132,0.869719,25.880000,28.040200,1.773100,5.019069
2022-11-01,63.514286,3856.100000,3927.520400,-7.110693,581.736870,0.869807,25.810000,28.080400,1.788100,4.151913
2022-11-02,55.285714,3759.690000,3924.422960,-7.096629,617.319967,0.897455,25.860000,28.115400,1.893200,2.153681
2022-11-03,55.514286,3719.890000,3921.195360,-7.232080,644.428404,0.898734,25.300000,28.165000,1.900500,3.942005
2022-11-04,56.514286,3770.550000,3919.429840,-6.884310,694.603532,0.895689,24.550000,28.220400,1.933000,5.795323
2022-11-07,59.657143,3806.800000,3917.875840,-6.375634,751.050317,0.894186,24.350000,28.196200,1.918900,8.141608
2022-11-08,57.942857,3828.110000,3917.019280,-5.553154,813.349065,0.966225,25.540000,28.182800,1.906700,8.732289
2022-11-09,54.000000,3748.570000,3915.567200,-5.065384,825.278895,0.959736,26.090000,28.180400,1.932000,3.070256
2022-11-10,60.342857,3956.370000,3915.027040,-3.682042,876.143359,0.922990,23.530000,28.133600,1.969400,8.403382
2022-11-11,63.742857,3992.930000,3914.906400,-3.342632,943.735787,0.880471,22.520000,28.072800,1.949200,6.991530
2022-11-14,62.685714,3957.250000,3913.853600,-3.178924,979.535636,0.895260,23.730000,28.038000,1.943800,5.359901
2022-11-15,66.914286,3991.730000,3914.398000,-3.026300,1034.071695,0.822010,24.540000,27.990600,1.928600,5.147719
2022-11-16,65.085714,3958.790000,3914.862000,-2.608914,1048.818408,0.826844,24.110000,27.980000,1.941400,3.735000
2022-11-17,61.485714,3946.560000,3915.223600,-2.093109,1049.077279,0.850060,23.930000,27.986400,1.968200,1.770523
2022-11-18,60.342857,3965.340000,3915.156320,-1.278659,1060.874881,0.875304,23.120000,27.993000,1.979400,1.217262
2022-11-21,60.971429,3949.940000,3915.224000,-0.894744,1060.703953,0.864889,22.360000,27.962800,1.968300,0.507821
2022-11-22,60.800000,4003.580000,3915.422800,-0.816255,1084.104024,0.925992,21.290000,27.843200,1.969900,2.647642
2022-11-23,64.257143,4027.260000,3915.178160,-0.767096,1118.401499,0.889716,20.350000,27.727000,1.968400,4.008350
2022-11-25,63.085714,4026.120000,3914.121200,-0.656163,1156.378966,0.867404,20.500000,27.611600,1.963500,1.078700
2022-11-28,59.742857,3963.940000,3912.775520,-0.631718,1150.523209,0.889153,22.210000,27.529800,1.961900,-0.349307
2022-11-29,58.171429,3957.630000,3911.626720,-0.647766,1163.956787,0.906238,21.890000,27.452400,1.981500,0.078467
2022-11-30,73.971429,4080.110000,3910.853040,-0.655414,1213.600619,0.881608,20.580000,27.320800,1.814500,4.953167
2022-12-01,75.600000,4076.570000,3910.597280,-0.417643,1250.548977,0.864533,19.840000,27.157800,1.800800,4.627091
2022-12-02,68.142857,4071.700000,3910.199440,-0.036612,1286.890057,0.865382,19.060000,26.992000,1.924400,2.539639
2022-12-05,65.085714,3998.840000,3908.904720,0.192416,1272.638770,0.849236,20.750000,26.808600,1.938900,0.264161
2022-12-06,61.828571,3941.260000,3907.508640,0.148826,1237.464960,0.866500,22.170000,26.606800,1.933100,-1.745882
2022-12-07,58.428571,3933.920000,3906.837440,0.066045,1193.979340,0.908578,22.680000,26.408400,1.971100,-0.356862
2022-12-08,55.685714,3963.510000,3907.338640,0.233025,1168.425279,0.920406,22.290000,26.250600,1.993000,-2.134282
2022-12-09,52.085714,3934.380000,3908.816640,0.159057,1129.333177,0.958458,22.830000,26.070400,1.974700,-3.280280
2022-12-12,57.200000,3990.560000,3910.857280,-0.002509,1121.803069,0.942584,25.000000,25.938000,1.940700,-1.147129
2022-12-13,59.171429,4019.650000,3912.694560,-0.007048,1128.068763,0.914676,22.550000,25.787000,1.933900,-1.793276
2022-12-14,60.942857,3995.320000,3915.322960,-0.132836,1117.204468,0.893354,21.140000,25.628400,1.918700,-1.187019
2022-12-15,60.142857,3895.750000,3917.090240,-0.301510,1068.897661,0.922658,22.830000,25.514000,1.764800,-4.043506
2022-12-16,44.142857,3852.360000,3917.790800,-0.477067,997.691573,0.954636,22.620000,25.356000,2.037800,-5.807755
2022-12-19,39.971429,3817.660000,3918.252960,-0.717070,912.815319,0.995767,22.420000,25.177200,2.049400,-5.475440
2022-12-20,38.314286,3821.620000,3918.460080,-0.933079,850.104668,1.014819,21.480000,24.957800,2.039400,-5.360876
2022-12-21,38.542857,3878.440000,3918.193680,-0.999170,834.040749,1.076472,20.070000,24.686600,2.019500,-4.100964
2022-12-22,37.000000,3822.390000,3917.571920,-1.298724,795.391012,1.103988,21.970000,24.454600,1.999500,-5.400503
2022-12-23,39.514286,3844.820000,3917.758080,-1.416039,784.165846,1.064135,20.870000,24.233200,2.015600,-2.882289
2022-12-27,39.942857,3829.250000,3917.841440,-1.507674,778.152824,1.059731,21.650000,24.025800,2.001700,-2.674212
2022-12-28,35.514286,3783.220000,3917.824160,-1.684503,739.029776,1.210001,22.140000,23.841200,1.985300,-5.592812
2022-12-29,37.142857,3849.280000,3918.015760,-1.731697,747.097358,1.131155,21.440000,23.660000,2.025500,-3.564537
2022-12-30,36.514286,3839.500000,3918.080640,-1.900888,744.806835,1.099162,21.670000,23.478200,2.054700,-3.055678
2023-01-03,36.600000,3824.140000,3917.913120,-1.881611,743.997343,1.098699,22.900000,23.336600,2.033100,-3.511860
2023-01-04,39.857143,3852.970000,3917.515920,-1.814926,779.625878,1.141630,22.010000,23.183000,2.016400,-1.525343
2023-01-05,44.171429,3808.100000,3916.785680,-1.644602,798.777625,1.020373,22.460000,23.035200,1.997800,-1.447301
2023-01-06,45.714286,3895.080000,3917.110880,-1.462573,853.000375,1.008546,21.130000,22.888600,2.000600,-1.837576
2023-01-09,47.200000,3892.090000,3917.697200,-1.291759,908.092141,0.997062,21.970000,22.782400,1.977400,-2.176850
2023-01-10,49.657143,3919.250000,3918.636960,-1.184988,980.264487,0.996950,20.580000,22.646200,1.963600,-2.351720
2023-01-11,54.228571,3969.610000,3920.070800,-0.987144,1064.571213,0.976320,21.090000,22.553000,1.954600,-1.234765
2023-01-12,56.685714,3983.170000,3921.030880,-0.887001,1160.706367,0.946931,18.830000,22.412000,1.962400,-0.867811
2023-01-13,61.314286,3999.090000,3922.376800,-0.686656,1252.320429,0.938483,18.350000,22.262800,1.971400,2.606505
2023-01-17,64.142857,3990.970000,3922.811040,-0.387738,1323.991923,0.921555,19.360000,22.132800,1.960700,3.745192
2023-01-18,58.428571,3928.860000,3922.562720,-0.049875,1347.678477,0.971784,20.340000,22.033600,1.959000,0.776615
2023-01-19,55.428571,3898.850000,3921.761920,0.160656,1346.529918,0.967784,20.520000,21.953000,1.977600,-0.626700
2023-01-20,58.542857,3972.610000,3921.849760,0.435089,1379.474921,0.951723,19.850000,21.863000,1.998800,0.525951
2023-01-23,63.600000,4019.810000,3922.273520,0.599230,1429.019377,0.937111,19.810000,21.748400,1.985100,3.472350
2023-01-24,63.000000,4016.950000,3923.040720,0.958008,1460.336783,0.945616,19.200000,21.610600,1.968100,1.806211
2023-01-25,63.885714,4016.220000,3922.981600,1.102654,1495.180320,0.902784,19.080000,21.521600,1.988900,1.246201
2023-01-26,68.028571,4060.430000,3922.885600,1.382636,1537.679032,0.869411,18.730000,21.445800,1.991800,3.830878
2023-01-27,69.200000,4070.560000,3922.407760,1.751274,1578.528433,0.845423,18.510000,21.341400,1.977400,2.927570
2023-01-30,67.457143,4017.770000,3921.600880,1.862555,1583.151444,0.854903,19.940000,21.249400,1.975800,1.693515
2023-01-31,70.342857,4076.600000,3921.484160,2.059360,1623.584058,0.848237,19.400000,21.155200,1.979500,3.963002
2023-02-01,82.171429,4119.210000,3921.196480,2.243550,1672.416222,0.821414,17.870000,21.034000,1.805100,4.536731
2023-02-02,75.200000,4179.760000,3921.419040,2.468273,1724.740090,0.786110,18.730000,20.946200,1.994700,7.231982
2023-02-03,76.142857,4136.480000,3921.349360,2.622824,1739.324491,0.807135,18.330000,20.865600,1.939700,6.066299
2023-02-06,75.914286,4111.080000,3921.117520,2.625050,1725.385184,0.796311,19.430000,20.828400,1.940600,6.601228
2023-02-07,76.342857,4164.000000,3921.449760,2.594006,1724.165018,0.787851,18.660000,20.794600,1.960900,6.820683
2023-02-08,74.628571,4117.860000,3920.710720,2.596658,1697.464922,0.777470,19.630000,20.777200,1.948800,4.637130
2023-02-09,72.628571,4081.500000,3919.704560,2.601855,1643.762301,0.804878,20.710000,20.747200,1.965100,4.675306
2023-02-10,72.485714,4090.460000,3918.187040,2.498455,1598.308287,0.839446,20.530000,20.720000,1.957600,4.445997
2023-02-13,71.828571,4137.290000,3916.908240,2.475800,1583.771893,0.859806,20.340000,20.715200,1.979500,5.300938
2023-02-14,73.257143,4136.130000,3915.555680,2.449637,1567.184079,0.868825,18.910000,20.696600,1.976200,8.666849
2023-02-15,73.657143,4147.600000,3914.544160,2.443178,1561.897116,0.867591,18.230000,20.680000,1.981500,9.866917
2023-02-16,70.714286,4090.410000,3912.997520,2.530456,1529.151952,0.878525,20.170000,20.668400,1.980800,6.218548
2023-02-17,69.485714,4079.090000,3911.802400,2.540282,1487.916638,0.865882,20.020000,20.625400,1.980200,4.138284
2023-02-21,65.914286,3997.340000,3910.677200,2.444319,1411.247951,0.876292,22.870000,20.629200,1.999200,3.805182
2023-02-22,64.171429,3991.050000,3909.575760,2.339194,1342.582429,0.888782,22.290000,20.629200,2.009900,3.553969
2023-02-23,62.657143,4012.320000,3908.548160,2.306447,1289.757490,0.920361,21.140000,20.595400,1.992800,2.269432
2023-02-24,60.657143,3970.040000,3906.715520,2.138188,1220.857165,0.947569,21.670000,20.528800,1.967500,1.396376
2023-02-27,61.228571,3982.240000,3906.112160,2.049379,1161.779091,0.955833,20.950000,20.496800,1.962600,2.402569
2023-02-28,61.200000,3970.150000,3905.628480,2.039370,1100.714355,0.937035,20.700000,20.488000,1.938900,0.945082
2023-03-01,65.914286,3951.390000,3905.350320,1.915493,1042.804540,0.955937,20.580000,20.443000,1.771300,1.018011
2023-03-02,52.457143,3981.350000,3905.561120,1.697368,1003.659357,0.974146,19.590000,20.382400,2.036400,0.741515
2023-03-03,55.685714,4045.640000,3906.191440,1.566341,1005.148566,0.952461,18.490000,20.303800,2.037900,1.482805
2023-03-06,55.257143,4048.420000,3907.184720,1.500647,986.501753,0.952653,18.610000,20.246400,2.039200,1.535980
2023-03-07,48.514286,3986.370000,3907.810160,1.433825,932.583858,0.987574,19.590000,20.236800,2.039200,-1.509329
2023-03-08,49.828571,3992.010000,3907.907280,1.327385,885.032911,1.012177,19.110000,20.179600,2.013900,0.107319
2023-03-09,37.542857,3918.320000,3907.204400,1.181795,800.218285,1.031997,22.610000,20.214400,2.029800,-1.919133
2023-03-10,26.885714,3861.590000,3905.558240,0.777586,688.304493,1.114923,24.800000,20.277400,2.055300,-5.767492
2023-03-13,23.357143,3855.760000,3903.521040,0.189523,570.974591,1.140942,26.520000,20.365000,2.136100,-8.038814
2023-03-14,25.085714,3919.290000,3903.413840,-0.047220,496.272655,1.139377,23.730000,20.410800,2.154600,-5.918668
2023-03-15,22.685714,3891.930000,3902.981200,-0.596913,405.654744,1.157058,26.140000,20.500200,2.114900,-8.566871
2023-03-16,32.571429,3960.280000,3903.452640,-0.968496,356.056475,1.117933,22.990000,20.502000,2.180900,-5.058582
2023-03-17,27.000000,3916.640000,3903.799120,-1.378845,277.097115,1.038587,25.510000,20.572000,2.138500,-6.859434
2023-03-20,30.428571,3951.570000,3904.212560,-1.649685,232.472296,0.996889,24.150000,20.605800,2.183100,-4.657759
2023-03-21,43.485714,4002.870000,3905.388080,-1.725630,229.948628,0.960255,21.380000,20.610800,2.180100,-2.115986
2023-03-22,41.028571,3936.970000,3906.564400,-1.871279,191.182430,0.900835,22.260000,20.616600,2.145900,-5.266781
2023-03-23,38.342857,3948.720000,3908.090240,-2.224987,145.632824,0.942457,22.610000,20.657200,2.163600,-5.584285
2023-03-24,37.714286,3970.990000,3910.312320,-2.614874,125.470066,0.967141,21.740000,20.670200,2.172100,-4.989661
2023-03-27,40.200000,3977.530000,3912.892240,-2.665703,139.332657,0.963444,20.600000,20.705600,2.197400,-2.985688
2023-03-28,39.600000,3971.270000,3915.484080,-2.764865,168.446418,0.961815,19.970000,20.738000,2.167800,-3.794090
2023-03-29,41.457143,4027.810000,3917.954240,-2.751595,232.991407,0.969915,19.120000,20.733200,2.170500,-3.387305
2023-03-30,45.228571,4050.830000,3921.237120,-2.744428,308.017545,0.913622,19.020000,20.706800,2.143100,-3.752979
2023-03-31,49.485714,4109.310000,3925.426640,-2.836630,409.334489,0.878011,18.700000,20.670400,2.127300,-3.220101
2023-04-03,61.485714,4124.510000,3928.995280,-2.854739,500.944288,0.876932,18.550000,20.644400,1.892500,-1.508549
2023-04-04,50.228571,4100.600000,3931.472640,-2.846496,559.301386,0.923925,19.000000,20.628200,2.053400,-2.921879
2023-04-05,52.628571,4090.380000,3933.929440,-2.884449,599.868184,0.900729,19.080000,20.625800,2.077300,-1.026492
2023-04-06,55.257143,4105.020000,3936.813440,-2.837538,642.690543,0.909400,18.400000,20.612200,2.096600,2.726772
2023-04-10,57.914286,4109.110000,3940.569040,-2.551513,700.745718,0.905785,18.970000,20.617000,2.100300,5.311530
2023-04-11,58.485714,4108.940000,3944.541440,-1.953520,779.251728,0.889206,19.100000,20.628800,2.071300,2.629078
2023-04-12,60.742857,4091.950000,3948.566320,-1.778986,832.681628,0.854916,19.090000,20.611800,2.057700,4.040896
2023-04-13,63.171429,4146.220000,3953.119840,-1.322141,902.410311,0.848893,17.800000,20.579800,2.048600,3.032669
2023-04-14,65.714286,4137.640000,3956.861680,-1.056273,949.558317,0.847653,17.070000,20.563800,2.021000,5.704083
2023-04-17,67.085714,4151.320000,3961.407680,-0.703856,1006.095580,0.848668,16.950000,20.528200,2.016500,5.288588
2023-04-18,65.485714,4154.870000,3965.223040,-0.443996,1054.970667,0.864613,16.830000,20.498200,2.013800,2.969203
2023-04-19,67.257143,4154.520000,3968.699360,-0.357746,1091.329170,0.877245,16.460000,20.438800,2.015600,6.240952
2023-04-20,64.057143,4129.790000,3972.176400,-0.145889,1096.708517,0.905015,17.170000,20.409000,2.021700,5.817960
2023-04-21,63.514286,4133.520000,3975.918320,0.177442,1092.609153,0.898283,16.770000,20.351800,2.042100,5.457823
2023-04-24,63.485714,4137.040000,3978.992640,0.601940,1093.243008,0.895151,16.890000,20.275400,2.026200,3.691205
2023-04-25,57.057143,4071.630000,3981.186960,0.485676,1054.973817,0.931172,18.760000,20.240000,2.026200,1.174255
2023-04-26,52.400000,4055.990000,3982.762000,0.419683,994.422039,0.963832,18.840000,20.210000,2.033400,-0.480199
2023-04-27,58.314286,4135.350000,3985.200000,0.358946,976.815530,0.933033,17.030000,20.172400,2.033400,1.764710
2023-04-28,59.428571,4169.480000,3988.097440,0.377105,986.001039,0.944904,15.780000,20.123400,2.033400,0.985246
2023-05-01,59.428571,4167.870000,3990.231920,0.380764,987.598130,0.955052,16.080000,20.041600,2.033400,2.244939
2023-05-02,55.514286,4119.580000,3992.212720,0.093340,953.251770,0.951630,17.780000,19.996800,2.033400,0.980513
2023-05-03,54.628571,4090.750000,3994.089920,0.022641,907.667984,0.934998,18.340000,19.906200,2.033400,0.262602
2023-05-04,49.600000,4061.220000,3996.502160,-0.321430,850.117837,0.972248,20.090000,19.862200,2.033400,-0.760902
2023-05-05,53.885714,4136.250000,3999.833040,-0.306937,840.716265,0.961589,17.190000,19.783200,2.033400,0.484306
2023-05-08,57.142857,4138.120000,4002.773600,-0.265659,837.359892,0.959572,16.980000,19.689400,1.993100,1.113291
2023-05-09,59.571429,4119.170000,4005.272560,-0.359137,826.247078,0.932330,17.710000,19.624600,1.960500,1.489471
2023-05-10,59.971429,4137.640000,4007.748800,-0.411500,814.741713,0.911785,16.940000,19.549400,1.939100,-0.460286
2023-05-11,59.057143,4130.620000,4010.805200,-0.530879,784.142977,0.880512,16.930000,19.476400,1.944700,-1.234976
2023-05-12,57.342857,4124.080000,4012.146880,-0.659484,746.170513,0.870265,17.030000,19.425200,1.955500,-1.770542
2023-05-15,57.257143,4136.280000,4013.293680,-0.718311,737.177451,0.868879,17.120000,19.397800,1.973400,-1.110658
2023-05-16,55.285714,4109.900000,4014.514880,-0.885598,694.837615,0.882472,17.990000,19.385400,1.963600,-1.659115
2023-05-17,60.257143,4158.770000,4015.851200,-0.958592,690.881820,0.884399,16.870000,19.331000,1.963600,1.012252
2023-05-18,64.914286,4198.050000,4017.765280,-0.966413,696.335159,0.875242,16.050000,19.269800,1.949200,2.308197
2023-05-19,65.457143,4191.980000,4019.728640,-0.939333,690.171858,0.879339,16.810000,19.153800,1.941300,2.888700
2023-05-22,67.857143,4192.630000,4021.546960,-0.949377,699.789880,0.869304,17.210000,19.002000,1.936300,5.700625
2023-05-23,65.800000,4145.580000,4023.112080,-0.862763,700.645941,0.849799,18.530000,18.842200,1.925700,4.447655
2023-05-24,61.828571,4115.240000,4024.005360,-0.890032,673.672253,0.865047,20.030000,18.768200,1.913800,1.311069
2023-05-25,62.685714,4151.280000,4024.997520,-1.043336,631.947259,0.861342,19.140000,18.628200,1.930800,2.705541
2023-05-26,65.714286,4205.450000,4026.432160,-1.150644,617.496877,0.843274,17.950000,18.527400,1.930800,2.513521
2023-05-30,66.085714,4205.520000,4028.364800,-1.277294,597.772264,0.828486,17.460000,18.366400,1.944900,4.180871
2023-05-31,64.171429,4179.830000,4030.142400,-1.262317,571.136823,0.838778,17.940000,18.242200,1.944900,4.554450
2023-06-01,68.057143,4221.020000,4031.269680,-1.285446,574.190891,0.782042,15.650000,18.127600,1.953500,6.276417
2023-06-02,75.428571,4282.370000,4032.916080,-0.775479,614.422478,0.763166,14.600000,17.974400,1.810400,6.116206
2023-06-05,69.485714,4273.790000,4034.532800,-0.727597,638.158824,0.777894,14.730000,17.816800,1.966000,5.311880
2023-06-06,73.514286,4283.850000,4036.812880,-0.615776,689.970249,0.758015,13.960000,17.661200,1.915800,5.776328
2023-06-07,74.457143,4267.520000,4039.422960,-0.314886,755.498443,0.736337,13.940000,17.528000,1.919400,6.118150
2023-06-08,75.771429,4293.930000,4042.303040,-0.198967,810.200718,0.741080,13.650000,17.401600,1.918700,6.578031
2023-06-09,76.971429,4298.860000,4044.985840,-0.029051,849.669955,0.743152,13.830000,17.295800,1.895800,6.687067
2023-06-12,78.057143,4338.930000,4048.222240,0.243445,891.413737,0.717384,15.010000,17.215600,1.905100,6.908520
2023-06-13,79.628571,4369.010000,4051.249840,0.478804,957.008417,0.720942,14.610000,17.133800,1.888500,8.683029
2023-06-14,79.628571,4372.590000,4054.073360,0.756298,1003.041259,0.725536,13.880000,17.040400,1.899200,7.084671
2023-06-15,80.885714,4425.840000,4057.517520,0.946384,1075.647460,0.709485,14.500000,16.950400,1.867700,5.987523
2023-06-16,81.257143,4409.590000,4061.628240,1.096193,1130.505469,0.702113,13.540000,16.839600,1.885400,5.818407
2023-06-20,80.114286,4388.710000,4065.919040,1.141546,1147.370834,0.718021,13.880000,16.749200,1.890100,4.810619
2023-06-21,80.114286,4365.690000,4070.303280,1.229874,1153.544011,0.741197,13.200000,16.633800,1.890100,5.479883
2023-06-22,80.057143,4381.890000,4074.785440,1.278332,1135.079339,0.735704,12.910000,16.510000,1.915000,6.966047
2023-06-23,75.714286,4348.330000,4078.544560,1.417712,1088.024324,0.761701,13.440000,16.397000,1.936200,4.195485
2023-06-26,73.457143,4328.820000,4082.596000,1.645763,1064.038684,0.781616,14.250000,16.326000,1.924700,2.342745
2023-06-27,75.485714,4378.410000,4086.864720,1.817558,1072.421971,0.781102,13.740000,16.259400,1.951900,4.589926
2023-06-28,76.514286,4376.860000,4091.245600,2.005075,1078.025458,0.776908,13.430000,16.189000,1.954300,5.244207
2023-06-29,79.200000,4396.440000,4096.151360,2.385869,1107.110650,0.766588,13.540000,16.123200,1.929900,5.651084
2023-06-30,79.485714,4450.380000,4100.960160,2.824132,1157.010487,0.754375,13.590000,16.065800,1.928900,4.443962
2023-07-03,82.228571,4455.590000,4105.888880,2.848667,1222.992222,0.730580,13.570000,15.993800,1.905200,5.409490
2023-07-05,79.257143,4446.820000,4110.870320,2.879089,1262.589969,0.747829,14.180000,15.942000,1.963500,5.543528
2023-07-06,77.914286,4411.590000,4115.339280,2.720827,1254.856380,0.758142,15.440000,15.913000,1.963500,5.442715
2023-07-07,77.685714,4398.950000,4120.066080,2.523261,1269.212176,0.751401,14.830000,15.834400,1.957400,5.363181
2023-07-10,76.685714,4409.530000,4124.181680,2.518709,1299.271206,0.741455,15.070000,15.759000,1.964700,4.573518
2023-07-11,78.285714,4439.260000,4128.559040,2.648450,1355.722332,0.734276,14.840000,15.715200,1.948200,4.288903
2023-07-12,78.171429,4472.160000,4132.982320,2.860378,1419.604835,0.703032,13.540000,15.670400,1.945200,2.720654
2023-07-13,79.400000,4510.040000,4137.305760,2.924102,1493.221824,0.669070,13.610000,15.621000,1.941800,2.779487
2023-07-14,79.800000,4505.420000,4141.483760,2.895799,1521.150343,0.664639,13.340000,15.532200,1.925800,2.685459
2023-07-17,80.028571,4522.790000,4145.673360,2.964304,1547.760416,0.661523,13.480000,15.435000,1.926600,2.835093
2023-07-18,81.685714,4554.980000,4150.185440,3.063159,1587.226209,0.670806,13.300000,15.299200,1.920700,4.256404
2023-07-19,82.342857,4565.720000,4155.280320,3.232189,1635.849690,0.653432,13.760000,15.230600,1.927300,4.752642
2023-07-20,80.857143,4534.870000,4160.368480,3.280498,1669.294067,0.672848,13.990000,15.170800,1.925100,3.954611
2023-07-21,81.028571,4536.340000,4164.878320,3.397617,1695.681423,0.691906,13.600000,15.088600,1.937900,5.075064
2023-07-24,82.514286,4554.640000,4169.156960,3.541892,1732.378883,0.708719,13.910000,15.028000,1.931400,6.462757
2023-07-25,81.228571,4567.460000,4173.561040,3.681796,1756.027181,0.740118,13.860000,14.966600,1.926500,5.429542
2023-07-26,80.600000,4566.750000,4177.965280,3.725317,1784.634935,0.765508,13.190000,14.889800,1.917700,5.462930
2023-07-27,77.657143,4537.410000,4181.781120,3.797554,1779.057729,0.777941,14.410000,14.835600,1.925000,4.438565
2023-07-28,76.914286,4582.230000,4185.874480,3.744771,1790.853773,0.781741,13.330000,14.742400,1.933800,4.045612
2023-07-31,77.628571,4588.960000,4190.444000,3.640782,1813.930561,0.773895,13.630000,14.677600,1.913200,3.317329
2023-08-01,77.342857,4576.730000,4194.445040,3.644695,1808.779413,0.769826,13.930000,14.635200,1.913200,3.565339
2023-08-02,77.342857,4513.390000,4197.598480,3.628396,1770.771042,0.794092,16.090000,14.620800,1.764800,2.347285
2023-08-03,73.628571,4501.890000,4200.175520,3.707530,1727.298363,0.803164,15.920000,14.595000,1.899900,2.927963
2023-08-04,64.500000,4478.030000,4202.907920,3.778133,1676.084637,0.814108,17.100000,14.566400,1.903500,1.642521
2023-08-07,72.057143,4518.440000,4206.166800,3.791302,1644.138081,0.844609,15.770000,14.481200,1.876600,2.307753
2023-08-08,69.200000,4499.380000,4208.849840,3.586653,1597.896963,0.859163,15.990000,14.418200,1.891100,1.588303
2023-08-09,67.314286,4467.710000,4211.648640,3.289764,1545.087544,0.855590,15.960000,14.378400,1.870200,0.818307
2023-08-10,66.342857,4468.830000,4214.747280,3.089847,1491.564715,0.862134,15.850000,14.346200,1.886000,1.228789
2023-08-11,65.028571,4464.050000,4217.736000,2.959304,1444.679142,0.879471,14.840000,14.284200,1.879300,1.480716
2023-08-14,66.285714,4489.720000,4220.555440,2.725574,1389.975476,0.876252,14.820000,14.267600,1.842500,1.559800
2023-08-15,54.500000,4437.860000,4222.969280,2.324690,1303.784684,0.899084,16.460000,14.304800,1.838800,0.778983
2023-08-16,49.485714,4404.330000,4225.023120,1.974504,1201.803968,0.947371,16.780000,14.345800,1.843100,0.258697
2023-08-17,46.142857,4370.360000,4227.262720,1.695830,1101.463593,0.976790,17.890000,14.424400,1.839800,-0.282206
2023-08-18,43.657143,4369.710000,4229.587680,1.399959,1027.052529,0.999538,17.300000,14.491600,1.825100,-1.211759
2023-08-21,43.485714,4399.770000,4232.807120,1.136552,959.040314,0.998168,17.130000,14.561200,1.849300,-0.401733
2023-08-22,43.442857,4387.550000,4235.979120,0.846251,886.548559,0.970863,16.970000,14.624000,1.862300,-0.395121
2023-08-23,50.171429,4436.010000,4239.368640,0.652349,838.767920,0.952616,15.980000,14.643400,1.844900,-0.824631
2023-08-24,40.585714,4376.310000,4242.618800,0.357455,787.243370,0.939927,17.200000,14.695200,1.847600,-2.357291
2023-08-25,47.028571,4405.710000,4246.006560,0.117907,755.267479,0.930756,15.680000,14.731200,1.865000,-1.720317
2023-08-28,45.285714,4433.310000,4249.711840,-0.094994,759.182681,0.955998,15.080000,14.742800,1.871200,-1.968786
2023-08-29,49.171429,4497.630000,4254.081760,-0.180912,797.442971,0.964889,14.450000,14.761000,1.870800,-0.079376
2023-08-30,50.428571,4514.870000,4258.349920,-0.105431,837.744603,0.952878,13.880000,14.761000,1.865300,-0.085665
2023-08-31,52.942857,4507.660000,4262.046080,-0.075630,864.533703,0.924665,13.570000,14.768400,1.866200,1.064641
2023-09-01,55.028571,4515.770000,4265.784880,-0.063034,908.569840,0.894607,13.090000,14.772000,1.851700,1.016115
2023-09-05,59.085714,4496.830000,4269.868560,-0.224553,919.376530,0.875201,14.010000,14.783400,1.748100,2.102902
2023-09-06,56.714286,4465.480000,4273.656320,-0.329093,912.694201,0.908791,14.450000,14.787400,1.748100,2.396982
2023-09-07,53.628571,4451.140000,4277.918880,-0.527503,887.360826,0.917847,14.400000,14.800600,1.742600,0.983863
2023-09-08,51.914286,4457.490000,4282.686080,-0.689111,871.694472,0.928342,13.840000,14.808800,1.750200,0.620721
2023-09-11,52.200000,4487.460000,4287.739680,-0.715897,868.957094,0.922972,13.800000,14.814000,1.755200,0.772478
2023-09-12,51.400000,4461.900000,4292.080560,-0.751336,871.679560,0.926899,14.230000,14.826800,1.759400,1.041740
2023-09-13,51.400000,4467.440000,4296.684640,-0.738255,858.000573,0.941706,13.480000,14.825000,1.744500,1.393733
2023-09-14,54.428571,4505.100000,4301.043200,-0.652712,878.425742,0.934044,12.820000,14.797800,1.748600,3.191445
2023-09-15,52.028571,4450.320000,4305.312640,-0.618290,882.007540,0.936333,13.790000,14.764800,1.746500,2.450546
2023-09-18,49.485714,4453.530000,4309.328320,-0.583783,868.475069,0.952295,14.000000,14.748200,1.731800,1.225028
2023-09-19,49.942857,4443.950000,4312.856960,-0.585040,844.953205,0.949281,14.110000,14.729000,1.731000,1.696476
2023-09-20,48.285714,4402.200000,4316.578800,-0.528208,809.803586,0.902656,15.140000,14.735000,1.745800,0.784532
2023-09-21,37.157143,4330.000000,4319.629040,-0.858938,740.814102,0.927738,17.540000,14.815000,1.745900,0.855227
2023-09-22,33.157143,4320.060000,4322.421600,-1.083498,674.870899,0.950024,17.200000,14.886800,1.744500,-0.498954
2023-09-25,38.428571,4337.440000,4325.300880,-1.389465,624.677863,0.981027,16.900000,14.958000,1.740300,0.313412
2023-09-26,24.228571,4273.530000,4327.718960,-1.898972,542.965759,1.028406,18.940000,15.067200,1.757800,-2.205805
2023-09-27,22.828571,4274.510000,4329.692560,-2.446698,477.529179,1.083983,18.220000,15.165600,1.738000,-2.172085
2023-09-28,29.000000,4299.700000,4331.683520,-2.917100,445.322381,1.061837,17.340000,15.237200,1.747500,-1.523353
2023-09-29,28.400000,4288.050000,4333.113440,-3.117931,413.099399,1.048517,17.520000,15.307800,1.733100,-2.795823
2023-10-02,28.314286,4288.390000,4334.424480,-3.709916,354.784839,1.030899,17.610000,15.388000,1.733000,-1.965934
2023-10-03,20.528571,4229.450000,4335.455280,-4.429860,277.386577,1.019222,19.780000,15.505400,1.714500,-2.020745
2023-10-04,20.985714,4263.750000,4336.842240,-4.809930,221.604046,1.045752,18.580000,15.599800,1.716800,-1.367896
2023-10-05,20.328571,4258.190000,4338.067600,-5.065571,177.632081,1.055567,18.490000,15.705800,1.717400,-1.690766
2023-10-06,27.714286,4308.500000,4339.662720,-5.529990,164.918500,1.051424,17.450000,15.766600,1.748100,-0.817679
2023-10-09,29.257143,4335.660000,4341.476480,-5.653312,173.604115,1.033024,17.700000,15.854000,1.737500,-0.759911
2023-10-10,32.314286,4358.240000,4343.606800,-5.578941,214.864137,0.999054,17.030000,15.922000,1.714900,-0.037781
2023-10-11,34.342857,4376.950000,4345.452640,-5.528779,259.918788,0.937138,16.090000,15.965200,1.714700,-1.244465
2023-10-12,35.685714,4349.610000,4347.148400,-5.744452,267.645014,0.923967,16.690000,15.977200,1.718600,0.071511
2023-10-13,26.271429,4327.780000,4348.560080,-5.910734,269.607703,0.935608,19.320000,16.045200,1.749000,-1.135819
2023-10-16,35.742857,4373.630000,4350.310160,-5.923902,311.353006,0.967547,17.210000,16.047400,1.727500,0.313187
2023-10-17,39.142857,4373.200000,4352.059600,-5.974568,371.557528,0.982478,17.880000,16.089600,1.747000,2.164907
2023-10-18,30.571429,4314.600000,4353.538080,-6.357520,391.626195,1.023837,19.220000,16.154200,1.733600,2.225365
2023-10-19,29.542857,4278.000000,4354.693920,-6.615669,382.153294,1.044245,21.400000,16.263000,1.717100,2.414611
2023-10-20,22.857143,4224.160000,4355.390880,-7.030829,346.742095,1.059019,21.710000,16.380200,1.709200,-0.475292
2023-10-23,25.842857,4217.040000,4356.554160,-7.420677,297.739350,1.041204,20.370000,16.490800,1.688000,0.748172
2023-10-24,33.485714,4247.680000,4358.087680,-7.307264,275.336127,1.005504,18.970000,16.573800,1.710100,0.850830
2023-10-25,25.214286,4186.770000,4358.499040,-7.567384,236.880427,0.974967,20.190000,16.648400,1.723200,-0.000750
2023-10-26,22.714286,4137.230000,4358.241040,-7.737580,210.355084,0.954730,20.680000,16.726400,1.723200,-1.686838
2023-10-27,21.614286,4117.370000,4357.837040,-8.258950,160.615367,0.951545,21.270000,16.794000,1.699700,-3.312299
2023-10-30,29.200000,4166.820000,4358.214960,-8.211612,142.010513,0.964283,19.750000,16.843000,1.736100,-1.353507
2023-10-31,30.142857,4193.800000,4359.039360,-7.643453,150.346672,0.996575,18.140000,16.863200,1.729000,-0.623055
2023-11-01,32.171429,4237.860000,4360.452480,-7.377338,169.040906,1.016023,16.870000,16.861200,1.715200,-0.175352
2023-11-02,37.685714,4317.780000,4361.904720,-6.988790,228.478848,1.002473,15.660000,16.854800,1.614900,-0.644175
2023-11-03,36.114286,4358.340000,4363.666480,-6.320525,314.165014,0.948849,14.910000,16.809000,1.822400,0.098659
2023-11-06,38.914286,4365.980000,4365.640960,-6.158268,363.014331,0.933734,14.890000,16.793200,1.794000,0.199857
2023-11-07,39.628571,4378.380000,4367.566880,-6.207836,394.015167,0.922718,14.810000,16.787800,1.794000,0.019832
2023-11-08,39.771429,4382.780000,4369.584160,-6.225101,405.549076,0.898857,14.450000,16.787800,1.794000,-0.672895
2023-11-09,41.000000,4347.350000,4371.370320,-6.090379,391.072798,0.907115,15.290000,16.816000,1.794000,0.738339
2023-11-10,41.457143,4415.240000,4373.602000,-5.942949,402.594814,0.945074,14.170000,16.828000,1.794000,0.555456
2023-11-13,39.885714,4411.550000,4376.015200,-5.868456,408.815563,0.940919,14.760000,16.861400,1.794000,-0.531520
2023-11-14,46.600000,4495.700000,4378.710640,-5.538179,457.720954,0.910582,14.160000,16.864400,1.794000,0.804827
2023-11-15,52.542857,4502.880000,4381.149280,-4.977928,518.723277,0.859134,14.180000,16.859000,1.802500,2.269078
2023-11-16,55.057143,4508.240000,4383.679360,-4.338016,551.137088,0.852934,14.320000,16.857400,1.804500,3.537533
2023-11-17,58.857143,4514.020000,4386.250480,-3.529219,605.217637,0.817465,13.800000,16.856600,1.792900,4.260388
2023-11-20,61.285714,4547.380000,4389.464880,-2.630573,669.413728,0.790059,13.410000,16.848800,1.825500,4.353232
2023-11-21,61.171429,4538.190000,4392.848480,-2.203144,707.335496,0.804906,13.350000,16.831200,1.834200,4.604532
2023-11-22,65.057143,4556.620000,4396.091200,-1.358034,756.717996,0.812121,12.850000,16.818600,1.832200,7.166442
2023-11-24,66.857143,4559.340000,4398.922320,-0.700036,824.337501,0.796498,12.460000,16.811400,1.836000,8.449933
2023-11-27,65.314286,4550.430000,4401.681600,0.064187,867.664343,0.815350,12.690000,16.789400,1.836000,5.822843
2023-11-28,65.085714,4554.890000,4404.682080,0.528730,910.178194,0.812717,12.690000,16.763200,1.820900,4.589925
2023-11-29,63.285714,4550.580000,4407.318560,0.857946,960.248035,0.796379,12.980000,16.740600,1.842700,3.721314
2023-11-30,64.371429,4567.800000,4409.602000,1.239310,1023.644584,0.796593,12.920000,16.696200,1.837900,3.214251
2023-12-01,64.514286,4594.630000,4412.168720,1.524436,1114.056815,0.775853,12.630000,16.598000,1.875100,2.990691
2023-12-04,63.714286,4569.780000,4414.456160,1.656459,1191.112741,0.750177,13.080000,16.515600,1.875100,2.047327
2023-12-05,65.142857,4567.180000,4416.853440,1.752513,1225.395334,0.749795,12.850000,16.434600,1.840100,1.610450
2023-12-06,63.971429,4549.340000,4418.896720,1.974025,1248.910544,0.759119,12.970000,16.315200,1.826000,1.082172
2023-12-07,66.142857,4585.590000,4421.190560,2.087374,1282.679042,0.767779,13.060000,16.212000,1.842100,1.802677
2023-12-08,65.942857,4604.370000,4423.314080,2.328936,1327.423123,0.779269,12.350000,16.112200,1.842100,1.407803
2023-12-11,67.285714,4622.440000,4425.341520,2.592420,1369.881707,0.789169,12.630000,16.014400,1.842100,1.867859
2023-12-12,67.885714,4643.700000,4427.510400,2.823067,1394.279342,0.787015,12.070000,15.903600,1.838000,1.670126
2023-12-13,67.542857,4707.090000,4429.760400,3.563879,1452.860747,0.768284,12.190000,15.751800,1.843600,0.552284
2023-12-14,70.542857,4719.550000,4432.240080,4.078486,1530.860625,0.709738,12.480000,15.629800,1.851900,0.975296
2023-12-15,69.457143,4719.190000,4434.883920,4.370482,1565.709320,0.690321,12.280000,15.505600,1.870500,0.841263
2023-12-18,70.485714,4740.560000,4437.882880,4.507503,1594.410978,0.668162,12.560000,15.407800,1.870500,0.955624
2023-12-19,82.971429,4768.370000,4440.974720,4.784302,1651.524332,0.635216,12.530000,15.304400,1.647200,1.739764
2023-12-20,75.571429,4698.350000,4443.774880,5.054467,1654.455545,0.674907,13.670000,15.237200,1.634200,-1.114888
2023-12-21,77.000000,4746.750000,4447.118320,5.080144,1693.074733,0.725700,13.650000,15.188400,1.621800,-0.526861
2023-12-22,79.742857,4754.630000,4450.128080,5.251059,1738.897005,0.741986,13.030000,15.115200,1.618600,0.748173
2023-12-26,81.942857,4774.750000,4453.311200,5.514148,1803.023651,0.754693,12.990000,14.988600,1.604200,1.497853
2023-12-27,81.171429,4781.580000,4456.392320,5.853537,1858.705818,0.794058,12.430000,14.893000,1.595300,1.484219
2023-12-28,81.257143,4783.350000,4459.056080,5.956732,1906.820854,0.765757,12.470000,14.784800,1.594300,1.042165
2023-12-29,80.714286,4769.830000,4461.570000,5.943702,1914.692781,0.753006,12.450000,14.649400,1.613900,1.079230
2024-01-02,79.714286,4742.830000,4463.938080,5.743205,1914.370838,0.751588,13.200000,14.485400,1.607600,0.954318
2024-01-03,76.714286,4704.810000,4466.283840,5.562498,1882.429753,0.784057,14.040000,14.332000,1.599700,0.604830
2024-01-04,78.685714,4688.680000,4468.601680,5.532580,1852.864911,0.788390,14.130000,14.207200,1.603900,1.747248
2024-01-05,75.771429,4697.240000,4470.903360,5.423570,1836.930247,0.817148,13.350000,14.094800,1.629100,1.305782
2024-01-08,76.171429,4763.540000,4473.497600,5.429032,1837.966317,0.817433,13.080000,13.952600,1.629100,1.270445
2024-01-09,75.685714,4756.500000,4475.772320,5.313407,1807.668752,0.817867,12.760000,13.794200,1.597800,0.827150
2024-01-10,76.371429,4783.450000,4477.959600,5.234473,1775.285614,0.823030,12.690000,13.622600,1.601600,1.269173
2024-01-11,74.657143,4780.240000,4480.158160,5.125953,1723.787350,0.819650,12.440000,13.476400,1.598400,0.778547
2024-01-12,73.085714,4783.830000,4482.246480,4.347440,1672.650597,0.817068,12.700000,13.367600,1.598400,0.811697
2024-01-16,72.285714,4765.980000,4483.934480,3.680555,1590.395284,0.841291,13.840000,13.307000,1.600000,1.360835
2024-01-17,57.214286,4739.210000,4485.322400,3.291838,1480.814701,0.935197,14.790000,13.289600,1.600000,0.346871
2024-01-18,66.457143,4780.940000,4487.290960,3.077688,1385.009301,0.916595,14.130000,13.274000,1.600000,1.029513
2024-01-19,72.828571,4839.810000,4489.718720,2.805894,1321.975537,0.905575,13.300000,13.242200,1.600000,4.637858
2024-01-22,72.857143,4850.430000,4492.085040,2.719326,1278.758008,0.863508,13.190000,13.209800,1.600000,3.368896
2024-01-23,70.257143,4864.600000,4494.462160,2.741888,1248.209382,0.829074,12.550000,13.171800,1.722600,3.647598
2024-01-24,72.485714,4868.550000,4496.876560,2.650227,1207.892077,0.734213,13.140000,13.128800,1.722600,3.627822
2024-01-25,73.228571,4894.160000,4499.730560,2.449065,1196.738165,0.719899,13.450000,13.114400,1.722600,4.340217
2024-01-26,73.800000,4890.970000,4502.200480,2.290163,1198.361740,0.731020,13.260000,13.084400,1.693800,3.987114
2024-01-29,74.114286,4927.930000,4504.912240,2.320005,1218.541054,0.745454,13.600000,13.073200,1.693800,4.250457
2024-01-30,74.228571,4924.970000,4507.698160,2.496509,1229.378040,0.752457,13.310000,13.055800,1.693800,4.261983
2024-01-31,64.114286,4845.650000,4510.356240,2.666118,1204.049915,0.764896,14.350000,13.056400,1.693800,2.804904
2024-02-01,72.342857,4906.190000,4513.590640,2.797096,1201.687775,0.777373,13.880000,13.058000,1.693800,3.510803
2024-02-02,74.600000,4958.610000,4517.435280,2.916774,1184.341490,0.773331,13.850000,13.066800,1.693800,5.414736
2024-02-05,73.314286,4942.810000,4520.830240,2.810792,1132.543390,0.770903,13.670000,13.073200,1.693800,4.939738
2024-02-06,73.200000,4954.230000,4524.469040,2.819679,1110.798513,0.755316,13.060000,13.077400,1.693800,4.744531
2024-02-07,73.771429,4995.060000,4528.687840,3.017379,1091.077830,0.754097,12.830000,13.084800,1.693800,5.026576
2024-02-08,74.600000,4997.910000,4532.920480,3.153194,1080.864376,0.723718,12.790000,13.086800,1.693800,6.004024
2024-02-09,75.428571,5026.610000,4537.420960,3.393163,1075.923707,0.699449,12.930000,13.091600,1.693800,6.963087
2024-02-12,75.828571,5021.840000,4541.677920,3.717946,1101.715231,0.683143,13.930000,13.110600,1.693800,6.375541
2024-02-13,66.742857,4953.170000,4545.800400,3.795910,1079.636418,0.720057,15.850000,13.169200,1.693800,6.317019
2024-02-14,67.514286,5000.620000,4550.570720,3.979709,1090.052789,0.718136,14.380000,13.204200,1.693800,5.766626
2024-02-15,73.857143,5029.730000,4555.845680,4.303298,1130.797380,0.719715,14.010000,13.222800,1.693800,4.890452
2024-02-16,73.485714,5005.570000,4560.932560,4.507053,1150.723785,0.729715,14.240000,13.250600,1.693800,4.903937
2024-02-20,63.742857,4975.510000,4565.538480,4.404098,1149.760727,0.746036,15.420000,13.299600,1.693800,3.593922
2024-02-21,63.700000,4981.800000,4570.292480,4.366245,1152.704756,0.740534,15.340000,13.345200,1.693800,3.643416
2024-02-22,73.942857,5087.030000,4575.500640,4.474875,1162.444435,0.732810,14.540000,13.389000,1.693800,5.619595
2024-02-23,73.342857,5088.800000,4581.200560,4.691442,1179.958746,0.741277,13.750000,13.411400,1.693800,5.158123
2024-02-26,71.914286,5069.530000,4586.511120,4.745467,1182.571470,0.746388,13.740000,13.444800,1.693800,4.694096
2024-02-27,75.771429,5078.180000,4591.670080,4.762134,1202.500617,0.734593,13.430000,13.469600,1.644200,5.306894
2024-02-28,76.771429,5069.760000,4596.247120,4.669024,1211.409391,0.717511,13.840000,13.496800,1.644200,7.358420
2024-02-29,77.457143,5096.270000,4600.898320,4.789007,1237.331152,0.702428,13.400000,13.519200,1.632400,6.511366
2024-03-01,76.828571,5137.080000,4605.933680,5.021727,1273.086581,0.702117,13.110000,13.530200,1.624700,4.974643
2024-03-04,79.228571,5130.950000,4610.855120,5.268611,1300.233972,0.686857,13.490000,13.549400,1.393800,4.450425
2024-03-05,76.114286,5078.650000,4615.509680,5.500711,1316.854982,0.707005,14.460000,13.565200,1.391900,3.046085
2024-03-06,72.542857,5104.760000,4620.623920,5.745761,1350.863062,0.710294,14.500000,13.582200,1.620300,2.350410
2024-03-07,73.857143,5157.360000,4626.273680,6.003577,1395.512515,0.717817,14.440000,13.610400,1.612900,2.802797
2024-03-08,70.028571,5123.690000,4631.603280,6.284238,1431.648324,0.718337,14.740000,13.645400,1.631100,1.329427
2024-03-11,62.771429,5117.940000,4636.647120,6.177014,1467.853993,0.742463,15.220000,13.701200,1.635900,1.557312
2024-03-12,72.200000,5175.270000,4642.354080,6.017802,1498.703423,0.753392,13.840000,13.728600,1.631300,3.325516
2024-03-13,71.771429,5165.310000,4647.937040,6.419172,1534.812896,0.754899,13.750000,13.754600,1.629900,2.836310
2024-03-14,70.400000,5150.480000,4653.100080,6.458926,1530.572279,0.769383,14.400000,13.778600,1.633800,2.956546
2024-03-15,68.628571,5117.090000,4658.434240,6.220486,1526.422045,0.777209,14.410000,13.786000,1.620200,2.343246
2024-03-18,70.742857,5149.420000,4664.001360,6.075408,1524.983858,0.776294,14.330000,13.790000,1.610300,3.927340
2024-03-19,70.857143,5178.510000,4669.877840,6.172527,1534.184476,0.784025,13.820000,13.799400,1.597600,3.824799
2024-03-20,69.628571,5224.620000,4676.457200,6.524835,1571.169705,0.789731,13.040000,13.798600,1.603000,2.417716
2024-03-21,71.371429,5241.530000,4683.749440,6.928115,1616.239118,0.780866,12.920000,13.801800,1.596200,2.798135
2024-03-22,69.514286,5234.180000,4691.062400,6.886621,1624.383247,0.798573,13.060000,13.809200,1.588700,2.409683
2024-03-25,67.428571,5218.190000,4698.108400,6.857086,1627.865976,0.796084,13.190000,13.824200,1.588900,1.946853
2024-03-26,67.914286,5203.580000,4705.548800,6.779428,1620.214075,0.768494,13.240000,13.835000,1.590300,2.074484
2024-03-27,69.771429,5248.490000,4713.340640,6.935019,1646.130402,0.755233,12.780000,13.813800,1.590300,2.428965
2024-03-28,68.771429,5254.350000,4720.977840,7.186230,1684.448073,0.750729,13.010000,13.778200,1.590300,1.730824
2024-04-01,71.257143,5243.770000,4728.623600,7.050782,1698.157103,0.724045,13.650000,13.768600,1.590300,2.662715
2024-04-02,71.142857,5205.810000,4735.962960,6.694713,1684.124940,0.728986,14.610000,13.794800,1.590300,3.848837
2024-04-03,69.400000,5211.490000,4743.819280,6.724814,1677.614867,0.735597,14.330000,13.817600,1.590300,3.533427
2024-04-04,53.800000,5147.210000,4750.886960,6.762771,1640.561702,0.760895,16.350000,13.893600,1.590300,1.119468
2024-04-05,58.100000,5204.340000,4758.456160,6.419095,1620.083900,0.798722,16.030000,13.951400,1.590300,3.497453
2024-04-08,64.028571,5202.390000,4765.607280,6.131344,1607.034093,0.804231,15.190000,13.986200,1.590300,3.671353
2024-04-09,59.628571,5209.910000,4772.601280,6.112176,1607.944059,0.803630,14.980000,14.020600,1.590300,1.957376
2024-04-10,49.671429,5160.640000,4779.020480,5.789072,1571.859314,0.850914,15.800000,14.064600,1.590300,2.235568
2024-04-11,56.657143,5199.060000,4785.597360,5.347895,1534.075967,0.856343,14.910000,14.096600,1.590300,2.612817
2024-04-12,45.014286,5123.410000,4791.787760,5.181394,1455.717242,0.833143,17.310000,14.155800,1.590300,1.446447
2024-04-15,38.400000,5061.820000,4797.660080,4.948369,1355.345494,0.864048,19.230000,14.262800,1.588200,0.030242
2024-04-16,35.114286,5051.410000,4803.082320,4.563387,1241.820016,0.898547,18.400000,14.353800,1.587200,-0.054543
2024-04-17,31.157143,5022.210000,4808.274400,4.209286,1142.738421,0.938292,18.210000,14.444600,1.602400,-1.899896
2024-04-18,30.400000,5011.120000,4813.846560,3.645086,1061.235805,0.952719,18.000000,14.543400,1.586200,-1.761193
2024-04-19,27.671429,4967.230000,4819.360400,2.848325,1008.449509,0.986883,18.710000,14.661000,1.586000,-2.116394
2024-04-22,34.171429,5010.600000,4825.651920,2.439005,987.498913,0.973416,16.940000,14.744000,1.606900,-1.207479
2024-04-23,36.571429,5070.550000,4832.480000,2.259645,997.924315,0.955143,15.690000,14.799200,1.597100,0.173516
2024-04-24,37.485714,5071.630000,4839.071600,2.092117,1005.537534,0.897128,15.970000,14.840000,1.592600,-0.041230
2024-04-25,39.085714,5048.420000,4845.964800,1.684576,1002.841987,0.875656,15.370000,14.830400,1.563800,-0.174185
2024-04-26,40.514286,5099.960000,4853.666640,1.163929,1013.362416,0.832417,15.030000,14.843400,1.555200,-0.507115
2024-04-29,42.428571,5116.170000,4861.657040,1.002745,1042.113663,0.812527,14.670000,14.856600,1.555200,-0.124052
2024-04-30,40.542857,5035.690000,4868.608000,0.951108,1027.014503,0.796707,15.650000,14.884800,1.552400,-1.218425
2024-05-01,40.514286,5018.390000,4875.204720,0.741268,1016.479832,0.797398,15.390000,14.884200,1.552400,-0.083721
2024-05-02,42.228571,5064.200000,4881.815440,0.473577,1032.655024,0.774466,14.680000,14.871000,1.481800,-1.319332
2024-05-03,43.257143,5127.790000,4888.295520,0.508740,1065.374120,0.779481,13.490000,14.850000,1.476900,-0.893126
2024-05-06,39.000000,5180.740000,4894.874720,0.565097,1119.944528,0.801212,13.490000,14.844800,1.624600,0.318199
2024-05-07,37.171429,5187.700000,4901.448480,0.727556,1165.976364,0.817305,13.230000,14.834600,1.626800,-0.174419
2024-05-08,38.171429,5187.670000,4907.922800,0.947349,1202.358530,0.797631,13.000000,14.826000,1.625400,-0.791623
2024-05-09,42.228571,5214.080000,4914.573200,1.253660,1257.554005,0.791038,12.690000,14.803000,1.635000,1.290691
2024-05-10,46.028571,5222.680000,4921.575840,1.612273,1294.911928,0.788340,12.550000,14.786000,1.635000,2.392509
2024-05-13,48.114286,5221.420000,4928.025280,1.985216,1332.935460,0.749989,13.600000,14.795800,1.634600,2.108208
2024-05-14,55.285714,5246.680000,4934.706320,2.453587,1389.252143,0.710001,13.420000,14.794400,1.631400,3.533892
2024-05-15,59.371429,5308.150000,4941.205920,3.038196,1444.442881,0.697438,12.450000,14.754200,1.632700,3.957804
2024-05-16,62.314286,5297.100000,4947.559680,3.464021,1483.822182,0.695984,12.420000,14.712600,1.632700,4.963999
2024-05-17,62.800000,5303.270000,4953.919920,3.801360,1522.174514,0.686177,11.990000,14.663600,1.632700,4.494370
2024-05-20,60.428571,5308.130000,4960.272800,4.188784,1547.573327,0.707772,12.150000,14.611800,1.632700,3.639620
2024-05-21,59.428571,5321.410000,4966.465040,4.382992,1561.415395,0.716406,11.860000,14.544600,1.648500,3.365409
2024-05-22,58.514286,5307.010000,4972.615600,4.470380,1551.691355,0.722322,12.290000,14.513600,1.643400,3.252915
2024-05-23,52.371429,5267.840000,4978.305360,4.484359,1503.127997,0.742550,12.770000,14.494000,1.631500,2.110509
2024-05-24,51.742857,5304.720000,4984.268400,4.484874,1479.234576,0.770632,11.930000,14.444600,1.644000,2.705530
2024-05-28,54.685714,5306.040000,4990.313280,4.467080,1447.670480,0.758946,12.920000,14.414800,1.649700,4.557327
2024-05-29,49.971429,5266.950000,4996.009760,4.334252,1383.664467,0.796618,14.280000,14.413800,1.649700,4.722414
2024-05-30,45.085714,5235.480000,5001.488960,4.353547,1347.380263,0.795876,14.470000,14.426800,1.649700,3.062719
2024-05-31,48.428571,5277.510000,5007.166640,4.417944,1340.669497,0.771604,12.920000,14.424400,1.628800,2.769437
2024-06-03,45.485714,5283.400000,5012.676800,4.399941,1322.638252,0.747234,13.110000,14.428200,1.625400,1.500384
2024-06-04,47.628571,5291.340000,5018.449280,4.156222,1286.802598,0.778120,13.160000,14.430200,1.511000,1.229426
2024-06-05,51.142857,5354.030000,5024.744080,3.905655,1271.600542,0.754639,12.630000,14.419000,1.513500,1.811663
2024-06-06,45.314286,5352.960000,5031.173040,3.815165,1256.129868,0.739246,12.580000,14.405800,1.622700,1.593654
2024-06-07,43.400000,5346.990000,5037.264240,3.482768,1218.190416,0.759332,12.220000,14.394600,1.634000,2.062282
2024-06-10,44.742857,5360.790000,5043.315600,3.150313,1186.544927,0.748660,12.740000,14.389200,1.631700,2.667936
2024-06-11,44.400000,5375.320000,5049.338640,2.893926,1140.518834,0.720223,12.850000,14.373200,1.629400,1.911057
2024-06-12,46.571429,5421.030000,5055.557280,2.852488,1106.051946,0.696632,12.040000,14.321800,1.610100,1.695046
2024-06-13,44.571429,5433.740000,5061.370480,2.369260,1057.321697,0.706104,11.940000,14.274000,1.602600,1.292485
2024-06-14,41.114286,5431.600000,5067.066880,1.934036,986.609854,0.708846,12.660000,14.200200,1.613800,0.604091
2024-06-17,43.285714,5473.230000,5073.099200,1.640339,938.408301,0.720607,12.750000,14.134600,1.604800,1.640712
2024-06-18,41.285714,5487.030000,5079.070960,1.333201,905.270921,0.706019,12.300000,14.076800,1.631500,1.460131
2024-06-20,38.714286,5473.170000,5084.709360,1.049996,884.856757,0.730596,13.280000,14.042800,1.633400,1.561689
2024-06-21,39.057143,5464.620000,5090.839520,0.901502,864.589308,0.725952,13.200000,13.990800,1.636500,1.760854
2024-06-24,37.771429,5447.870000,5096.448480,0.997550,870.150450,0.710153,13.330000,13.959200,1.636500,0.860542
2024-06-25,37.285714,5469.300000,5102.165840,0.887006,851.924882,0.708914,12.840000,13.869800,1.636500,0.511269
2024-06-26,40.885714,5477.900000,5107.791040,0.719259,828.303193,0.706627,12.550000,13.736200,1.621700,1.530325
2024-06-27,45.514286,5482.870000,5113.401360,0.859012,815.626379,0.689505,12.240000,13.613000,1.621700,2.641611
2024-06-28,44.314286,5460.480000,5118.818400,0.966518,814.248179,0.686634,12.440000,13.497600,1.621700,2.342788
2024-07-01,47.942857,5475.090000,5124.460480,0.810698,795.476352,0.687704,12.220000,13.382000,1.621700,3.910931
2024-07-02,49.742857,5509.010000,5130.589920,0.648703,790.207203,0.689400,12.030000,13.248400,1.621700,4.586263
2024-07-03,48.371429,5537.020000,5137.247600,0.787878,801.659187,0.686433,12.090000,13.151400,1.621700,3.506375
2024-07-05,49.714286,5567.190000,5144.275680,0.798542,801.915307,0.673996,12.480000,13.087200,1.621700,3.552489
2024-07-08,51.057143,5572.850000,5151.280560,0.834632,810.229673,0.651105,12.370000,13.015200,1.593900,2.705224
2024-07-09,50.571429,5576.980000,5157.788080,0.857153,809.604103,0.627256,12.510000,12.958000,1.593900,2.414250
2024-07-10,54.600000,5633.910000,5164.807360,1.009884,835.436054,0.609793,12.850000,12.914400,1.607300,3.893460
2024-07-11,49.400000,5584.540000,5171.216080,1.489337,890.087894,0.619160,12.920000,12.879400,1.604100,2.064677
2024-07-12,54.371429,5615.350000,5177.896960,1.775351,959.372449,0.621577,12.460000,12.815600,1.593200,2.958882
2024-07-15,57.742857,5631.220000,5184.676080,2.293289,1025.828538,0.627740,13.120000,12.770200,1.589000,3.762466
2024-07-16,57.028571,5667.200000,5191.885840,3.122579,1117.163650,0.632276,13.190000,12.740400,1.592300,2.617299
2024-07-17,46.114286,5588.270000,5198.678320,3.675361,1188.960339,0.636125,14.480000,12.760200,1.596400,1.277026
2024-07-18,45.942857,5544.590000,5204.787520,4.033496,1220.314692,0.661204,15.930000,12.809000,1.574000,0.814904
2024-07-19,43.000000,5505.000000,5210.109040,4.098837,1238.641016,0.683593,16.520000,12.874800,1.573700,0.664803
2024-07-22,48.428571,5564.410000,5215.820880,4.272837,1272.675440,0.695489,14.910000,12.913000,1.579200,2.154162
2024-07-23,46.857143,5555.740000,5221.350000,4.523687,1297.168841,0.717755,14.720000,12.953600,1.559000,1.608650
2024-07-24,38.614286,5427.130000,5225.818640,4.681993,1289.606075,0.744147,18.040000,13.063400,1.545100,-1.222200
2024-07-25,39.071429,5399.220000,5229.859120,4.991846,1289.630865,0.743181,18.460000,13.160600,1.533800,-1.888180
2024-07-26,42.542857,5459.100000,5234.404160,5.274873,1319.668295,0.750389,16.390000,13.220000,1.521000,-1.422978
2024-07-29,42.071429,5463.540000,5238.689040,5.403001,1332.465175,0.764352,16.600000,13.303000,1.521000,-2.814446
2024-07-30,40.800000,5436.440000,5242.780800,5.737675,1350.481793,0.775762,17.690000,13.408400,1.542000,-3.810968
2024-07-31,46.885714,5522.300000,5248.194000,6.346028,1370.720034,0.755303,16.360000,13.495800,1.553200,-2.777247
2024-08-01,42.685714,5446.680000,5252.517920,6.443829,1359.240378,0.766220,18.590000,13.624600,1.557000,-4.255374
2024-08-02,41.385714,5346.560000,5255.621520,6.399947,1313.535139,0.795584,23.390000,13.855200,1.451900,-7.759645
2024-08-05,33.057143,5186.330000,5257.569680,5.928900,1228.128145,0.857222,38.570000,14.380800,1.451900,-10.887812
2024-08-06,19.014286,5240.030000,5259.856080,5.901127,1178.896954,0.875955,27.710000,14.679600,1.713500,-9.866362
2024-08-07,16.557143,5199.500000,5261.491600,5.792355,1121.251465,0.923408,27.850000,14.998000,1.736000,-8.697192
2024-08-08,17.657143,5319.310000,5264.062800,5.300534,1107.751942,0.928936,23.790000,15.215400,1.674200,-6.624292
2024-08-09,24.085714,5344.160000,5266.603200,4.773748,1100.451647,0.910758,20.370000,15.337200,1.646000,-7.217395
2024-08-12,23.800000,5344.390000,5269.183600,4.210251,1082.147526,0.871664,20.710000,15.462000,1.646000,-7.564242
2024-08-13,25.514286,5434.430000,5273.033680,3.559452,1095.986408,0.860692,18.120000,15.566000,1.635700,-5.001076
2024-08-14,26.428571,5455.210000,5276.670400,3.160965,1114.023877,0.822859,16.190000,15.627600,1.656500,-4.332917
2024-08-15,32.371429,5543.220000,5280.778320,2.981777,1162.671298,0.803147,15.230000,15.669000,1.659600,-1.672718
2024-08-16,33.742857,5554.250000,5285.167760,3.099320,1214.626416,0.775334,14.800000,15.712400,1.674300,-2.780653
2024-08-19,39.885714,5608.250000,5290.229680,3.196758,1290.851528,0.733911,14.650000,15.753800,1.683600,-1.744786
2024-08-20,44.685714,5597.120000,5295.152240,3.063457,1332.741359,0.710882,15.880000,15.827000,1.664300,-0.207327
2024-08-21,50.228571,5620.850000,5299.422800,3.177878,1389.820597,0.696457,16.270000,15.897600,1.662400,0.762699
2024-08-22,46.771429,5570.640000,5303.277520,3.165973,1416.755893,0.692302,17.550000,15.991600,1.658900,-0.296689
2024-08-23,51.571429,5634.610000,5307.798160,3.346188,1478.941006,0.688782,15.860000,16.068000,1.666200,0.434501
2024-08-26,52.942857,5616.840000,5312.107440,3.667756,1534.747844,0.701764,16.150000,16.152200,1.669400,1.040857
2024-08-27,52.285714,5625.800000,5316.555760,3.588783,1570.188373,0.711224,15.430000,16.207600,1.651800,0.425631
2024-08-28,51.085714,5592.180000,5320.523040,3.269193,1577.509905,0.726905,17.110000,16.294800,1.652100,1.358716
2024-08-29,56.057143,5591.960000,5324.162080,3.409683,1596.511530,0.723700,15.650000,16.361800,1.645300,5.069514
2024-08-30,60.314286,5648.400000,5328.301680,3.799658,1638.703894,0.730298,15.000000,16.396200,1.643400,9.678790
2024-09-03,56.342857,5528.930000,5331.903920,4.375006,1643.489630,0.737345,20.720000,16.546600,1.627800,5.213379
2024-09-04,56.628571,5520.070000,5335.226400,4.697571,1637.042762,0.757065,21.320000,16.706400,1.610700,4.772291
2024-09-05,50.628571,5503.410000,5337.994800,4.906532,1614.900234,0.786978,19.900000,16.847600,1.610700,1.533493
2024-09-06,39.342857,5408.420000,5340.272640,5.021138,1561.826030,0.812961,22.380000,17.044200,1.668300,-0.355364
2024-09-09,41.971429,5471.050000,5343.097520,5.183274,1532.493497,0.835361,19.450000,17.188400,1.678900,0.872300
2024-09-10,39.685714,5495.520000,5345.659520,5.422503,1494.561159,0.857764,19.080000,17.321200,1.676100,-0.415210
2024-09-11,43.085714,5554.130000,5348.770080,5.511046,1466.679618,0.849860,17.690000,17.430600,1.682600,0.550816
2024-09-12,42.971429,5595.760000,5352.332320,5.816346,1462.084138,0.833595,17.070000,17.531400,1.683800,-0.789484
2024-09-13,48.628571,5626.020000,5356.403760,6.235947,1490.302895,0.794249,16.560000,17.620800,1.699400,-0.497646
2024-09-16,50.314286,5633.090000,5360.273120,6.793794,1534.954509,0.773579,17.140000,17.714000,1.699000,-1.395113
2024-09-17,54.628571,5634.580000,5363.921680,7.245879,1579.982723,0.741835,17.610000,17.818800,1.686000,-0.615253
2024-09-18,55.171429,5618.260000,5367.070800,7.692309,1610.076572,0.728336,18.230000,17.933200,1.686600,-0.659199
2024-09-19,63.800000,5713.640000,5370.847680,8.181820,1655.390688,0.724509,16.330000,18.002800,1.690100,1.542119
2024-09-20,61.200000,5702.550000,5374.594640,8.348173,1680.684236,0.735604,16.150000,18.067400,1.678700,0.728655
2024-09-23,63.857143,5718.570000,5378.597680,8.294647,1708.654816,0.733079,15.890000,18.136000,1.656100,1.236303
2024-09-24,66.428571,5732.930000,5382.832480,8.158700,1738.462788,0.711841,15.390000,18.181400,1.641500,1.192171
2024-09-25,65.742857,5722.260000,5386.622640,8.252644,1735.426317,0.709230,15.410000,18.225800,1.656631,1.510816
2024-09-26,70.742857,5745.370000,5390.550800,8.401201,1745.829608,0.666030,15.370000,18.243600,1.632071,1.827299
2024-09-27,67.314286,5738.170000,5394.506000,8.448233,1769.442886,0.654532,16.960000,18.264200,1.633156,-0.068269
2024-09-30,73.685714,5762.480000,5398.959360,8.327167,1786.104811,0.645101,16.730000,18.268400,1.633156,3.164327
2024-10-01,70.314286,5708.750000,5402.937440,8.392121,1787.186667,0.660766,19.260000,18.355400,1.633156,2.912663
2024-10-02,70.571429,5709.540000,5407.436080,8.288567,1785.481665,0.649849,18.900000,18.439000,1.646667,3.761398
2024-10-03,69.428571,5699.940000,5411.400880,8.195704,1764.895302,0.685356,20.490000,18.488000,1.643029,5.960595
2024-10-04,71.400000,5751.070000,5415.790320,8.383276,1767.531670,0.700846,19.210000,18.503000,1.626888,6.832785
2024-10-07,70.828571,5695.940000,5419.678560,8.401823,1745.531263,0.703091,22.640000,18.628000,1.602401,6.281159
2024-10-08,71.171429,5751.130000,5424.402480,8.334739,1715.757065,0.703855,21.420000,18.724400,1.605739,5.997719
2024-10-09,71.142857,5792.040000,5429.146320,8.403648,1699.063311,0.716793,20.860000,18.787800,1.607558,6.032787
2024-10-10,70.285714,5780.050000,5434.399440,8.044919,1672.144643,0.715435,20.930000,18.879200,1.597605,5.523269
2024-10-11,71.657143,5815.030000,5440.425120,7.740797,1675.104721,0.704912,20.460000,18.916600,1.602227,6.198963
2024-10-14,74.228571,5859.850000,5446.892640,7.425770,1684.494820,0.696263,19.700000,18.842800,1.592607,7.004471
2024-10-15,71.142857,5815.260000,5453.237040,7.211353,1684.459450,0.697162,20.640000,18.484200,1.591000,5.570124
2024-10-16,69.028571,5842.470000,5459.887840,6.982316,1706.191445,0.680877,19.580000,18.321600,1.606583,4.049962
2024-10-17,68.571429,5841.470000,5466.881760,6.654349,1714.705209,0.677283,19.110000,18.146800,1.604970,4.771232
2024-10-18,72.428571,5864.670000,5473.714320,6.584796,1724.592317,0.664157,18.030000,18.031600,1.584718,4.701987
2024-10-21,69.800000,5853.980000,5479.981760,6.303807,1700.447286,0.686135,18.370000,17.991600,1.575648,5.115168
2024-10-22,70.371429,5851.200000,5486.218320,5.907503,1673.322180,0.688016,18.200000,17.941400,1.542692,5.370433
2024-10-23,63.200000,5797.420000,5492.210320,5.588004,1628.698361,0.700289,19.240000,17.963800,1.550162,4.161107
2024-10-24,62.942857,5809.860000,5497.889520,5.258949,1590.017822,0.694822,19.080000,18.021600,1.551637,4.730426
2024-10-25,58.742857,5808.120000,5503.425120,4.955209,1536.800237,0.716287,20.330000,18.123600,1.551095,4.172578
2024-10-28,60.857143,5823.520000,5509.727760,4.746277,1510.125012,0.710540,19.800000,18.223600,1.543538,5.734107
2024-10-29,60.057143,5832.920000,5516.244000,4.476410,1465.701310,0.708648,19.340000,18.317400,1.532006,5.533878
2024-10-30,57.200000,5813.670000,5522.239760,4.411559,1425.501343,0.706919,20.350000,18.406800,1.539052,5.046938
2024-10-31,40.457143,5705.450000,5526.861040,4.246409,1365.561933,0.709904,23.160000,18.544600,1.536346,1.248368
2024-11-01,50.485714,5728.800000,5531.245520,3.949385,1302.437667,0.721004,21.880000,18.631200,1.384728,3.108026
2024-11-04,42.428571,5712.690000,5535.445440,3.821523,1250.693276,0.743129,21.980000,18.753600,1.537819,1.525057
2024-11-05,43.542857,5782.760000,5540.206160,3.848946,1236.603739,0.759362,20.490000,18.840400,1.535463,1.628232
2024-11-06,44.000000,5929.040000,5545.925840,4.345610,1240.296726,0.747812,16.270000,18.857200,1.758908,5.292340
2024-11-07,59.057143,5973.100000,5551.929200,4.699021,1247.718478,0.725740,15.200000,18.819000,1.514018,4.715293
2024-11-08,59.428571,5995.540000,5558.122160,4.812824,1253.245699,0.699586,14.940000,18.804800,1.532488,3.938104
2024-11-11,66.600000,6001.350000,5564.159520,5.107696,1268.151482,0.646065,14.970000,18.804200,1.535178,5.607993
2024-11-12,66.714286,5983.990000,5569.566240,4.820707,1252.158935,0.616304,14.710000,18.684000,1.528073,5.600882
2024-11-13,66.314286,5985.380000,5575.072480,4.592675,1232.673051,0.613607,14.020000,18.538000,1.504881,5.204991
2024-11-14,60.314286,5949.170000,5580.239680,4.255620,1202.079782,0.666253,14.310000,18.426200,1.486791,4.265434
2024-11-15,51.200000,5870.620000,5584.739600,3.894108,1165.069511,0.687698,16.140000,18.301400,1.482756,2.327677
2024-11-18,50.285714,5893.620000,5589.317280,3.790417,1145.070082,0.701730,15.580000,18.224000,1.482756,2.510875
2024-11-19,49.514286,5916.980000,5594.197040,3.795519,1125.767525,0.714678,16.350000,18.169400,1.504926,3.354048
2024-11-20,49.514286,5917.110000,5599.391200,3.862140,1112.107820,0.717354,17.160000,18.158800,1.502033,3.548182
2024-11-21,56.600000,5948.710000,5604.543120,4.073985,1129.748621,0.669139,16.870000,18.154800,1.491038,3.928285
2024-11-22,60.714286,5969.340000,5609.849520,4.405728,1171.796668,0.638529,15.240000,18.128400,1.482754,3.666008
2024-11-25,62.885714,5987.370000,5615.612880,5.050629,1225.622301,0.622637,14.600000,18.077600,1.482409,2.786280
2024-11-26,65.914286,6021.630000,5621.902080,5.251907,1256.435542,0.625506,14.100000,18.007400,1.482409,3.788731
2024-11-27,64.400000,5998.740000,5627.671920,5.465423,1289.256803,0.635648,14.100000,17.924800,1.516058,5.067613
2024-11-29,65.000000,6032.380000,5633.663760,5.719951,1323.629904,0.612833,13.510000,17.868400,1.524298,3.841620
2024-12-02,65.314286,6047.150000,5639.710240,5.916647,1337.449096,0.619689,13.340000,17.812200,1.544592,5.198015
2024-12-03,59.571429,6049.880000,5645.277040,6.047111,1338.793774,0.643204,13.300000,17.760400,1.588985,4.315837
2024-12-04,57.485714,6086.490000,5651.145280,6.023865,1329.447448,0.625497,13.450000,17.721600,1.572656,0.976994
2024-12-05,54.914286,6075.110000,5656.970240,5.488290,1314.077016,0.612330,13.540000,17.684200,1.586304,0.842741
2024-12-06,52.142857,6090.270000,5662.806080,5.160704,1295.325344,0.633503,12.770000,17.632200,1.584776,0.477747
2024-12-09,49.257143,6052.850000,5668.226320,4.897937,1279.060608,0.629029,14.190000,17.576800,1.583450,-0.052192
2024-12-10,46.971429,6034.910000,5673.137360,4.242479,1244.683205,0.620715,14.180000,17.525800,1.571253,-0.492395
2024-12-11,49.200000,6084.190000,5678.340960,4.157189,1211.892991,0.623728,13.580000,17.412200,1.569284,0.444778
2024-12-12,47.114286,6051.250000,5683.298160,3.940216,1158.861891,0.634552,13.920000,17.312600,1.555228,0.953817
2024-12-13,49.114286,6051.090000,5687.921040,3.730413,1095.840967,0.642563,13.810000,17.179000,1.535707,2.759836
2024-12-16,56.057143,6074.080000,5692.617440,3.634101,1027.919034,0.620935,14.690000,17.088600,1.414169,2.963780
2024-12-17,51.400000,6050.610000,5697.236960,3.339297,952.511246,0.629161,15.870000,16.953200,1.417101,2.013467
2024-12-18,33.128571,5872.160000,5700.497280,2.939844,844.267712,0.642173,27.620000,17.077200,1.425524,-0.079745
2024-12-19,19.514286,5867.080000,5703.850960,2.412381,741.766977,0.685738,24.090000,17.141800,1.581774,-0.260117
2024-12-20,27.600000,5930.850000,5707.543360,1.834034,687.142947,0.691001,18.360000,17.090400,1.580518,0.202149
2024-12-23,30.142857,5974.070000,5711.512720,1.160614,649.134378,0.716775,16.780000,17.016800,1.578107,2.117457
2024-12-24,34.514286,6040.040000,5715.970080,0.286198,650.801284,0.699140,14.270000,16.908200,1.565777,2.387270
2024-12-26,34.171429,6037.590000,5720.586960,0.007353,667.344352,0.694633,14.730000,16.790000,1.572648,2.979626
2024-12-27,33.828571,5970.840000,5724.552960,-0.550509,650.133716,0.648946,15.950000,16.717400,1.576207,2.021013
2024-12-30,28.600000,5906.940000,5727.736400,-1.077496,611.204911,0.655481,17.400000,16.683200,1.560495,-0.200428
2024-12-31,26.314286,5881.630000,5730.493280,-1.316285,592.070336,0.652193,17.350000,16.669600,1.580828,-0.718347
2025-01-02,24.314286,5868.550000,5732.904160,-1.529495,580.738367,0.679526,17.930000,16.660800,1.563013,-1.196031
2025-01-03,28.885714,5942.470000,5735.861120,-1.685002,592.889684,0.674670,16.130000,16.619400,1.553851,0.278980
2025-01-06,33.771429,5975.380000,5739.048320,-1.827658,609.464318,0.663534,16.040000,16.555400,1.530523,1.108134
2025-01-07,34.314286,5909.030000,5741.249280,-1.979055,619.570226,0.652236,17.820000,16.530200,1.507547,0.614154
2025-01-08,31.914286,5918.250000,5743.918960,-2.359242,619.138264,0.688801,17.700000,16.477600,1.492412,0.656890
2025-01-10,25.628571,5827.040000,5745.612480,-2.785298,592.670135,0.706501,19.540000,16.472400,1.511062,-1.120265
2025-01-13,25.342857,5836.220000,5747.252480,-3.308978,578.714041,0.737319,19.190000,16.469400,1.498570,-0.670346
2025-01-14,25.142857,5842.910000,5748.658160,-3.317840,591.086526,0.743260,18.710000,16.436600,1.498570,-1.006419
2025-01-15,27.428571,5949.910000,5751.551280,-3.085165,633.273357,0.746016,16.120000,16.295800,1.498570,-0.663985
2025-01-16,27.342857,5937.340000,5754.693280,-2.887855,685.318335,0.759821,16.600000,16.190200,1.504850,-0.294034
2025-01-17,36.028571,5996.660000,5758.626560,-2.518418,741.494458,0.719983,15.970000,16.070000,1.504850,2.472598
2025-01-21,39.914286,6049.240000,5762.505200,-1.950183,815.885485,0.688065,15.060000,15.961400,1.504850,2.684532
2025-01-22,41.628571,6086.370000,5766.750240,-1.337572,861.049937,0.682434,15.100000,15.938000,1.504850,2.788770
2025-01-23,43.685714,6118.710000,5772.282880,-0.949929,916.608895,0.677391,15.020000,15.934400,1.502227,2.433144
2025-01-24,45.800000,6101.240000,5777.899040,-0.567771,970.367904,0.626696,14.850000,15.932600,1.495796,0.841999
2025-01-27,37.971429,6012.280000,5782.324480,-0.360940,1018.766094,0.650607,17.900000,15.991200,1.499287,-1.093816
2025-01-28,40.628571,6067.700000,5787.157760,-0.175337,1053.522078,0.643575,16.410000,16.025200,1.530394,0.580850
2025-01-29,42.400000,6039.310000,5791.980720,0.133588,1076.979709,0.652906,16.560000,16.076000,1.521836,1.979214
2025-01-30,45.914286,6071.170000,5796.371680,0.616299,1117.956313,0.649445,15.840000,16.106600,1.511261,2.492927
2025-01-31,43.771429,6040.530000,5801.122480,0.797804,1123.228818,0.660149,16.430000,16.112400,1.513057,2.367449
2025-02-03,37.400000,5994.570000,5806.306560,0.727459,1107.283188,0.679367,18.620000,16.173200,1.502691,0.544389
2025-02-04,37.142857,6037.880000,5813.118960,0.791229,1108.249330,0.688961,17.210000,16.190400,1.499287,0.244267
2025-02-05,38.628571,6061.480000,5819.690560,0.864057,1119.118205,0.682146,15.770000,16.162600,1.505791,0.764228
2025-02-06,39.685714,6083.570000,5826.763120,1.013980,1124.771941,0.682322,15.500000,16.135200,1.519749,1.330075
2025-02-07,38.371429,6025.990000,5832.416560,1.217464,1110.239061,0.681836,16.540000,16.161200,1.510632,1.527339
2025-02-10,44.714286,6066.440000,5838.194800,1.610091,1109.411806,0.649956,15.810000,16.185400,1.504491,1.895854
2025-02-11,45.400000,6068.500000,5843.987680,2.035647,1107.404165,0.656556,16.020000,16.223800,1.495769,2.130612
2025-02-12,41.371429,6051.970000,5848.928000,2.009278,1094.072777,0.669977,15.890000,16.259600,1.494403,1.689465
2025-02-13,46.600000,6115.070000,5854.206880,2.001945,1104.108980,0.674939,15.100000,16.291400,1.478709,2.440185
2025-02-14,43.685714,6114.630000,5858.778160,2.052573,1109.918616,0.653847,14.770000,16.320000,1.499798,1.128054
2025-02-18,46.800000,6129.580000,5863.380800,1.992166,1132.625092,0.638454,15.350000,16.361000,1.505426,1.384879
2025-02-19,47.628571,6144.150000,5867.668000,1.765396,1146.941104,0.631636,15.270000,16.397400,1.485816,0.588623
2025-02-20,44.228571,6117.520000,5871.831200,1.590593,1154.486932,0.623569,15.660000,16.439800,1.495252,-0.829578
2025-02-21,36.971429,6013.130000,5874.969440,1.406501,1132.880365,0.641838,18.210000,16.548600,1.496473,-2.653814
2025-02-24,29.542857,5983.250000,5878.270320,1.146368,1108.321551,0.685658,18.980000,16.644400,1.517561,-1.295992
2025-02-25,24.200000,5955.250000,5880.835440,0.980579,1081.243353,0.727817,19.430000,16.749400,1.523263,-3.400330
2025-02-26,21.257143,5956.060000,5883.549200,0.770022,1058.008621,0.738860,19.100000,16.859800,1.548921,-3.348039
2025-02-27,12.757143,5861.570000,5885.435360,0.487280,1020.617349,0.781745,21.130000,17.004000,1.541970,-5.065607
2025-02-28,20.657143,5954.500000,5888.333920,0.133735,1009.786904,0.796935,19.630000,17.120400,1.528298,-3.732799
2025-03-03,12.342857,5849.720000,5890.396000,-0.160490,971.483465,0.805295,22.780000,17.282200,1.528298,-5.114405
2025-03-04,11.042857,5778.150000,5891.434000,-0.491505,911.032407,0.820596,23.510000,17.435000,1.528298,-6.356370
2025-03-05,11.514286,5842.630000,5893.943600,-0.642199,883.806663,0.825411,21.930000,17.321200,1.528298,-4.545619
2025-03-06,17.200000,5738.520000,5895.691200,-0.853454,840.945780,0.815251,24.870000,17.336800,1.442521,-6.690581
2025-03-07,17.642857,5770.200000,5897.825520,-1.032394,820.478649,0.808992,23.370000,17.437000,1.446022,-5.530539
2025-03-10,17.071429,5614.560000,5899.474640,-1.218596,775.810326,0.806295,27.860000,17.658600,1.435777,-9.363421
2025-03-11,15.114286,5572.070000,5900.282800,-1.494826,730.604245,0.801198,26.920000,17.911600,1.466865,-10.123450
2025-03-12,15.914286,5599.300000,5901.113040,-1.695766,692.905387,0.815799,24.230000,18.101600,1.455571,-9.752872
2025-03-13,15.185714,5521.520000,5900.852160,-1.970803,638.710101,0.834480,24.660000,18.275800,1.455571,-11.589353
2025-03-14,22.057143,5638.940000,5901.197600,-2.126285,633.760620,0.830013,21.770000,18.363200,1.455571,-8.933836
2025-03-17,22.571429,5675.120000,5901.590400,-2.196220,667.629127,0.821321,20.510000,18.426400,1.455571,-9.176705
2025-03-18,22.228571,5614.660000,5901.442960,-2.269976,689.096736,0.796929,21.700000,18.501800,1.463258,-10.583926
2025-03-19,21.600000,5675.290000,5901.768640,-2.301893,732.946465,0.784260,19.900000,18.577200,1.474923,-9.340956
2025-03-20,21.685714,5662.890000,5902.125680,-2.323153,758.272697,0.783592,19.800000,18.652400,1.481322,-7.476300
2025-03-21,22.685714,5667.560000,5901.757040,-2.388045,764.841502,0.775634,19.280000,18.681600,1.475129,-6.751983
2025-03-24,25.400000,5767.570000,5902.277200,-2.281775,800.223911,0.760126,17.480000,18.677200,1.470309,-3.219754
2025-03-25,29.285714,5776.650000,5902.741840,-2.189680,824.749799,0.768271,17.150000,18.629400,1.431629,-2.939647
2025-03-26,28.885714,5712.200000,5902.576000,-2.156035,836.923966,0.782438,18.330000,18.612200,1.438380,-2.371962
2025-03-27,28.342857,5693.310000,5902.344400,-2.077791,836.299000,0.762769,18.690000,18.611800,1.441276,-3.554050
2025-03-28,26.371429,5580.940000,5901.028960,-2.128696,799.770558,0.793718,21.650000,18.722400,1.444965,-4.571406
2025-03-31,21.114286,5611.850000,5900.018400,-2.379487,780.048760,0.838791,22.280000,18.836000,1.489192,-3.366684
2025-04-01,19.571429,5633.070000,5898.983120,-2.161118,772.039252,0.854397,21.770000,18.952000,1.498428,-4.689983
2025-04-02,22.600000,5670.970000,5898.680880,-2.177252,788.957807,0.856109,21.510000,19.081000,1.489899,-2.295545
2025-04-03,12.142857,5396.520000,5896.176720,-2.990139,765.340398,0.907738,30.020000,19.379400,1.486196,-8.657581
2025-04-04,5.385714,5074.080000,5891.169840,-4.770530,702.340017,0.945679,45.310000,19.985200,1.545854,-11.497412
2025-04-07,4.000000,5062.250000,5885.659280,-6.672270,632.035291,0.953841,46.980000,20.627800,1.605653,-10.093960
2025-04-08,2.900000,4982.770000,5879.953920,-7.562676,535.155574,0.992918,52.330000,21.316400,1.605653,-11.692847
2025-04-09,9.500000,5456.900000,5877.600080,-8.729756,502.231456,0.996937,33.620000,21.660600,1.535990,-1.219741
2025-04-10,5.614286,5268.050000,5873.408160,-8.623684,439.459589,0.989327,40.720000,22.143800,1.526634,-6.341705
2025-04-11,8.385714,5363.360000,5870.074640,-8.982459,419.098023,0.916081,37.560000,22.578200,1.504472,-4.618075
2025-04-14,12.342857,5405.970000,5866.802160,-9.088986,432.783962,0.891547,30.890000,22.867400,1.491427,-3.199042
2025-04-15,13.114286,5396.630000,5863.096400,-9.124520,444.322860,0.864340,30.120000,23.097400,1.487005,-4.455510
2025-04-16,11.142857,5275.700000,5858.779920,-9.178028,434.437069,0.903087,32.640000,23.406000,1.489272,-6.653155
2025-04-17,16.057143,5282.700000,5854.301760,-9.217290,456.450668,0.861317,29.650000,23.683600,1.509644,-6.333204
2025-04-21,12.371429,5158.200000,5848.835600,-9.250387,441.182424,0.895523,33.820000,24.050000,1.478235,-10.145055
2025-04-22,13.600000,5287.760000,5844.220320,-9.255506,470.680482,0.879150,30.570000,24.330600,1.478235,-7.993295
2025-04-23,21.542857,5375.860000,5840.395360,-9.266209,518.168585,0.862568,28.450000,24.583400,1.478235,-5.800693
2025-04-24,24.085714,5484.770000,5837.463920,-9.225242,591.863982,0.821782,26.470000,24.792400,1.478235,-4.132591
2025-04-25,34.514286,5525.210000,5835.286240,-9.112820,654.283988,0.797365,24.840000,24.971400,1.440512,-1.009519
2025-04-28,32.142857,5528.750000,5833.037360,-8.891773,728.988452,0.780561,25.150000,25.172400,1.463141,-1.738066
2025-04-29,32.742857,5560.830000,5831.059040,-8.439915,805.677796,0.790032,24.170000,25.360400,1.471905,-1.756539
2025-04-30,32.371429,5569.060000,5829.023360,-8.205721,862.196435,0.801965,24.700000,25.547400,1.473831,-2.426453
2025-05-01,41.257143,5604.140000,5827.193120,-8.061788,912.294125,0.783235,24.600000,25.734000,1.473287,4.882394
2025-05-02,38.285714,5686.670000,5826.177120,-7.103914,989.709436,0.783223,22.680000,25.874400,1.561695,14.087174
2025-05-05,53.057143,5650.380000,5825.736560,-5.212870,1040.607166,0.785757,23.640000,25.983000,1.412887,12.729674
2025-05-06,54.657143,5606.910000,5824.761440,-3.146136,1074.599849,0.787424,24.760000,26.098600,1.412887,12.746733
2025-05-07,54.142857,5631.280000,5824.110160,-1.975473,1107.235431,0.754374,23.550000,26.181000,1.415805,2.795191
2025-05-08,57.657143,5663.940000,5823.159600,-0.559211,1156.199345,0.740429,22.480000,26.248600,1.426156,7.385286
2025-05-09,60.028571,5659.910000,5821.006560,-0.297761,1206.119766,0.730104,21.900000,26.264000,1.394298,4.671740
2025-05-12,64.485714,5844.190000,5819.975280,0.256728,1276.637523,0.703932,18.390000,26.239200,1.394298,8.701420
2025-05-13,68.200000,5886.550000,5819.103360,0.393554,1347.080348,0.670317,18.220000,26.148000,1.347032,10.119390
2025-05-14,70.400000,5892.580000,5818.233200,0.464835,1393.877973,0.650456,18.620000,26.050200,1.335735,13.471981
2025-05-15,69.142857,5916.930000,5817.696720,0.623802,1438.328143,0.671226,17.830000,25.968200,1.328364,12.983899
2025-05-16,70.600000,5958.380000,5817.480720,0.809999,1499.346055,0.657601,17.240000,25.815600,1.363088,15.832662
2025-05-19,69.742857,5963.600000,5817.596160,1.073453,1541.672469,0.668542,18.140000,25.711000,1.363050,13.262223
2025-05-20,69.171429,5940.460000,5818.154880,1.188087,1565.365811,0.669047,18.090000,25.515600,1.366040,11.304014
2025-05-21,66.228571,5844.610000,5817.762800,1.163157,1541.087701,0.698075,20.870000,25.394600,1.353299,8.428988
2025-05-22,66.800000,5842.010000,5817.163040,1.077468,1513.773934,0.685438,20.280000,25.315600,1.328044,7.683700
2025-05-23,64.085714,5802.820000,5816.248720,1.048840,1483.360224,0.716617,22.290000,25.268200,1.347455,7.066316
2025-05-27,65.742857,5921.540000,5816.031360,1.167533,1489.049193,0.703067,18.960000,25.212000,1.347455,8.476392
2025-05-28,64.742857,5888.550000,5815.385040,1.224557,1467.700869,0.707886,19.310000,25.188000,1.347455,8.079975
2025-05-29,64.457143,5912.170000,5814.783440,1.288927,1457.869907,0.698843,19.180000,25.137600,1.357000,6.745491
2025-05-30,61.914286,5911.690000,5813.903920,1.290667,1442.393164,0.705987,18.570000,25.111000,1.365068,4.143669
2025-06-02,62.428571,5935.940000,5813.401520,1.303761,1426.880330,0.704402,18.360000,25.082200,1.375041,5.820460
2025-06-03,54.571429,5970.370000,5812.905440,1.356342,1430.944526,0.707435,17.690000,25.050400,1.477845,7.629246
2025-06-04,54.885714,5970.810000,5812.294720,1.495235,1424.408164,0.706951,17.610000,25.053000,1.471631,6.713362
2025-06-05,57.971429,5939.300000,5811.410080,1.588134,1412.884262,0.718142,18.480000,25.079600,1.418212,5.071184
2025-06-06,61.771429,6000.360000,5810.721040,1.648318,1428.423324,0.709836,16.770000,25.048400,1.407110,7.083743
2025-06-09,63.428571,6005.880000,5810.167200,1.723749,1449.003545,0.686416,17.160000,25.017800,1.383879,2.953224
2025-06-10,64.000000,6038.810000,5809.755520,1.643409,1478.773856,0.675264,16.950000,24.923800,1.394831,2.556602
2025-06-11,64.200000,6022.240000,5809.510640,1.625441,1498.204830,0.660693,17.260000,24.823400,1.397934,1.412518
2025-06-12,64.600000,6045.260000,5809.593440,1.659063,1511.688402,0.655875,18.020000,24.748400,1.401782,1.502053
2025-06-13,59.542857,5976.970000,5808.735680,1.551878,1494.056326,0.641895,20.820000,24.734600,1.426519,0.120071
2025-06-16,61.114286,6033.110000,5808.590560,1.484506,1494.945686,0.663770,19.110000,24.516400,1.410761,0.892205
2025-06-17,57.428571,5982.720000,5808.043600,1.355985,1467.856702,0.707583,21.600000,24.042200,1.391428,-0.189325
2025-06-18,54.285714,5980.870000,5807.297920,1.251981,1445.448581,0.733140,20.140000,23.505400,1.414555,0.718926
2025-06-20,54.514286,5967.840000,5806.635760,1.280424,1423.250115,0.720737,20.620000,22.871200,1.412022,0.684360
2025-06-23,56.600000,6025.170000,5807.859840,1.378413,1413.368848,0.749450,19.830000,22.595400,1.407290,2.359151
2025-06-24,57.885714,6092.180000,5809.660640,1.504523,1422.515023,0.746308,17.480000,22.130600,1.403504,1.453253
2025-06-25,59.257143,6092.160000,5810.951120,1.401936,1400.470452,0.703792,16.760000,21.714600,1.407885,1.815061
2025-06-26,63.000000,6141.020000,5812.286720,1.471177,1408.509029,0.687053,16.590000,21.428600,1.400272,2.276199
2025-06-27,64.800000,6173.070000,5813.350960,1.593605,1415.512751,0.680265,16.320000,21.152600,1.400827,3.407172
2025-06-30,69.228571,6204.950000,5814.689840,1.731345,1429.363525,0.640577,16.730000,20.834400,1.389494,2.301516
2025-07-01,67.542857,6198.010000,5816.507200,1.852806,1459.065258,0.624751,16.830000,20.578000,1.403539,2.095443
2025-07-02,63.714286,6227.420000,5819.071040,1.961918,1502.780646,0.618243,16.640000,20.234400,1.523690,3.535008
2025-07-03,77.628571,6279.350000,5822.252800,2.160877,1556.798503,0.607772,16.380000,19.950600,1.354560,4.870740
2025-07-07,75.085714,6229.980000,5825.144240,2.214659,1575.009710,0.621602,17.790000,19.737400,1.342992,2.610312
2025-07-08,74.628571,6225.520000,5827.408640,2.223591,1597.929513,0.631756,16.810000,19.544200,1.326225,2.762066
2025-07-09,75.914286,6263.260000,5829.711680,2.238747,1617.006508,0.626871,15.940000,19.366200,1.326225,2.431501
2025-07-10,76.971429,6280.460000,5832.683120,2.381312,1646.904659,0.628129,15.780000,19.178800,1.326225,3.498376
2025-07-11,75.257143,6259.750000,5835.415120,2.387136,1649.762066,0.639496,16.400000,19.023400,1.326225,3.624137
2025-07-14,76.114286,6268.560000,5838.947280,2.418663,1654.044262,0.626525,17.200000,18.873400,1.326225,4.670570
2025-07-15,73.485714,6243.760000,5842.207600,2.518085,1625.025379,0.627139,17.380000,18.729000,1.326225,3.633294
2025-07-16,72.942857,6263.700000,5845.573920,2.472259,1608.621094,0.639542,17.160000,18.618600,1.326225,5.086279
2025-07-17,74.171429,6297.360000,5848.353520,2.655812,1611.023499,0.644400,16.520000,18.476200,1.326225,5.820515
2025-07-18,73.942857,6296.790000,5851.229120,2.769876,1605.903071,0.638205,16.410000,18.309200,1.326225,5.911480
2025-07-21,73.285714,6305.600000,5853.700640,2.856733,1594.221460,0.636351,16.650000,18.171200,1.326225,4.987355
2025-07-22,73.885714,6309.620000,5855.783680,2.961913,1608.417801,0.634823,16.500000,18.051600,1.311859,3.920129
2025-07-23,76.371429,6358.910000,5857.964000,3.100631,1640.491897,0.626992,15.370000,17.921000,1.311859,5.158743
2025-07-24,75.257143,6363.350000,5859.921120,3.235825,1647.081842,0.635516,15.390000,17.861000,1.311859,4.883076
2025-07-25,74.657143,6388.640000,5862.220320,3.243460,1658.802146,0.650090,14.930000,17.795200,1.311859,4.341569
2025-07-28,73.800000,6389.770000,5865.240240,3.168118,1645.341955,0.645300,15.030000,17.723400,1.311859,4.358064
2025-07-29,70.628571,6370.860000,5867.665520,3.121294,1621.402675,0.653260,15.980000,17.686400,1.314875,3.003510
2025-07-30,68.028571,6362.900000,5870.254240,2.979093,1574.308071,0.664729,15.480000,17.651200,1.314875,2.544055
2025-07-31,63.714286,6339.390000,5872.400000,2.795856,1512.092881,0.675456,16.720000,17.622800,1.314875,0.923624
2025-08-01,49.800000,6238.010000,5873.979840,2.342521,1433.191249,0.705053,20.380000,17.668600,1.314875,-1.160106
2025-08-04,56.885714,6329.940000,5876.662800,2.232885,1393.455559,0.728820,17.520000,17.601600,1.314875,0.159318
2025-08-05,55.028571,6299.190000,5878.753280,2.181455,1361.087819,0.742981,17.850000,17.553000,1.314875,-0.328628
2025-08-06,55.314286,6345.060000,5881.021920,2.095756,1325.772312,0.741837,16.770000,17.442600,1.314875,0.143281
2025-08-07,54.714286,6340.000000,5883.073360,1.981775,1293.420140,0.731238,16.570000,17.394800,1.314875,0.079608
2025-08-08,58.371429,6389.450000,5885.981040,1.972846,1263.849140,0.700010,15.150000,17.311600,1.314875,0.826126
2025-08-11,57.628571,6373.450000,5888.437120,1.886034,1225.232919,0.683418,16.250000,17.253000,1.314875,0.641162
2025-08-12,62.257143,6445.760000,5891.455200,2.019357,1222.256731,0.667889,14.730000,17.176200,1.314875,1.652259
2025-08-13,63.342857,6466.580000,5894.772080,2.366170,1246.031747,0.654769,14.490000,17.098800,1.313647,1.033991
2025-08-14,63.257143,6468.540000,5897.599840,2.308987,1242.616952,0.659622,14.830000,17.041600,1.313647,1.687976
2025-08-15,63.542857,6449.800000,5900.281200,2.237552,1234.878778,0.642793,15.090000,16.991200,1.313647,1.837118
2025-08-18,64.200000,6449.150000,5902.837760,2.207576,1230.938495,0.630228,14.990000,16.921400,1.313647,2.168458
2025-08-19,59.885714,6411.370000,5904.975520,2.168008,1225.796830,0.632237,15.570000,16.897400,1.313647,0.121187
2025-08-20,55.914286,6395.780000,5907.201600,1.983319,1221.478996,0.667279,15.690000,16.868000,1.313647,-0.485500
2025-08-21,52.600000,6370.170000,5910.057920,1.839072,1215.047227,0.693199,16.600000,16.861000,1.313647,-0.740240
2025-08-22,55.542857,6466.910000,5913.927200,2.029547,1248.371321,0.703894,14.220000,16.800200,1.313647,0.029040
2025-08-25,53.942857,6439.320000,5917.799760,2.080831,1258.021896,0.713628,14.790000,16.735600,1.313647,0.682167
2025-08-26,55.400000,6465.940000,5921.878800,2.198396,1267.370276,0.704090,14.620000,16.611600,1.313647,0.621072
2025-08-27,59.114286,6481.400000,5926.837440,2.374730,1290.911593,0.671446,14.850000,16.526400,1.313647,1.177174
2025-08-28,64.428571,6501.860000,5931.216320,2.598967,1309.152510,0.640475,14.430000,16.383000,1.313647,3.826032
2025-08-29,61.542857,6460.260000,5936.100640,2.898050,1325.291055,0.637424,15.360000,16.287400,1.313647,1.876394
2025-09-02,62.457143,6415.540000,5941.199760,2.926108,1323.189077,0.651767,17.170000,16.218400,1.271022,2.147370
2025-09-03,61.371429,6448.260000,5946.044800,2.954391,1313.782157,0.654098,16.350000,16.148800,1.271022,1.524782
2025-09-04,61.171429,6502.080000,5952.153280,3.048577,1319.902058,0.670423,15.300000,16.105200,1.271022,1.896438
2025-09-05,58.685714,6481.500000,5957.843680,3.295522,1330.736996,0.669499,15.180000,16.073600,1.271022,0.128439
2025-09-08,58.228571,6495.150000,5964.888400,3.433110,1334.802248,0.676449,15.110000,16.044000,1.271022,0.306062
2025-09-09,57.942857,6512.610000,5972.412720,3.577171,1331.436760,0.665319,15.040000,16.018400,1.271022,-0.310253
2025-09-10,57.942857,6532.040000,5979.874640,3.571841,1321.288134,0.660700,15.350000,15.990800,1.271022,-0.302859
2025-09-11,60.342857,6587.470000,5988.402240,3.599862,1340.316215,0.651578,14.710000,15.948400,1.271022,0.049681
2025-09-12,61.342857,6584.290000,5995.965040,3.678291,1338.480468,0.629671,14.760000,15.910800,1.271022,0.335013
2025-09-15,64.457143,6615.280000,6003.486320,3.848205,1339.851435,0.601313,15.690000,15.897000,1.271022,0.651675
2025-09-16,64.371429,6606.760000,6011.423120,3.933609,1332.764307,0.583416,16.360000,15.868400,1.271022,0.945875
2025-09-17,63.771429,6600.350000,6018.823600,4.077645,1329.857658,0.589473,15.720000,15.846600,1.271022,1.477134
2025-09-18,66.542857,6631.960000,6026.576160,4.242454,1340.737233,0.568927,15.700000,15.841800,1.271022,2.412731
2025-09-19,66.228571,6664.360000,6034.550560,4.391285,1333.954877,0.568757,15.450000,15.835200,1.271022,1.934706
2025-09-22,66.514286,6693.750000,6041.960000,4.217150,1326.644489,0.581476,16.100000,15.829200,1.271022,2.854234
2025-09-23,56.771429,6656.920000,6049.002160,4.322959,1323.202909,0.590137,16.640000,15.818000,1.351913,1.864088
2025-09-24,54.571429,6637.970000,6056.408320,4.149792,1308.344523,0.587236,16.180000,15.794000,1.351913,1.735768
2025-09-25,50.657143,6604.720000,6063.699600,3.870272,1275.351658,0.613540,16.740000,15.785600,1.349056,1.350772
2025-09-26,51.285714,6643.700000,6072.201680,3.746214,1270.169731,0.626699,15.290000,15.761000,1.349056,2.483034
2025-09-29,50.971429,6661.210000,6080.596560,3.718660,1265.475847,0.626150,16.120000,15.755200,1.349056,2.633247
2025-09-30,51.400000,6688.460000,6089.039680,3.778367,1260.021193,0.631448,16.280000,15.747800,1.344734,2.860944
2025-10-01,52.485714,6711.200000,6097.361520,3.869616,1260.606130,0.619588,16.290000,15.743600,1.344734,2.822870
2025-10-02,54.542857,6715.350000,6107.912160,3.872684,1256.562936,0.596760,16.630000,15.768800,1.344734,3.583103
2025-10-03,52.571429,6715.790000,6121.045840,3.799259,1265.198584,0.594952,16.650000,15.794000,1.371126,3.813377
2025-10-06,53.971429,6740.280000,6134.470080,3.866851,1270.993614,0.587165,16.370000,15.822800,1.371126,4.007927
2025-10-07,51.857143,6714.590000,6148.324640,3.819666,1255.618708,0.583257,17.240000,15.867000,1.371126,3.355121
2025-10-08,52.942857,6753.720000,6158.699200,3.786978,1245.364586,0.582017,16.300000,15.873400,1.371126,3.245362
2025-10-09,48.628571,6735.110000,6170.435680,3.489686,1215.615991,0.591356,16.430000,15.892400,1.371126,2.779495
2025-10-10,30.142857,6552.510000,6179.948880,3.200240,1151.480811,0.615922,21.660000,15.991200,1.372571,-0.963222
2025-10-13,29.742857,6654.720000,6189.938880,2.969790,1126.950841,0.628428,19.030000,15.964200,1.414853,0.992415
2025-10-14,28.285714,6644.310000,6199.920320,2.848608,1122.856275,0.626719,20.810000,16.030000,1.413831,0.516470
2025-10-15,27.414286,6671.060000,6211.083200,2.817176,1124.926812,0.632854,20.640000,16.085800,1.415060,0.245259
2025-10-16,23.114286,6629.070000,6221.854160,2.688891,1101.153822,0.652365,25.310000,16.256600,1.392967,-1.385453
2025-10-17,22.328571,6664.010000,6233.900640,2.454938,1084.519210,0.661850,20.780000,16.340800,1.410236,-1.310338
2025-10-20,29.857143,6735.130000,6245.479600,2.380394,1099.673302,0.675980,18.230000,16.402400,1.412712,0.407519
2025-10-21,28.542857,6735.350000,6256.355520,2.193169,1109.206671,0.687270,17.870000,16.434800,1.412712,0.266516
2025-10-22,26.371429,6699.400000,6266.072560,2.187945,1105.815839,0.706487,18.600000,16.512200,1.412935,-0.002899
2025-10-23,27.571429,6738.440000,6275.778400,2.359949,1116.167025,0.697136,17.300000,16.568400,1.415666,0.289684
2025-10-24,32.457143,6791.690000,6285.881920,2.460391,1136.901120,0.666933,16.370000,16.599200,1.406946,1.037804
2025-10-27,37.342857,6875.160000,6296.396560,2.517934,1164.114709,0.651059,15.790000,16.613200,1.402131,1.815810
2025-10-28,39.342857,6890.890000,6306.971200,2.470573,1170.694583,0.634168,16.420000,16.641800,1.397450,1.623981
2025-10-29,42.114286,6890.590000,6317.262800,2.339731,1158.261405,0.620156,16.920000,16.668800,1.396491,2.335097
2025-10-30,37.057143,6822.340000,6326.348160,2.119957,1129.725339,0.622116,16.910000,16.693200,1.376900,1.182315
2025-10-31,34.457143,6840.200000,6335.866720,1.788485,1114.345814,0.630707,17.440000,16.710000,1.369706,0.772634
2025-11-03,32.600000,6851.970000,6345.827200,1.458619,1092.798612,0.650900,17.170000,16.769000,1.357396,1.976897
2025-11-04,20.942857,6771.550000,6354.949360,1.207801,1050.011253,0.679429,19.000000,16.853200,1.516027,0.104316
2025-11-05,23.057143,6796.290000,6364.008160,1.043256,1027.074764,0.687252,18.010000,16.921000,1.387425,1.103087
2025-11-06,24.342857,6720.320000,6372.491440,0.868053,996.234483,0.695076,19.500000,17.014000,1.367263,2.907729
2025-11-07,20.428571,6728.800000,6379.568320,0.874606,990.863087,0.711348,19.080000,17.107000,1.388044,1.495763
2025-11-10,29.942857,6832.430000,6387.135360,0.984355,997.814378,0.695572,17.600000,17.151800,1.382780,3.574828
2025-11-11,30.457143,6846.610000,6394.767600,1.141312,1020.139984,0.683301,17.280000,17.154000,1.368664,2.922693
2025-11-12,34.571429,6850.920000,6402.239520,1.140193,1043.741377,0.668895,17.510000,17.177200,1.364150,4.099581
2025-11-13,24.542857,6737.490000,6408.472400,1.032496,1035.643398,0.668953,20.000000,17.271200,1.373796,1.973388
2025-11-14,22.057143,6734.110000,6414.636480,0.918753,1016.515972,0.667747,19.830000,17.364200,1.368954,1.214197
2025-11-17,11.642857,6672.410000,6420.492080,0.609821,966.516202,0.705795,22.380000,17.509600,1.363750,0.370466
2025-11-18,8.900000,6617.320000,6426.673760,0.282053,934.317896,0.735402,24.690000,17.702600,1.370455,-0.115192
2025-11-19,7.857143,6642.160000,6433.074960,0.023427,893.893081,0.765859,23.660000,17.868800,1.377565,-0.556068
2025-11-20,5.171429,6538.760000,6438.962480,-0.316144,827.309492,0.809362,26.420000,18.103000,1.372946,-3.000962
2025-11-21,5.657143,6602.990000,6444.414080,-0.669393,804.731176,0.823082,23.430000,18.276400,1.379309,-3.514524
2025-11-24,13.685714,6705.120000,6450.946640,-0.858298,794.364746,0.800453,20.520000,18.373000,1.385418,-2.402019
2025-11-25,15.028571,6765.880000,6457.776320,-0.816608,815.473607,0.793457,18.560000,18.417000,1.388852,-2.445254
2025-11-26,17.657143,6812.610000,6464.983680,-0.660631,852.752905,0.783086,17.190000,18.446400,1.392105,-0.913220
2025-11-28,21.771429,6849.090000,6472.288880,-0.403878,907.249037,0.706852,16.350000,18.459400,1.395834,-0.430346
2025-12-01,22.085714,6812.630000,6479.026960,-0.202086,940.557582,0.684609,17.240000,18.495200,1.378209,-0.638138
2025-12-02,23.257143,6829.370000,6485.895440,-0.048197,957.140576,0.675978,16.590000,18.505000,1.466193,0.731599
2025-12-03,24.771429,6849.720000,6493.178800,0.270416,990.988125,0.657966,16.080000,18.493800,1.463821,0.090229
2025-12-04,36.028571,6857.120000,6500.032880,0.447146,1027.381063,0.646485,15.780000,18.485800,1.358825,2.106935
2025-12-05,38.142857,6870.400000,6506.949040,0.688251,1051.717589,0.662782,15.410000,18.459200,1.352305,2.417821
2025-12-08,40.771429,6846.510000,6513.410640,0.853068,1060.133321,0.650021,16.660000,18.486600,1.250873,0.627425
2025-12-09,40.942857,6840.510000,6519.956800,0.838754,1068.911169,0.650965,16.930000,18.502800,1.253181,0.804674
2025-12-10,36.371429,6886.680000,6526.688160,0.933512,1097.033119,0.645187,15.770000,18.492600,1.341923,1.077495
2025-12-11,43.742857,6901.000000,6534.080400,1.127355,1138.883967,0.639579,14.850000,18.463800,1.359801,2.692847
2025-12-12,39.285714,6827.410000,6540.434800,1.380991,1161.564556,0.635386,15.740000,18.446000,1.347397,1.719299
2025-12-15,49.314286,6816.510000,6547.105120,1.676201,1173.385776,0.598266,16.500000,18.443000,1.329956,2.556108
2025-12-16,46.400000,6800.260000,6553.660240,1.919870,1163.569890,0.620505,16.480000,18.445200,1.328177,2.646203
2025-12-17,37.685714,6721.430000,6559.688960,2.208831,1153.037281,0.621409,17.620000,18.452800,1.341374,1.094215
2025-12-18,42.371429,6774.760000,6565.685680,2.527410,1146.762995,0.651709,16.870000,18.464200,1.340905,3.416893
2025-12-19,44.200000,6834.500000,6571.624240,2.872390,1143.163140,0.670572,14.910000,18.433800,1.343074,4.180040
2025-12-22,54.885714,6878.490000,6577.914880,3.201546,1162.140113,0.709927,14.080000,18.282200,1.257265,3.579309
2025-12-23,58.571429,6909.790000,6584.065040,3.324094,1169.169245,0.705697,14.000000,18.181600,1.251559,3.382688
2025-12-24,58.000000,6932.050000,6590.136880,3.284004,1190.967014,0.720024,13.470000,18.034800,1.253395,2.863802
2025-12-26,54.857143,6929.940000,6595.936800,3.183655,1209.860784,0.698921,13.600000,17.894000,1.257674,2.017473
2025-12-29,47.885714,6905.740000,6601.598640,3.015578,1215.169112,0.696200,14.200000,17.671800,1.263834,1.174234
2025-12-30,46.114286,6896.240000,6606.949200,2.925330,1218.212613,0.697340,14.330000,17.542800,1.266117,1.042930
2025-12-31,43.257143,6845.500000,6611.478400,2.808704,1186.345909,0.686612,14.950000,17.477200,1.257394,0.497738
2026-01-02,45.228571,6858.470000,6616.506320,2.675842,1177.189441,0.668619,14.510000,17.410000,1.242899,0.368992
2026-01-05,47.600000,6902.050000,6621.918560,2.785140,1182.865796,0.668922,14.900000,17.336000,1.234258,0.347452
2026-01-06,52.857143,6944.820000,6627.371040,2.946668,1205.153638,0.679677,14.750000,17.285000,1.236287,1.108476
2026-01-07,48.571429,6920.930000,6632.494800,3.024973,1200.492201,0.688952,15.380000,17.265200,1.233470,0.527375
2026-01-08,48.371429,6921.460000,6637.788480,3.169210,1215.886374,0.697391,15.450000,17.258400,1.237201,0.495146
2026-01-09,54.114286,6966.280000,6643.370240,3.226530,1234.929972,0.703286,14.490000,17.219800,1.223959,0.803812
2026-01-12,58.000000,6977.270000,6649.238320,3.206262,1251.073099,0.711773,15.120000,17.183800,1.231674,1.916492
2026-01-13,59.085714,6963.740000,6654.838640,3.333696,1258.603436,0.697995,15.980000,17.165200,1.226478,1.828079
2026-01-14,58.628571,6926.600000,6659.872560,3.528326,1277.130586,0.691951,16.750000,17.151400,1.230519,2.049259
2026-01-15,63.657143,6944.470000,6665.054000,3.926631,1298.195384,0.718491,15.840000,17.124800,1.245649,3.635079
2026-01-16,63.771429,6940.010000,6670.129280,4.145741,1309.483857,0.725384,15.860000,17.062000,1.237696,3.400879
2026-01-20,50.857143,6796.860000,6674.027200,4.122499,1293.721563,0.731160,20.090000,17.103600,1.224572,0.294128
2026-01-21,53.857143,6875.620000,6678.160880,4.397801,1299.809641,0.731404,16.900000,17.051600,1.211502,0.424889
2026-01-22,54.771429,6913.350000,6682.560880,4.706488,1317.518482,0.732897,15.640000,16.982800,1.220265,0.465857
2026-01-23,54.885714,6915.610000,6686.776640,4.848281,1324.140971,0.707685,16.090000,16.952600,1.222796,0.249301
2026-01-26,57.657143,6950.230000,6691.260320,5.040586,1327.377357,0.717767,16.150000,16.930000,1.224798,0.740839
2026-01-27,64.971429,6978.600000,6696.122240,5.190884,1335.437209,0.709488,16.350000,16.906800,1.228827,1.741508
2026-01-28,65.542857,6978.030000,6701.043280,5.447385,1328.640029,0.707263,16.350000,16.833800,1.222191,1.873772
2026-01-29,63.828571,6969.010000,6706.080240,5.687665,1325.256976,0.719726,16.880000,16.774800,1.224196,1.940267
2026-01-30,58.600000,6939.030000,6711.688400,5.749691,1307.787956,0.724699,17.440000,16.676000,1.231217,1.433985
2026-02-02,63.400000,6976.440000,6716.860400,5.861116,1294.172741,0.731748,16.340000,16.509000,1.227157,2.086935
2026-02-03,43.342857,6917.810000,6721.809360,5.835592,1288.474341,0.750439,18.000000,16.395800,1.354284,0.465719
2026-02-04,47.228571,6882.720000,6726.110640,5.899472,1294.394130,0.770529,18.640000,16.240200,1.267234,0.523170
2026-02-05,34.942857,6798.400000,6729.777840,5.849699,1276.755963,0.807326,21.770000,16.207000,1.261695,-1.612306
2026-02-06,45.371429,6932.300000,6734.120640,6.106341,1291.985712,0.799676,17.760000,16.151800,1.287413,-0.234566
2026-02-09,48.485714,6964.820000,6738.851600,6.177463,1308.555743,0.781889,17.360000,16.127800,1.273647,-0.069695
2026-02-10,47.228571,6941.810000,6742.820000,6.264618,1326.535836,0.778130,17.790000,16.139800,1.273647,-0.464886
2026-02-11,49.914286,6941.470000,6746.619120,6.477130,1341.266937,0.771729,17.650000,16.165800,1.279726,0.494379
2026-02-12,36.357143,6832.760000,6749.532880,6.514974,1328.457991,0.787982,20.820000,16.237400,1.275250,-2.130931
2026-02-13,33.842857,6836.170000,6752.623840,6.344264,1331.668861,0.788956,20.600000,16.317600,1.305266,-2.759464
2026-02-17,33.314286,6843.220000,6755.776400,6.287473,1324.515023,0.829530,20.290000,16.401800,1.312861,-0.956936
2026-02-18,34.157143,6881.310000,6759.535920,6.441454,1330.553242,0.841048,19.620000,16.478600,1.316880,-1.102970
2026-02-19,34.400000,6861.890000,6763.264800,6.222059,1334.474986,0.889192,20.230000,16.575000,1.300582,-1.975668
2026-02-20,42.342857,6909.510000,6767.579520,5.928742,1346.004473,0.847391,19.090000,16.623600,1.304510,-1.150560
2026-02-23,32.542857,6837.750000,6770.546240,5.749778,1331.846555,0.855628,21.010000,16.705200,1.303865,-2.899422
2026-02-24,40.257143,6890.070000,6774.152240,5.597909,1335.401723,0.833275,19.550000,16.780800,1.311649,-2.665417
2026-02-25,43.142857,6946.130000,6777.993760,5.593460,1339.126108,0.814624,17.930000,16.842400,1.313692,-1.852215
2026-02-26,42.914286,6908.860000,6781.413440,5.583984,1356.287155,0.784483,18.630000,16.900200,1.309326,-2.338029
2026-02-27,41.171429,6878.880000,6784.429600,5.543062,1363.847243,0.778715,19.860000,16.967400,1.314320,-2.949667
2026-03-02,34.285714,6881.620000,6787.800480,5.754167,1370.746917,0.793271,21.440000,17.066600,1.327572,-3.061554
2026-03-03,31.628571,6816.630000,6791.009200,5.561333,1346.903601,0.808730,23.570000,17.185600,1.327572,-2.877637
2026-03-04,33.071429,6869.500000,6794.379120,5.389342,1338.410329,0.819151,21.150000,17.271200,1.327572,-1.507642
2026-03-05,31.628571,6830.710000,6797.008160,5.043583,1305.746850,0.818252,23.750000,17.448000,1.365415,0.120970
2026-03-06,25.257143,6740.020000,6799.076320,4.915979,1252.558111,0.840639,29.490000,17.756200,1.358578,-3.044800
2026-03-09,22.228571,6795.990000,6801.483040,4.281803,1209.497901,0.840069,25.500000,17.986200,1.367116,-2.944814
2026-03-10,20.271429,6781.480000,6803.634000,3.864594,1162.077162,0.841426,24.930000,18.215400,1.384803,-2.089592
2026-03-11,18.314286,6775.800000,6805.584080,3.327461,1106.813913,0.846364,24.230000,18.428000,1.347938,-2.003699
2026-03-13,16.671429,6632.190000,6805.941840,2.614661,1051.452352,0.847652,27.190000,18.687800,1.326652,-1.514840
2026-03-16,23.914286,6699.380000,6806.862560,2.212892,1026.058156,0.839779,23.510000,18.871400,1.330547,-0.652416
2026-03-17,22.885714,6716.090000,6807.669040,1.990800,1023.202639,0.854058,22.370000,19.019800,1.336030,-0.980327
2026-03-18,13.614286,6624.700000,6807.812560,1.673901,989.138555,0.859665,25.090000,19.231400,1.342130,-2.555541
2026-03-19,18.314286,6606.490000,6807.861680,1.257854,958.311231,0.903442,24.060000,19.414600,1.340462,-2.499428
2026-03-20,8.400000,6506.480000,6806.857840,0.764028,900.825735,0.916922,26.780000,19.655200,1.370209,-3.673220
2026-03-23,11.628571,6581.000000,6806.190960,0.484915,881.640385,0.906425,26.150000,19.870600,1.337967,-1.641294
2026-03-24,10.357143,6556.370000,6805.091920,0.318071,871.620005,0.903856,26.950000,20.100600,1.343990,-2.336649
2026-03-25,16.542857,6591.900000,6804.571760,0.125421,882.688338,0.892295,25.330000,20.317400,1.346929,-3.209699
2026-03-26,10.257143,6477.160000,6803.285280,-0.210570,875.436986,0.865524,27.440000,20.563800,1.347028,-3.328369
2026-03-27,8.171429,6368.850000,6801.398320,-0.763165,847.180477,0.877139,31.050000,20.865200,1.342540,-4.140046
2026-03-30,5.771429,6343.720000,6798.998480,-1.196822,820.849087,0.903254,30.610000,21.142400,1.356000,-6.002893
2026-03-31,14.885714,6528.520000,6797.936960,-1.599792,827.072451,0.902698,25.250000,21.330600,1.370729,-2.795032
2026-04-01,15.857143,6575.320000,6797.031840,-1.619485,836.648525,0.938370,24.540000,21.504200,1.355871,-2.562331
2026-04-02,18.285714,6582.690000,6796.003760,-1.800605,854.507302,0.954837,23.870000,21.579800,1.324448,-2.430362
2026-04-06,21.857143,6611.830000,6795.175600,-1.823624,880.673623,0.946881,24.170000,21.725200,1.342661,-0.511736
2026-04-07,21.571429,6616.850000,6794.384080,-1.772187,893.958231,0.951624,25.780000,21.928000,1.325126,-1.233791
2026-04-08,29.171429,6782.810000,6794.724320,-1.486316,930.247223,0.954751,21.040000,22.027000,1.328195,0.850029
2026-04-09,33.800000,6824.660000,6795.604880,-1.303698,963.311490,0.920210,19.490000,22.093800,1.307397,1.126581
2026-04-10,38.057143,6816.890000,6796.110240,-1.164811,980.763294,0.883106,19.230000,22.151400,1.298230,2.953524
2026-04-13,40.971429,6886.240000,6797.319280,-0.945737,1017.893770,0.857251,19.120000,22.206800,1.297699,3.186246
2026-04-14,47.257143,6967.380000,6800.638240,-0.685641,1058.000742,0.798443,18.360000,22.236400,1.306776,4.240305
2026-04-15,56.200000,7022.950000,6803.584080,-0.585738,1099.418594,0.730359,18.170000,22.251000,1.304110,6.263387
2026-04-16,61.485714,7041.280000,6806.759840,-0.355446,1141.206492,0.685466,17.940000,22.283000,1.300478,6.973222
2026-04-17,68.571429,7126.060000,6810.399840,0.175706,1199.308322,0.648416,17.480000,22.272600,1.287673,8.421974
2026-04-20,69.971429,7109.140000,6814.240400,0.735612,1252.210298,0.635097,18.870000,22.277200,1.292878,7.471051
2026-04-21,67.571429,7064.010000,6817.440400,1.072074,1274.044146,0.661990,19.500000,22.231800,1.292610,7.181322
2026-04-22,68.457143,7137.900000,6820.662560,1.301823,1290.880079,0.683052,18.920000,22.255000,1.288804,8.141549
2026-04-23,66.171429,7108.400000,6823.646960,1.524350,1291.487669,0.710523,19.310000,22.294000,1.292405,9.010113
2026-04-24,65.400000,7165.080000,6827.372400,1.747449,1287.581535,0.734901,18.710000,22.312400,1.292097,11.589794
2026-04-27,66.285714,7173.910000,6830.856160,2.234661,1286.722984,0.730118,18.020000,22.319800,1.289769,13.088605
2026-04-28,67.428571,7138.800000,6833.633040,2.528548,1280.468189,0.717037,17.830000,22.260000,1.276166,9.652393
2026-04-29,66.228571,7135.950000,6835.719360,2.741973,1257.091308,0.724121,18.810000,22.224200,1.278824,8.888516
2026-04-30,69.514286,7209.010000,6838.264320,2.987533,1262.012789,0.705925,16.890000,22.156200,1.270714,9.871145
2026-05-01,71.171429,7230.120000,6840.980560,3.333413,1260.334902,0.692973,16.990000,22.103600,1.263337,9.674384
2026-05-04,66.885714,7200.750000,6844.007840,3.437771,1239.044329,0.695750,18.290000,22.064800,1.303516,9.811671
2026-05-05,67.257143,7259.220000,6847.360000,3.674333,1235.305032,0.695133,17.380000,22.030600,1.304818,8.042081
2026-05-06,68.742857,7365.120000,6851.465200,3.824681,1240.144169,0.676207,17.390000,21.958200,1.311235,8.415336
2026-05-07,67.285714,7337.110000,6855.989680,3.793183,1221.567253,0.674471,17.080000,21.908800,1.319483,8.255319
2026-05-08,67.285714,7398.930000,6860.810800,3.823274,1201.951803,0.674610,17.190000,21.894000,1.310419,8.003212
2026-05-11,66.628571,7412.840000,6866.350960,3.837295,1177.023328,0.655006,18.380000,21.889000,1.320451,7.658999
2026-05-12,65.685714,7400.960000,6871.728240,3.589600,1148.420444,0.649551,17.990000,21.851600,1.316683,6.781940
2026-05-13,64.971429,7444.250000,6876.622800,3.459438,1111.830044,0.640818,17.870000,21.780200,1.316119,6.960186
2026-05-14,65.914286,7501.240000,6881.859840,3.490413,1089.282912,0.615429,17.260000,21.654000,1.313094,7.095793
2026-05-15,63.228571,7408.500000,6886.320480,3.013798,1044.608071,0.627566,18.430000,21.599600,1.307954,6.694641
2026-05-18,62.085714,7403.050000,6891.644960,2.821054,1018.501718,0.641497,17.820000,21.481000,1.299287,6.947235
2026-05-19,59.257143,7353.610000,6896.600960,2.431559,980.142813,0.655676,18.060000,21.252400,1.295012,5.690016
2026-05-20,60.514286,7432.970000,6902.685440,2.272763,968.411688,0.662829,17.440000,21.091200,1.287399,6.352682
2026-05-21,57.514286,7445.720000,6909.312640,2.116047,969.659388,0.679920,16.760000,20.927800,1.296400,5.870885
2026-05-22,58.228571,7473.470000,6915.963120,2.036877,981.319767,0.660061,16.700000,20.777200,1.300486,5.795801
2026-05-26,59.828571,7519.120000,6923.806000,2.065243,1002.398566,0.641594,17.010000,20.573600,1.304255,6.483014
2026-05-27,60.628571,7520.360000,6931.144960,2.125572,1021.287194,0.608514,16.290000,20.429200,1.306252,6.000881
2026-05-28,60.714286,7563.630000,6938.013040,2.191983,1041.996307,0.608592,15.740000,20.296600,1.306252,5.462771
2026-05-29,60.457143,7580.060000,6944.526480,2.112823,1050.718288,0.589430,15.320000,20.101200,1.306252,5.072829
2026-06-01,59.457143,7599.960000,6950.825280,1.957000,1058.170213,0.579733,16.050000,19.941000,1.318084,5.865258
2026-06-02,56.971429,7609.780000,6956.910800,1.982064,1065.879096,0.575445,15.770000,19.720800,1.467485,5.269779
2026-06-03,54.628571,7553.680000,6962.839200,1.681592,1045.747885,0.580390,16.060000,19.519000,1.357490,3.743129
2026-06-04,54.571429,7584.310000,6968.878720,1.436373,1045.459187,0.586882,15.400000,19.288000,1.357614,4.142874
2026-06-05,41.857143,7383.740000,6973.150880,1.222859,1022.795950,0.648534,21.510000,19.211600,1.357176,1.403023
2026-06-08,39.371429,7405.730000,6977.539760,1.096418,997.926088,0.682014,18.920000,19.041200,1.353878,1.171315
2026-06-09,33.771429,7386.650000,6981.669760,1.032308,985.474879,0.738778,19.870000,18.817600,1.341239,0.456555
2026-06-10,27.285714,7266.990000,6985.033600,1.106867,957.905403,0.784424,22.220000,18.649800,1.352114,-1.587539
2026-06-11,29.685714,7394.300000,6989.463920,1.211025,956.506089,0.814738,19.440000,18.533600,1.349362,-1.483296
2026-06-12,33.514286,7431.460000,6993.822160,1.308568,974.422857,0.772497,17.680000,18.396400,1.367089,-0.354187
2026-06-15,40.142857,7554.290000,6999.048480,1.659935,988.614640,0.762555,16.200000,18.243000,1.353648,1.079740
2026-06-16,39.514286,7511.350000,7004.520000,1.721118,996.070577,0.746808,16.410000,18.087800,1.341083,0.495999
2026-06-17,32.942857,7420.100000,7009.348720,1.912453,971.105779,0.745365,18.440000,17.941000,1.350917,-0.591398
2026-06-18,37.342857,7500.580000,7014.951280,1.946190,949.570147,0.739416,16.400000,17.848200,1.346788,-0.070332
2026-06-22,33.942857,7472.790000,7020.962160,1.946096,928.491892,0.759593,17.280000,17.804000,1.355920,-0.309364
2026-06-23,28.457143,7365.460000,7025.687760,1.791563,910.865238,0.796983,19.490000,17.809200,1.344171,-2.070257
2026-06-24,26.457143,7358.220000,7029.877520,1.616854,894.697830,0.809588,18.630000,17.799400,1.356078,-2.756448
2026-06-25,25.428571,7357.490000,7033.709520,1.538046,887.087657,0.821098,18.890000,17.810000,1.375596,-3.122636
2026-06-26,24.657143,7354.020000,7037.263360,1.510057,900.042588,0.842109,18.410000,17.814800,1.376914,-4.332799
2026-06-29,26.857143,7440.430000,7041.330400,1.532805,906.347929,0.848749,17.650000,17.809000,1.375596,-3.284933
2026-06-30,29.971429,7499.360000,7045.885760,1.495075,898.476363,0.821080,16.450000,17.788400,1.380932,-2.207167
2026-07-01,31.628571,7483.230000,7050.505680,1.575824,890.114357,0.790364,16.590000,17.742800,1.351559,-1.108178
2026-07-02,32.542857,7483.240000,7055.201680,1.874899,895.920548,0.746961,16.150000,17.675800,1.359737,-1.629799
2026-07-06,41.657143,7537.430000,7060.737120,1.983365,901.468914,0.709794,15.570000,17.608800,1.353732,1.271160
2026-07-07,39.771429,7503.850000,7065.900160,2.224152,902.128587,0.712864,16.130000,17.545200,1.351733,0.941290
2026-07-08,38.628571,7482.710000,7070.545440,2.199547,883.898299,0.725034,16.900000,17.509000,1.351733,1.409744
2026-07-09,44.714286,7543.640000,7075.336000,2.194183,879.874140,0.727692,15.840000,17.465400,1.324808,3.563409
2026-07-10,46.828571,7575.390000,7080.571680,2.203168,886.366016,0.720913,15.030000,17.409400,1.319246,3.054736
2026-07-13,40.857143,7515.340000,7085.322720,2.132651,889.350213,0.750577,17.160000,17.376400,1.312953,1.943469
2026-07-14,41.057143,7543.590000,7089.941200,1.976906,896.814097,0.741982,16.500000,17.368600,1.300600,0.611666
2026-07-16,41.200000,7533.770000,7094.393200,1.972723,908.972296,0.754641,16.730000,17.363400,1.299752,1.146939
2026-07-17,37.228571,7457.690000,7098.344800,2.030388,900.151551,0.784352,18.770000,17.373000,1.313425,0.759578
2026-07-20,37.942857,7443.280000,7102.478240,1.966859,879.765899,0.811015,18.650000,17.398400,1.293614,0.259768
2026-07-21,43.371429,7509.200000,7106.996080,1.927825,872.123468,0.811865,17.050000,17.391600,1.282886,1.287681
2026-07-22,43.314286,7498.960000,7111.467680,1.911971,865.998208,0.814552,16.640000,17.382800,1.284739,2.997878
2026-07-23,38.914286,7408.300000,7116.359200,1.817118,839.876084,0.818232,18.700000,17.413000,1.288523,2.628336
2026-07-24,41.342857,7411.980000,7120.650080,1.646092,826.588828,0.819369,18.580000,17.417000,1.287209,2.668528
2026-07-27,37.628571,7413.180000,7124.648720,1.544729,834.390647,0.822072,18.670000,17.430600,1.296445,3.543217
2026-07-28,37.885714,7428.780000,7128.754080,1.642418,853.313892,0.815497,18.210000,17.437400,1.299133,1.544242
2026-07-29,34.657143,7316.150000,7131.681440,1.531518,854.549806,0.836865,20.660000,17.505400,1.286021,-0.642703
2026-07-30,40.714286,7437.630000,7135.353680,1.452263,858.491239,0.824731,17.090000,17.478600,1.277140,0.300065
2026-07-31,45.228571,7489.720000,7139.447200,1.178010,856.631913,0.815853,15.990000,17.442000,1.249275,1.443578
2026-08-03,50.742857,7600.500000,7144.499120,1.038459,874.590658,0.793810,15.860000,17.398000,1.275954,2.325137
2026-08-04,59.971429,7736.520000,7150.879040,1.061435,908.662324,0.753756,16.500000,17.379200,1.248455,3.659678
2026-08-05,59.828571,7723.550000,7156.855920,1.020038,931.863139,0.728453,15.810000,17.360200,1.249808,3.480656
2026-08-06,58.857143,7709.960000,7163.193120,1.122802,938.235919,0.714688,15.150000,17.329200,1.237667,3.068952
2026-08-07,64.428571,7757.640000,7170.192480,1.142660,959.066045,0.679427,14.900000,17.287000,1.234864,2.936723
2026-08-10,64.685714,7753.110000,7177.830160,1.082287,976.753214,0.686368,15.460000,17.270400,1.218589,3.757017
2026-08-11,61.428571,7728.200000,7184.197360,1.037944,993.763398,0.713607,15.280000,17.261200,1.217688,3.236276
2026-08-12,62.942857,7748.500000,7190.466800,0.968454,1005.014952,0.708114,14.550000,17.245800,1.216013,3.743492
2026-08-13,66.628571,7798.990000,7197.324240,0.922110,1030.397980,0.692743,14.630000,17.217400,1.221583,5.203619
2026-08-14,63.971429,7785.760000,7204.078560,0.751633,1058.154915,0.703968,14.250000,17.187000,1.208628,5.172109
2026-08-17,58.400000,7745.060000,7211.376960,0.613485,1060.440145,0.719459,15.190000,17.169600,1.197453,3.732609
2026-08-18,55.085714,7691.760000,7218.221680,0.382680,1049.262344,0.738078,15.840000,17.178400,1.209578,2.788026
2026-08-19,57.200000,7707.980000,7225.139760,0.442751,1051.272715,0.727466,14.890000,17.046000,1.228351,3.655235
2026-08-20,53.057143,7641.160000,7231.218560,0.562276,1038.703327,0.761442,16.010000,16.987800,1.217070,3.220424
2026-08-21,54.514286,7674.370000,7237.718400,0.646433,1043.037460,0.750938,15.130000,16.893000,1.207193,4.083940
2026-08-24,56.085714,7652.860000,7243.665200,0.634014,1046.836398,0.732091,15.850000,16.765600,1.212005,3.698523
2026-08-25,56.771429,7677.280000,7250.381440,0.437436,1055.801622,0.687763,15.450000,16.685800,1.225525,4.610426
2026-08-26,53.942857,7675.700000,7256.666480,0.409202,1058.083743,0.703030,15.210000,16.636400,1.223517,3.193376
2026-08-27,55.400000,7730.990000,7262.945360,0.441182,1050.097547,0.667487,14.510000,16.602600,1.223546,3.004130
2026-08-28,52.314286,7711.760000,7269.368560,0.485727,1036.633989,0.684016,14.430000,16.563000,1.216517,1.456774
2026-08-31,47.514286,7686.140000,7275.826640,0.189819,1010.540274,0.695953,14.920000,16.492600,1.205219,-0.018674
2026-09-01,30.914286,7631.470000,7281.825440,-0.268320,975.097688,0.742723,16.340000,16.491400,1.214016,0.233371
2026-09-02,32.971429,7666.600000,7288.625200,-0.533140,960.522944,0.734723,15.200000,16.449800,1.347841,0.400582
2026-09-03,43.914286,7747.710000,7295.650880,-0.632808,962.738117,0.743196,14.320000,16.346400,1.346957,0.993125
2026-09-04,42.257143,7718.600000,7302.754000,-0.793602,955.927103,0.737270,14.530000,16.264400,1.230296,0.176821
2026-09-08,41.914286,7699.250000,7310.427840,-0.949098,903.695527,0.685961,15.370000,16.194000,1.235872,0.433057
