date,Open,High,Low,Close,Volume
1993-01-29,24.070643,24.070643,23.950889,24.053535,1003200.000000
1993-02-01,24.070645,24.224615,24.070645,24.224615,480500.000000
1993-02-02,24.207501,24.293040,24.156178,24.275932,201300.000000
1993-02-03,24.310152,24.549660,24.293044,24.532553,529400.000000
1993-02-04,24.618085,24.686516,24.344361,24.635193,531500.000000
1993-02-05,24.618078,24.669402,24.481216,24.618078,492100.000000
1993-02-08,24.618078,24.703617,24.583863,24.618078,596100.000000
1993-02-09,24.532545,24.532545,24.395683,24.447006,122100.000000
1993-02-10,24.447009,24.498332,24.378577,24.481224,379600.000000
1993-02-11,24.515442,24.703627,24.515442,24.600981,19500.000000
1993-02-12,24.566776,24.566776,24.412806,24.412806,42500.000000
1993-02-16,24.344362,24.344362,23.762698,23.796913,374800.000000
1993-02-17,23.796912,23.831128,23.694265,23.779804,210900.000000
1993-02-18,24.053531,24.053531,23.437651,23.762699,378100.000000
1993-02-19,23.762711,23.848249,23.728495,23.848249,34900.000000
1993-02-22,23.916667,23.967990,23.848236,23.933775,513600.000000
1993-02-23,24.002213,24.019320,23.796919,23.916674,373700.000000
1993-02-24,23.933783,24.224615,23.933783,24.224615,26300.000000
1993-02-25,24.207501,24.293040,24.156178,24.275932,44500.000000
1993-02-26,24.327266,24.327266,24.190403,24.310158,66200.000000
1993-03-01,24.395681,24.395681,24.207495,24.241711,66500.000000
1993-03-02,24.258825,24.600981,24.224610,24.600981,182400.000000
1993-03-03,24.635203,24.720742,24.600988,24.703634,280100.000000
1993-03-04,24.737852,24.737852,24.566774,24.566774,89500.000000
1993-03-05,24.600982,24.703628,24.481227,24.498335,40000.000000
1993-03-08,24.549653,25.045778,24.549653,25.045778,50800.000000
1993-03-09,24.994459,25.011567,24.908920,24.960243,169300.000000
1993-03-10,24.960231,25.011555,24.857585,25.011555,194400.000000
1993-03-11,25.028660,25.097091,24.908905,24.943121,70900.000000
1993-03-12,24.737835,24.754943,24.532542,24.686512,643600.000000
1993-03-15,24.669401,24.806263,24.669401,24.806263,310800.000000
1993-03-16,24.806263,24.874694,24.806263,24.806263,30800.000000
1993-03-17,24.772060,24.772060,24.618090,24.652306,21800.000000
1993-03-18,24.754940,24.908910,24.754940,24.806263,59300.000000
1993-03-19,24.906235,24.906235,24.768726,24.768726,66900.000000
1993-03-22,24.528087,24.682784,24.510898,24.631218,183400.000000
1993-03-23,24.699993,24.717181,24.648427,24.682804,55200.000000
1993-03-24,24.648427,24.785936,24.528107,24.682804,37200.000000
1993-03-25,24.699974,24.889048,24.665597,24.837482,110100.000000
1993-03-26,24.820307,24.837496,24.682799,24.699987,101500.000000
1993-03-29,24.717165,24.923428,24.717165,24.803108,87100.000000
1993-03-30,24.837485,24.871862,24.803108,24.871862,56000.000000
1993-03-31,24.940609,25.009363,24.854666,24.854666,111600.000000
1993-04-01,24.889046,24.889046,24.717161,24.768726,129500.000000
1993-04-02,24.562465,24.562465,24.253071,24.253071,59400.000000
1993-04-05,24.442143,24.442143,24.304634,24.373388,172200.000000
1993-04-06,24.424962,24.424962,24.235887,24.304642,129700.000000
1993-04-07,24.339019,24.390585,24.287454,24.390585,28000.000000
1993-04-08,24.493710,24.493710,24.253070,24.356201,180800.000000
1993-04-12,24.596856,24.717176,24.562479,24.699987,348500.000000
1993-04-13,24.682810,24.837507,24.665621,24.751564,146100.000000
1993-04-14,24.768731,24.785919,24.699976,24.717165,119600.000000
1993-04-15,24.699976,24.768731,24.614034,24.717165,148600.000000
1993-04-16,24.734354,24.768731,24.682788,24.717165,47900.000000
1993-04-19,24.717172,24.785926,24.596852,24.614040,157000.000000
1993-04-20,24.579662,24.614039,24.339022,24.493719,279500.000000
1993-04-21,24.545286,24.545286,24.407778,24.476532,67900.000000
1993-04-22,24.373394,24.579657,24.167131,24.167131,97700.000000
1993-04-23,24.115576,24.184331,24.029633,24.064011,106000.000000
1993-04-26,24.081192,24.167135,23.806175,23.874929,62600.000000
1993-04-27,23.840538,24.132744,23.840538,24.132744,156800.000000
1993-04-28,24.098371,24.149937,24.046805,24.081182,85900.000000
1993-04-29,24.132759,24.184324,23.995250,24.184324,85000.000000
1993-04-30,24.270266,24.356209,24.218700,24.218700,88500.000000
1993-05-03,24.253068,24.373388,24.149937,24.373388,80500.000000
1993-05-04,24.424956,24.545276,24.390579,24.459333,149100.000000
1993-05-05,24.459350,24.614048,24.459350,24.528105,109000.000000
1993-05-06,24.493722,24.510910,24.424967,24.442156,54700.000000
1993-05-07,24.459339,24.459339,24.356208,24.390585,68000.000000
1993-05-10,24.424967,24.579664,24.424967,24.442156,113900.000000
1993-05-11,24.442149,24.545280,24.373395,24.545280,42600.000000
1993-05-12,24.442150,24.528093,24.442150,24.510904,31000.000000
1993-05-13,24.407775,24.407775,24.201512,24.218700,129100.000000
1993-05-14,24.218702,24.287456,24.184325,24.201513,63500.000000
1993-05-17,24.270266,24.287455,24.167135,24.287455,34000.000000
1993-05-18,24.304639,24.321827,24.184319,24.270262,105200.000000
1993-05-19,24.270258,24.768726,24.115561,24.768726,50200.000000
1993-05-20,24.768728,24.837482,24.717162,24.837482,98200.000000
1993-05-21,24.854680,24.889058,24.596852,24.614040,221400.000000
1993-05-24,24.665599,24.803108,24.665599,24.717165,30500.000000
1993-05-25,24.820292,24.820292,24.768726,24.768726,191800.000000
1993-05-26,24.837493,25.095321,24.820304,25.078133,102400.000000
1993-05-27,25.112496,25.112496,24.957799,24.992176,53800.000000
1993-05-28,24.974994,24.974994,24.751542,24.871862,79100.000000
1993-06-01,24.957808,25.198448,24.923431,25.112505,28300.000000
1993-06-02,25.043755,25.164076,24.940624,25.078133,20300.000000
1993-06-03,25.026553,25.026553,24.940610,24.992176,21600.000000
1993-06-04,24.923439,24.923439,24.803119,24.906250,32000.000000
1993-06-07,24.957806,24.957806,24.820297,24.820297,121400.000000
1993-06-08,24.751543,24.751543,24.596846,24.596846,104500.000000
1993-06-09,24.682804,24.785936,24.648427,24.682804,43300.000000
1993-06-10,24.665610,24.717176,24.614045,24.699987,17900.000000
1993-06-11,24.785920,24.837485,24.699977,24.803108,647400.000000
1993-06-14,24.837481,24.854669,24.768726,24.768726,64200.000000
1993-06-15,24.803108,24.820296,24.717165,24.717165,142400.000000
1993-06-16,24.717161,24.768726,24.648406,24.768726,330900.000000
1993-06-17,24.820289,24.854666,24.768723,24.854666,37400.000000
1993-06-18,24.840416,24.840416,24.650002,24.650002,58500.000000
1993-06-21,24.719243,24.719243,24.667312,24.701933,29300.000000
1993-06-22,24.736547,24.736547,24.684616,24.719236,137500.000000
1993-06-23,24.719243,24.719243,24.494207,24.494207,227600.000000
1993-06-24,24.563447,24.823103,24.563447,24.823103,243700.000000
1993-06-25,24.805794,24.875035,24.788483,24.805794,44800.000000
1993-06-28,24.926957,25.082750,24.892336,25.082750,439900.000000
1993-06-29,25.048140,25.048140,24.926967,24.961588,207500.000000
1993-06-30,24.996209,25.048140,24.926967,24.961588,437600.000000
1993-07-01,24.996198,24.996198,24.857715,24.892336,605700.000000
1993-07-02,24.805782,24.823092,24.667299,24.753851,285400.000000
1993-07-06,24.719243,24.788484,24.459587,24.494207,246400.000000
1993-07-07,24.476888,24.598061,24.476888,24.563440,343700.000000
1993-07-08,24.580751,24.892338,24.546130,24.840406,248200.000000
1993-07-09,24.840411,24.909653,24.788480,24.909653,378200.000000
1993-07-12,24.875026,24.909646,24.840405,24.892336,373700.000000
1993-07-13,24.909657,24.978899,24.736553,24.875036,389600.000000
1993-07-14,24.892346,25.030829,24.875036,24.961588,617300.000000
1993-07-15,24.944275,24.944275,24.805792,24.857723,443800.000000
1993-07-16,24.875021,24.892332,24.753849,24.788469,216400.000000
1993-07-19,24.788486,24.788486,24.701934,24.771175,188200.000000
1993-07-20,24.753854,24.840406,24.632682,24.840406,68500.000000
1993-07-21,24.805793,24.823103,24.736551,24.823103,142700.000000
1993-07-22,24.788485,24.823105,24.650002,24.650002,632400.000000
1993-07-23,24.701934,24.771175,24.684623,24.771175,286200.000000
1993-07-26,24.840411,24.961584,24.840411,24.909653,121300.000000
1993-07-27,24.926957,24.944267,24.805784,24.892336,92800.000000
1993-07-28,24.840406,24.892338,24.805786,24.840406,30800.000000
1993-07-29,24.892353,25.048146,24.857732,24.978905,331000.000000
1993-07-30,24.978890,24.978890,24.805786,24.840406,75300.000000
1993-08-02,24.875032,24.996205,24.875032,24.909653,41300.000000
1993-08-03,24.961577,25.030818,24.840404,24.926956,81600.000000
1993-08-04,24.926956,24.978887,24.857715,24.926956,434000.000000
1993-08-05,24.926967,24.926967,24.840415,24.875036,36800.000000
1993-08-06,24.944273,24.961584,24.875032,24.909653,402300.000000
1993-08-09,24.978890,25.117373,24.926959,25.048132,828200.000000
1993-08-10,25.030823,25.048133,24.996202,25.030823,604900.000000
1993-08-11,25.013512,25.100064,25.013512,25.030823,542200.000000
1993-08-12,25.100071,25.100071,24.875036,24.961588,303700.000000
1993-08-13,24.978905,25.013526,24.978905,24.996216,103500.000000
1993-08-16,25.013509,25.203923,25.013509,25.134682,241800.000000
1993-08-17,25.117373,25.221235,25.117373,25.221235,369300.000000
1993-08-18,25.307797,25.411659,25.290486,25.359728,414300.000000
1993-08-19,25.377038,25.377038,25.325107,25.359728,28500.000000
1993-08-20,25.307799,25.377041,25.290489,25.377041,80700.000000
1993-08-23,25.273173,25.342414,25.273173,25.325104,15600.000000
1993-08-24,25.325096,25.602062,25.325096,25.602062,273400.000000
1993-08-25,25.602080,25.723253,25.567459,25.619390,242300.000000
1993-08-26,25.636700,25.775183,25.532837,25.636700,120000.000000
1993-08-27,25.567459,25.619390,25.567459,25.619390,25700.000000
1993-08-30,25.636697,25.757870,25.636697,25.723249,183500.000000
1993-08-31,25.705923,25.792475,25.671302,25.792475,66500.000000
1993-09-01,25.705933,25.809795,25.705933,25.757864,136500.000000
1993-09-02,25.775169,25.809790,25.653996,25.671307,472400.000000
1993-09-03,25.654006,25.723248,25.619386,25.688627,630500.000000
1993-09-07,25.688632,25.723253,25.480907,25.515528,196400.000000
1993-09-08,25.515511,25.515511,25.255855,25.428959,269900.000000
1993-09-09,25.325108,25.498212,25.325108,25.480902,239200.000000
1993-09-10,25.550133,25.723237,25.515513,25.705927,106500.000000
1993-09-13,25.792491,25.792491,25.723249,25.723249,66900.000000
1993-09-14,25.654011,25.654011,25.532838,25.619390,184500.000000
1993-09-15,25.515523,25.705938,25.428971,25.688627,101000.000000
1993-09-16,25.654000,25.671311,25.567448,25.584759,54300.000000
1993-09-17,25.570004,25.587422,25.500331,25.535168,200900.000000
1993-09-20,25.569982,25.622236,25.326126,25.326126,57800.000000
1993-09-21,25.360966,25.395803,24.977765,25.239038,318200.000000
1993-09-22,25.326124,25.482888,25.291287,25.448051,439700.000000
1993-09-23,25.517729,25.604821,25.482893,25.587402,88500.000000
1993-09-24,25.552573,25.569991,25.482900,25.517736,53500.000000
1993-09-27,25.709343,25.796434,25.709343,25.796434,274600.000000
1993-09-28,25.813848,25.813848,25.726757,25.744175,158300.000000
1993-09-29,25.744177,25.813850,25.622249,25.657085,221000.000000
1993-09-30,25.657060,25.709314,25.552550,25.604805,99300.000000
1993-10-01,25.569983,25.761584,25.535147,25.726748,22700.000000
1993-10-04,25.761581,25.761581,25.691908,25.761581,1038500.000000
1993-10-05,25.813839,25.813839,25.639656,25.726748,436500.000000
1993-10-06,25.744179,25.848689,25.709343,25.709343,209200.000000
1993-10-07,25.744177,25.744177,25.622249,25.639668,59400.000000
1993-10-08,25.709347,25.726766,25.482910,25.674511,54400.000000
1993-10-11,25.726748,25.779002,25.726748,25.726748,467100.000000
1993-10-12,25.761581,25.779000,25.744163,25.761581,26200.000000
1993-10-13,25.779000,25.779000,25.726745,25.761581,139100.000000
1993-10-14,25.866088,26.092525,25.796415,26.092525,108100.000000
1993-10-15,26.214456,26.284129,26.144783,26.231874,1502500.000000
1993-10-18,26.214469,26.214469,26.127378,26.162214,722400.000000
1993-10-19,26.127372,26.179627,25.970608,25.970608,880100.000000
1993-10-20,26.057710,26.057710,25.953200,26.005455,230400.000000
1993-10-21,26.022863,26.022863,25.935771,25.970608,56200.000000
1993-10-22,26.005450,26.109960,25.848686,25.848686,390700.000000
1993-10-25,25.866099,25.953191,25.796426,25.918354,114500.000000
1993-10-26,25.900930,25.918349,25.813839,25.900930,186200.000000
1993-10-27,25.866099,25.935772,25.866099,25.918354,118400.000000
1993-10-28,25.953185,26.179622,25.953185,26.109949,129600.000000
1993-10-29,26.092531,26.127367,26.075113,26.109949,80700.000000
1993-11-01,26.075121,26.197049,26.075121,26.179630,36400.000000
1993-11-02,26.144796,26.197051,26.005450,26.162214,262100.000000
1993-11-03,26.144783,26.144783,25.709327,25.831255,479100.000000
1993-11-04,25.831255,25.831255,25.535144,25.552563,130400.000000
1993-11-05,25.482910,25.674511,25.378401,25.674511,363200.000000
1993-11-08,25.691925,25.779016,25.622252,25.709343,367600.000000
1993-11-09,25.883512,25.900930,25.709329,25.726748,246900.000000
1993-11-10,25.726753,25.918354,25.657080,25.918354,46500.000000
1993-11-11,25.918359,25.988032,25.831268,25.848686,88900.000000
1993-11-12,25.900935,26.057699,25.883517,25.970608,108200.000000
1993-11-15,26.022857,26.022857,25.883511,25.953184,243300.000000
1993-11-16,26.005442,26.092533,25.900933,26.075115,492600.000000
1993-11-17,26.092534,26.092534,25.866097,25.935770,39600.000000
1993-11-18,25.900931,25.953186,25.796422,25.866095,240800.000000
1993-11-19,25.779020,25.848693,25.761601,25.813856,106000.000000
1993-11-22,25.744177,25.761595,25.569994,25.657085,165300.000000
1993-11-23,25.796434,25.813853,25.657088,25.796434,89700.000000
1993-11-24,25.866094,25.918349,25.831257,25.900930,77200.000000
1993-11-26,25.970609,25.970609,25.900936,25.918354,1019800.000000
1993-11-29,25.988039,26.040293,25.813856,25.813856,517500.000000
1993-11-30,25.796418,25.953183,25.779000,25.831255,230000.000000
1993-12-01,25.970604,25.988022,25.866095,25.866095,379200.000000
1993-12-02,25.918352,25.953188,25.866097,25.935770,352000.000000
1993-12-03,25.918363,26.040291,25.918363,26.040291,306000.000000
1993-12-06,26.075124,26.162215,26.075124,26.127378,99500.000000
1993-12-07,26.127367,26.144786,26.075113,26.109949,88800.000000
1993-12-08,26.109949,26.109949,26.075113,26.109949,146700.000000
1993-12-09,26.109943,26.144780,25.988015,26.022852,416500.000000
1993-12-10,26.040281,26.040281,25.918353,25.970608,412900.000000
1993-12-13,25.970614,26.127378,25.935778,26.127378,273200.000000
1993-12-14,26.144789,26.144789,25.935770,25.935770,41900.000000
1993-12-15,25.970603,25.988022,25.900930,25.900930,82600.000000
1993-12-16,26.005444,26.005444,25.953189,25.988026,78200.000000
1993-12-17,26.043159,26.148384,26.025621,26.130846,104700.000000
1993-12-20,26.113310,26.183460,26.095772,26.165922,68800.000000
1993-12-21,26.130848,26.130848,26.043161,26.078236,205700.000000
1993-12-22,26.148384,26.271146,26.095771,26.253609,410300.000000
1993-12-23,26.236078,26.288691,26.201003,26.236078,533800.000000
1993-12-27,26.236073,26.376373,26.236073,26.376373,447100.000000
1993-12-28,26.358839,26.446527,26.341302,26.428989,880600.000000
1993-12-29,26.446528,26.464065,26.376378,26.393915,266700.000000
1993-12-30,26.376376,26.376376,26.236076,26.288689,219900.000000
1993-12-31,26.341304,26.376379,26.130854,26.148392,312900.000000
1994-01-03,26.148386,26.183461,26.043161,26.078236,960900.000000
1994-01-04,26.113324,26.183474,26.078249,26.183474,164300.000000
1994-01-05,26.218541,26.253616,26.113316,26.236078,710900.000000
1994-01-06,26.271153,26.288691,26.201003,26.236078,201000.000000
1994-01-07,26.288690,26.411453,26.218540,26.393915,775500.000000
1994-01-10,26.428987,26.709587,26.358837,26.709587,593700.000000
1994-01-11,26.692046,26.692046,26.569284,26.656971,295200.000000
1994-01-12,26.674509,26.674509,26.481597,26.569284,158400.000000
1994-01-13,26.499142,26.551754,26.464067,26.499142,244300.000000
1994-01-14,26.586825,26.656975,26.586825,26.604362,137200.000000
1994-01-17,26.604362,26.639437,26.551750,26.604362,17700.000000
1994-01-18,26.639442,26.674517,26.586830,26.639442,166400.000000
1994-01-19,26.604359,26.639434,26.516672,26.569284,200800.000000
1994-01-20,26.604367,26.656980,26.586830,26.639442,281100.000000
1994-01-21,26.674497,26.674497,26.569272,26.586809,85600.000000
1994-01-24,26.569289,26.692052,26.481602,26.481602,373800.000000
1994-01-25,26.499139,26.516677,26.428989,26.481602,310400.000000
1994-01-26,26.481593,26.569280,26.446518,26.551743,145100.000000
1994-01-27,26.604365,26.832352,26.569290,26.797277,344500.000000
1994-01-28,26.902507,26.955119,26.867432,26.867432,356500.000000
1994-01-31,26.972655,27.112955,26.937580,27.060343,313800.000000
1994-02-01,27.025259,27.025259,26.884959,26.920034,303600.000000
1994-02-02,27.007718,27.095406,26.990181,27.095406,307600.000000
1994-02-03,27.042804,27.042804,26.884967,26.972654,466100.000000
1994-02-04,26.972659,27.007734,26.358847,26.358847,1403200.000000
1994-02-07,26.288689,26.551752,26.288689,26.481602,516400.000000
1994-02-08,26.534217,26.534217,26.393917,26.499142,188200.000000
1994-02-09,26.516675,26.621900,26.481600,26.604362,144600.000000
1994-02-10,26.586823,26.604361,26.376373,26.376373,883900.000000
1994-02-11,26.393919,26.534219,26.271157,26.464069,519400.000000
1994-02-14,26.411454,26.586829,26.376379,26.499142,2742100.000000
1994-02-15,26.551755,26.656980,26.516680,26.639442,374700.000000
1994-02-16,26.674511,26.674511,26.569286,26.621899,287600.000000
1994-02-17,26.744669,26.762207,26.393919,26.464069,342400.000000
1994-02-18,26.481598,26.499135,26.236073,26.306223,313300.000000
1994-02-22,26.376372,26.569284,26.376372,26.569284,154500.000000
1994-02-23,26.604367,26.621904,26.411454,26.499142,391700.000000
1994-02-24,26.411454,26.411454,26.130854,26.148392,770800.000000
1994-02-25,26.183454,26.271141,26.130841,26.271141,531300.000000
1994-02-28,26.341291,26.411441,26.271141,26.271141,333000.000000
1994-03-01,26.271147,26.323759,26.025622,26.165922,423600.000000
1994-03-02,25.832698,26.200985,25.762548,26.200985,581500.000000
1994-03-03,26.165921,26.165921,26.060696,26.130846,223200.000000
1994-03-04,26.130835,26.271135,26.043148,26.200985,595800.000000
1994-03-07,26.288692,26.376380,26.288692,26.341305,539800.000000
1994-03-08,26.358841,26.358841,26.201003,26.236078,880300.000000
1994-03-09,26.271159,26.376384,26.148397,26.358847,2500100.000000
1994-03-10,26.341304,26.341304,26.060704,26.148392,207400.000000
1994-03-11,26.183464,26.323764,26.043164,26.288689,576600.000000
1994-03-14,26.393909,26.393909,26.288684,26.323759,345900.000000
1994-03-15,26.376373,26.428985,26.288685,26.306223,748600.000000
1994-03-16,26.341314,26.516689,26.253627,26.516689,455500.000000
1994-03-17,26.429002,26.551764,26.429002,26.516689,133000.000000
1994-03-18,26.387420,26.546168,26.369782,26.510891,365500.000000
1994-03-21,26.422690,26.493245,26.369774,26.440329,324800.000000
1994-03-22,26.440336,26.563807,26.387420,26.510891,435700.000000
1994-03-23,26.493256,26.563810,26.475617,26.493256,698500.000000
1994-03-24,26.387428,26.440344,26.052293,26.175764,1200500.000000
1994-03-25,26.193372,26.263927,25.928793,25.928793,100900.000000
1994-03-28,25.964102,25.999379,25.734799,25.964102,1117200.000000
1994-03-29,25.964104,25.981743,25.452583,25.452583,338400.000000
1994-03-30,25.470206,25.540761,25.099794,25.099794,1123900.000000
1994-03-31,25.099802,25.223273,24.570643,25.170357,788800.000000
1994-04-04,24.464818,24.852869,24.464818,24.782314,2627300.000000
1994-04-05,25.029242,25.293821,25.029242,25.293821,1179000.000000
1994-04-06,25.329099,25.346737,25.117435,25.293821,516500.000000
1994-04-07,25.276182,25.470208,25.135073,25.417292,666100.000000
1994-04-08,25.364370,25.364370,25.099790,25.223261,242400.000000
1994-04-11,25.293824,25.434933,25.232089,25.329102,203300.000000
1994-04-12,25.355557,25.399653,25.240905,25.293821,1409200.000000
1994-04-13,25.285004,25.346739,24.976328,25.161533,364100.000000
1994-04-14,25.117441,25.302647,25.064525,25.170357,419900.000000
1994-04-15,25.161537,25.276189,25.126260,25.170357,387300.000000
1994-04-18,25.196808,25.267363,24.923409,25.002783,369100.000000
1994-04-19,24.976316,25.135064,24.826388,25.038052,472200.000000
1994-04-20,25.064515,25.126250,24.879309,25.011599,508000.000000
1994-04-21,25.117436,25.382016,25.029243,25.346739,200300.000000
1994-04-22,25.408481,25.426120,25.249733,25.320288,301800.000000
1994-04-25,25.311472,25.602510,25.311472,25.584871,394600.000000
1994-04-26,25.549576,25.593673,25.505479,25.558395,399000.000000
1994-04-28,25.505486,25.540763,25.293822,25.373196,287000.000000
1994-04-29,25.329113,25.487861,25.293835,25.452583,481900.000000
1994-05-02,25.452569,25.805342,25.364376,25.611317,275000.000000
1994-05-03,25.620149,25.628968,25.434943,25.584871,183400.000000
1994-05-04,25.637780,25.637780,25.443755,25.540768,401900.000000
1994-05-05,25.567215,25.611312,25.505480,25.505480,659800.000000
1994-05-06,25.382006,25.382006,25.170342,25.258535,216300.000000
1994-05-09,25.187980,25.258535,24.993955,25.038052,499300.000000
1994-05-10,25.161533,25.311462,25.143895,25.232088,583400.000000
1994-05-11,25.205627,25.240905,24.932228,25.002783,210600.000000
1994-05-12,25.161530,25.187988,25.064518,25.126253,305200.000000
1994-05-13,25.196808,25.196808,25.002783,25.126253,321300.000000
1994-05-16,25.179169,25.258543,25.126253,25.135073,450400.000000
1994-05-17,25.152707,25.505480,25.117430,25.505480,470200.000000
1994-05-18,25.523116,25.787696,25.408465,25.690683,824800.000000
1994-05-19,25.637779,25.884720,25.637779,25.814165,531000.000000
1994-05-20,25.770068,25.787706,25.681874,25.717152,370400.000000
1994-05-23,25.690685,25.699504,25.593672,25.673046,262700.000000
1994-05-24,25.743608,25.875897,25.743608,25.778885,549600.000000
1994-05-25,25.681867,25.867073,25.593674,25.849434,738200.000000
1994-05-26,25.840615,25.928808,25.814157,25.867073,369600.000000
1994-05-27,25.822987,25.893541,25.778890,25.893541,162000.000000
1994-05-31,25.814178,25.911190,25.770081,25.858274,160000.000000
1994-06-01,25.796512,25.972898,25.717138,25.972898,200500.000000
1994-06-02,25.990542,25.990542,25.902349,25.946445,55100.000000
1994-06-03,25.964100,26.184583,25.884726,26.096390,550400.000000
1994-06-06,26.149294,26.228668,26.069920,26.087559,99300.000000
1994-06-07,26.043461,26.087558,25.981726,26.052280,120600.000000
1994-06-08,26.114025,26.114025,25.840626,25.840626,131900.000000
1994-06-09,25.955287,25.981745,25.902371,25.981745,80500.000000
1994-06-10,26.008185,26.078740,26.008185,26.025824,83100.000000
1994-06-13,25.990561,26.069935,25.981741,26.061115,109700.000000
1994-06-14,26.140472,26.272762,26.140472,26.263943,161000.000000
1994-06-15,26.272765,26.281584,26.140475,26.158113,142800.000000
1994-06-16,26.158123,26.228677,26.131665,26.211039,44000.000000
1994-06-17,26.224531,26.251164,26.029223,26.064734,403800.000000
1994-06-20,25.878297,25.922685,25.816154,25.842787,137400.000000
1994-06-21,25.825037,25.825037,25.514320,25.620852,139200.000000
1994-06-22,25.691882,25.807292,25.665250,25.718515,279900.000000
1994-06-23,25.762885,25.798396,25.532067,25.567577,922500.000000
1994-06-24,25.443302,25.443302,24.999421,25.034931,353800.000000
1994-06-27,25.132573,25.469923,25.008286,25.469923,371200.000000
1994-06-28,25.478803,25.478803,25.141453,25.345638,5382300.000000
1994-06-29,25.381147,25.576455,25.354514,25.425535,311800.000000
1994-06-30,25.469925,25.478803,25.176963,25.265739,271900.000000
1994-07-01,25.390035,25.390035,25.212482,25.319014,406900.000000
1994-07-05,25.372278,25.487688,25.292380,25.452177,112000.000000
1994-07-06,25.354528,25.461060,25.265752,25.416672,174800.000000
1994-07-07,25.416658,25.523190,25.390025,25.523190,66700.000000
1994-07-08,25.363404,25.558712,25.354527,25.514324,148400.000000
1994-07-11,25.532067,25.576455,25.301248,25.425535,124000.000000
1994-07-12,25.434421,25.469931,25.292379,25.461054,257300.000000
1994-07-13,25.469922,25.585331,25.469922,25.505432,532700.000000
1994-07-14,25.629724,25.833909,25.611968,25.780643,494200.000000
1994-07-15,25.762897,25.842796,25.754019,25.789530,49100.000000
1994-07-18,25.789526,25.896057,25.789526,25.833914,72300.000000
1994-07-19,25.878297,25.887175,25.780643,25.780643,609500.000000
1994-07-20,25.798389,25.798389,25.603081,25.665224,185300.000000
1994-07-21,25.665250,25.736271,25.611984,25.718515,86300.000000
1994-07-22,25.780653,25.798408,25.709632,25.762897,151600.000000
1994-07-25,25.771757,25.825022,25.745124,25.798389,120900.000000
1994-07-26,25.789530,25.807285,25.745141,25.771774,489600.000000
1994-07-27,25.771774,25.771774,25.665243,25.771774,83200.000000
1994-07-28,25.771769,25.896056,25.771769,25.825035,828200.000000
1994-07-29,26.002579,26.162376,25.993701,26.082478,459100.000000
1994-08-01,26.100235,26.224521,26.073602,26.206766,486300.000000
1994-08-02,26.295554,26.348820,26.153512,26.242289,505500.000000
1994-08-03,26.233393,26.268903,26.189005,26.251148,144100.000000
1994-08-04,26.233390,26.260023,26.091348,26.100225,231700.000000
1994-08-05,25.967077,26.046976,25.940444,26.011465,138400.000000
1994-08-08,26.038096,26.100239,26.011463,26.073606,328600.000000
1994-08-09,25.975935,26.117977,25.975935,26.117977,105900.000000
1994-08-10,26.135763,26.242295,26.100253,26.215662,840300.000000
1994-08-11,26.153488,26.268897,25.984813,26.117977,876200.000000
1994-08-12,26.162379,26.331054,26.162379,26.322176,184100.000000
1994-08-15,26.348825,26.410968,26.313314,26.313314,325900.000000
1994-08-16,26.331058,26.526366,26.224526,26.499733,1089500.000000
1994-08-17,26.535251,26.553006,26.464230,26.481985,133700.000000
1994-08-18,26.393209,26.455353,26.366577,26.393209,620000.000000
1994-08-19,26.402089,26.428722,26.313312,26.375456,103200.000000
1994-08-22,26.384336,26.384336,26.295560,26.348825,79700.000000
1994-08-23,26.464222,26.624020,26.428712,26.499733,268600.000000
1994-08-24,26.526370,26.783821,26.517492,26.783821,254700.000000
1994-08-25,26.757183,26.819327,26.641774,26.712795,147400.000000
1994-08-26,26.774941,27.147802,26.774941,27.094536,339500.000000
1994-08-29,27.165572,27.263226,27.067918,27.076796,350300.000000
1994-08-30,27.067890,27.192177,27.032380,27.147789,36000.000000
1994-08-31,27.103428,27.209960,27.041285,27.076796,356200.000000
1994-09-01,26.988008,27.005764,26.890355,26.988008,294600.000000
1994-09-02,27.112285,27.112285,26.828201,26.872589,99600.000000
1994-09-06,26.854835,26.908101,26.774936,26.881468,229800.000000
1994-09-07,26.943602,26.943602,26.828193,26.854826,27900.000000
1994-09-08,26.908110,27.023519,26.899232,26.988008,284800.000000
1994-09-09,26.721679,26.774945,26.597393,26.703924,488400.000000
1994-09-12,26.703916,26.739427,26.579630,26.624018,129400.000000
1994-09-13,26.677291,26.774945,26.624025,26.703924,389200.000000
1994-09-14,26.615134,26.766054,26.615134,26.730543,423500.000000
1994-09-15,26.801584,27.067913,26.801584,27.067913,779800.000000
1994-09-16,26.866330,26.946714,26.777013,26.875261,571300.000000
1994-09-19,26.937777,27.053888,26.875255,26.902050,167300.000000
1994-09-20,26.759154,26.785949,26.392958,26.392958,355600.000000
1994-09-21,26.473342,26.473342,26.142872,26.392958,397500.000000
1994-09-22,26.455483,26.455483,26.303646,26.330441,266400.000000
1994-09-23,26.339367,26.392957,26.196461,26.241119,176600.000000
1994-09-26,26.339371,26.392961,26.285781,26.375097,223000.000000
1994-09-27,26.375091,26.446544,26.294706,26.357227,479500.000000
1994-09-28,26.500145,26.598392,26.482281,26.562666,324000.000000
1994-09-29,26.562682,26.562682,26.348322,26.428707,195900.000000
1994-09-30,26.419753,26.544795,26.392958,26.392958,5200.000000
1994-10-03,26.410825,26.437620,26.285782,26.330441,72600.000000
1994-10-04,26.464405,26.464405,25.919576,25.937439,84200.000000
1994-10-05,25.892785,25.946375,25.723084,25.946375,461900.000000
1994-10-06,25.964238,25.982101,25.821332,25.865990,345200.000000
1994-10-07,25.865981,26.053545,25.839186,25.982092,188700.000000
1994-10-10,26.098197,26.303625,26.089266,26.258966,213600.000000
1994-10-11,26.375095,26.723429,26.375095,26.651976,461400.000000
1994-10-12,26.687695,26.723421,26.625173,26.687695,162400.000000
1994-10-13,26.991375,27.053896,26.750221,26.777016,1564500.000000
1994-10-14,26.866329,26.902055,26.687696,26.893124,72800.000000
1994-10-17,26.866328,26.902054,26.812738,26.839533,282300.000000
1994-10-18,26.812742,26.812742,26.687699,26.777016,132100.000000
1994-10-19,26.678759,27.000298,26.669828,26.902050,136700.000000
1994-10-20,26.902059,26.902059,26.643042,26.723427,290300.000000
1994-10-21,26.651972,26.687698,26.500134,26.616245,87800.000000
1994-10-24,26.625180,26.732360,26.384026,26.392958,149600.000000
1994-10-25,26.303637,26.473338,26.294706,26.419748,91800.000000
1994-10-26,26.518005,26.544800,26.392963,26.518005,201000.000000
1994-10-27,26.616251,26.678772,26.553729,26.678772,210300.000000
1994-10-28,26.732371,27.268269,26.732371,27.241474,192100.000000
1994-10-31,27.178946,27.205740,27.134287,27.143219,36300.000000
1994-11-01,27.027097,27.027097,26.830601,26.839533,435200.000000
1994-11-02,26.759148,27.000301,26.687695,26.687695,115600.000000
1994-11-03,26.777030,26.875278,26.741304,26.830620,87000.000000
1994-11-04,26.955651,26.955651,26.482275,26.482275,124400.000000
1994-11-07,26.544803,26.634119,26.473350,26.562666,115000.000000
1994-11-08,26.651976,26.857404,26.607318,26.768087,308300.000000
1994-11-09,27.053881,27.053881,26.580505,26.812727,318500.000000
1994-11-10,26.830605,26.884195,26.607314,26.625177,172100.000000
1994-11-11,26.589440,26.616235,26.455465,26.526918,302200.000000
1994-11-14,26.643041,26.785947,26.643041,26.777016,181400.000000
1994-11-15,26.750216,26.919917,26.482267,26.687695,316900.000000
1994-11-16,26.732358,26.777016,26.643041,26.777016,106900.000000
1994-11-17,26.794867,26.794867,26.491192,26.598372,104700.000000
1994-11-18,26.607324,26.651982,26.446555,26.562666,269300.000000
1994-11-21,26.544807,26.625192,26.294722,26.294722,283100.000000
1994-11-22,26.196462,26.294710,25.723085,25.723085,483600.000000
1994-11-23,25.740947,25.874921,25.499793,25.865990,601600.000000
1994-11-25,25.883858,26.026764,25.883858,25.991037,77300.000000
1994-11-28,25.982099,26.116073,25.919577,26.107141,79900.000000
1994-11-29,26.098207,26.151797,26.008891,26.098207,105500.000000
1994-11-30,26.232199,26.267926,26.062498,26.062498,218800.000000
1994-12-01,26.089281,26.089281,25.749879,25.803469,439000.000000
1994-12-02,25.749884,26.044628,25.749884,26.044628,318500.000000
1994-12-05,26.098217,26.187534,26.008901,26.071423,139200.000000
1994-12-06,25.973178,26.098220,25.928519,26.089289,249900.000000
1994-12-07,25.928511,26.008896,25.874921,25.901716,531900.000000
1994-12-08,26.008901,26.044628,25.580183,25.651636,261500.000000
1994-12-09,25.651630,25.767741,25.544451,25.749878,235900.000000
1994-12-12,25.696307,25.919598,25.696307,25.919598,151100.000000
1994-12-13,25.901713,26.026756,25.901713,26.017824,70900.000000
1994-12-14,25.982105,26.267917,25.982105,26.151806,203300.000000
1994-12-15,26.187527,26.312570,26.187527,26.232185,130100.000000
1994-12-16,26.315311,26.414342,26.288302,26.360325,266100.000000
1994-12-19,26.360319,26.414336,26.279293,26.396330,1120200.000000
1994-12-20,26.423334,26.441340,26.315300,26.315300,675600.000000
1994-12-21,26.333303,26.657405,26.333303,26.594385,544500.000000
1994-12-22,26.594392,26.621401,26.486358,26.513367,222000.000000
1994-12-23,26.495364,26.603398,26.495364,26.540379,125800.000000
1994-12-27,26.630412,26.738446,26.612406,26.684429,95200.000000
1994-12-28,26.711421,26.711421,26.486350,26.549370,358200.000000
1994-12-29,26.648399,26.648399,26.540365,26.567373,220100.000000
1994-12-30,26.621407,26.648416,26.252291,26.252291,2209500.000000
1995-01-03,26.333308,26.414334,26.324306,26.378323,324300.000000
1995-01-04,26.495367,26.504370,26.360324,26.504370,351800.000000
1995-01-05,26.522375,26.567390,26.477361,26.504370,89800.000000
1995-01-06,26.558367,26.648396,26.450333,26.531359,448400.000000
1995-01-09,26.522367,26.558378,26.504361,26.558378,36800.000000
1995-01-10,26.621405,26.729439,26.585394,26.585394,229800.000000
1995-01-11,26.675424,26.675424,26.396336,26.603401,222400.000000
1995-01-12,26.576383,26.630400,26.522366,26.612394,40300.000000
1995-01-13,26.756442,26.927496,26.720431,26.927496,170600.000000
1995-01-16,26.918496,27.098553,26.918496,27.089550,105100.000000
1995-01-17,27.035533,27.116558,26.999521,27.098553,89500.000000
1995-01-18,27.080542,27.125556,27.008519,27.071539,84500.000000
1995-01-19,26.981523,27.008531,26.900497,26.918503,139100.000000
1995-01-20,26.882480,26.891483,26.765443,26.819460,78700.000000
1995-01-23,26.639400,26.900482,26.621394,26.900482,53700.000000
1995-01-24,26.891486,26.936501,26.873481,26.936501,32400.000000
1995-01-25,26.801464,27.107561,26.801464,27.008530,15700.000000
1995-01-26,26.990508,27.071534,26.936491,27.035522,9800.000000
1995-01-27,27.215583,27.215583,27.035526,27.143560,91200.000000
1995-01-30,27.089542,27.107547,26.990510,27.026522,26600.000000
1995-01-31,27.080544,27.179576,27.035530,27.134562,127500.000000
1995-02-01,27.170581,27.269612,27.080552,27.125566,380200.000000
1995-02-02,27.116561,27.287615,27.116561,27.287615,131700.000000
1995-02-03,27.458670,27.719752,27.413655,27.674738,405100.000000
1995-02-06,27.665725,27.872791,27.638717,27.791765,405400.000000
1995-02-07,27.836779,27.836779,27.737748,27.827776,702900.000000
1995-02-08,27.791765,27.926807,27.773759,27.827776,521500.000000
1995-02-09,27.782762,27.827776,27.728745,27.827776,390700.000000
1995-02-10,27.791754,27.863777,27.710729,27.863777,148300.000000
1995-02-13,27.845787,27.926812,27.845787,27.872795,79700.000000
1995-02-14,27.962831,27.962831,27.800779,27.908813,170200.000000
1995-02-15,27.908820,28.097880,27.881812,28.061869,431500.000000
1995-02-16,28.025848,28.052857,27.944823,28.025848,99300.000000
1995-02-17,27.998838,28.016844,27.908810,27.917812,49100.000000
1995-02-21,27.917816,27.962831,27.899811,27.908813,168000.000000
1995-02-22,27.935824,28.115881,27.917818,28.115881,386400.000000
1995-02-23,28.223891,28.322923,28.151869,28.160872,402800.000000
1995-02-24,28.196895,28.241909,28.124872,28.232906,307600.000000
1995-02-27,28.151908,28.232933,27.962848,28.007862,280900.000000
1995-02-28,27.980836,28.241919,27.980836,28.241919,493500.000000
1995-03-01,28.214917,28.250928,28.034860,28.061869,242600.000000
1995-03-02,28.052852,28.097866,27.971826,28.097866,488600.000000
1995-03-03,28.007847,28.106878,27.935824,28.106878,290000.000000
1995-03-06,27.917811,28.124876,27.881799,28.124876,85700.000000
1995-03-07,28.025850,28.088870,27.782774,27.908813,180900.000000
1995-03-08,27.953815,28.016835,27.854784,27.980824,155900.000000
1995-03-09,27.971825,27.998833,27.899802,27.971825,63500.000000
1995-03-10,27.998834,28.457979,27.962822,28.385956,192100.000000
1995-03-13,28.367966,28.457994,28.331954,28.358963,261300.000000
1995-03-14,28.439962,28.602013,28.439962,28.566002,223300.000000
1995-03-15,28.521004,28.566018,28.403967,28.512001,278500.000000
1995-03-16,28.484971,28.701039,28.484971,28.683033,20400.000000
1995-03-17,28.639166,28.747785,28.621063,28.711578,89900.000000
1995-03-20,28.747785,28.747785,28.657269,28.711578,91700.000000
1995-03-21,28.711575,28.892606,28.593904,28.639162,104400.000000
1995-03-22,28.693485,28.693485,28.575815,28.666330,74900.000000
1995-03-23,28.630108,28.765882,28.593902,28.684418,220500.000000
1995-03-24,28.774954,29.091759,28.774954,29.091759,134000.000000
1995-03-27,29.137007,29.209419,29.064594,29.209419,132100.000000
1995-03-28,29.137007,29.209419,29.100800,29.209419,121900.000000
1995-03-29,29.182252,29.480954,29.037427,29.200356,246100.000000
1995-03-30,29.263735,29.263735,29.028394,29.146065,298400.000000
1995-03-31,28.919782,29.064607,28.702544,29.028400,541300.000000
1995-04-03,29.019341,29.100805,29.001238,29.100805,193300.000000
1995-04-04,29.109847,29.290878,29.109847,29.290878,66900.000000
1995-04-05,29.227517,29.318033,29.209414,29.290878,107200.000000
1995-04-06,29.363297,29.426658,29.308988,29.399504,352500.000000
1995-04-07,29.462866,29.462866,29.236577,29.372351,361400.000000
1995-04-10,29.327084,29.426651,29.308981,29.426651,285400.000000
1995-04-11,29.499067,29.508119,29.308984,29.327087,250300.000000
1995-04-12,29.372342,29.426651,29.318032,29.426651,150900.000000
1995-04-13,29.480971,29.598642,29.462868,29.589590,243400.000000
1995-04-17,29.698190,29.725344,29.327075,29.417591,178900.000000
1995-04-18,29.444746,29.444746,29.245611,29.318024,329500.000000
1995-04-19,29.318033,29.381394,29.137002,29.290878,223000.000000
1995-04-20,29.372348,29.417606,29.218471,29.336142,207900.000000
1995-04-21,29.345191,29.490016,29.345191,29.480965,145000.000000
1995-04-24,29.462864,29.824926,29.462864,29.824926,169000.000000
1995-04-25,29.779666,29.824924,29.725357,29.743460,293200.000000
1995-04-26,29.689141,29.788708,29.616728,29.770605,204400.000000
1995-04-27,29.725349,29.861123,29.707246,29.843019,502200.000000
1995-04-28,29.833970,29.933537,29.643887,29.888279,130800.000000
1995-05-01,29.861106,29.924467,29.806797,29.806797,518700.000000
1995-05-02,29.833964,29.915428,29.770603,29.870171,228400.000000
1995-05-03,29.969757,30.286562,29.969757,30.286562,724700.000000
1995-05-04,30.322771,30.521905,30.196049,30.268461,311400.000000
1995-05-05,30.395171,30.395171,30.168882,30.232243,314900.000000
1995-05-08,30.205090,30.549049,30.177935,30.449482,183100.000000
1995-05-09,30.576213,30.612420,30.377079,30.422337,180600.000000
1995-05-10,30.503798,30.512849,30.313715,30.458540,330300.000000
1995-05-11,30.503795,30.540001,30.404227,30.540001,351700.000000
1995-05-12,30.422336,30.630522,30.413284,30.558109,94600.000000
1995-05-15,30.639566,30.702927,30.576205,30.702927,147200.000000
1995-05-16,30.693882,30.793449,30.639573,30.721037,221600.000000
1995-05-17,30.721030,30.730081,30.576205,30.603359,189200.000000
1995-05-18,30.549048,30.567151,30.159830,30.159830,577800.000000
1995-05-19,30.114576,30.232246,30.069318,30.177937,363900.000000
1995-05-22,30.277503,30.558102,30.259400,30.512844,216000.000000
1995-05-23,30.567143,30.793432,30.476627,30.793432,136800.000000
1995-05-24,30.847761,30.947329,30.585266,30.775349,370800.000000
1995-05-25,30.684822,30.829647,30.539997,30.802492,379900.000000
1995-05-26,30.684823,30.693874,30.331812,30.449482,518600.000000
1995-05-30,30.521903,30.603368,30.340872,30.440439,61500.000000
1995-05-31,30.386113,31.074032,30.386113,31.074032,564500.000000
1995-06-01,30.938267,31.227917,30.847751,30.992577,810100.000000
1995-06-02,30.865853,31.236967,30.757234,31.019730,112900.000000
1995-06-05,31.019731,31.309381,30.992576,31.209814,257200.000000
1995-06-06,31.182651,31.291270,31.155497,31.155497,165800.000000
1995-06-07,31.092144,31.110247,30.956370,30.992577,41900.000000
1995-06-08,30.983521,31.074037,30.920160,30.920160,141100.000000
1995-06-09,30.856797,30.893003,30.558095,30.739126,304900.000000
1995-06-12,30.838699,31.037834,30.820596,30.911112,378500.000000
1995-06-13,31.055934,31.264121,31.028780,31.246017,120000.000000
1995-06-14,31.200771,31.255080,31.101204,31.218874,389400.000000
1995-06-15,31.264133,31.418010,31.209823,31.354649,274500.000000
1995-06-16,31.292956,31.447737,31.292956,31.447737,325100.000000
1995-06-19,31.538774,31.821020,31.520564,31.802811,134600.000000
1995-06-20,31.711757,31.821013,31.693547,31.720861,287800.000000
1995-06-21,31.821029,31.848343,31.702667,31.702667,158200.000000
1995-06-22,31.839232,32.139688,31.839232,32.121479,297000.000000
1995-06-23,32.048635,32.066844,31.957587,32.057739,315400.000000
1995-06-26,31.966678,32.021307,31.675327,31.675327,132900.000000
1995-06-27,31.666252,31.875661,31.593414,31.611624,127700.000000
1995-06-28,31.611612,31.902964,31.511460,31.775497,212600.000000
1995-06-29,31.775490,31.857432,31.502348,31.720861,89200.000000
1995-06-30,31.784610,31.893867,31.638934,31.702667,714100.000000
1995-07-03,31.739070,31.821012,31.739070,31.821012,9500.000000
1995-07-05,31.912063,32.085052,31.839225,31.939377,409300.000000
1995-07-06,31.948468,32.349075,31.884735,32.349075,202500.000000
1995-07-07,32.285358,32.503871,32.267148,32.494766,481700.000000
1995-07-10,32.522082,32.604025,32.458349,32.512978,400400.000000
1995-07-11,32.485678,32.512992,32.312688,32.358212,420500.000000
1995-07-12,32.421914,32.813417,32.358181,32.758789,203400.000000
1995-07-13,32.713288,32.786126,32.649555,32.685974,215600.000000
1995-07-14,32.512978,32.685967,32.485663,32.658653,543700.000000
1995-07-17,32.704192,32.877182,32.676878,32.840763,171500.000000
1995-07-18,32.786113,32.786113,32.531180,32.558495,221200.000000
1995-07-19,32.431037,32.467456,31.584297,32.203419,486600.000000
1995-07-20,32.239823,32.385499,32.066834,32.321766,318900.000000
1995-07-21,32.294475,32.412836,32.157904,32.285370,94000.000000
1995-07-24,32.330892,32.558510,32.330892,32.522091,108400.000000
1995-07-25,32.558494,32.813426,32.458342,32.767902,107400.000000
1995-07-26,32.749690,32.904470,32.731481,32.740585,167800.000000
1995-07-27,32.895375,33.041051,32.895375,33.013737,187700.000000
1995-07-28,33.041040,33.041040,32.777003,32.804317,415600.000000
1995-07-31,32.831623,32.858937,32.649529,32.722366,342500.000000
1995-08-01,32.767919,32.767919,32.485672,32.667767,141000.000000
1995-08-02,32.858958,33.095681,32.540293,32.594921,240400.000000
1995-08-03,32.367306,32.604029,32.312677,32.585819,1193600.000000
1995-08-04,32.649552,32.676867,32.585819,32.622238,240500.000000
1995-08-07,32.695076,32.795228,32.676867,32.695076,193100.000000
1995-08-08,32.713285,32.813437,32.594924,32.695076,951900.000000
1995-08-09,32.804336,32.804336,32.658660,32.685974,107100.000000
1995-08-10,32.722393,32.795231,32.476565,32.613136,280800.000000
1995-08-11,32.585818,32.622237,32.294467,32.431038,257200.000000
1995-08-14,32.512958,32.722366,32.440120,32.722366,254800.000000
1995-08-15,32.713282,32.713282,32.431035,32.658653,44400.000000
1995-08-16,32.631330,32.749691,32.594911,32.749691,374900.000000
1995-08-17,32.767914,32.767914,32.576715,32.695076,353800.000000
1995-08-18,32.858946,32.868050,32.704165,32.731480,85400.000000
1995-08-21,32.868056,33.004627,32.631333,32.640438,266700.000000
1995-08-22,32.685972,32.758810,32.522087,32.704182,220200.000000
1995-08-23,32.731495,32.749704,32.585819,32.585819,176500.000000
1995-08-24,32.594924,32.685971,32.485667,32.622238,167400.000000
1995-08-25,32.676851,32.858946,32.676851,32.804317,195000.000000
1995-08-28,32.895383,32.895383,32.631346,32.685974,293000.000000
1995-08-29,32.722379,32.777007,32.494761,32.767902,1133100.000000
1995-08-30,32.795239,32.877182,32.758821,32.840763,437400.000000
1995-08-31,32.831635,32.922682,32.804320,32.868053,491900.000000
1995-09-01,32.858956,33.068365,32.831642,33.013737,629900.000000
1995-09-05,33.113891,33.341509,33.059262,33.323299,272200.000000
1995-09-06,33.350609,33.423447,33.341504,33.387028,214500.000000
1995-09-07,33.423468,33.441677,33.359735,33.405258,258800.000000
1995-09-08,33.532703,33.532703,33.314190,33.532703,107300.000000
1995-09-11,33.587341,33.687493,33.587341,33.623760,260700.000000
1995-09-12,33.632866,33.778542,33.550923,33.778542,139500.000000
1995-09-13,33.742108,33.978831,33.733004,33.933308,239800.000000
1995-09-14,34.051679,34.270192,33.960631,34.242878,457600.000000
1995-09-15,34.215118,34.315805,34.096125,34.233425,431200.000000
1995-09-18,34.114431,34.132738,33.940518,34.105278,307500.000000
1995-09-19,34.169356,34.288349,34.050363,34.270042,549600.000000
1995-09-20,34.324959,34.434799,34.297499,34.434799,290800.000000
1995-09-21,34.389045,34.416505,34.013758,34.151058,508500.000000
1995-09-22,33.876449,34.196815,33.848989,34.160202,449900.000000
1995-09-25,34.196811,34.196811,33.986285,34.105278,130000.000000
1995-09-26,34.205959,34.288339,34.013739,34.096119,466600.000000
1995-09-27,33.949664,34.086964,33.739137,34.068657,654400.000000
1995-09-28,34.096133,34.324966,34.068673,34.324966,456200.000000
1995-09-29,34.297520,34.508046,34.215140,34.260906,606600.000000
1995-10-02,34.260896,34.343276,34.004603,34.086983,293100.000000
1995-10-03,34.086971,34.178505,33.949672,34.123585,839700.000000
1995-10-04,34.141903,34.141903,34.041216,34.086983,248800.000000
1995-10-05,34.123598,34.187672,34.032065,34.187672,268800.000000
1995-10-06,34.205977,34.315816,34.205977,34.215130,75300.000000
1995-10-09,34.086972,34.105279,33.867293,33.931366,358200.000000
1995-10-10,33.583528,33.913048,33.546915,33.913048,360800.000000
1995-10-11,34.032072,34.032072,33.903925,34.022919,228100.000000
1995-10-12,34.050359,34.251732,34.050359,34.233425,199800.000000
1995-10-13,34.389051,34.480585,34.343285,34.343285,488100.000000
1995-10-16,34.242582,34.306655,34.178509,34.178509,443600.000000
1995-10-17,34.215133,34.443966,34.151059,34.407352,146000.000000
1995-10-18,34.572099,34.617866,34.398186,34.508026,228100.000000
1995-10-19,34.489728,34.672794,34.443961,34.672794,500600.000000
1995-10-20,34.645343,34.672803,34.462276,34.462276,748400.000000
1995-10-23,34.297501,34.453108,34.297501,34.389034,533000.000000
1995-10-24,34.434790,34.471403,34.343256,34.425636,172200.000000
1995-10-25,34.453101,34.498867,34.141888,34.141888,302700.000000
1995-10-26,34.196814,34.224274,33.556081,33.830681,606800.000000
1995-10-27,33.794076,34.086983,33.638470,34.086983,905800.000000
1995-10-30,34.169360,34.324966,34.169360,34.306660,488700.000000
1995-10-31,34.398188,34.471415,34.160202,34.160202,508200.000000
1995-11-01,34.141893,34.434799,34.114433,34.434799,415700.000000
1995-11-02,34.379884,34.654484,34.379884,34.654484,326000.000000
1995-11-03,34.700253,34.709406,34.599566,34.700253,615000.000000
1995-11-06,34.691104,34.691104,34.572111,34.581264,311200.000000
1995-11-07,34.562946,34.562946,34.343266,34.453106,358200.000000
1995-11-08,34.498882,34.782635,34.498882,34.764328,357200.000000
1995-11-09,34.901606,34.901606,34.727692,34.892452,503700.000000
1995-11-10,34.700248,34.919927,34.691094,34.874161,795600.000000
1995-11-13,34.810084,34.947383,34.746010,34.837543,818500.000000
1995-11-14,34.773467,34.846694,34.608707,34.608707,341800.000000
1995-11-15,34.645330,34.965696,34.627023,34.956543,584700.000000
1995-11-16,34.956542,35.185375,34.947389,35.148762,577700.000000
1995-11-17,35.203678,35.267752,35.157912,35.258598,267000.000000
1995-11-20,35.313521,35.322675,35.066381,35.075535,448800.000000
1995-11-21,35.112170,35.359310,35.103017,35.359310,119200.000000
1995-11-22,35.331827,35.368440,35.249447,35.249447,351600.000000
1995-11-24,35.286080,35.341000,35.258620,35.341000,62400.000000
1995-11-27,35.414209,35.524049,35.350136,35.350136,273000.000000
1995-11-28,35.322668,35.725414,35.240288,35.725414,479000.000000
1995-11-29,35.789472,35.789472,35.643019,35.762012,549200.000000
1995-11-30,35.762056,35.853589,35.643063,35.679676,286200.000000
1995-12-01,35.725414,35.780334,35.643034,35.725414,465200.000000
1995-12-04,35.807804,36.164783,35.762037,36.164783,631700.000000
1995-12-05,36.128152,36.439365,36.100692,36.402752,567700.000000
1995-12-06,36.494284,36.631583,36.320371,36.485130,272800.000000
1995-12-07,36.439380,36.485147,36.265467,36.292927,289700.000000
1995-12-08,36.448524,36.457678,36.183078,36.411911,296900.000000
1995-12-11,36.485152,36.640758,36.411925,36.567532,186500.000000
1995-12-12,36.402771,36.530918,36.402771,36.457691,299400.000000
1995-12-13,36.503449,36.732282,36.503449,36.686516,390700.000000
1995-12-14,36.723141,36.787215,36.329548,36.421082,395000.000000
1995-12-15,36.471254,36.471254,36.305475,36.434414,416700.000000
1995-12-18,36.112046,36.112046,35.725230,35.734440,862300.000000
1995-12-19,35.752870,36.158106,35.706821,36.112057,1022600.000000
1995-12-20,36.222592,36.259432,35.762096,35.762096,1349800.000000
1995-12-21,35.973900,36.056789,35.808121,35.946270,857600.000000
1995-12-22,36.139707,36.176546,36.038398,36.075237,332800.000000
1995-12-26,36.222592,36.268641,36.148912,36.250221,432200.000000
1995-12-27,36.342319,36.342319,36.167331,36.231800,151800.000000
1995-12-28,36.158110,36.342309,36.102851,36.194950,256200.000000
1995-12-29,36.231787,36.268627,36.102849,36.240997,339200.000000
1996-01-02,36.194934,36.627800,36.158095,36.627800,514400.000000
1996-01-03,36.747538,36.839637,36.544920,36.729118,610300.000000
1996-01-04,36.775184,36.913333,36.084441,36.379158,1129700.000000
1996-01-05,36.139684,36.397561,36.056794,36.305462,302400.000000
1996-01-08,36.434409,36.489668,36.388359,36.443619,179900.000000
1996-01-09,36.554141,36.581771,35.734459,35.817348,415500.000000
1996-01-10,35.771297,35.844976,35.154233,35.347641,787700.000000
1996-01-11,35.402914,35.559483,35.237136,35.559483,513200.000000
1996-01-12,35.651582,35.660791,35.172666,35.504223,390400.000000
1996-01-15,35.513424,35.633152,35.283176,35.430534,154200.000000
1996-01-16,35.605518,35.891025,35.301591,35.863396,454600.000000
1996-01-17,35.780506,36.029174,35.633147,35.752876,407600.000000
1996-01-18,35.891036,35.900246,35.587108,35.872616,425600.000000
1996-01-19,35.872599,36.204156,35.835759,36.112057,169800.000000
1996-01-22,36.084433,36.204162,36.019964,36.121273,288200.000000
1996-01-23,36.102850,36.204159,36.029170,36.204159,362200.000000
1996-01-24,36.259413,36.572550,36.240993,36.498871,1506500.000000
1996-01-25,36.526506,36.544926,36.323888,36.369938,298400.000000
1996-01-26,36.342316,36.701502,36.296266,36.683083,726300.000000
1996-01-29,36.655464,36.830452,36.627834,36.830452,254800.000000
1996-01-30,36.904116,37.217253,36.858066,37.143574,272100.000000
1996-01-31,37.134358,37.539594,37.115938,37.530384,498000.000000
1996-02-01,37.493541,37.668530,37.465912,37.668530,373900.000000
1996-02-02,37.650127,37.733016,37.429089,37.511978,496200.000000
1996-02-05,37.447499,37.871155,37.392239,37.815895,295300.000000
1996-02-06,37.834298,38.211904,37.779038,38.175064,301600.000000
1996-02-07,38.165874,38.396122,38.129035,38.396122,585100.000000
1996-02-08,38.340860,38.847406,38.267181,38.810566,1526600.000000
1996-02-09,38.792170,39.123727,38.617182,38.801380,804600.000000
1996-02-12,38.875035,39.271061,38.838196,39.096073,626500.000000
1996-02-13,38.930298,39.307905,38.902668,39.013187,1045900.000000
1996-02-14,38.985538,39.114477,38.653982,38.672401,431400.000000
1996-02-15,38.589533,38.847410,38.386915,38.432964,889500.000000
1996-02-16,38.359283,38.451382,38.156665,38.276394,606100.000000
1996-02-20,37.981678,38.092197,37.650121,37.898788,492300.000000
1996-02-21,37.972455,38.396110,37.972455,38.368481,434000.000000
1996-02-22,38.580334,39.096089,38.552704,38.976360,721400.000000
1996-02-23,39.197402,39.261871,38.506658,38.865845,1430400.000000
1996-02-26,38.755316,38.838205,38.294820,38.313240,1408400.000000
1996-02-27,38.405328,38.414538,38.018512,38.193501,601000.000000
1996-02-28,38.497444,38.746111,38.018528,38.018528,865900.000000
1996-02-29,37.797478,38.285604,37.650120,37.650120,914300.000000
1996-03-01,38.101394,38.248753,37.493540,38.248753,1452600.000000
1996-03-04,38.331643,38.700039,38.202704,38.469791,652600.000000
1996-03-05,38.377690,38.828976,38.359270,38.828976,402000.000000
1996-03-06,38.773731,38.884250,38.488224,38.488224,624700.000000
1996-03-07,38.561893,38.700041,38.451374,38.681622,534200.000000
1996-03-08,37.834336,38.239573,36.544948,37.429100,2289900.000000
1996-03-11,37.281718,37.917202,37.171199,37.861942,1511400.000000
1996-03-12,37.613268,37.751417,37.079094,37.567219,1385300.000000
1996-03-13,37.815901,37.981680,37.604073,37.825111,1019300.000000
1996-03-14,37.880379,38.202726,37.861959,37.990898,725600.000000
1996-03-15,37.928340,38.085604,37.743324,37.965343,869200.000000
1996-03-18,38.316902,38.696186,38.233645,38.696186,917600.000000
1996-03-19,39.038472,39.038472,38.483423,38.612934,858300.000000
1996-03-20,38.797921,38.797921,38.270624,38.566650,744300.000000
1996-03-21,38.612918,38.631419,38.344644,38.474155,650800.000000
1996-03-22,38.492644,38.677660,38.446390,38.575901,344500.000000
1996-03-25,38.927430,38.964433,38.400133,38.501892,802400.000000
1996-03-26,38.437141,38.788672,38.400137,38.686913,969400.000000
1996-03-27,38.742397,38.770150,38.298358,38.335361,809600.000000
1996-03-28,38.196623,38.501900,38.187372,38.483398,1001300.000000
1996-03-29,38.594404,38.594404,38.113362,38.298378,457700.000000
1996-04-01,38.483386,38.751660,38.363125,38.742409,773400.000000
1996-04-02,38.788684,38.816437,38.659173,38.816437,638800.000000
1996-04-03,38.677674,38.844189,38.585166,38.816437,288000.000000
1996-04-04,38.816418,38.908926,38.779415,38.788666,934900.000000
1996-04-08,37.817346,38.122623,37.650832,38.122623,2217200.000000
1996-04-09,38.270636,38.270636,37.900603,37.974609,1180900.000000
1996-04-10,37.909867,38.076382,37.151299,37.299313,939500.000000
1996-04-11,37.391803,37.576819,36.781249,37.253040,1276000.000000
1996-04-12,37.512054,37.780328,37.401044,37.724823,411300.000000
1996-04-15,37.919084,38.085599,37.798824,38.039345,484200.000000
1996-04-16,38.113361,38.279875,38.030103,38.150364,429700.000000
1996-04-17,38.113359,38.224368,37.798831,38.057854,525300.000000
1996-04-18,38.150380,38.233637,37.946862,38.113377,818600.000000
1996-04-19,38.298368,38.400127,38.141104,38.205860,885100.000000
1996-04-22,38.557397,38.649905,38.242869,38.501892,828900.000000
1996-04-23,38.437146,38.649914,38.353888,38.622162,225400.000000
1996-04-24,38.816428,38.816428,38.400141,38.483398,699000.000000
1996-04-25,38.566668,38.816440,38.335397,38.659176,475500.000000
1996-04-26,38.760910,38.964428,38.622148,38.742409,563300.000000
1996-04-29,38.575894,38.816415,38.575894,38.742409,219900.000000
1996-04-30,38.742421,38.816427,38.557404,38.714668,184400.000000
1996-05-01,38.705431,38.955203,38.649926,38.797939,561900.000000
1996-05-02,38.492660,38.705429,37.946862,38.131878,1299600.000000
1996-05-03,38.353891,38.474152,37.743337,38.076366,1329300.000000
1996-05-06,38.224361,38.224361,37.706316,38.039345,647500.000000
1996-05-07,38.039363,38.039363,37.752588,37.882099,582100.000000
1996-05-08,37.697081,38.353889,37.345550,38.353889,1694700.000000
1996-05-09,38.224386,38.520412,38.187383,38.326145,593400.000000
1996-05-10,38.705418,38.834929,38.520401,38.705418,925100.000000
1996-05-13,38.797911,39.454719,38.760908,39.288204,867500.000000
1996-05-14,39.445486,39.630503,39.408483,39.528744,632300.000000
1996-05-15,39.537999,39.852527,39.454742,39.482494,466100.000000
1996-05-16,39.260473,39.630506,39.241971,39.565750,514400.000000
1996-05-17,39.667509,39.843274,39.667509,39.778519,427700.000000
1996-05-20,40.056034,40.111539,39.658249,40.046783,788500.000000
1996-05-21,40.111536,40.185543,39.963523,39.991276,352700.000000
1996-05-22,40.037534,40.370564,39.898772,40.370564,1218100.000000
1996-05-23,40.426079,40.518587,39.982040,40.204060,967900.000000
1996-05-24,40.241056,40.453825,40.222554,40.361317,659100.000000
1996-05-28,40.481574,40.481574,39.852518,39.954277,456400.000000
1996-05-29,40.037520,40.074524,39.556478,39.685989,649600.000000
1996-05-30,39.630492,40.093033,39.519482,39.889515,895800.000000
1996-05-31,39.880281,40.046796,39.593506,39.593506,923500.000000
1996-06-03,39.602755,39.732266,39.491745,39.704514,503100.000000
1996-06-04,39.889536,40.019048,39.815529,39.982044,627100.000000
1996-06-05,40.000554,40.379838,39.917297,40.333584,428000.000000
1996-06-06,40.555586,40.555586,39.963534,40.037540,523300.000000
1996-06-07,39.186465,40.046791,39.186465,40.037540,1422800.000000
1996-06-10,39.982034,40.102295,39.843272,39.908028,548800.000000
1996-06-11,40.056030,40.278050,39.871014,39.871014,688700.000000
1996-06-12,40.000523,40.102282,39.732249,39.797005,1120600.000000
1996-06-13,39.889513,39.945018,39.565734,39.797005,1502000.000000
1996-06-14,39.815525,39.815525,39.500997,39.630508,1468200.000000
1996-06-17,39.648991,39.797005,39.500978,39.602737,1101000.000000
1996-06-18,39.574991,39.686001,39.269714,39.278965,718000.000000
1996-06-19,39.463963,39.667481,39.325201,39.454712,552100.000000
1996-06-20,39.491735,39.621246,39.186458,39.426979,1234400.000000
1996-06-21,39.617301,39.766098,39.505703,39.766098,573300.000000
1996-06-24,39.859096,40.007893,39.784697,39.840496,416500.000000
1996-06-25,39.952100,39.979999,39.747503,39.794003,454400.000000
1996-06-26,39.747500,39.831198,39.515004,39.524303,838200.000000
1996-06-27,39.524293,39.905586,39.375495,39.803288,1090500.000000
1996-06-28,39.970668,40.175264,39.859070,39.942768,1060800.000000
1996-07-01,40.045092,40.296188,39.989293,40.286888,471300.000000
1996-07-02,40.249682,40.258982,40.072986,40.138084,389400.000000
1996-07-03,40.119485,40.175284,39.914889,40.054386,308300.000000
1996-07-05,39.356901,39.542897,38.910509,39.031406,842900.000000
1996-07-08,39.059307,39.273203,38.761712,38.873310,942000.000000
1996-07-09,39.050006,39.170904,38.910509,39.031406,716300.000000
1996-07-10,39.022113,39.189510,38.640820,39.189510,1132300.000000
1996-07-11,39.022087,39.096486,38.017705,38.398998,1587400.000000
1996-07-12,38.464125,38.631522,38.138631,38.426926,1312000.000000
1996-07-15,38.519914,38.519914,37.292336,37.292336,1951300.000000
1996-07-16,37.403941,37.794534,35.934567,37.385342,4141000.000000
1996-07-17,37.943328,38.092125,37.496936,37.831730,1340500.000000
1996-07-18,37.943323,38.417615,37.692228,38.352516,1432500.000000
1996-07-19,38.259514,38.315313,37.868921,38.073517,1216000.000000
1996-07-22,37.813140,37.943338,37.506245,37.794540,519800.000000
1996-07-23,37.850342,38.054938,37.245852,37.310951,1479800.000000
1996-07-24,36.864551,37.608538,36.678554,37.385342,2463400.000000
1996-07-25,37.757326,37.831725,37.571330,37.720127,1989800.000000
1996-07-26,37.831726,37.980524,37.729428,37.924725,642300.000000
1996-07-29,37.868915,37.924714,37.459723,37.506222,1297900.000000
1996-07-30,37.757329,37.906126,37.459734,37.868927,1868200.000000
1996-07-31,37.896819,38.250213,37.803821,38.147915,767100.000000
1996-08-01,38.185111,38.919798,38.129312,38.780300,1168600.000000
1996-08-02,39.282508,39.635902,39.133710,39.617302,1098500.000000
1996-08-05,39.626576,39.635876,39.263883,39.384781,710200.000000
1996-08-06,39.375509,39.589405,39.161613,39.505707,640000.000000
1996-08-07,39.654516,39.728915,39.356921,39.608017,917800.000000
1996-08-08,39.617299,39.617299,39.394103,39.542900,925100.000000
1996-08-09,39.682384,39.738183,39.319691,39.412689,648800.000000
1996-08-12,39.431305,39.793999,39.282508,39.701000,764200.000000
1996-08-13,39.626576,39.654476,39.282483,39.384781,805200.000000
1996-08-14,39.394106,39.561503,39.282508,39.524303,533800.000000
1996-08-15,39.421994,39.654490,39.403395,39.449894,632600.000000
1996-08-16,39.561502,39.803298,39.561502,39.784698,475100.000000
1996-08-19,39.793988,39.831187,39.654490,39.803288,436400.000000
1996-08-20,39.812579,39.821878,39.682381,39.775379,645700.000000
1996-08-21,39.673102,39.766100,39.505705,39.635902,266400.000000
1996-08-22,39.728898,40.082291,39.710298,40.007893,584800.000000
1996-08-23,39.933500,39.998599,39.663805,39.794003,757100.000000
1996-08-26,39.701000,39.747499,39.533603,39.598701,784700.000000
1996-08-27,39.710294,39.784693,39.580097,39.747494,389400.000000
1996-08-28,39.840508,39.877708,39.673111,39.682411,227600.000000
1996-08-29,39.635899,39.635899,39.059309,39.291805,680200.000000
1996-08-30,39.282496,39.291795,38.761705,38.882603,1500900.000000
1996-09-03,38.371119,39.189504,38.315320,39.133705,1782000.000000
1996-09-04,39.133711,39.728900,38.975613,39.170910,930200.000000
1996-09-05,38.984897,39.142994,38.696602,38.696602,616600.000000
1996-09-06,38.836111,39.384802,38.771013,39.245304,804900.000000
1996-09-09,39.394087,39.719581,39.328988,39.710281,719200.000000
1996-09-10,39.654497,39.821894,39.505699,39.691696,669900.000000
1996-09-11,39.617296,39.952090,39.524297,39.914890,713500.000000
1996-09-12,40.026493,40.314787,39.970694,40.193890,713300.000000
1996-09-13,40.658892,40.844889,40.547294,40.807690,2008800.000000
1996-09-16,40.863484,41.161078,40.807685,40.956482,1220200.000000
1996-09-17,40.993689,41.058788,40.612395,40.863491,604700.000000
1996-09-18,40.807672,40.919270,40.603076,40.761173,225500.000000
1996-09-19,40.696077,40.947173,40.640278,40.919273,410000.000000
1996-09-20,41.036364,41.148537,40.905497,41.064407,948400.000000
1996-09-23,40.961607,41.129866,40.774653,41.055084,466800.000000
1996-09-24,41.017672,41.428971,40.868109,41.045715,1269800.000000
1996-09-25,41.242046,41.242046,40.980311,41.073788,1353300.000000
1996-09-26,41.129866,41.391601,40.914869,41.055084,773200.000000
1996-09-27,41.111145,41.111145,40.905495,41.092449,407600.000000
1996-09-30,41.148561,41.316820,41.027041,41.055084,578200.000000
1996-10-01,41.101801,41.307451,40.942891,41.279408,561400.000000
1996-10-02,41.428981,41.634630,41.372895,41.559849,609000.000000
1996-10-03,41.578536,41.597231,41.400929,41.522449,342200.000000
1996-10-04,41.690721,42.083324,41.578549,42.083324,754100.000000
1996-10-07,42.064640,42.251594,42.027249,42.130074,235100.000000
1996-10-08,42.148769,42.288984,41.887033,41.961815,386200.000000
1996-10-09,42.027220,42.102001,41.587878,41.634617,528800.000000
1996-10-10,41.634636,41.793547,41.503768,41.550507,1562200.000000
1996-10-11,41.709386,42.064598,41.709386,42.064598,331300.000000
1996-10-14,42.064630,42.288975,42.055282,42.120716,201600.000000
1996-10-15,42.550678,42.550678,41.849601,42.064598,776900.000000
1996-10-16,42.176794,42.270271,41.840277,42.270271,590100.000000
1996-10-17,42.401138,42.494615,42.204836,42.382442,792500.000000
1996-10-18,42.401139,42.662875,42.307662,42.606789,695800.000000
1996-10-21,42.644186,42.849835,42.438536,42.550709,879200.000000
1996-10-22,42.513326,42.522674,42.232895,42.251591,848900.000000
1996-10-23,42.158089,42.410476,41.989830,42.391781,735900.000000
1996-10-24,42.391809,42.466590,42.008553,42.027248,379300.000000
1996-10-25,42.017860,42.214161,41.952426,42.064598,568300.000000
1996-10-28,42.102001,42.316998,41.765484,41.784180,975400.000000
1996-10-29,41.915067,42.223541,41.700070,42.120716,815900.000000
1996-10-30,42.251594,42.251594,41.933772,41.980511,495400.000000
1996-10-31,42.036578,42.401138,41.989839,42.382442,726300.000000
1996-11-01,42.466564,42.569389,42.036570,42.232872,821300.000000
1996-11-04,42.288972,42.513317,42.195495,42.513317,1608400.000000
1996-11-05,42.653546,42.952672,42.644198,42.756371,764000.000000
1996-11-06,42.831133,43.597644,42.793743,43.578949,1665000.000000
1996-11-07,43.448082,43.850033,43.391996,43.681774,1446300.000000
1996-11-08,43.691135,43.934175,43.522877,43.924828,1355700.000000
1996-11-11,43.821985,43.980895,43.803289,43.878071,655900.000000
1996-11-12,43.999584,44.027627,43.681762,43.747196,719900.000000
1996-11-13,43.793941,44.008938,43.681769,43.943504,481900.000000
1996-11-14,43.784591,44.233280,43.765896,44.233280,558800.000000
1996-11-15,44.345469,44.569814,44.102429,44.289383,2250900.000000
1996-11-18,44.373507,44.420245,44.111771,44.298725,1518200.000000
1996-11-19,44.354826,44.625910,44.289392,44.616562,1029300.000000
1996-11-20,44.607182,44.878265,44.457619,44.691311,730000.000000
1996-11-21,44.747416,44.775460,44.495029,44.625896,653000.000000
1996-11-22,44.691321,45.018491,44.691321,44.971752,965100.000000
1996-11-25,45.018495,45.560661,44.915670,45.541965,2058800.000000
1996-11-26,45.635435,45.878475,45.149355,45.392395,2861800.000000
1996-11-27,45.504567,45.579349,45.252180,45.308266,872000.000000
1996-11-29,45.467203,45.598071,45.383074,45.476551,1073400.000000
1996-12-02,45.420461,45.541982,45.102640,45.495243,1350600.000000
1996-12-03,45.504594,45.813068,44.719387,44.719387,1777800.000000
1996-12-04,44.794147,44.906319,44.326762,44.840885,2365100.000000
1996-12-05,44.775473,44.953080,44.588519,44.719387,1697700.000000
1996-12-06,43.821976,44.719354,43.466763,44.457619,3401800.000000
1996-12-09,44.681990,45.121332,44.616556,45.111984,1864600.000000
1996-12-10,45.205447,45.270880,44.850234,44.896973,1331600.000000
1996-12-11,44.046334,44.644587,43.859380,44.485676,1847900.000000
1996-12-12,44.738051,44.794138,43.635024,43.747196,2540200.000000
1996-12-13,43.709827,44.018301,43.317224,43.859390,1678300.000000
1996-12-16,43.971557,44.083729,43.111569,43.298523,1831100.000000
1996-12-17,43.167646,43.840680,42.999388,43.644379,2023200.000000
1996-12-18,43.896776,44.130469,43.831343,43.990253,1666800.000000
1996-12-19,44.382850,44.943711,44.205243,44.896973,2269300.000000
1996-12-20,45.164569,45.521527,44.939122,44.995483,1543200.000000
1996-12-23,45.145796,45.211551,44.685508,44.882774,1263700.000000
1996-12-24,44.995483,45.211536,44.967302,45.211536,633000.000000
1996-12-26,45.352460,45.587301,45.314886,45.559120,1384300.000000
1996-12-27,45.559117,45.709415,45.390031,45.615479,410400.000000
1996-12-30,45.765790,45.765790,45.183384,45.220959,694100.000000
1996-12-31,45.258528,45.314890,44.394314,44.394314,1378100.000000
1997-01-02,44.713698,44.713698,43.736760,44.507038,2031900.000000
1997-01-03,44.713676,45.164570,44.535197,45.145782,2123200.000000
1997-01-06,45.145799,45.352459,44.676117,44.751266,1374100.000000
1997-01-07,44.751277,45.371257,44.563405,45.296108,939000.000000
1997-01-08,45.540336,45.559124,44.901569,44.901569,1802200.000000
1997-01-09,45.127007,45.615476,45.051858,45.277306,1415700.000000
1997-01-10,44.638534,45.840919,44.638534,45.765770,2369500.000000
1997-01-13,45.991242,45.991242,45.474592,45.700039,1364600.000000
1997-01-14,46.103936,46.526650,45.991213,46.273022,2111200.000000
1997-01-15,46.122715,46.413918,45.916055,46.160290,1583900.000000
1997-01-16,46.310612,46.470304,45.991228,46.348186,1308400.000000
1997-01-17,46.413936,46.742713,46.357574,46.629990,1604000.000000
1997-01-20,46.742717,46.949377,46.573632,46.686356,1889900.000000
1997-01-21,46.517261,47.221784,46.357569,47.062092,2785800.000000
1997-01-22,47.080900,47.400284,46.817878,47.400284,1201600.000000
1997-01-23,47.531783,47.907528,46.235462,46.742718,2601100.000000
1997-01-24,46.817859,46.836646,46.141518,46.141518,2176000.000000
1997-01-27,46.216681,46.432735,45.916085,46.010021,2108500.000000
1997-01-28,46.667561,46.799072,45.690623,46.141518,4376000.000000
1997-01-29,46.216658,46.592403,46.047573,46.592403,1122700.000000
1997-01-30,46.817836,47.212368,46.536027,47.193581,2126300.000000
1997-01-31,47.456621,47.738430,47.118450,47.137238,3208100.000000
1997-02-03,47.325109,47.428439,47.109056,47.278141,755000.000000
1997-02-04,47.343904,47.616319,47.156031,47.569351,654100.000000
1997-02-05,47.635107,47.776011,46.366966,46.676956,2255400.000000
1997-02-06,46.761514,47.015142,46.536067,46.986961,2483100.000000
1997-02-07,47.381483,47.644504,46.761503,47.625717,2321000.000000
1997-02-10,47.644498,47.813583,47.146635,47.174816,1670000.000000
1997-02-11,47.362688,47.719646,46.968156,47.719646,1664300.000000
1997-02-12,47.719651,48.480535,47.653895,48.395992,2675400.000000
1997-02-13,48.583868,49.034763,48.508719,48.922039,1104800.000000
1997-02-14,48.809315,48.978400,48.640229,48.809315,1112900.000000
1997-02-18,48.903250,49.260208,48.546292,49.222633,833100.000000
1997-02-19,49.091107,49.297767,48.790511,48.893841,648100.000000
1997-02-20,48.715375,48.912641,48.189332,48.302055,1193900.000000
1997-02-21,48.339641,48.555695,48.179950,48.320854,1844400.000000
1997-02-24,48.076595,48.922022,48.076595,48.893841,787300.000000
1997-02-25,48.940836,49.015985,48.621452,48.931442,1653900.000000
1997-02-26,48.884454,48.959603,47.869942,48.452347,1597800.000000
1997-02-27,48.583878,48.583878,47.719664,47.729057,1813100.000000
1997-02-28,47.644512,48.020257,47.531788,47.588150,2961200.000000
1997-03-03,47.343914,47.945106,47.306339,47.907532,1210400.000000
1997-03-04,48.039029,48.170540,47.550561,47.644497,1478700.000000
1997-03-05,47.926303,48.452347,47.766612,48.452347,1254800.000000
1997-03-06,48.471132,48.640218,48.020238,48.170536,1528500.000000
1997-03-07,48.358396,48.790503,48.245673,48.602631,1859300.000000
1997-03-10,48.659015,49.109909,48.424174,49.109909,1074900.000000
1997-03-11,49.147493,49.175674,48.846897,48.846897,624600.000000
1997-03-12,48.884450,48.903237,48.273864,48.414768,1055600.000000
1997-03-13,48.245709,48.377220,47.531792,47.663303,2514100.000000
1997-03-14,47.879351,48.114192,47.644510,47.907532,1642700.000000
1997-03-17,47.644496,48.114177,47.156027,48.039028,3013500.000000
1997-03-18,48.095392,48.161148,47.325115,47.522381,1352500.000000
1997-03-19,47.400280,47.794812,46.930598,47.362705,1510000.000000
1997-03-20,47.343893,47.494192,46.817850,47.118446,1808200.000000
1997-03-21,47.487479,47.525197,47.280027,47.336605,2810600.000000
1997-03-24,47.374324,48.024966,47.129154,47.996677,2145600.000000
1997-03-25,47.883540,48.260724,47.393201,47.525215,2125800.000000
1997-03-26,47.713807,48.072132,47.487496,47.732666,1335300.000000
1997-03-27,47.902405,47.902405,45.959906,46.469105,2898500.000000
1997-03-31,46.412551,46.544566,45.413012,45.488449,4270700.000000
1997-04-01,45.412977,45.978753,45.290392,45.780731,3210900.000000
1997-04-02,45.639281,45.827874,44.922632,44.960350,2672700.000000
1997-04-03,44.922659,45.337562,44.771785,45.205547,2284200.000000
1997-04-04,44.960352,45.780727,44.752900,45.771297,3706700.000000
1997-04-07,45.978770,46.242799,45.950481,45.950481,2596200.000000
1997-04-08,45.941055,46.337099,45.771323,46.280521,1822700.000000
1997-04-09,46.469116,46.497405,45.771325,45.903339,2453200.000000
1997-04-10,45.922174,46.195632,45.677004,45.733582,1996500.000000
1997-04-11,45.299815,45.450689,44.281418,44.281418,4221600.000000
1997-04-14,44.498293,44.932054,44.243693,44.875477,3988500.000000
1997-04-15,45.412968,45.648708,44.960347,45.639278,2760400.000000
1997-04-16,45.488423,46.233362,45.412986,46.167355,2273300.000000
1997-04-17,46.167344,46.469092,45.865597,45.978752,1386000.000000
1997-04-18,46.355956,46.459681,46.016490,46.205082,1702100.000000
1997-04-21,46.318242,46.412538,45.545014,45.903339,2809400.000000
1997-04-22,45.931628,46.912308,45.865621,46.912308,3215000.000000
1997-04-23,46.865169,47.091480,46.582281,46.959465,2047700.000000
1997-04-24,47.100874,47.242318,46.393654,46.723690,2689900.000000
1997-04-25,46.506829,46.591695,46.120215,46.186222,1606200.000000
1997-04-28,46.167344,46.959431,46.091907,46.638824,1666500.000000
1997-04-29,47.430913,48.147563,47.251750,48.109844,3197400.000000
1997-04-30,47.826937,48.694461,47.808078,48.336136,3372200.000000
1997-05-01,48.411601,48.600193,47.864684,48.279587,2149500.000000
1997-05-02,48.449327,49.288562,48.317312,49.147118,1448300.000000
1997-05-05,49.279145,50.429558,49.062264,50.316402,3636200.000000
1997-05-06,50.071224,50.372971,49.788335,50.278675,1721100.000000
1997-05-07,50.090076,50.090076,49.128256,49.184834,2327200.000000
1997-05-08,49.071690,50.222102,48.996253,49.524311,2923700.000000
1997-05-09,50.071175,50.165471,49.279089,49.863724,2558200.000000
1997-05-12,50.052322,50.844408,50.014604,50.693535,2357900.000000
1997-05-13,50.655855,50.750151,50.099508,50.486122,1195100.000000
1997-05-14,50.835032,50.995336,50.354122,50.580433,2772000.000000
1997-05-15,50.580391,51.051871,50.401229,50.919857,884100.000000
1997-05-16,50.768967,50.882122,50.090035,50.222050,1934200.000000
1997-05-19,50.278682,50.637007,50.127808,50.372978,1375800.000000
1997-05-20,50.259809,51.108474,49.939203,50.976460,1756400.000000
1997-05-21,51.108462,51.287625,50.486108,50.863293,1208000.000000
1997-05-22,50.919845,50.976423,50.429506,50.693535,907600.000000
1997-05-23,50.919866,51.429064,50.787851,51.165035,644400.000000
1997-05-27,50.919876,51.617667,50.853869,51.372498,1531000.000000
1997-05-28,51.372474,51.570496,51.004720,51.363045,716700.000000
1997-05-29,51.353616,51.447912,50.995291,51.061298,1282700.000000
1997-05-30,50.222090,51.636531,50.165512,51.391361,2143300.000000
1997-06-02,51.504501,51.598797,51.127317,51.165035,1479100.000000
1997-06-03,50.938761,51.561115,50.901042,50.995338,1562100.000000
1997-06-04,51.014180,51.146195,50.740722,50.938744,1063100.000000
1997-06-05,51.051882,51.485644,50.948157,51.127319,1180800.000000
1997-06-06,51.051883,52.164576,51.051883,52.126858,1511100.000000
1997-06-09,52.164566,52.428595,52.107989,52.390877,1823400.000000
1997-06-10,52.409742,52.749207,52.202290,52.551186,1217500.000000
1997-06-11,52.504042,52.749212,52.400316,52.673775,1673800.000000
1997-06-12,53.032097,53.711028,52.843505,53.692169,4273300.000000
1997-06-13,53.748743,54.314520,53.654447,54.144787,2132900.000000
1997-06-16,54.163692,54.314566,53.993959,54.163692,800400.000000
1997-06-17,53.975052,54.455962,53.673305,54.088207,2048100.000000
1997-06-18,53.786484,54.088231,53.692188,53.899639,1971900.000000
1997-06-19,54.078802,54.616289,53.937358,54.455986,2029900.000000
1997-06-20,54.488180,54.734304,54.223123,54.270454,1396900.000000
1997-06-23,54.166302,54.469224,52.916747,52.954613,3991500.000000
1997-06-24,53.465792,54.450289,53.314331,54.298828,4895100.000000
1997-06-25,54.213645,54.677495,53.276479,53.920189,4708900.000000
1997-06-26,53.825499,54.298815,53.124992,53.655106,2569900.000000
1997-06-27,53.901238,54.355622,53.730844,53.863373,2617900.000000
1997-06-30,53.863363,54.204151,53.238586,53.503643,2384900.000000
1997-07-01,53.617267,54.260977,53.551003,54.128448,1749000.000000
1997-07-02,54.260978,55.018284,54.052719,55.018284,1961800.000000
1997-07-03,55.661989,55.832383,55.415865,55.775585,2539100.000000
1997-07-07,55.964894,56.040625,55.075060,55.207588,1158600.000000
1997-07-08,55.283330,55.851310,55.245465,55.785046,3396500.000000
1997-07-09,55.927029,55.964895,54.544946,55.169724,5390300.000000
1997-07-10,55.207615,55.643066,54.819496,55.415874,2072200.000000
1997-07-11,55.491568,55.851288,55.359039,55.605164,2258900.000000
1997-07-14,55.671456,55.927046,55.264404,55.775585,3186400.000000
1997-07-15,55.927061,56.201584,55.415879,56.059589,2983100.000000
1997-07-16,56.419290,57.006202,56.277295,56.797943,2621300.000000
1997-07-17,56.722190,56.835786,56.211009,56.513931,1794800.000000
1997-07-18,56.353006,56.476068,55.169716,55.311710,3961900.000000
1997-07-21,55.302265,55.491591,54.942545,55.321198,3810300.000000
1997-07-22,55.548405,56.826359,55.510540,56.788494,4243400.000000
1997-07-23,56.911555,57.242877,56.665431,56.741161,3204300.000000
1997-07-24,56.911532,57.110325,56.154226,57.006195,4152700.000000
1997-07-25,57.290205,57.441666,56.722225,56.968349,2364800.000000
1997-07-28,57.100875,57.290201,56.646491,56.930481,2794700.000000
1997-07-29,56.722219,57.233400,56.599157,57.119804,2737100.000000
1997-07-30,57.252333,57.933909,57.195535,57.801380,4839800.000000
1997-07-31,57.801396,58.180049,57.574204,57.744598,2138700.000000
1997-08-01,57.858129,57.990657,56.835767,57.517342,7077700.000000
1997-08-04,57.422707,57.886556,57.195515,57.668831,2339500.000000
1997-08-05,57.612089,57.971810,57.498493,57.706753,1466700.000000
1997-08-06,57.820299,58.482942,57.593107,58.180019,2478200.000000
1997-08-07,58.464039,58.539770,57.631002,57.744598,3641900.000000
1997-08-08,57.138734,57.403792,55.983843,56.570755,7113100.000000
1997-08-11,56.797948,57.119803,56.116372,56.987274,6355900.000000
1997-08-12,57.081929,57.280722,56.021701,56.078499,6132500.000000
1997-08-13,56.760073,56.854736,55.415855,55.908104,6982300.000000
1997-08-14,56.400346,56.532874,55.567309,56.116356,3462700.000000
1997-08-15,55.813442,55.813442,54.298830,54.393494,4907100.000000
1997-08-18,54.753195,55.605164,54.128418,55.605164,5638900.000000
1997-08-19,55.870229,56.286748,55.453711,56.248882,3802800.000000
1997-08-20,56.305678,57.138714,56.106885,57.100849,3564600.000000
1997-08-21,57.025150,57.100881,55.794528,56.097450,5392600.000000
1997-08-22,55.131867,56.182628,54.866809,56.078499,8087800.000000
1997-08-25,56.211058,56.589711,55.643078,55.870270,3888000.000000
1997-08-26,55.737734,56.078522,54.952029,55.046692,4290000.000000
1997-08-27,55.131859,55.718771,54.772138,55.377983,5484300.000000
1997-08-28,55.245486,55.699869,54.526045,54.535511,4287900.000000
1997-08-29,54.601732,55.198110,54.355607,54.753193,2652300.000000
1997-09-02,54.942522,56.561263,54.885724,56.532864,7294000.000000
1997-09-03,56.523417,56.949402,56.192096,56.229961,2812500.000000
1997-09-04,56.381398,56.778983,56.192071,56.589657,2473700.000000
1997-09-05,56.930487,57.214477,56.097451,56.428772,3663300.000000
1997-09-08,56.779033,56.949427,56.532909,56.674904,803500.000000
1997-09-09,56.476090,57.119800,56.286763,56.703281,1885200.000000
1997-09-10,56.419292,56.646483,55.529457,55.529457,3623700.000000
1997-09-11,55.605158,55.680888,54.677458,55.245438,7055900.000000
1997-09-12,55.737703,56.324615,55.093993,56.135288,6708000.000000
1997-09-15,56.135271,56.532856,55.851281,56.040607,2060500.000000
1997-09-16,56.532876,57.725632,56.362482,57.441643,6979000.000000
1997-09-17,57.782430,57.858161,57.252316,57.441643,2220000.000000
1997-09-18,57.555261,58.388298,57.536329,57.687790,5045400.000000
1997-09-19,57.557371,57.984919,57.405355,57.785397,1566400.000000
1997-09-22,58.070413,58.497961,57.899394,58.108418,3259000.000000
1997-09-23,58.108395,58.193904,57.614340,57.842365,1872800.000000
1997-09-24,57.994355,58.440904,57.329283,57.367287,2793100.000000
1997-09-25,57.310330,57.614364,56.930288,56.968292,6327800.000000
1997-09-26,57.424338,57.652363,57.272321,57.443340,3995800.000000
1997-09-29,57.462326,58.108397,57.253303,57.994385,2065000.000000
1997-09-30,57.766372,58.184418,57.386330,57.386330,4137600.000000
1997-10-01,57.918379,58.260417,57.633348,58.146404,3567500.000000
1997-10-02,58.089399,58.488443,57.956384,58.469440,2577500.000000
1997-10-03,59.267529,59.438548,57.975386,58.763973,6499900.000000
1997-10-06,59.172547,59.353067,58.925520,59.153545,2272100.000000
1997-10-07,59.305561,59.894626,59.106039,59.704605,1832800.000000
1997-10-08,59.809091,59.818592,58.820982,59.286533,4439400.000000
1997-10-09,58.849478,59.353034,58.507440,59.077503,3607600.000000
1997-10-10,58.564472,58.973017,58.526467,58.906509,2858100.000000
1997-10-13,59.191530,59.315044,58.811488,58.963505,1760300.000000
1997-10-14,59.267480,59.286482,58.488395,58.982449,2235700.000000
1997-10-15,58.564452,59.020502,58.545450,58.849483,2601700.000000
1997-10-16,59.172550,59.286563,57.766394,57.918411,9488100.000000
1997-10-17,57.775884,57.994408,56.550248,57.329334,8151300.000000
1997-10-20,57.671352,58.222413,57.253306,58.146404,3636400.000000
1997-10-21,58.507435,59.286521,58.393422,59.277020,5225400.000000
1997-10-22,59.191538,59.220041,58.697484,58.887505,4485200.000000
1997-10-23,57.728336,58.222391,57.329293,57.728336,8054100.000000
1997-10-24,58.469459,58.469459,56.958792,57.158314,6778700.000000
1997-10-27,56.559741,57.120303,52.806827,53.015850,10840700.000000
1997-10-28,51.305679,56.474251,51.305679,56.075207,19548000.000000
1997-10-29,56.246219,57.006303,55.505137,55.923183,10134400.000000
1997-10-30,55.106084,56.284214,54.574025,54.688038,9772900.000000
1997-10-31,55.828162,56.246208,54.992070,55.980179,7072700.000000
1997-11-03,56.664259,57.386339,56.474238,57.158314,5548500.000000
1997-11-04,57.082305,57.424343,56.721265,57.158314,3455700.000000
1997-11-05,57.272293,57.937366,57.063270,57.348301,4774900.000000
1997-11-06,57.177270,57.367291,56.854234,57.129765,3679800.000000
1997-11-07,56.170200,56.702259,55.600137,56.512238,10606800.000000
1997-11-10,56.930300,57.063314,55.942190,56.170216,4347900.000000
1997-11-11,56.360205,56.588230,55.961161,56.189186,3212400.000000
1997-11-12,55.714154,56.379228,54.954070,55.030079,6775300.000000
1997-11-13,55.619129,56.037175,54.783037,55.828152,8589600.000000
1997-11-14,56.132199,56.787771,55.704652,56.588249,5827900.000000
1997-11-17,57.386297,57.956359,57.177274,57.633324,5149900.000000
1997-11-18,57.652350,57.823369,57.091788,57.272308,3433600.000000
1997-11-19,56.968293,57.804385,56.398230,57.557358,4387900.000000
1997-11-20,57.956386,58.697468,57.937384,58.431438,4822700.000000
1997-11-21,58.754444,58.868456,58.165379,58.830452,5436500.000000
1997-11-24,58.374424,58.583447,57.538332,57.766357,4337200.000000
1997-11-25,58.146436,58.260449,57.557371,57.918411,4525000.000000
1997-11-26,58.298413,58.364920,57.956375,58.089390,2681100.000000
1997-11-28,58.222413,58.526446,58.127402,58.146404,1564700.000000
1997-12-01,58.507453,59.647579,58.393441,59.647579,4850900.000000
1997-12-02,59.400546,59.581066,59.134517,59.286533,1974900.000000
1997-12-03,59.362597,59.913658,58.906546,59.457607,3302500.000000
1997-12-04,59.894617,60.027632,59.210541,59.400562,2872500.000000
1997-12-05,59.210551,60.198660,59.058534,60.160656,3458800.000000
1997-12-08,60.179626,60.198628,59.742578,59.989605,2289200.000000
1997-12-09,59.723573,59.951598,59.362534,59.628563,1703000.000000
1997-12-10,59.324544,59.495562,58.659470,59.115520,3558400.000000
1997-12-11,58.564468,58.735487,57.956401,58.108418,5072800.000000
1997-12-12,58.640474,58.678478,57.709371,58.222427,4478400.000000
1997-12-15,58.526435,59.048992,58.298410,58.811466,4674700.000000
1997-12-16,59.115502,59.476542,58.906479,59.172508,2885800.000000
1997-12-17,59.495604,59.514606,58.802027,58.868534,2236300.000000
1997-12-18,58.944530,58.944530,57.899414,58.298458,4658300.000000
1997-12-19,57.710080,58.530421,56.393718,57.862701,8556000.000000
1997-12-22,58.263308,58.549474,57.729132,58.234692,5136800.000000
1997-12-23,58.263356,58.377822,57.099615,57.195004,4436500.000000
1997-12-24,57.652815,57.652815,56.927862,57.023251,2019200.000000
1997-12-26,57.462056,57.462056,57.023269,57.252201,941800.000000
1997-12-29,57.748243,58.435041,57.652854,58.377808,2080000.000000
1997-12-30,58.568561,59.369825,58.511328,59.293514,3616000.000000
1997-12-31,59.140886,59.598751,59.026420,59.255352,4359500.000000
1998-01-02,59.408017,59.617872,58.931074,59.560638,2360900.000000
1998-01-05,59.732285,60.094762,59.083643,59.694130,4191800.000000
1998-01-06,59.369837,59.388915,58.721195,58.740273,3154900.000000
1998-01-07,58.663958,59.045513,58.129783,58.892891,4424200.000000
1998-01-08,58.797517,58.797517,58.225186,58.377808,3831000.000000
1998-01-09,58.148853,58.301475,56.107539,56.355549,10258800.000000
1998-01-12,55.630608,57.500224,55.497064,57.385757,12097900.000000
1998-01-13,57.767313,58.225179,57.519303,58.187023,5224900.000000
1998-01-14,58.415931,58.587630,57.824522,58.454086,3770400.000000
1998-01-15,58.301465,58.454087,57.881756,57.967606,2875400.000000
1998-01-16,58.759341,59.026429,58.396865,58.797497,4374800.000000
1998-01-20,59.026439,59.837242,58.911973,59.751392,5091700.000000
1998-01-21,59.350769,59.636935,58.702127,59.179070,4699400.000000
1998-01-22,58.702079,59.140866,58.530380,58.654385,4543400.000000
1998-01-23,58.911953,59.083652,57.996223,58.568554,6350300.000000
1998-01-26,58.835646,59.055040,58.244238,58.530403,4362900.000000
1998-01-27,58.492262,59.522458,58.396873,59.121826,7044200.000000
1998-01-28,59.465217,59.894466,59.331673,59.655994,4268600.000000
1998-01-29,59.732298,60.781572,59.560599,59.980309,8007700.000000
1998-01-30,60.304644,60.419110,59.827701,60.018478,3649100.000000
1998-02-02,60.991417,61.353893,60.896028,61.010494,5756300.000000
1998-02-03,61.048686,61.544706,60.876986,61.468395,2759600.000000
1998-02-04,61.220371,61.754547,61.010517,61.392071,3374000.000000
1998-02-05,61.849902,62.021601,61.067716,61.353882,5076200.000000
1998-02-06,61.659141,62.040695,61.468364,62.040695,5701200.000000
1998-02-09,62.097929,62.117007,61.487442,61.830841,2322200.000000
1998-02-10,61.926229,62.555793,61.773607,62.422249,3660400.000000
1998-02-11,62.326858,62.479479,62.088386,62.365013,4073200.000000
1998-02-12,62.097950,62.841981,61.582852,62.632126,5024700.000000
1998-02-13,62.384108,62.584424,62.193331,62.269642,2101300.000000
1998-02-17,62.765652,62.937351,62.365020,62.574875,3055500.000000
1998-02-18,62.460434,63.175849,62.441357,63.147232,3007400.000000
1998-02-19,63.032744,63.128133,62.727501,62.813351,3387800.000000
1998-02-20,62.975522,63.318921,62.498579,63.280766,3707000.000000
1998-02-23,63.643225,63.643225,63.089972,63.528759,3227800.000000
1998-02-24,63.433381,63.547847,62.841972,63.032749,3386800.000000
1998-02-25,63.337999,64.024796,63.261688,63.814941,3481800.000000
1998-02-26,63.757727,64.234670,63.605105,64.177437,3187600.000000
1998-02-27,64.082048,64.425447,63.814960,64.177437,3442900.000000
1998-03-02,64.253716,64.558959,63.872162,64.043861,4252300.000000
1998-03-03,63.814963,64.482683,63.814963,64.406372,3349200.000000
1998-03-04,64.158352,64.349129,63.757720,63.986652,4404100.000000
1998-03-05,63.185367,63.757698,62.975512,63.395222,7268000.000000
1998-03-06,63.834012,64.673431,63.757701,64.673431,6896300.000000
1998-03-09,64.425449,64.845159,64.253750,64.444527,3362800.000000
1998-03-10,64.845107,65.226661,64.673408,65.054962,5481900.000000
1998-03-11,65.302996,65.512851,65.188530,65.360229,3439600.000000
1998-03-12,65.379317,65.684560,65.016840,65.627327,3191300.000000
1998-03-13,65.837183,65.932572,65.245774,65.379318,2879400.000000
1998-03-16,65.837195,66.161516,65.646418,66.085205,3223600.000000
1998-03-17,66.123303,66.275925,65.722671,66.275925,4581900.000000
1998-03-18,66.085162,66.523949,65.951618,66.523949,1944100.000000
1998-03-19,66.523964,66.771974,66.333187,66.695663,2554800.000000
1998-03-20,67.078633,67.461284,66.657718,67.269958,3123300.000000
1998-03-23,67.174295,67.537813,66.982970,67.116898,4453100.000000
1998-03-24,67.384744,67.843925,67.308214,67.690865,3333600.000000
1998-03-25,68.207463,68.283993,66.849053,67.442162,4597600.000000
1998-03-26,67.269965,67.805676,67.116905,67.403893,3333500.000000
1998-03-27,67.805668,67.824801,66.734247,67.116898,2611300.000000
1998-03-30,67.116916,67.403904,66.715133,67.078651,3108700.000000
1998-03-31,67.442155,68.073529,67.193432,67.308228,5926500.000000
1998-04-01,67.537791,68.006538,66.982948,67.853477,2929000.000000
1998-04-02,67.920472,68.724038,67.805677,68.590111,3920900.000000
1998-04-03,68.781441,69.068429,68.475321,68.934502,3787600.000000
1998-04-06,69.336280,69.412810,68.379654,68.379654,4550500.000000
1998-04-07,68.417902,68.532697,67.442143,67.920456,5583700.000000
1998-04-08,68.092639,68.130904,67.193411,67.537796,4854800.000000
1998-04-09,67.690874,68.130922,67.671741,68.073524,4481200.000000
1998-04-13,68.188300,68.188300,67.346469,67.882179,4350200.000000
1998-04-14,68.035299,68.456215,67.901371,68.456215,3279100.000000
1998-04-15,68.551859,68.647522,68.054414,68.647522,3867200.000000
1998-04-16,68.150046,68.264841,67.652600,67.843925,7177900.000000
1998-04-17,67.786508,68.838796,67.614315,68.743134,5688800.000000
1998-04-20,68.570939,68.915324,68.494409,68.723999,3688300.000000
1998-04-21,68.838790,69.278838,68.513537,69.049248,4573200.000000
1998-04-22,69.106688,69.451074,69.068423,69.240616,2386100.000000
1998-04-23,68.953619,69.183209,68.417908,68.570969,5062000.000000
1998-04-24,68.417901,68.857949,67.556938,67.843925,11039700.000000
1998-04-27,66.963825,67.155150,65.892404,66.562042,14510200.000000
1998-04-28,67.212530,67.231663,66.198507,66.466362,6511400.000000
1998-04-29,66.753375,67.327351,66.389857,66.925568,7703100.000000
1998-04-30,67.690899,68.523164,67.595236,68.169212,8684500.000000
1998-05-01,68.417923,68.934502,68.150068,68.934502,4008800.000000
1998-05-04,69.011006,69.374524,68.666621,68.762283,4537200.000000
1998-05-05,68.570985,68.666647,68.035274,68.283997,5146400.000000
1998-05-06,68.647492,68.647492,67.461275,67.480408,5526100.000000
1998-05-07,67.652613,67.690878,66.944710,66.944710,6940400.000000
1998-05-08,67.346477,68.188308,67.346477,68.035248,7951000.000000
1998-05-11,68.303133,68.704916,67.576097,67.805687,6336300.000000
1998-05-12,67.843944,68.551847,67.556956,68.532715,6045200.000000
1998-05-13,68.609240,68.915360,68.322252,68.704903,4441500.000000
1998-05-14,68.283951,68.991854,68.169156,68.360481,4187500.000000
1998-05-15,68.570937,68.704865,67.843901,67.977829,6716100.000000
1998-05-18,67.786529,68.322240,67.241252,67.709999,4847200.000000
1998-05-19,67.958754,68.379670,67.824827,68.169212,5918700.000000
1998-05-20,68.628392,68.877115,67.882223,68.819717,5716600.000000
1998-05-21,68.800570,69.049292,68.150064,68.379654,6301500.000000
1998-05-22,68.417914,68.609239,67.920468,68.111794,4862200.000000
1998-05-26,68.628388,68.628388,66.849063,67.021255,6899300.000000
1998-05-27,66.447259,67.289090,65.863717,67.116898,10202600.000000
1998-05-28,67.269952,67.576072,66.772506,67.423012,4907600.000000
1998-05-29,67.729115,67.843910,66.753357,66.753357,4772600.000000
1998-06-01,66.715109,67.480410,66.466386,67.059494,6092200.000000
1998-06-02,67.346488,67.556946,66.829910,67.116898,6701100.000000
1998-06-03,67.269968,67.461294,66.045486,66.045486,6445100.000000
1998-06-04,66.275067,67.384754,66.160272,67.269958,6566300.000000
1998-06-05,67.576077,68.570969,67.269957,68.570969,8463200.000000
1998-06-08,68.532680,68.857933,68.360488,68.494415,4159900.000000
1998-06-09,68.398782,68.829264,68.207457,68.704903,2725300.000000
1998-06-10,68.341354,69.221450,68.111764,68.264824,6186900.000000
1998-06-11,68.226609,68.494464,66.963862,66.982994,8056600.000000
1998-06-12,67.269926,67.614311,66.275035,67.614311,9779000.000000
1998-06-15,66.619471,67.289110,65.815905,65.835037,10234200.000000
1998-06-16,66.370754,66.868200,65.968971,66.849068,7471500.000000
1998-06-17,67.442131,68.437022,67.308204,68.245697,12057700.000000
1998-06-18,68.073526,68.226586,67.805670,67.939598,3844600.000000
1998-06-19,68.213394,68.318958,67.330497,67.599205,3549100.000000
1998-06-22,67.714311,68.213339,67.599150,67.925438,5438300.000000
1998-06-23,68.232577,68.827573,68.174997,68.731606,5004600.000000
1998-06-24,68.885141,69.825618,68.549257,69.652878,8291900.000000
1998-06-25,69.959975,70.286263,69.288205,69.537720,5854800.000000
1998-06-26,69.595309,69.921597,69.480149,69.825630,4833100.000000
1998-06-29,70.171086,70.439794,69.892782,70.075119,5953400.000000
1998-06-30,69.959974,70.132714,69.441752,69.595299,4284800.000000
1998-07-01,70.055916,70.593332,69.787209,70.401398,3489500.000000
1998-07-02,70.459008,70.554975,70.171107,70.535782,3503900.000000
1998-07-06,70.497391,71.245934,70.363037,71.245934,3144400.000000
1998-07-07,71.236322,71.322692,70.804470,71.111565,4920700.000000
1998-07-08,71.169165,71.821741,71.092391,71.629807,6875000.000000
1998-07-09,71.418694,71.687402,71.015632,71.149986,6942500.000000
1998-07-10,71.265083,71.821692,70.670088,71.533791,7849700.000000
1998-07-13,71.591365,71.764106,71.284271,71.552979,6555100.000000
1998-07-14,71.821716,72.570258,71.821716,72.359131,6983600.000000
1998-07-15,72.512648,72.647001,72.186360,72.224747,4977500.000000
1998-07-16,72.282398,72.839007,71.898530,72.723846,6315600.000000
1998-07-17,72.858158,73.088478,72.666224,72.819771,3539500.000000
1998-07-20,72.934931,73.232429,72.435903,72.819771,2338400.000000
1998-07-21,73.088450,73.088450,71.418625,71.552979,5518600.000000
1998-07-22,71.457012,71.850476,70.957983,71.552979,10417300.000000
1998-07-23,71.437850,71.610590,69.959957,70.132698,15110900.000000
1998-07-24,70.612534,70.689308,69.326576,70.075119,11540500.000000
1998-07-27,69.787236,70.631746,69.307400,70.574165,9600000.000000
1998-07-28,70.286276,70.420630,68.712416,69.384186,13693000.000000
1998-07-29,69.844813,70.094327,68.942723,69.115463,7462400.000000
1998-07-30,69.787234,70.382230,69.652880,70.151909,6821600.000000
1998-07-31,70.228667,70.324634,68.366907,68.654808,7680500.000000
1998-08-03,68.654791,69.048256,68.194149,68.366890,10486500.000000
1998-08-04,68.923530,68.923530,65.718231,65.718231,15091600.000000
1998-08-05,66.294028,66.869830,64.854522,66.620316,21718400.000000
1998-08-06,66.409167,67.253677,66.063686,66.908195,13084400.000000
1998-08-07,67.368835,67.925443,66.620292,67.023354,12083800.000000
1998-08-10,66.793074,67.349683,66.447592,66.639526,6273000.000000
1998-08-11,65.583846,65.986907,64.796917,65.641426,14287100.000000
1998-08-12,66.178852,66.869814,66.025305,66.754654,11158400.000000
1998-08-13,66.831436,67.349658,65.948540,65.948540,9073900.000000
1998-08-14,66.543533,66.773854,64.969674,65.180801,8628500.000000
1998-08-17,65.104023,66.908203,64.796928,66.562721,11290000.000000
1998-08-18,66.946612,67.925476,66.812259,67.791122,7603900.000000
1998-08-19,68.232559,68.232559,67.330469,67.618370,6258600.000000
1998-08-20,67.368864,67.810312,67.042576,67.215317,7402800.000000
1998-08-21,66.447566,66.773854,64.796933,66.677887,16685400.000000
1998-08-24,67.100121,67.522375,66.524319,67.100121,7201700.000000
1998-08-25,67.791116,68.328531,66.725882,67.253700,9688300.000000
1998-08-26,66.505107,67.330423,66.178819,66.869781,9339700.000000
1998-08-27,65.718229,66.063710,63.549374,63.722115,24887800.000000
1998-08-28,64.470627,64.931269,62.743222,63.491764,23735900.000000
1998-08-31,63.722132,63.885276,58.347977,58.962166,22563100.000000
1998-09-01,59.000520,61.764370,57.503434,61.457275,24748500.000000
1998-09-02,61.303744,62.493735,60.670361,61.015842,13843200.000000
1998-09-03,59.960212,61.035043,59.422797,60.536015,17311300.000000
1998-09-04,61.073420,61.303741,58.808598,60.036976,17783800.000000
1998-09-08,61.956319,63.261471,61.303743,63.261471,14746500.000000
1998-09-09,63.107931,63.338252,61.687619,61.726006,12109700.000000
1998-09-10,60.459244,61.015853,59.461187,60.497631,19889300.000000
1998-09-11,60.305735,62.455399,59.576385,62.455399,20379800.000000
1998-09-14,63.184697,64.153964,62.704862,63.530178,10686800.000000
1998-09-15,63.184675,64.067572,62.820001,63.914024,8337900.000000
1998-09-16,64.336290,64.643385,63.357427,64.489838,11024900.000000
1998-09-17,62.800837,63.280672,62.512935,62.647289,12945200.000000
1998-09-18,63.099674,63.118935,62.309965,62.926323,7019200.000000
1998-09-21,61.404671,63.735275,60.980925,62.887783,8834600.000000
1998-09-22,63.793103,63.889409,62.964871,63.407879,7270100.000000
1998-09-23,64.024221,65.950340,63.966437,65.950340,13688500.000000
1998-09-24,65.526615,65.834794,63.639017,64.332420,11129500.000000
1998-09-25,63.561990,64.977689,63.253811,64.255394,10247400.000000
1998-09-28,64.910228,65.526586,64.255347,64.833183,8847800.000000
1998-09-29,64.948757,65.295458,63.716040,64.679100,10618100.000000
1998-09-30,63.793093,64.293884,62.483332,62.714466,7908400.000000
1998-10-01,61.655106,62.589274,60.460912,60.903919,13335600.000000
1998-10-02,60.942424,62.175141,59.921581,62.078835,14351800.000000
1998-10-05,61.385445,61.616579,59.382280,60.826870,12807200.000000
1998-10-06,62.098104,62.425544,60.114200,60.769081,12621000.000000
1998-10-07,60.788341,61.655095,59.016311,59.863804,14348500.000000
1998-10-08,58.284369,59.632652,56.839779,59.536346,20625000.000000
1998-10-09,59.786762,60.884650,57.976209,60.730560,12708500.000000
1998-10-12,62.021074,62.521865,61.443238,61.616589,9508500.000000
1998-10-13,61.366179,61.886231,60.865388,61.404701,6256800.000000
1998-10-14,60.980958,62.752988,60.923174,61.982540,8176900.000000
1998-10-15,61.712883,66.104437,61.597316,65.314728,20541100.000000
1998-10-16,65.411022,65.796245,64.717618,65.333977,16573900.000000
1998-10-19,65.141386,65.834789,65.025818,65.565132,7915900.000000
1998-10-20,66.297042,67.057859,65.391766,65.950340,14611600.000000
1998-10-21,65.873282,66.335551,65.256924,65.719193,9178400.000000
1998-10-22,65.815508,66.855612,65.430284,66.701523,8277500.000000
1998-10-23,66.547453,66.566714,65.815527,65.854050,6237200.000000
1998-10-26,66.393385,66.855654,65.815549,66.335602,5838600.000000
1998-10-27,66.836355,67.163796,65.507333,65.950340,10089700.000000
1998-10-28,65.680719,66.277816,65.353278,65.834808,5650600.000000
1998-10-29,66.008128,67.452718,65.719210,67.433456,9625600.000000
1998-10-30,67.876453,68.357983,67.491229,67.799408,9872800.000000
1998-11-02,68.300213,68.955093,67.914989,68.955093,6501400.000000
1998-11-03,68.781717,68.916546,68.261665,68.454277,6866000.000000
1998-11-04,69.321047,69.706271,68.473554,69.186218,8233600.000000
1998-11-05,68.743221,70.226334,68.492826,70.130028,6841500.000000
1998-11-06,69.937434,70.611576,69.841128,70.341919,5224800.000000
1998-11-09,70.226296,70.418908,69.340281,69.841072,6188700.000000
1998-11-10,69.648491,70.226327,69.186222,69.648491,14015200.000000
1998-11-11,70.149278,70.264845,68.964715,69.186218,10922400.000000
1998-11-12,69.224736,69.725527,68.839512,69.109169,5457400.000000
1998-11-13,69.166974,69.783333,69.109191,69.783333,5524600.000000
1998-11-16,70.399674,70.486349,69.581073,70.303368,6023700.000000
1998-11-17,70.052972,71.266427,69.648487,70.303368,9058900.000000
1998-11-18,70.457455,70.881201,69.956664,70.727112,4567700.000000
1998-11-19,71.054512,71.439735,70.650027,71.343430,5249300.000000
1998-11-20,71.719054,71.959819,71.401245,71.882774,5562000.000000
1998-11-23,72.402864,73.731887,72.210251,73.577797,7151300.000000
1998-11-24,73.346643,73.751129,73.009572,73.115509,5323700.000000
1998-11-25,73.308121,73.462211,72.865113,73.115509,4393500.000000
1998-11-27,73.635554,73.789644,73.356267,73.654816,4557900.000000
1998-11-30,73.356269,73.577772,71.574608,71.574608,8705400.000000
1998-12-01,71.574593,72.749526,71.016018,72.499130,8950600.000000
1998-12-02,72.248747,72.672494,71.497561,72.287270,7495500.000000
1998-12-03,72.268012,72.922892,70.938989,71.093079,12145300.000000
1998-12-04,71.882814,73.038486,71.805769,72.961441,10339500.000000
1998-12-07,72.768845,73.635599,72.730323,73.308159,4290000.000000
1998-12-08,73.057712,73.808898,72.422092,72.980667,10102600.000000
1998-12-09,73.154031,73.327382,72.653240,73.115509,5327900.000000
1998-12-10,73.250357,73.250357,71.940595,72.046532,5966600.000000
1998-12-11,71.767217,72.325792,71.227904,72.190964,8198200.000000
1998-12-14,71.593876,71.747965,70.110764,70.110764,9521400.000000
1998-12-15,70.688601,71.959840,70.592295,71.921318,9631500.000000
1998-12-16,72.190975,72.190975,71.343482,71.825012,7260000.000000
1998-12-17,72.248744,73.096237,72.133177,72.971039,6914700.000000
1998-12-18,73.165169,73.667624,72.894617,73.281120,4802400.000000
1998-12-21,73.744898,75.039685,73.590297,74.305328,8580700.000000
1998-12-22,74.459931,74.962386,73.706249,74.633858,5461100.000000
1998-12-23,74.943051,76.199188,74.711149,76.199188,7791000.000000
1998-12-24,76.160552,76.218527,75.754723,75.870674,1507100.000000
1998-12-28,76.218542,76.257192,75.445535,75.677437,4203600.000000
1998-12-29,75.890011,76.981884,75.522832,76.875595,3935800.000000
1998-12-30,76.643691,77.146145,76.083260,76.257187,6810700.000000
1998-12-31,76.257187,76.643691,75.735407,76.257187,6790500.000000
1999-01-04,76.295837,77.436023,75.271602,76.083260,9450400.000000
1999-01-05,76.025287,77.223449,76.025287,76.952896,8031000.000000
1999-01-06,77.803188,79.001350,77.764538,78.808098,7737700.000000
1999-01-07,78.151116,78.672897,77.783937,78.421669,5504900.000000
1999-01-08,79.271918,79.465170,77.899830,79.001366,6224400.000000
1999-01-11,78.962743,78.962743,77.436053,78.247711,7578300.000000
1999-01-12,78.054431,78.054431,76.527742,76.836945,7768800.000000
1999-01-13,74.459952,77.378056,74.440627,76.295845,10810600.000000
1999-01-14,76.450442,76.624368,74.769150,74.962402,11400700.000000
1999-01-15,75.677441,77.165481,75.484189,76.914253,7817700.000000
1999-01-19,77.484318,77.687232,76.373120,77.416679,6535100.000000
1999-01-20,77.977120,79.117306,77.320063,78.035095,6534400.000000
1999-01-21,77.658277,77.822542,75.812722,75.967323,6937500.000000
1999-01-22,75.522836,76.585721,75.310259,75.793388,7522300.000000
1999-01-25,76.237832,76.682312,75.387525,76.566360,5700300.000000
1999-01-26,76.759648,77.957809,76.450445,77.957809,6047000.000000
1999-01-27,78.151058,78.305660,76.778970,77.049522,7399400.000000
1999-01-28,77.455348,78.518234,77.416698,78.344307,5961700.000000
1999-01-29,78.750138,79.339556,77.551976,78.943390,6456800.000000
1999-02-01,79.581119,79.581119,78.479584,78.479584,9426800.000000
1999-02-02,78.585863,78.672826,77.155799,77.996445,9194500.000000
1999-02-03,77.725903,79.117316,77.706577,78.788788,10290700.000000
1999-02-04,78.769482,78.846782,77.165491,77.609970,7761100.000000
1999-02-05,77.706539,77.706539,76.199175,76.720955,7516100.000000
1999-02-08,77.358725,77.358725,76.276514,76.875595,8528400.000000
1999-02-09,76.914216,76.991516,75.145962,75.155624,8985700.000000
1999-02-10,75.522828,76.063933,75.030035,75.638779,6936700.000000
1999-02-11,76.102544,77.977086,75.754691,77.378006,9181800.000000
1999-02-12,77.184766,77.609920,75.832003,76.450409,10676600.000000
1999-02-16,77.146121,77.687226,75.986610,75.986610,6915500.000000
1999-02-17,76.179847,77.522946,75.600091,75.909294,7858100.000000
1999-02-18,76.179887,76.914244,75.580806,76.508415,9048900.000000
1999-02-19,76.682343,77.764554,76.295839,76.836945,5312200.000000
1999-02-22,76.952888,78.982032,76.856262,78.885406,10695800.000000
1999-02-23,78.904724,79.465154,78.286318,78.846748,7770700.000000
1999-02-24,79.059336,79.677742,77.300744,77.455345,7271000.000000
1999-02-25,77.010833,77.474637,75.870647,76.720955,11633000.000000
1999-02-26,77.146161,77.204137,75.948000,76.411804,9621300.000000
1999-03-01,76.469765,76.875594,75.677433,76.624367,7607200.000000
1999-03-02,76.991512,77.493967,75.638749,75.947952,9651500.000000
1999-03-03,76.121926,76.411804,75.310268,76.353828,7881400.000000
1999-03-04,76.720957,77.600253,76.228165,77.320038,8256400.000000
1999-03-05,78.846707,79.233210,78.266951,78.875694,10703100.000000
1999-03-08,79.329880,79.648746,78.692149,79.387856,4802200.000000
1999-03-09,79.233253,80.354114,79.001351,79.194603,7893400.000000
1999-03-10,79.445795,79.928924,79.020641,79.890274,3950000.000000
1999-03-11,80.199526,81.127135,79.697071,80.779282,6583700.000000
1999-03-12,81.011212,81.030537,79.909676,80.006302,5286500.000000
1999-03-15,80.354106,81.165764,80.083554,81.146439,5394400.000000
1999-03-16,81.088485,81.417013,80.682656,80.837257,4547500.000000
1999-03-17,80.817923,80.972525,80.160867,80.489395,4524100.000000
1999-03-18,80.257490,81.861480,80.238165,81.784180,3506300.000000
1999-03-19,82.021319,82.215040,80.394066,80.394066,5526700.000000
1999-03-22,80.626461,80.955786,80.229334,80.548973,4603800.000000
1999-03-23,80.161579,80.297183,77.924106,78.224373,9713800.000000
1999-03-24,78.631201,78.834607,77.875690,78.669945,6280900.000000
1999-03-25,79.386672,80.277786,79.192951,80.277786,6639600.000000
1999-03-26,79.735422,80.045375,79.173632,79.696678,6159700.000000
1999-03-29,80.064716,81.478876,80.064716,81.304527,5863900.000000
1999-03-30,80.548994,81.343248,80.316529,80.878319,5401400.000000
1999-03-31,81.304535,81.585430,79.541677,79.580421,7413600.000000
1999-04-01,80.394070,80.394070,79.425466,80.180977,7683600.000000
1999-04-05,81.168905,82.195624,80.742720,82.079391,5791100.000000
1999-04-06,81.943820,82.437808,81.304542,81.885704,5381300.000000
1999-04-07,82.253746,82.679931,81.440120,82.544327,6248600.000000
1999-04-08,82.563750,83.648586,82.001960,83.590469,5909100.000000
1999-04-09,83.338578,83.997228,82.815533,83.609787,4365800.000000
1999-04-12,82.738081,84.559055,82.583104,84.500938,8213200.000000
1999-04-13,84.462170,84.597774,83.377334,83.958496,10071400.000000
1999-04-14,84.345928,84.345928,82.253746,82.544327,11551700.000000
1999-04-15,82.718699,82.796188,81.207679,82.234398,11150000.000000
1999-04-16,82.389373,82.389373,81.323910,81.537003,6476200.000000
1999-04-19,82.253736,83.396687,79.580392,80.277786,12487200.000000
1999-04-20,80.471560,81.323931,79.967886,81.285187,9049600.000000
1999-04-21,81.246396,84.074716,80.839583,83.609787,5772200.000000
1999-04-22,83.764805,84.539688,83.309562,84.404083,6897400.000000
1999-04-23,84.229723,84.772141,83.687305,84.190979,4593100.000000
1999-04-26,84.617116,84.810836,83.977838,84.675232,3606500.000000
1999-04-27,85.004581,85.237046,84.210327,85.082069,5147200.000000
1999-04-28,84.578404,85.082077,83.687289,83.919754,5544300.000000
1999-04-29,84.036028,84.345981,82.951192,83.280518,9824300.000000
1999-04-30,83.745407,84.074732,81.517620,82.602455,10991900.000000
1999-05-03,82.718736,84.210386,82.505644,84.113525,10709700.000000
1999-05-04,83.764808,84.190994,82.524996,82.912437,10509300.000000
1999-05-05,83.028665,83.726060,81.730737,83.571083,10032300.000000
1999-05-06,83.338619,83.764804,82.060063,83.057724,13507200.000000
1999-05-07,83.377333,83.764775,82.718684,83.687286,8680700.000000
1999-05-10,83.590429,84.132847,82.776803,83.270790,5580100.000000
1999-05-11,83.881061,84.849664,83.512991,84.113525,7000600.000000
1999-05-12,84.152272,85.062760,81.517671,84.772179,13865800.000000
1999-05-13,85.082082,85.547011,84.810873,85.140198,4485700.000000
1999-05-14,83.416049,84.229675,82.757399,82.931747,8370100.000000
1999-05-17,82.834950,83.367682,82.060067,83.183647,6268100.000000
1999-05-18,83.396702,83.677597,82.215007,83.028633,8218600.000000
1999-05-19,83.357972,83.687297,82.602462,83.629181,5052400.000000
1999-05-20,83.764781,84.055362,83.106131,83.125504,4670400.000000
1999-05-21,83.144885,83.493582,82.195654,82.660583,6418200.000000
1999-05-24,82.970556,82.970556,80.829943,81.285187,7952000.000000
1999-05-25,81.440118,82.040652,79.619145,79.967842,15406400.000000
1999-05-26,80.161592,81.207683,79.406081,80.858986,12575900.000000
1999-05-27,80.490933,80.762142,79.347981,79.696678,14515400.000000
1999-05-28,79.967875,81.052710,79.716038,80.713699,8748000.000000
1999-06-01,80.665242,80.684614,79.580407,80.432777,6705300.000000
1999-06-02,80.432796,80.704005,79.357647,80.510284,6981900.000000
1999-06-03,81.013950,81.130182,80.452160,80.955833,6076600.000000
1999-06-04,81.498226,82.670235,81.168901,82.583061,9787200.000000
1999-06-07,82.718692,83.183622,82.389367,82.796181,5299100.000000
1999-06-08,82.679946,82.941468,81.575738,81.982552,4895700.000000
1999-06-09,82.079393,82.505578,81.711324,81.905045,7409700.000000
1999-06-10,81.478838,81.498210,80.335887,81.149513,7040700.000000
1999-06-11,81.343285,81.963191,80.025985,80.471542,12824800.000000
1999-06-14,81.013902,81.052646,80.306822,80.548973,6823500.000000
1999-06-15,80.878368,81.614507,80.636218,81.091461,5700900.000000
1999-06-16,82.060058,82.989917,82.060058,82.641220,7865800.000000
1999-06-17,82.370008,84.036006,82.215032,83.416100,8162800.000000
1999-06-18,83.356999,83.745610,82.929527,83.512444,2875100.000000
1999-06-21,83.609612,84.095375,83.104417,83.706764,4646400.000000
1999-06-22,83.318146,84.056506,83.007257,83.123840,5862400.000000
1999-06-23,82.696382,83.084993,82.152327,82.715813,9629200.000000
1999-06-24,82.618642,82.657503,81.239073,82.094017,9176900.000000
1999-06-25,82.443777,82.706090,81.608264,81.890007,4087000.000000
1999-06-28,82.502068,83.084984,82.385484,82.890678,5028900.000000
1999-06-29,82.696381,84.056519,82.560367,83.667908,6956200.000000
1999-06-30,83.706758,85.494368,83.220995,85.183479,16856100.000000
1999-07-01,85.183469,86.116135,84.600553,85.824677,9939500.000000
1999-07-02,85.883012,86.737956,85.746998,86.679665,3772800.000000
1999-07-06,86.582465,87.515130,86.174423,86.660187,11221100.000000
1999-07-07,86.465883,86.873924,86.125849,86.776772,3230700.000000
1999-07-08,86.465877,87.437404,86.271572,86.844772,7101500.000000
1999-07-09,87.048837,87.418018,86.776810,87.359726,2976800.000000
1999-07-12,87.631761,87.631761,86.737956,86.971123,4436300.000000
1999-07-13,86.660187,87.000221,86.213284,86.660187,6477600.000000
1999-07-14,87.048828,87.184842,86.271606,87.145981,4382500.000000
1999-07-15,87.534586,87.903766,87.243127,87.699745,3348600.000000
1999-07-16,87.826016,88.389502,87.515128,88.175766,2281500.000000
1999-07-19,88.408948,88.447809,87.398560,87.592865,4287000.000000
1999-07-20,87.126570,87.301445,85.513835,85.795578,7060100.000000
1999-07-21,85.863554,86.368748,85.377791,85.698395,4793700.000000
1999-07-22,85.455493,85.805242,84.231369,84.571404,7804100.000000
1999-07-23,84.969736,85.183471,84.017639,84.406250,4603000.000000
1999-07-26,83.862222,84.639444,83.706778,83.784500,4333400.000000
1999-07-27,84.561670,85.309745,84.173059,84.483948,5908500.000000
1999-07-28,84.717151,85.377789,84.309110,84.756012,3955500.000000
1999-07-29,83.901067,84.095372,82.890679,83.570747,7760600.000000
1999-07-30,83.823332,84.153651,82.424333,82.540916,5994300.000000
1999-08-02,82.540955,83.784509,82.385510,82.735260,6065500.000000
1999-08-03,83.143286,83.221008,81.685996,82.346634,5445400.000000
1999-08-04,82.521504,83.240434,81.103075,81.219658,6497900.000000
1999-08-05,81.375099,82.035738,80.112114,81.958015,10322000.000000
1999-08-06,81.588849,82.074612,80.520169,81.064224,7537700.000000
1999-08-09,81.200217,81.948292,80.675592,80.889328,5565900.000000
1999-08-10,80.753320,80.928195,78.965711,79.995529,9793300.000000
1999-08-11,80.636745,81.161369,79.976106,80.967064,8003400.000000
1999-08-12,81.258499,81.957998,80.772736,80.918465,7036800.000000
1999-08-13,81.841369,82.851756,81.530481,82.793465,5857700.000000
1999-08-16,82.774101,83.298726,82.230046,83.162712,3927000.000000
1999-08-17,83.590181,83.842778,82.774098,83.706764,4808000.000000
1999-08-18,83.444473,83.551341,82.851842,83.104439,4355500.000000
1999-08-19,82.307771,82.842111,81.880299,82.424355,6448100.000000
1999-08-20,82.735240,83.395879,82.502074,83.259865,3663700.000000
1999-08-23,83.823339,84.901733,83.726186,84.853157,5637800.000000
1999-08-24,84.600577,85.785840,84.173105,85.164062,9279500.000000
1999-08-25,85.300061,86.291019,84.658853,86.038422,6005300.000000
1999-08-26,85.980133,86.067570,84.872592,85.008606,4322300.000000
1999-08-27,85.105746,85.222329,83.978775,83.978775,6247400.000000
1999-08-30,84.153673,84.250825,82.074605,82.424355,4652000.000000
1999-08-31,82.657496,83.162690,81.375081,82.113441,11453700.000000
1999-09-01,82.657507,83.152986,82.268897,83.123840,6863900.000000
1999-09-02,82.152332,82.492366,81.239096,82.142616,10896300.000000
1999-09-03,83.862175,84.872563,83.745592,84.542244,9160800.000000
1999-09-07,84.600565,84.950314,84.075940,84.231384,4560800.000000
1999-09-08,83.842787,84.600578,83.337593,83.823357,6159600.000000
1999-09-09,83.784500,84.095389,83.123862,83.784500,6177800.000000
1999-09-10,84.717114,84.785121,83.901032,84.483948,2934500.000000
1999-09-13,84.017696,84.231432,83.629085,83.910828,2320500.000000
1999-09-14,83.357025,83.667914,82.929553,83.357025,3736000.000000
1999-09-15,84.211972,84.211972,81.996890,82.035751,6984500.000000
1999-09-16,82.385492,82.579797,81.025354,82.356346,15377600.000000
1999-09-17,82.695488,83.513869,82.403209,83.396957,8542300.000000
1999-09-20,83.513837,83.552808,82.987735,83.280014,2803900.000000
1999-09-21,82.461645,82.598042,81.156132,81.526352,9335200.000000
1999-09-22,81.838115,82.208335,80.902822,81.438667,13009100.000000
1999-09-23,82.188855,82.188855,79.577829,79.733711,12204100.000000
1999-09-24,79.655785,80.045490,78.759462,79.655785,13792900.000000
1999-09-27,80.279303,80.902832,79.987024,80.181877,6970300.000000
1999-09-28,79.772662,80.318249,78.291782,80.025970,11063400.000000
1999-09-29,80.084447,80.513123,79.032242,79.071213,7580300.000000
1999-09-30,79.460901,80.707957,79.168622,80.279282,7498900.000000
1999-10-01,79.772670,80.162376,78.954289,80.103920,11127100.000000
1999-10-04,80.552089,81.604293,80.279295,81.526352,6341600.000000
1999-10-05,81.506851,82.286261,80.240309,81.448395,11976000.000000
1999-10-06,81.526357,82.812384,81.487386,82.695473,10308200.000000
1999-10-07,82.841630,82.929314,81.994021,82.227844,6535600.000000
1999-10-08,82.149886,83.474884,81.828379,83.474884,9674300.000000
1999-10-11,83.299523,83.630772,83.124155,83.338493,4282000.000000
1999-10-12,83.007207,83.124118,81.799121,82.052429,8686100.000000
1999-10-13,81.487418,81.877124,79.928596,79.928596,10469300.000000
1999-10-14,80.113668,80.552087,79.032236,79.909073,10562200.000000
1999-10-15,78.564560,79.032206,77.629267,77.863091,14238700.000000
1999-10-18,77.902098,78.525626,76.966805,78.428200,9758800.000000
1999-10-19,79.305060,79.967559,78.525649,79.188148,14392900.000000
1999-10-20,79.655765,80.727455,79.266060,79.967529,9759400.000000
1999-10-21,79.324490,80.435150,78.954270,80.435150,9105400.000000
1999-10-22,80.902842,81.818650,80.785930,81.117180,8309600.000000
1999-10-25,80.630051,81.351006,80.279317,80.707993,8114300.000000
1999-10-26,81.175574,81.487338,79.694695,79.694695,6256300.000000
1999-10-27,80.045490,81.253577,79.967549,81.136665,5433300.000000
1999-10-28,82.578551,84.088659,82.422669,83.903549,10509700.000000
1999-10-29,84.702439,85.852069,84.624497,85.423393,10988600.000000
1999-11-01,85.111635,85.423399,84.527077,84.527077,4006500.000000
1999-11-02,84.780355,85.579251,83.923004,83.923004,6516900.000000
1999-11-03,84.799878,85.033701,84.254290,84.488113,7222300.000000
1999-11-04,85.267531,85.647494,84.653745,85.131134,7907500.000000
1999-11-05,86.436633,86.738654,85.287002,85.968987,7431500.000000
1999-11-08,85.423370,86.280721,85.267488,86.046898,4649200.000000
1999-11-09,86.358684,86.475595,84.975230,85.238281,4533700.000000
1999-11-10,84.955797,86.290538,84.848628,85.871605,6405600.000000
1999-11-11,86.163874,86.358727,85.715713,86.358727,4794100.000000
1999-11-12,86.826343,87.284247,85.501345,87.138107,11802900.000000
1999-11-15,87.196527,87.449836,86.923734,87.342667,2187500.000000
1999-11-16,87.644765,89.164616,87.352485,88.073441,7544800.000000
1999-11-17,88.696903,89.125578,88.112345,88.307198,9459000.000000
1999-11-18,88.813867,89.164602,88.307250,88.930779,4491000.000000
1999-11-19,88.794350,89.145085,88.541042,88.852806,4832100.000000
1999-11-22,88.813851,89.164585,88.229293,88.833336,4155400.000000
1999-11-23,89.067158,89.067158,87.527822,88.053925,5918000.000000
1999-11-24,87.761643,88.813847,87.293996,88.521568,4459700.000000
1999-11-26,88.833321,89.086630,88.073396,88.190308,1693900.000000
1999-11-29,87.839531,88.492287,87.566738,87.878502,7348600.000000
1999-11-30,87.761610,88.735872,86.670435,86.845802,7682000.000000
1999-12-01,86.865257,87.605697,86.670405,87.547241,6980200.000000
1999-12-02,87.683735,88.151382,87.527853,88.073441,6698300.000000
1999-12-03,89.184102,90.626013,89.184102,89.690720,10045400.000000
1999-12-06,89.495845,89.612756,88.696949,89.028198,3138900.000000
1999-12-07,89.339916,89.359402,88.151315,88.307198,10714200.000000
1999-12-08,88.131862,88.580023,87.605760,87.742157,4611400.000000
1999-12-09,88.424146,88.677454,86.904295,88.170837,6474700.000000
1999-12-10,88.716413,89.047662,87.839576,88.463104,5127300.000000
1999-12-13,88.190289,88.989185,88.092863,88.618965,4210800.000000
1999-12-14,88.307215,88.843059,87.683686,87.761627,5739000.000000
1999-12-15,87.527817,88.667705,87.313479,88.229286,6879100.000000
1999-12-16,88.657936,88.950215,88.014922,88.618965,5854900.000000
1999-12-17,89.383418,89.578749,88.797426,89.188087,4775400.000000
1999-12-20,89.109947,89.500609,88.191892,88.543488,4608700.000000
1999-12-21,88.504492,90.047607,88.348227,89.891342,7981300.000000
1999-12-22,89.774091,90.125687,89.363896,90.125687,5377500.000000
1999-12-23,90.643308,91.561363,90.633541,91.561363,5721700.000000
1999-12-27,91.571119,91.746917,90.672597,91.434387,2691000.000000
1999-12-28,91.180455,91.571117,90.936291,91.375786,4084500.000000
1999-12-29,91.453965,91.766495,90.828906,91.766495,3001000.000000
1999-12-30,91.961836,92.235299,91.375843,91.659073,3641300.000000
1999-12-31,91.786017,92.196212,91.414888,91.805550,3172700.000000
2000-01-03,92.664968,92.664968,89.930336,90.906990,8164300.000000
2000-01-04,89.715502,90.047564,87.283632,87.351997,8089800.000000
2000-01-05,87.469196,88.465384,85.789350,87.508263,12177900.000000
2000-01-06,87.273830,88.445815,86.101845,86.101845,6227200.000000
2000-01-07,87.703568,91.102325,87.547303,91.102325,8066500.000000
2000-01-10,91.414864,91.825058,90.653073,91.414864,5741700.000000
2000-01-11,91.141420,91.317217,89.695971,90.321030,7503700.000000
2000-01-12,90.379607,90.379607,89.305287,89.422485,6907700.000000
2000-01-13,90.301505,91.102362,89.559248,90.633568,5158300.000000
2000-01-14,91.590634,92.176627,91.239039,91.864098,7437300.000000
2000-01-18,90.848407,91.649264,90.750741,91.141403,6488500.000000
2000-01-19,90.828910,91.883698,90.633579,91.883698,6157900.000000
2000-01-20,91.864152,91.864152,89.891310,90.477303,5800100.000000
2000-01-21,90.946115,90.946115,90.047593,90.281990,6244800.000000
2000-01-24,91.043732,91.160930,87.137114,87.723106,7896900.000000
2000-01-25,87.830513,88.719269,86.883159,88.719269,9942500.000000
2000-01-26,88.133350,88.475179,87.566890,88.016151,5158100.000000
2000-01-27,88.660654,88.895051,86.336217,87.664467,10922700.000000
2000-01-28,87.156666,87.547328,84.715029,84.929893,11916200.000000
2000-01-31,84.890801,87.303138,84.382941,87.234772,10768700.000000
2000-02-01,87.351935,88.562986,86.590145,88.094193,8419900.000000
2000-02-02,88.309103,88.914628,87.742643,88.172371,6205900.000000
2000-02-03,88.055147,89.539661,87.508220,89.500595,7997500.000000
2000-02-04,89.500661,90.008521,88.836535,89.129532,4925400.000000
2000-02-07,89.109928,89.246659,88.406737,88.992729,5845800.000000
2000-02-08,89.988932,90.360061,89.774068,90.203796,4936400.000000
2000-02-09,90.301472,90.301472,88.299331,88.309097,8511500.000000
2000-02-10,88.524029,89.110022,88.055234,88.484962,6690600.000000
2000-02-11,88.660677,88.719277,86.277641,86.687836,9849800.000000
2000-02-14,87.371515,87.371515,86.453459,87.195717,8528800.000000
2000-02-15,87.039466,88.270051,86.131177,88.182152,11078300.000000
2000-02-16,87.742650,88.094246,86.756229,86.883194,8845400.000000
2000-02-17,87.781713,87.781713,86.394863,86.433929,7584200.000000
2000-02-18,86.805081,86.805081,84.148580,84.578308,9409200.000000
2000-02-22,84.500135,85.222859,83.464881,84.363403,16415400.000000
2000-02-23,84.773649,85.926102,84.070458,85.359642,12119000.000000
2000-02-24,85.437722,85.652586,83.191417,83.640678,17375000.000000
2000-02-25,84.500186,85.457308,83.211002,83.337967,10559900.000000
2000-02-28,83.367224,85.437731,82.957029,85.086136,13397800.000000
2000-02-29,85.047122,85.906578,84.851791,85.906578,8242500.000000
2000-03-01,86.023725,86.883181,85.769795,86.531586,6868000.000000
2000-03-02,86.687837,86.961300,85.847915,86.590172,7600200.000000
2000-03-03,87.781698,88.582554,87.332437,88.211426,12770300.000000
2000-03-06,88.016123,88.348185,86.726938,87.351997,11967100.000000
2000-03-07,87.508238,87.605903,84.519675,85.662361,20062000.000000
2000-03-08,85.300986,86.160442,84.402464,85.554916,11808500.000000
2000-03-09,85.789330,88.055168,85.086139,88.055168,5500900.000000
2000-03-10,87.625408,88.758327,87.215213,87.586342,7924600.000000
2000-03-13,85.437739,87.801243,84.812680,86.629257,10540500.000000
2000-03-14,87.058987,87.566847,85.105678,85.398674,8263900.000000
2000-03-15,85.554919,87.781691,85.047059,87.391029,10300800.000000
2000-03-16,88.523924,91.785948,88.055130,91.473419,25601400.000000
2000-03-17,91.373002,92.743793,91.138009,92.077980,10272900.000000
2000-03-20,92.038837,92.332578,90.726794,91.608017,12502300.000000
2000-03-21,91.196833,93.840504,90.550603,93.488014,13612600.000000
2000-03-22,93.722948,94.525840,93.174632,94.055855,8260000.000000
2000-03-23,93.468467,96.170887,93.468467,95.661736,11654500.000000
2000-03-24,95.798733,97.600345,95.074172,96.229553,11462900.000000
2000-03-27,96.112110,96.366686,95.132973,95.211304,8798600.000000
2000-03-28,94.780422,95.867264,94.369185,94.662926,6334400.000000
2000-03-29,94.976244,95.553934,93.781697,94.760834,6747500.000000
2000-03-30,94.095033,95.201457,92.195508,93.174644,9491900.000000
2000-03-31,93.762101,95.446215,93.017957,94.232086,9249100.000000
2000-04-03,94.075470,94.780449,93.174664,94.780449,8508200.000000
2000-04-04,95.093765,95.877074,88.602088,94.075462,19585500.000000
2000-04-05,92.665539,94.506317,92.508877,93.488014,8387200.000000
2000-04-06,94.153827,95.054633,93.370517,94.300697,6378500.000000
2000-04-07,94.976288,95.328777,94.310475,94.897957,6023600.000000
2000-04-10,95.093763,95.945612,94.192957,94.525864,9624200.000000
2000-04-11,93.997103,95.015405,92.978801,94.251678,9006400.000000
2000-04-12,94.232101,94.721669,91.588432,91.666763,10779200.000000
2000-04-13,92.410927,92.841748,90.100165,90.393906,12225800.000000
2000-04-14,89.375624,89.493120,83.657464,85.224083,29604000.000000
2000-04-17,84.714904,88.200630,84.401580,88.200630,23918200.000000
2000-04-18,88.083141,90.530983,87.593573,90.530983,11069200.000000
2000-04-19,90.550575,90.942229,89.316862,89.688934,6553700.000000
2000-04-20,89.963142,90.198135,89.218998,90.119804,8537600.000000
2000-04-24,88.670632,89.806430,88.043984,89.140617,12893100.000000
2000-04-25,90.628894,92.841743,90.511398,92.841743,14102000.000000
2000-04-26,92.724263,93.213831,91.490550,91.794083,7711100.000000
2000-04-27,89.610634,92.332636,89.610634,91.490578,15595300.000000
2000-04-28,92.117192,92.655718,90.903063,90.922646,8743400.000000
2000-05-01,91.843033,93.047371,91.392630,92.156357,7328300.000000
2000-05-02,91.177192,92.195494,90.315552,90.315552,9411900.000000
2000-05-03,90.237234,90.237234,87.593565,88.200630,12630700.000000
2000-05-04,88.983936,89.209138,88.200627,88.866440,5963600.000000
2000-05-05,88.396446,90.237222,88.318115,89.943481,7862400.000000
2000-05-08,89.453942,89.845597,88.886043,89.267906,5064100.000000
2000-05-09,89.649764,89.865174,87.897109,88.553131,5620300.000000
2000-05-10,88.043975,88.337716,86.320694,86.555687,10293900.000000
2000-05-11,87.808970,88.670610,87.182323,88.533531,7091100.000000
2000-05-12,88.866463,89.904348,88.748967,89.493111,5960800.000000
2000-05-15,89.453907,91.245726,88.983921,91.040108,4441300.000000
2000-05-16,91.843025,92.567586,91.059716,91.921356,8192200.000000
2000-05-17,91.294737,91.608061,90.531010,90.961830,5907200.000000
2000-05-18,91.255546,91.686366,89.845589,89.845589,4325600.000000
2000-05-19,89.336421,89.757450,87.985213,88.435616,6518400.000000
2000-05-22,88.513942,88.651021,85.850691,87.769798,10839400.000000
2000-05-23,88.004817,88.239810,86.203205,86.477364,7979200.000000
2000-05-24,86.477312,88.161426,85.537341,87.887268,11081500.000000
2000-05-25,88.161469,88.866448,86.301109,86.379440,8278900.000000
2000-05-26,86.986515,87.534831,86.056335,86.477364,4814000.000000
2000-05-30,87.730690,89.571468,87.397784,89.297310,5362700.000000
2000-05-31,89.336449,90.237255,89.042708,89.493111,6056500.000000
2000-06-01,90.041451,91.138084,89.610630,91.059753,8961600.000000
2000-06-02,93.331323,93.429237,92.420726,92.645927,8962200.000000
2000-06-05,92.410936,92.880922,92.038864,92.195526,6998100.000000
2000-06-06,91.882162,92.606723,91.431759,91.784248,4858900.000000
2000-06-07,91.882183,92.743823,91.490528,92.420708,4919500.000000
2000-06-08,92.430505,92.587167,91.529700,92.058434,5723100.000000
2000-06-09,92.430525,92.724266,91.255560,91.862625,3085300.000000
2000-06-12,92.097612,92.097612,90.785568,90.785568,3678900.000000
2000-06-13,90.746394,92.587171,90.628898,92.489258,6558700.000000
2000-06-14,92.900503,93.292158,92.234690,92.645927,6420500.000000
2000-06-15,92.822161,93.213815,92.019269,92.841743,5881200.000000
2000-06-16,93.158490,93.158490,91.627440,92.078903,5567900.000000
2000-06-19,92.000384,93.688464,91.862982,93.256630,5106900.000000
2000-06-20,93.079959,93.511793,92.334063,92.922928,6480000.000000
2000-06-21,92.294779,93.236963,92.265336,92.883644,3115000.000000
2000-06-22,92.687417,92.765932,91.077852,91.470428,7490500.000000
2000-06-23,91.588161,91.784449,90.371173,90.685234,4863300.000000
2000-06-26,91.313356,91.862964,90.999295,91.853149,5201300.000000
2000-06-27,91.696167,92.157445,91.087673,91.176003,4159500.000000
2000-06-28,91.470395,92.324249,91.274106,91.431137,5347700.000000
2000-06-29,90.920794,91.548916,90.145454,90.567474,6345700.000000
2000-06-30,90.410423,91.450752,90.380980,91.254463,7420200.000000
2000-07-03,91.352610,92.608856,91.195580,92.510712,1436600.000000
2000-07-05,91.941500,92.118160,90.685254,90.842285,2748200.000000
2000-07-06,91.038555,92.000368,90.587091,91.548904,5963200.000000
2000-07-07,92.137759,93.452892,91.862956,93.021057,3034800.000000
2000-07-10,92.883681,93.531432,92.667763,92.864052,2816100.000000
2000-07-11,92.628491,93.668820,92.432203,93.060326,5431600.000000
2000-07-12,93.767013,94.296992,93.394065,93.668869,5883000.000000
2000-07-13,94.208635,94.453995,93.708099,94.081047,5356000.000000
2000-07-14,94.493251,95.003601,94.012344,95.003601,5341900.000000
2000-07-17,94.836758,95.464881,94.650284,94.846573,4208300.000000
2000-07-18,94.610991,94.610991,93.806208,94.071198,4262100.000000
2000-07-19,93.884773,94.159577,93.119248,93.315536,8506800.000000
2000-07-20,93.590353,94.611053,93.472580,94.611053,4538900.000000
2000-07-21,94.061380,94.061380,92.765877,92.765877,5656900.000000
2000-07-24,93.040714,93.501992,92.059272,92.235931,5628500.000000
2000-07-25,92.805199,92.864086,92.196705,92.530396,4757100.000000
2000-07-26,92.314436,92.432209,91.480210,91.627426,12062500.000000
2000-07-27,91.666720,92.098554,90.881566,91.313400,7652600.000000
2000-07-28,91.529280,91.647053,88.889201,89.252335,6229500.000000
2000-07-31,89.782329,90.528225,89.232721,89.821587,5265500.000000
2000-08-01,90.214170,90.901179,89.900108,90.371201,3946600.000000
2000-08-02,90.371176,91.332989,90.214145,90.822639,7439800.000000
2000-08-03,89.743051,91.588162,89.586020,91.450760,4607100.000000
2000-08-04,91.902240,92.157415,91.333004,91.941498,3686600.000000
2000-08-07,92.157458,93.237045,91.941541,93.040756,4159800.000000
2000-08-08,92.648109,93.472520,92.648109,93.394005,3658700.000000
2000-08-09,93.678628,93.727700,92.569599,92.608856,5383800.000000
2000-08-10,92.667744,92.873847,91.882591,92.157394,4193400.000000
2000-08-11,92.098543,92.962212,91.431162,92.589264,5089400.000000
2000-08-14,92.824821,93.943666,92.373358,93.767006,2966700.000000
2000-08-15,93.806227,94.100659,93.315506,93.688454,5564600.000000
2000-08-16,93.786617,94.179194,92.864061,93.354782,5191600.000000
2000-08-17,93.394043,94.493258,93.178126,94.336227,5652200.000000
2000-08-18,94.453983,94.453983,93.727716,94.022148,4626400.000000
2000-08-21,94.238084,94.669918,93.845507,94.532516,2380600.000000
2000-08-22,94.571784,95.042877,94.277352,94.375496,3075300.000000
2000-08-23,94.100669,95.023225,93.766979,94.748421,5483200.000000
2000-08-24,94.944680,95.160597,94.532474,95.042824,4529000.000000
2000-08-25,94.944715,95.239147,94.807313,95.003601,2822200.000000
2000-08-28,95.003623,96.043952,95.003623,95.327499,5518700.000000
2000-08-29,95.121398,95.396202,94.787708,95.347130,3561900.000000
2000-08-30,95.042858,95.160632,94.434364,94.434364,3964800.000000
2000-08-31,94.885838,96.161713,94.787694,95.690620,4863100.000000
2000-09-01,96.259857,96.475775,95.474703,95.788765,3191200.000000
2000-09-05,95.396180,95.602282,94.728799,95.023232,3470800.000000
2000-09-06,94.964311,95.445217,93.923982,93.943611,4322200.000000
2000-09-07,94.375473,94.895637,94.110483,94.748421,4265500.000000
2000-09-08,94.395080,94.532481,93.796400,94.100647,3518200.000000
2000-09-11,94.061409,94.964335,93.394028,93.963264,3937500.000000
2000-09-12,94.061437,94.375499,93.237026,93.276283,4769100.000000
2000-09-13,92.962185,93.806225,92.746267,93.521606,7691600.000000
2000-09-14,94.139923,94.179180,93.060336,93.992706,3397100.000000
2000-09-15,93.313842,93.353198,91.936371,91.936371,4085700.000000
2000-09-18,92.172463,92.546347,90.804831,91.090164,5109300.000000
2000-09-19,91.385392,92.133162,91.119737,91.916702,6588200.000000
2000-09-20,91.739594,91.956054,90.145663,91.237801,6508100.000000
2000-09-21,90.972134,91.660870,89.811123,89.850479,5972300.000000
2000-09-22,89.811084,91.503405,89.683176,91.483727,7791300.000000
2000-09-25,91.896963,91.975676,90.499814,90.834343,9726300.000000
2000-09-26,90.913071,91.306634,89.673347,89.673347,5302400.000000
2000-09-27,90.401469,90.657285,89.496273,90.145653,7186200.000000
2000-09-28,90.165323,92.142978,89.978380,91.306656,7036400.000000
2000-09-29,91.601815,91.916665,90.440804,90.440804,9333600.000000
2000-10-02,90.854077,91.247640,90.135824,90.578583,5517800.000000
2000-10-03,91.011487,91.778935,89.594660,89.732407,9347200.000000
2000-10-04,89.968509,90.834347,89.260095,90.480141,6148900.000000
2000-10-05,90.303052,91.208247,90.244017,90.795006,4566900.000000
2000-10-06,90.598220,91.080335,88.000704,88.827187,10014900.000000
2000-10-09,88.984632,88.984632,87.764587,88.158150,4508000.000000
2000-10-10,88.217145,88.945236,86.701927,86.701927,6104700.000000
2000-10-11,86.662613,87.292314,85.088360,85.973877,10346000.000000
2000-10-12,86.446136,86.642918,83.612482,83.828941,12336900.000000
2000-10-13,83.710878,86.682280,83.671522,86.623245,11778800.000000
2000-10-16,86.524823,87.046294,86.072226,87.016777,5659000.000000
2000-10-17,87.174241,87.252954,84.635759,84.852219,7831700.000000
2000-10-18,83.514120,85.718074,81.959545,84.537384,10897300.000000
2000-10-19,86.170668,87.813794,85.914852,87.725243,8767300.000000
2000-10-20,87.134869,88.905903,87.134869,88.099098,7373500.000000
2000-10-23,88.118783,88.807519,87.489082,88.492668,5290000.000000
2000-10-24,88.768198,89.378221,87.528474,87.902359,5750700.000000
2000-10-25,87.371025,87.882657,85.718059,85.836128,9137600.000000
2000-10-26,86.347760,86.682289,84.399622,86.072266,9345800.000000
2000-10-27,86.820011,87.705528,86.032885,87.705528,9762900.000000
2000-10-30,87.174232,88.846875,86.997128,88.492668,10154100.000000
2000-10-31,88.797670,90.480152,88.197486,90.017715,7752400.000000
2000-11-01,89.574983,90.204684,88.925604,89.712730,6753600.000000
2000-11-02,90.145647,90.617923,89.742244,89.860313,11395100.000000
2000-11-03,90.342420,90.519523,89.653684,89.909500,5187100.000000
2000-11-06,90.145644,90.863897,90.066932,90.539207,4042500.000000
2000-11-07,90.135784,90.676934,89.771739,90.519508,5231300.000000
2000-11-08,90.716290,90.716290,88.512337,88.512337,6123300.000000
2000-11-09,88.158110,88.925557,86.426432,88.177788,10635300.000000
2000-11-10,87.528430,87.823602,85.973856,86.032890,8569500.000000
2000-11-13,85.403225,86.259225,83.760098,85.363869,17285300.000000
2000-11-14,86.564235,87.922028,86.269063,87.607178,7668900.000000
2000-11-15,87.567764,88.226982,86.741281,87.882614,8837700.000000
2000-11-16,87.262759,88.079402,86.465794,86.505150,6684100.000000
2000-11-17,86.465843,87.528464,85.481935,86.042763,6551100.000000
2000-11-20,85.481901,85.875464,84.576705,84.812843,5458500.000000
2000-11-21,84.930930,85.757413,84.074931,85.245781,7684300.000000
2000-11-22,84.596425,84.930953,83.199275,83.209114,5736900.000000
2000-11-24,84.143799,84.989960,84.143799,84.911247,3411600.000000
2000-11-27,85.934521,86.072268,85.206429,85.659027,5992000.000000
2000-11-28,85.088354,86.013228,84.153642,84.183159,5336100.000000
2000-11-29,84.616048,85.580277,83.917474,84.025703,6914100.000000
2000-11-30,83.435377,84.065078,81.703700,83.297630,11201600.000000
2000-12-01,83.868278,84.419266,82.490807,83.258255,7587200.000000
2000-12-04,83.041802,84.301203,82.805664,83.966675,6996600.000000
2000-12-05,84.930944,87.056186,84.635772,86.721657,8883400.000000
2000-12-06,86.760963,87.115170,85.029286,85.334297,12888000.000000
2000-12-07,84.930962,85.560663,84.163513,84.163513,6529100.000000
2000-12-08,86.308398,87.823616,84.301226,84.360260,10276300.000000
2000-12-11,86.505179,87.882650,86.091937,87.292305,6405600.000000
2000-12-12,87.016771,87.410334,86.505140,86.918381,5022900.000000
2000-12-13,87.685898,87.784289,85.659047,85.727921,6070500.000000
2000-12-14,85.560631,85.954194,84.399620,84.635757,7678400.000000
2000-12-15,84.086086,84.086086,82.467528,82.724129,9065300.000000
2000-12-18,83.414951,84.303184,83.227436,83.829460,7235400.000000
2000-12-19,83.671582,85.250664,82.122108,82.122108,9616600.000000
2000-12-20,81.243726,81.441111,79.644906,79.743599,9994300.000000
2000-12-21,79.585701,81.391775,79.289623,80.296288,14331500.000000
2000-12-22,81.480596,82.812946,81.381903,82.704384,10182900.000000
2000-12-26,82.645127,83.592575,82.289834,83.592575,4665300.000000
2000-12-27,83.217588,84.470984,82.901771,84.204514,4854100.000000
2000-12-28,83.888651,84.559760,83.750481,84.461067,8358700.000000
2000-12-29,84.678225,84.816395,82.862282,82.862282,8774600.000000
2001-01-02,83.375496,83.474189,80.572627,81.362167,8737500.000000
2001-01-03,81.046307,85.901980,80.631799,85.270348,19431600.000000
2001-01-04,85.230895,85.566450,84.007107,84.352531,9219000.000000
2001-01-05,84.303206,84.401899,81.599030,81.599030,12911400.000000
2001-01-08,82.033244,82.230629,80.651548,82.230629,6625300.000000
2001-01-09,82.773475,83.059684,81.747072,82.013542,5702400.000000
2001-01-10,81.480593,83.454445,81.362162,83.454445,8746100.000000
2001-01-11,82.803084,84.313081,82.803084,83.533409,7245100.000000
2001-01-12,83.809759,84.461130,82.921525,83.375511,7244000.000000
2001-01-16,83.375515,84.125579,83.069568,83.908455,8542200.000000
2001-01-17,85.171691,85.299992,83.780126,84.293327,7851400.000000
2001-01-18,84.283476,85.714519,83.967660,85.132233,8107000.000000
2001-01-19,86.020440,86.020440,84.559790,84.648613,7782500.000000
2001-01-22,84.796658,85.763845,84.362410,85.211166,7050900.000000
2001-01-23,84.934815,86.316510,84.737430,85.882263,8463100.000000
2001-01-24,86.059931,86.731041,85.803331,86.138885,6199900.000000
2001-01-25,86.059968,86.691601,85.684936,85.921799,10818300.000000
2001-01-26,85.369050,85.980944,84.924934,85.823036,7136800.000000
2001-01-29,85.586206,86.470488,85.504091,86.281006,6705900.000000
2001-01-30,86.091469,87.114710,85.769331,87.038918,7069100.000000
2001-01-31,86.786309,87.607433,86.281011,86.546295,9706900.000000
2001-02-01,86.596786,87.133668,86.059895,87.121033,8239100.000000
2001-02-02,86.786289,87.158960,85.112467,85.144051,8276600.000000
2001-02-05,85.144091,85.864152,85.112508,85.769402,4352900.000000
2001-02-06,85.459856,86.344138,85.409324,85.516701,7106700.000000
2001-02-07,85.093510,85.523016,84.436607,85.074562,5748700.000000
2001-02-08,85.144048,85.523022,84.070275,84.082901,5943300.000000
2001-02-09,84.228177,84.228177,82.908059,83.274406,9913000.000000
2001-02-12,83.186018,84.322959,83.186018,84.228218,5804400.000000
2001-02-13,84.449232,84.746100,83.375460,83.539680,6587600.000000
2001-02-14,83.786037,83.786037,82.529094,83.413376,8400100.000000
2001-02-15,83.906069,84.335585,83.369187,84.221886,5929800.000000
2001-02-16,82.743867,82.927036,81.670093,82.364883,6434900.000000
2001-02-20,82.769082,82.832249,80.912092,81.095261,5760000.000000
2001-02-21,80.785833,81.379564,79.269913,79.345711,10910800.000000
2001-02-22,79.806780,79.926792,77.703443,79.465698,21281600.000000
2001-02-23,79.004585,79.295135,76.932831,78.928787,20173000.000000
2001-02-26,79.459354,80.608925,78.638230,80.608925,11503700.000000
2001-02-27,80.090990,80.747883,79.276183,79.863602,11415000.000000
2001-02-28,80.059405,80.116250,77.861322,78.290833,14825800.000000
2001-03-01,78.354006,78.701401,76.901249,78.701401,14672000.000000
2001-03-02,77.374983,79.364626,77.248659,78.076096,12564300.000000
2001-03-05,78.417180,78.815107,78.202422,78.789841,5293200.000000
2001-03-06,79.806761,80.691048,79.263557,79.636223,6917000.000000
2001-03-07,80.154173,80.242601,79.434112,80.204704,6371700.000000
2001-03-08,79.964670,80.368914,79.674119,80.293121,6055000.000000
2001-03-09,79.648799,79.648799,77.760221,77.918129,10020300.000000
2001-03-12,77.273951,77.375014,74.374759,74.583199,13972900.000000
2001-03-13,75.416924,76.073822,74.235769,75.808533,12888000.000000
2001-03-14,73.932591,75.347446,73.111466,74.311569,19883400.000000
2001-03-15,74.816883,75.075855,74.128406,74.330528,10370300.000000
2001-03-16,74.182270,74.353272,72.712938,72.839607,58514600.000000
2001-03-19,73.314650,74.536983,72.719315,74.321648,10067800.000000
2001-03-20,74.669965,75.024630,72.269632,72.326630,15083900.000000
2001-03-21,72.313983,72.997984,70.869984,71.097984,19004600.000000
2001-03-22,70.945972,71.313307,68.425309,70.375977,28624800.000000
2001-03-23,71.724988,72.617990,70.616655,72.503990,12861700.000000
2001-03-26,73.276631,73.637631,72.687631,73.428635,9943800.000000
2001-03-27,73.225979,75.144978,73.010643,74.929642,12880700.000000
2001-03-28,74.036689,74.068353,72.770022,72.858688,10953300.000000
2001-03-29,72.643287,73.783288,71.021956,73.137291,12060300.000000
2001-03-30,73.181634,73.903633,72.516632,73.903633,9183600.000000
2001-04-02,73.656633,74.340629,72.073300,72.326630,10561000.000000
2001-04-03,72.187327,72.294993,69.704657,69.913658,12836000.000000
2001-04-04,70.027639,70.996638,69.223308,70.204971,14884300.000000
2001-04-05,71.756627,73.143623,71.249959,72.864960,21522800.000000
2001-04-06,72.193657,72.453326,70.971324,71.756660,14937800.000000
2001-04-09,72.199939,72.826937,71.427272,72.554604,9034300.000000
2001-04-10,73.118308,74.574977,72.940976,73.878311,17873600.000000
2001-04-11,75.227324,75.360323,73.555324,73.928993,12722300.000000
2001-04-12,73.656663,75.328662,73.441327,75.271660,9233200.000000
2001-04-16,74.916982,75.296981,74.042984,74.479980,7350000.000000
2001-04-17,74.296324,75.784661,74.112656,75.531326,10924700.000000
2001-04-18,76.671301,79.799968,76.436971,78.533302,32481600.000000
2001-04-19,78.691656,79.698653,78.267324,79.578323,13809900.000000
2001-04-20,79.103310,79.419976,78.317978,78.849976,7626700.000000
2001-04-23,78.311665,78.463664,77.209667,77.418663,8451800.000000
2001-04-24,77.595994,78.311663,76.696662,77.000664,10044700.000000
2001-04-25,76.899289,78.324288,76.601622,78.007622,8249000.000000
2001-04-26,78.362299,79.305964,78.216631,78.355965,10590400.000000
2001-04-27,79.115955,79.698620,78.659954,79.660622,7938700.000000
2001-04-30,80.084998,80.604331,78.957666,80.218002,10766900.000000
2001-05-01,79.210994,80.528329,78.913327,80.464996,10578000.000000
2001-05-02,80.692967,80.870299,79.799965,80.319298,9572900.000000
2001-05-03,79.882341,79.895010,78.672676,79.299675,9926200.000000
2001-05-04,78.311655,80.654986,78.178655,80.648651,12145300.000000
2001-05-07,80.344657,80.673988,79.945658,79.951988,7185200.000000
2001-05-08,80.344607,80.496606,79.521272,79.913940,6952600.000000
2001-05-09,79.324989,80.148324,79.204654,79.578323,9507400.000000
2001-05-10,80.597958,80.749957,79.654289,79.812622,6872400.000000
2001-05-11,79.799982,80.110314,78.786650,79.261650,7734400.000000
2001-05-14,79.103309,79.445309,78.824641,79.419975,7914000.000000
2001-05-15,79.514967,80.116631,79.071631,79.787300,9782200.000000
2001-05-16,79.065312,81.826645,78.925983,81.668312,14909000.000000
2001-05-17,81.699994,82.383996,81.421326,81.794991,11824600.000000
2001-05-18,81.756975,82.168648,81.129982,82.168648,6683100.000000
2001-05-21,82.231965,83.498631,81.794963,83.378296,11531500.000000
2001-05-22,83.492285,83.656948,83.010955,83.270615,8342700.000000
2001-05-23,82.998308,82.998308,81.858307,81.858307,12330800.000000
2001-05-24,81.997610,82.333276,81.414945,82.098946,7902800.000000
2001-05-25,82.111656,82.143325,81.003328,81.129997,7425000.000000
2001-05-29,81.205978,81.288314,80.369978,80.483978,9003900.000000
2001-05-30,80.173639,80.490306,79.166642,79.356644,10041800.000000
2001-05-31,79.439010,80.281344,79.331344,79.768341,9874200.000000
2001-06-01,79.926651,80.496652,79.242655,80.262321,8848300.000000
2001-06-04,80.306655,80.705654,79.850655,80.648651,5623500.000000
2001-06-05,80.743649,81.845647,80.604315,81.573318,9115400.000000
2001-06-06,81.592341,81.592341,80.661341,80.895676,12064900.000000
2001-06-07,80.464982,81.288317,80.433313,81.186981,7355300.000000
2001-06-08,80.876635,80.984305,79.888637,80.433304,8170600.000000
2001-06-11,80.249645,80.426978,79.426315,79.863312,7012200.000000
2001-06-12,79.078009,80.268674,78.558676,79.724007,9364400.000000
2001-06-13,79.907649,80.167318,78.944985,79.039986,7629400.000000
2001-06-14,78.647314,78.723316,77.108314,77.266647,12603000.000000
2001-06-15,76.794121,77.740470,76.470201,77.391144,16821100.000000
2001-06-18,77.264105,77.765862,76.794107,77.016403,11368300.000000
2001-06-19,77.727716,78.051636,76.781367,77.352989,7732300.000000
2001-06-20,76.971933,78.032607,76.914769,77.759499,8787200.000000
2001-06-21,77.626150,78.953579,77.581691,78.642365,12259100.000000
2001-06-22,78.432761,78.496274,77.588036,78.026276,12212000.000000
2001-06-25,78.299395,78.401018,77.168856,77.308586,8406800.000000
2001-06-26,76.787761,77.734110,76.578166,77.200600,8005800.000000
2001-06-27,77.232394,77.638880,76.794155,77.156181,10105100.000000
2001-06-28,77.486417,78.718579,77.441958,77.581688,10269300.000000
2001-06-29,77.994492,78.763004,77.651519,77.867462,9824200.000000
2001-07-02,77.994508,78.959910,77.880184,78.839233,8522200.000000
2001-07-03,78.743955,78.820168,78.153279,78.820168,3303100.000000
2001-07-05,78.166002,78.534381,77.270464,77.283165,5517900.000000
2001-07-06,77.048132,77.162456,75.612732,75.612732,11665900.000000
2001-07-09,75.892211,76.559104,75.708022,76.025589,8339300.000000
2001-07-10,76.400283,76.622579,75.079203,75.110962,8630700.000000
2001-07-11,75.009381,75.511138,74.367894,75.187218,15328600.000000
2001-07-12,75.898530,77.149745,75.777853,76.971909,12002800.000000
2001-07-13,76.749650,77.689652,76.609925,77.638840,10433800.000000
2001-07-16,77.340332,77.664252,76.400336,76.667091,6915300.000000
2001-07-17,76.343146,77.454631,76.108149,77.384766,7469800.000000
2001-07-18,76.571822,77.257769,76.254255,76.857635,7709300.000000
2001-07-19,77.600757,78.108866,76.698867,77.530891,10082900.000000
2001-07-20,76.946482,77.448238,76.800399,77.067154,6705800.000000
2001-07-23,77.359362,77.410169,75.549225,75.549225,8065200.000000
2001-07-24,75.580984,75.708009,74.151932,74.818825,12269000.000000
2001-07-25,74.895072,75.885886,74.602911,75.644531,12088500.000000
2001-07-26,75.619084,76.755975,75.301517,76.438408,12898200.000000
2001-07-27,76.743304,77.073572,76.158981,76.730598,8478800.000000
2001-07-30,76.971930,77.073549,76.406660,76.755981,8547700.000000
2001-07-31,76.851236,77.918262,76.724211,77.073532,11918100.000000
2001-08-01,77.467333,77.930978,77.200578,77.556252,11940800.000000
2001-08-02,78.267595,78.280295,77.416512,77.873810,11070100.000000
2001-08-03,77.715036,77.715036,76.787740,77.448280,10816300.000000
2001-08-06,77.073573,77.175197,76.279655,76.406685,8550100.000000
2001-08-07,76.387625,76.978301,76.158981,76.705193,8865100.000000
2001-08-08,76.292352,76.952893,75.218973,75.282486,15183800.000000
2001-08-09,75.390467,75.561956,74.856956,75.504791,14118500.000000
2001-08-10,75.453968,76.114504,74.526668,75.765182,11173300.000000
2001-08-13,75.962116,76.120900,75.460359,75.784279,7431600.000000
2001-08-14,76.305033,76.438410,75.453955,75.752464,13178100.000000
2001-08-15,75.727076,75.968425,74.996671,75.098289,8520600.000000
2001-08-16,74.818863,75.422239,74.310753,75.358727,10734700.000000
2001-08-17,74.723554,74.863284,73.681934,74.151932,11604600.000000
2001-08-20,74.183680,74.882327,74.024897,74.837868,10417400.000000
2001-08-21,74.818817,75.288815,73.548548,73.561249,14480800.000000
2001-08-22,74.151964,74.583856,73.535883,74.323448,11752300.000000
2001-08-23,74.285358,74.641032,73.986844,74.056709,8744100.000000
2001-08-24,74.444105,75.663562,74.145591,75.593697,11687700.000000
2001-08-27,75.561960,75.708038,75.111015,75.142769,7425100.000000
2001-08-28,75.123718,75.257096,74.043991,74.043991,12046600.000000
2001-08-29,74.393307,74.425066,73.148444,73.383446,16180000.000000
2001-08-30,72.945166,73.510435,71.160441,71.973412,17692600.000000
2001-08-31,72.024229,72.894360,71.852740,72.500580,15985400.000000
2001-09-04,72.310057,73.783569,72.005195,72.036949,24473400.000000
2001-09-05,72.214767,72.525987,71.103282,72.214767,21477100.000000
2001-09-06,71.547907,71.960746,70.353851,70.353851,21653000.000000
2001-09-07,69.877483,70.658700,68.994647,69.051811,33133900.000000
2001-09-10,68.403953,70.087060,68.403953,69.896523,23408700.000000
2001-09-17,64.148577,67.578303,63.513442,66.244522,32388700.000000
2001-09-18,66.263568,66.879649,65.647487,66.085732,22029200.000000
2001-09-19,66.117524,66.371579,62.598877,64.751984,42771800.000000
2001-09-20,63.767501,64.663038,62.598851,62.694122,36210900.000000
2001-09-21,60.105166,63.107874,59.799160,62.017719,49782100.000000
2001-09-24,63.573234,64.491260,63.152470,64.197998,25549600.000000
2001-09-25,64.229884,65.026780,63.687995,64.867401,25466200.000000
2001-09-26,65.249918,65.281795,64.025885,64.637901,18587500.000000
2001-09-27,64.548663,65.211682,63.751766,65.198929,20536800.000000
2001-09-28,65.651539,69.884654,65.345528,66.582314,21687200.000000
2001-10-01,66.238098,66.505854,65.555954,66.473976,20457400.000000
2001-10-02,66.301796,67.309074,66.078666,67.309074,19833100.000000
2001-10-03,66.684342,68.775399,66.524962,68.437515,32045800.000000
2001-10-04,69.036785,69.470297,68.055007,68.494896,32674100.000000
2001-10-05,68.373741,68.609624,67.270833,68.360992,29796100.000000
2001-10-08,67.748978,68.405625,67.493975,67.914734,12970300.000000
2001-10-09,67.965779,68.055031,67.321885,67.551392,15976300.000000
2001-10-10,67.449351,69.202524,67.270842,69.055893,19987400.000000
2001-10-11,69.457535,70.318187,69.457535,70.126930,23006300.000000
2001-10-12,69.585044,70.056806,68.405637,69.808174,31360500.000000
2001-10-15,69.253546,69.776311,68.890161,69.680687,16873000.000000
2001-10-16,69.999412,70.515799,69.457518,70.120537,15877100.000000
2001-10-17,70.809102,70.860104,68.628792,68.628792,28542300.000000
2001-10-18,68.737140,68.953898,68.054996,68.482132,16510000.000000
2001-10-19,68.214385,68.794528,67.583244,68.437515,21912500.000000
2001-10-22,68.405635,69.852798,68.348256,69.789047,17540600.000000
2001-10-23,70.101428,70.305433,69.094149,69.432037,22062500.000000
2001-10-24,69.476684,69.776313,68.992169,69.247177,16065200.000000
2001-10-25,68.501225,70.509405,68.048588,70.490280,27467900.000000
2001-10-26,70.095072,71.268107,69.916568,70.330956,18623300.000000
2001-10-29,70.229006,70.477638,68.501328,68.501328,18727500.000000
2001-10-30,68.437537,68.660667,67.296379,67.678894,26178600.000000
2001-10-31,68.150648,68.762664,67.449379,67.449379,28124200.000000
2001-11-01,67.959394,69.495814,67.385627,69.177055,29806800.000000
2001-11-02,69.132401,69.731664,68.769016,69.648788,17575900.000000
2001-11-05,70.203432,70.821820,70.095050,70.560440,15929500.000000
2001-11-06,70.350047,71.707962,70.031288,71.656960,23245800.000000
2001-11-07,71.255307,72.115959,71.172431,71.561317,19716000.000000
2001-11-08,71.956587,72.727982,71.338194,71.784454,22563500.000000
2001-11-09,71.561336,72.013972,71.044948,71.860970,15895800.000000
2001-11-12,70.764447,71.816352,70.126929,71.421089,26068800.000000
2001-11-13,72.319989,73.027634,72.154233,73.027634,15296200.000000
2001-11-14,73.422878,73.569509,72.492103,73.097748,17571300.000000
2001-11-15,72.912900,73.429288,72.632391,73.231659,19470200.000000
2001-11-16,73.365515,73.378263,72.294486,72.906502,18134900.000000
2001-11-19,73.263501,73.856392,72.963867,73.805389,13625400.000000
2001-11-20,73.550374,73.824506,73.084984,73.186989,16209700.000000
2001-11-21,72.995772,73.104149,72.364631,72.702515,11470200.000000
2001-11-23,72.702518,73.792673,72.677017,73.748047,6717100.000000
2001-11-26,73.792664,74.168797,73.359152,73.907417,13726000.000000
2001-11-27,73.709783,74.525805,72.734377,73.588654,19261400.000000
2001-11-28,73.148790,73.422922,72.198889,72.256264,20195500.000000
2001-11-29,72.460263,73.263532,72.039499,73.231659,16354700.000000
2001-11-30,72.932038,73.257174,72.689778,72.708908,13680300.000000
2001-12-03,72.453872,72.728005,72.045861,72.275368,15220400.000000
2001-12-04,72.625989,73.505766,72.262604,73.499390,17239900.000000
2001-12-05,73.703402,75.227068,73.671524,74.844559,25204000.000000
2001-12-06,74.806290,75.188804,74.544910,74.806290,17972900.000000
2001-12-07,74.525818,74.646943,73.760794,74.309059,18857800.000000
2001-12-10,73.856417,74.200678,72.900141,72.919266,13862700.000000
2001-12-11,73.250752,73.773516,72.613234,72.772614,20833300.000000
2001-12-12,73.027632,73.174258,72.109605,72.855499,16171500.000000
2001-12-13,72.326373,72.485752,71.427475,71.440224,19026700.000000
2001-12-14,71.612342,72.351859,71.401960,72.122353,16721900.000000
2001-12-17,72.033104,72.906505,71.975730,72.868256,13925900.000000
2001-12-18,73.078630,73.410142,72.893750,73.301765,13663700.000000
2001-12-19,72.734356,73.901014,72.676981,73.818138,20143400.000000
2001-12-20,73.633274,73.824531,73.027634,73.091385,14867900.000000
2001-12-21,73.585869,73.611458,73.054908,73.534691,14037700.000000
2001-12-24,73.457944,73.592283,73.317207,73.393974,5728800.000000
2001-12-26,73.342780,74.340727,73.342780,73.796974,10304800.000000
2001-12-27,73.758605,74.257578,73.726618,74.244781,9407300.000000
2001-12-28,74.391930,74.686196,74.155235,74.206413,10593800.000000
2001-12-31,74.302383,74.455912,73.074140,73.118919,14619500.000000
2002-01-02,73.637077,74.046491,72.805451,73.905754,18651900.000000
2002-01-03,73.982507,74.814128,73.912139,74.743759,15743000.000000
2002-01-04,74.954857,75.473025,74.558239,75.242729,20140700.000000
2002-01-07,75.293903,75.479420,74.564634,74.711769,13106500.000000
2002-01-08,74.711802,74.884522,74.187240,74.539078,12683700.000000
2002-01-09,74.641391,75.345072,73.784177,73.931313,16610300.000000
2002-01-10,74.008089,74.430296,73.758603,74.257576,12823400.000000
2002-01-11,74.340735,74.385515,73.374771,73.528305,13708400.000000
2002-01-14,73.342771,73.464313,72.901370,73.067696,12301100.000000
2002-01-15,73.278833,73.816188,72.863021,73.662659,20219900.000000
2002-01-16,73.118869,73.182839,72.088936,72.172096,17067000.000000
2002-01-17,72.773481,73.080539,72.543185,72.715904,17283400.000000
2002-01-18,72.287275,72.831027,72.076169,72.383232,17028000.000000
2002-01-22,72.767045,72.882193,71.660344,71.884247,11689300.000000
2002-01-23,72.050595,72.639133,71.660371,72.434425,12438900.000000
2002-01-24,72.696676,73.086899,72.491969,72.658295,12142800.000000
2002-01-25,72.364039,73.042130,72.312861,72.639114,12810700.000000
2002-01-28,72.863029,73.048546,72.236111,72.837440,10589200.000000
2002-01-29,72.830983,73.010101,70.400088,70.547218,27720800.000000
2002-01-30,70.617626,72.536757,69.344604,71.564400,34711800.000000
2002-01-31,71.743542,72.479210,71.404496,72.402443,19909200.000000
2002-02-01,72.344862,72.479205,71.756329,72.063393,15838500.000000
2002-02-04,71.794739,71.794739,70.009946,70.272224,24243400.000000
2002-02-05,69.984362,70.681645,69.427812,69.837227,33614000.000000
2002-02-06,70.144250,70.201821,69.127108,69.536522,29486000.000000
2002-02-07,69.549332,70.278602,69.088740,69.101532,23445400.000000
2002-02-08,69.491728,70.847916,69.280628,70.425705,19277800.000000
2002-02-11,70.400125,71.417262,70.252989,71.289322,18792400.000000
2002-02-12,70.982269,71.462052,70.387338,71.065430,13942500.000000
2002-02-13,71.314930,71.993022,71.231765,71.820297,16781100.000000
2002-02-14,71.973816,72.268082,71.385279,71.685944,20453800.000000
2002-02-15,71.743521,71.801093,70.822337,70.937485,18366800.000000
2002-02-19,70.464102,70.553662,69.478948,69.574905,15988100.000000
2002-02-20,69.760425,70.745575,68.973579,70.745575,29242800.000000
2002-02-21,70.323366,70.771161,69.255051,69.280640,26288600.000000
2002-02-22,69.312636,70.329778,69.005578,70.137863,26572900.000000
2002-02-25,70.201774,71.525973,70.176185,71.295677,17458700.000000
2002-02-26,71.391678,71.673152,70.732777,71.148590,22346500.000000
2002-02-27,71.621977,72.197717,70.783958,71.423668,28597900.000000
2002-02-28,71.538801,72.127333,71.027031,71.103798,23755400.000000
2002-03-01,71.468460,72.831042,71.334122,72.760674,26273600.000000
2002-03-04,72.863023,74.200015,72.703095,74.046486,27184600.000000
2002-03-05,73.777786,74.462276,73.547490,73.809769,22718900.000000
2002-03-06,73.630650,74.942058,73.611459,74.686172,20143200.000000
2002-03-07,75.076412,75.165971,73.931330,74.526260,19330800.000000
2002-03-08,75.089185,75.421837,74.513450,74.839699,19930100.000000
2002-03-11,74.775767,75.421876,74.481500,74.999664,15621800.000000
2002-03-12,74.270390,75.006058,74.168039,74.954880,17153600.000000
2002-03-13,74.609406,74.686173,73.976094,74.231979,17175300.000000
2002-03-14,74.231995,74.481481,73.969711,74.129639,11168100.000000
2002-03-15,74.399764,75.028474,74.354856,74.836014,21220100.000000
2002-03-18,75.124626,75.419735,74.483083,74.848763,17548900.000000
2002-03-19,75.252985,75.535261,74.945042,75.349213,17912000.000000
2002-03-20,74.739742,74.791066,73.899322,73.931396,17114500.000000
2002-03-21,73.969887,74.354812,73.212867,73.963470,25846800.000000
2002-03-22,74.098179,74.380459,73.584943,73.803070,15235400.000000
2002-03-25,73.835146,74.008366,72.686789,72.885666,17499600.000000
2002-03-26,72.827970,73.790285,72.795896,73.309128,19947600.000000
2002-03-27,73.155130,73.783844,72.981916,73.501564,19020300.000000
2002-03-28,73.758210,74.271442,73.456684,73.469513,17532900.000000
2002-04-01,73.283442,73.841581,72.815113,73.501564,17711000.000000
2002-04-02,73.123090,73.745382,72.988361,73.097427,15669500.000000
2002-04-03,73.142304,73.270611,71.955451,72.584160,25658500.000000
2002-04-04,72.237731,72.750967,72.000363,72.282639,23549000.000000
2002-04-05,72.616243,72.898518,71.968283,72.295471,19404900.000000
2002-04-08,71.416556,72.513593,71.358819,72.449440,16470100.000000
2002-04-09,72.609809,72.609809,71.807881,71.942604,15122700.000000
2002-04-10,71.916931,72.840754,71.910514,72.757355,17199300.000000
2002-04-11,72.423746,72.526396,70.890460,70.948196,25453700.000000
2002-04-12,71.224064,71.628239,70.595355,71.480682,14950600.000000
2002-04-15,71.609032,71.763001,70.698037,70.935410,17394900.000000
2002-04-16,71.660321,72.699622,71.641075,72.622635,15040900.000000
2002-04-17,72.744553,72.924184,72.237733,72.468689,12920100.000000
2002-04-18,72.430168,72.789430,71.307468,72.154305,25204800.000000
2002-04-19,72.622675,72.648337,72.212088,72.417381,10499200.000000
2002-04-22,72.096562,72.128641,71.108586,71.211235,13922900.000000
2002-04-23,71.268969,71.519175,70.678751,70.903290,16967000.000000
2002-04-24,70.928978,71.730907,70.184791,70.191208,18902700.000000
2002-04-25,70.062880,70.402897,69.748526,70.229683,25451500.000000
2002-04-26,70.434975,70.576115,68.831118,68.895271,19769800.000000
2002-04-29,69.241703,69.453413,68.407695,68.555252,17724400.000000
2002-04-30,68.657902,69.697203,68.414117,69.196800,19473500.000000
2002-05-01,69.267427,70.088601,68.516822,70.043694,24575600.000000
2002-05-02,69.992323,70.511976,69.145486,69.774200,15666800.000000
2002-05-03,69.671591,69.774241,68.773430,69.017220,18185500.000000
2002-05-06,69.055675,69.280214,67.560879,67.663528,23630400.000000
2002-05-07,68.067683,68.208823,67.297833,67.426140,21910000.000000
2002-05-08,68.677170,70.159132,68.510367,69.934593,27917400.000000
2002-05-09,69.703641,69.992333,69.017190,69.126251,18085600.000000
2002-05-10,69.267362,69.318686,67.746904,67.823891,18958900.000000
2002-05-13,68.144685,69.254552,67.868821,69.203232,14677700.000000
2002-05-14,70.325967,70.807124,69.928208,70.710892,34201200.000000
2002-05-15,70.248942,71.153520,70.114219,70.434990,29535300.000000
2002-05-16,70.377292,70.877700,70.139924,70.800713,28092000.000000
2002-05-17,70.993103,71.371611,70.633836,71.147072,27823700.000000
2002-05-20,70.980295,71.012374,70.242520,70.377243,13833800.000000
2002-05-21,70.640242,70.877614,69.491880,69.735664,16877200.000000
2002-05-22,69.427752,70.005142,69.286612,69.889664,15844200.000000
2002-05-23,70.094979,70.800676,69.594577,70.633873,13879800.000000
2002-05-24,70.556869,70.698005,69.677954,69.729279,11877000.000000
2002-05-28,69.960284,70.011603,68.933811,69.350815,24236900.000000
2002-05-29,69.042841,69.299454,68.728481,68.837547,14773300.000000
2002-05-30,68.356441,68.972322,67.939437,68.645134,18217900.000000
2002-05-31,68.901695,69.645882,68.548844,68.786217,19826300.000000
2002-06-03,68.702848,69.030037,66.803881,66.957855,26056300.000000
2002-06-04,66.816711,67.490328,66.431786,67.124649,25856200.000000
2002-06-05,67.329929,67.791840,66.945004,67.753349,19695900.000000
2002-06-06,67.708442,67.746933,66.175154,66.374031,22998500.000000
2002-06-07,65.296237,66.669139,65.257746,66.297043,24011600.000000
2002-06-10,66.232871,67.015554,66.091731,66.553642,18759900.000000
2002-06-11,66.803852,67.066887,65.264153,65.411705,19990700.000000
2002-06-12,65.251327,65.957023,64.654692,65.809471,31266000.000000
2002-06-13,65.520742,66.078886,65.013923,65.148651,21043900.000000
2002-06-14,64.353153,65.155081,63.191962,65.052437,39267500.000000
2002-06-17,65.386028,66.938560,65.341120,66.797424,17647200.000000
2002-06-18,66.553636,67.381226,66.483066,67.342735,21628500.000000
2002-06-19,66.399687,66.996322,65.591342,65.770973,21540700.000000
2002-06-20,65.604195,66.111014,64.770187,64.930573,25691000.000000
2002-06-21,64.681439,64.977581,63.529057,63.915329,31190700.000000
2002-06-24,63.483967,64.823048,62.608414,64.250076,37169700.000000
2002-06-25,64.571959,64.951792,62.795102,62.807976,33355000.000000
2002-06-26,61.288613,63.187790,61.282178,62.910961,37913600.000000
2002-06-27,63.413140,64.050489,62.170629,64.011864,31616400.000000
2002-06-28,63.889580,64.700755,63.657816,63.709320,28184200.000000
2002-07-01,63.850935,64.250086,62.376659,62.466789,20270200.000000
2002-07-02,62.357347,62.576232,61.011826,61.140587,34213900.000000
2002-07-03,60.915245,61.700663,60.335835,61.488216,30565800.000000
2002-07-05,62.305840,64.076258,62.228588,63.934624,19013500.000000
2002-07-08,63.722137,64.185660,62.807954,63.136288,19118600.000000
2002-07-09,62.917411,63.310117,61.166306,61.546139,28620400.000000
2002-07-10,61.803687,61.848752,59.254286,59.305790,50522500.000000
2002-07-11,59.074015,60.097636,58.146958,59.788620,59476500.000000
2002-07-12,60.084755,60.445275,58.919495,59.131947,39018600.000000
2002-07-15,58.996761,59.486041,56.582555,59.447411,77317200.000000
2002-07-16,58.661997,59.473166,57.857261,58.301472,53282400.000000
2002-07-17,59.524667,60.065452,57.780002,58.417351,48880600.000000
2002-07-18,58.391563,58.649079,56.492391,56.524582,32656700.000000
2002-07-19,55.855081,56.363674,54.271362,54.535313,77572600.000000
2002-07-22,54.142594,55.307854,52.436554,52.919395,78134000.000000
2002-07-23,53.144728,53.588939,51.342119,51.470875,74484100.000000
2002-07-24,50.299166,54.799249,50.009464,54.541733,107022800.000000
2002-07-25,54.252022,55.269208,52.533109,54.078201,87176600.000000
2002-07-26,54.496683,55.320732,53.949464,55.108280,41206800.000000
2002-07-29,56.331480,58.159836,56.202724,57.792877,53492900.000000
2002-07-30,57.503177,58.842258,57.116905,58.546116,47532200.000000
2002-07-31,58.256387,58.938806,57.458091,58.687729,44669900.000000
2002-08-01,58.507468,58.810049,56.865811,57.155514,66571900.000000
2002-08-02,56.975236,57.239191,55.121128,55.874359,51772900.000000
2002-08-05,55.681235,55.964503,53.788501,53.930130,47191300.000000
2002-08-06,54.870066,56.588979,54.792809,55.745613,64730000.000000
2002-08-07,56.569671,56.975255,55.217711,56.717739,43289400.000000
2002-08-08,56.923753,58.649105,56.524607,58.552536,48339800.000000
2002-08-09,58.005325,59.189898,57.522484,58.771435,41879200.000000
2002-08-12,57.934502,58.758550,57.651238,58.340092,25841700.000000
2002-08-13,58.037541,59.009663,57.071858,57.277870,49690500.000000
2002-08-14,57.310052,59.634129,56.666263,59.370178,57423600.000000
2002-08-15,59.769307,60.509665,59.357283,60.194210,45551500.000000
2002-08-16,59.756426,60.567601,59.228520,60.013943,36517300.000000
2002-08-19,60.168461,61.642737,59.936697,61.417412,33669900.000000
2002-08-20,61.044011,61.417409,60.271467,60.767181,30508300.000000
2002-08-21,61.198542,61.662070,60.239298,61.642757,39628900.000000
2002-08-22,61.475345,62.544036,61.204955,62.241455,38399800.000000
2002-08-23,61.810103,61.900233,60.612656,60.902359,33716400.000000
2002-08-26,61.101911,61.571874,60.194168,61.327236,33830100.000000
2002-08-27,61.610559,61.964645,60.194226,60.619129,35335700.000000
2002-08-28,60.052578,60.187773,59.099774,59.292908,38970600.000000
2002-08-29,58.758544,59.904491,58.462402,59.318642,42965700.000000
2002-08-30,59.022506,60.123383,58.842246,59.086884,30366700.000000
2002-09-03,58.410902,58.584723,56.749927,56.833618,76586400.000000
2002-09-04,57.046064,58.101876,56.691978,57.644787,51099500.000000
2002-09-05,56.968815,57.573977,56.331466,57.155514,67250900.000000
2002-09-06,57.780020,58.307927,57.516065,57.940968,38622200.000000
2002-09-09,57.361535,58.810059,57.168402,58.365849,33998400.000000
2002-09-10,58.674843,59.086866,58.301444,59.035362,41416600.000000
2002-09-11,59.531121,60.084779,58.649129,58.668442,27711200.000000
2002-09-12,58.423776,58.481714,57.290707,57.586849,43601700.000000
2002-09-13,57.097579,57.876562,56.814311,57.728489,41131000.000000
2002-09-16,57.496696,57.870094,56.949477,57.870094,28167600.000000
2002-09-17,58.513897,58.707035,56.492403,56.543907,47609700.000000
2002-09-18,56.016040,56.975284,55.546072,55.977409,54719400.000000
2002-09-19,55.359338,55.880810,54.528851,54.528851,48510500.000000
2002-09-20,54.915567,55.096635,54.352963,54.546963,46325600.000000
2002-09-23,54.094301,54.359435,53.473494,54.100769,46893800.000000
2002-09-24,53.311846,54.094322,52.930306,53.227776,69507000.000000
2002-09-25,53.913225,54.818565,53.053147,54.546963,59294400.000000
2002-09-26,54.980249,55.594593,54.611645,55.439392,53638000.000000
2002-09-27,54.967324,55.374727,53.512306,53.512306,64648300.000000
2002-09-30,53.027288,53.544629,52.315947,52.891487,73096400.000000
2002-10-01,53.305345,55.465234,52.684538,55.432903,67198100.000000
2002-10-02,54.766845,55.310049,53.415293,53.770966,56749100.000000
2002-10-03,53.764517,54.708661,52.994972,53.227776,55547000.000000
2002-10-04,53.544611,53.622208,51.462320,52.251263,68483700.000000
2002-10-07,51.772741,52.509949,50.796266,51.171333,53188000.000000
2002-10-08,51.611068,52.581080,50.569923,51.973209,79531000.000000
2002-10-09,51.145482,51.539954,50.298340,50.505276,79956400.000000
2002-10-10,50.401796,52.425884,49.839187,52.141346,76749000.000000
2002-10-11,53.091947,54.792703,52.910879,54.424099,82308300.000000
2002-10-14,53.803306,54.870319,53.699840,54.728050,40631900.000000
2002-10-15,56.254177,57.372925,56.163643,57.359989,82320300.000000
2002-10-16,56.525790,56.777993,55.562242,55.969650,62977800.000000
2002-10-17,57.469948,57.748018,56.810338,57.081940,68534100.000000
2002-10-18,56.681007,57.625150,56.215400,57.321213,47448700.000000
2002-10-21,56.984933,58.524015,56.629260,58.310612,45859100.000000
2002-10-22,57.586349,58.207156,57.243607,57.890282,40966800.000000
2002-10-23,57.405261,58.375273,56.700389,58.330006,54905800.000000
2002-10-24,58.685692,58.782694,56.972004,57.140141,54987400.000000
2002-10-25,57.043125,58.452875,56.868526,58.330006,43672100.000000
2002-10-28,58.944377,59.034911,57.457024,57.948498,39416100.000000
2002-10-29,57.605780,57.870914,56.260695,57.275974,59508200.000000
2002-10-30,57.347064,58.174806,57.056062,57.832069,41688600.000000
2002-10-31,57.980785,58.394656,57.030174,57.243572,41620600.000000
2002-11-01,57.133654,58.730940,56.939655,58.375267,51878900.000000
2002-11-04,59.364722,60.101930,58.782714,58.931446,49080600.000000
2002-11-05,58.743887,59.539299,58.743887,59.397030,37270800.000000
2002-11-06,59.804456,60.185991,58.711574,60.166592,65013100.000000
2002-11-07,59.506991,59.636329,58.342980,58.692184,51572000.000000
2002-11-08,58.543437,59.215979,57.890294,57.974365,37905400.000000
2002-11-11,57.883817,57.916147,56.778004,57.075474,33505100.000000
2002-11-12,57.334123,58.155397,57.146587,57.528122,37724500.000000
2002-11-13,57.114256,58.032532,56.551648,57.586330,63891500.000000
2002-11-14,58.245915,58.847322,58.038979,58.672722,31896800.000000
2002-11-15,58.200700,59.203047,58.168364,59.106045,39152100.000000
2002-11-18,59.591011,59.591011,58.426996,58.511066,28934800.000000
2002-11-19,58.213611,58.912021,58.045480,58.433483,32806600.000000
2002-11-20,58.187748,59.765630,58.168344,59.733299,36688400.000000
2002-11-21,59.882038,60.910252,59.772104,60.845581,55128200.000000
2002-11-22,60.451138,60.962007,60.315332,60.412334,32513800.000000
2002-11-25,60.418764,60.955504,59.991956,60.451099,33846400.000000
2002-11-26,60.185968,60.431702,59.248292,59.300022,42284700.000000
2002-11-27,59.830282,61.207701,59.772084,60.968430,37764000.000000
2002-11-29,61.304748,61.401745,60.638669,60.774475,19385700.000000
2002-12-02,61.738014,62.113086,60.282996,60.871468,49911900.000000
2002-12-03,60.302383,60.399385,59.720375,60.056648,34407700.000000
2002-12-04,59.345345,60.231291,59.125478,59.785084,64040800.000000
2002-12-05,59.966133,60.011400,58.912050,59.125454,36724900.000000
2002-12-06,58.278275,59.603954,58.187741,59.513420,49824100.000000
2002-12-09,58.892644,59.144846,57.864434,57.877365,36789600.000000
2002-12-10,58.213620,58.912029,58.045488,58.653358,33319900.000000
2002-12-11,58.472279,59.248291,58.304147,58.705082,39201000.000000
2002-12-12,58.976671,59.164207,58.329997,58.698601,34465600.000000
2002-12-13,58.142470,58.511074,57.728594,57.773861,36862200.000000
2002-12-16,58.084293,59.358242,57.980827,59.267708,37098400.000000
2002-12-17,59.086617,59.325883,58.679209,58.750343,32353900.000000
2002-12-18,58.407630,58.459365,57.767424,58.071362,35612600.000000
2002-12-19,57.780351,58.653360,57.295345,57.657486,39264200.000000
2002-12-20,57.966795,58.499674,57.901811,58.480179,31176900.000000
2002-12-23,58.220258,58.792131,58.038300,58.499695,22599300.000000
2002-12-24,58.220241,58.395704,57.999293,58.064278,10937000.000000
2002-12-26,58.291739,58.883107,57.732866,58.090286,17485600.000000
2002-12-27,57.810840,58.025293,56.784073,56.784073,22205700.000000
2002-12-30,57.050512,57.492412,56.680097,57.258465,29968000.000000
2002-12-31,57.180488,57.466425,56.608620,57.336456,34036600.000000
2003-01-02,57.739383,59.331525,57.537931,59.182056,44516300.000000
2003-01-03,59.078071,59.383497,58.811629,59.364002,32222600.000000
2003-01-06,59.292505,60.754672,59.247016,60.410252,40984500.000000
2003-01-07,60.371285,60.676716,59.916385,60.260811,38640400.000000
2003-01-08,59.916386,60.046359,59.169060,59.390007,38702200.000000
2003-01-09,59.669430,60.553229,59.402993,60.312782,34804900.000000
2003-01-10,59.753884,60.852135,59.656410,60.475220,37768900.000000
2003-01-13,60.787133,60.995086,60.072297,60.455708,31649900.000000
2003-01-14,60.234802,60.975633,60.052844,60.650707,30733000.000000
2003-01-15,60.787168,60.806663,59.727911,60.046337,33511800.000000
2003-01-16,60.111301,60.390737,59.428954,59.799370,44812100.000000
2003-01-17,59.130032,59.981341,58.584159,58.915585,35618300.000000
2003-01-21,59.052064,59.084554,57.804344,57.999302,36826200.000000
2003-01-22,57.687396,58.356748,57.187012,57.297485,42286500.000000
2003-01-23,57.674379,58.083784,57.154495,57.648384,55919800.000000
2003-01-24,57.570412,57.628901,55.997771,56.134239,68633900.000000
2003-01-27,55.711835,56.407176,54.912514,55.367409,57884400.000000
2003-01-28,55.646829,56.147218,55.321903,55.776802,46929100.000000
2003-01-29,55.510368,56.654109,55.087963,56.199215,53712200.000000
2003-01-30,56.400671,56.459156,54.847525,54.867020,49845900.000000
2003-01-31,54.685047,56.023741,54.685047,55.926262,55317000.000000
2003-02-03,55.978273,56.413673,55.835305,56.036762,39696000.000000
2003-02-04,55.438866,55.724803,54.782520,55.484356,43633400.000000
2003-02-05,55.724806,56.238190,54.899496,55.139938,55270600.000000
2003-02-06,54.828020,55.165941,54.360126,54.880005,53638000.000000
2003-02-07,55.178962,55.230946,53.918247,54.210678,43165000.000000
2003-02-10,54.236676,54.672076,53.710298,54.594097,45455900.000000
2003-02-11,54.828010,55.159431,53.827238,54.217148,46861000.000000
2003-02-12,54.041691,54.340622,53.346344,53.352844,35873600.000000
2003-02-13,53.385370,53.716796,52.638039,53.515339,57934100.000000
2003-02-14,53.528315,54.717541,53.170894,54.685051,59580900.000000
2003-02-18,54.931999,55.757314,54.841020,55.646835,39492700.000000
2003-02-19,55.445380,55.542858,54.769533,55.354401,31432000.000000
2003-02-20,55.373901,55.510369,54.620075,54.802032,29280100.000000
2003-02-21,54.834517,55.718316,54.236654,55.354401,60955800.000000
2003-02-24,55.191942,55.237432,54.321138,54.457611,30628600.000000
2003-02-25,53.905220,54.905993,53.430831,54.892998,56770600.000000
2003-02-26,54.600592,54.932018,53.989734,54.093708,37787200.000000
2003-02-27,54.392613,55.074959,54.041697,54.808517,51126000.000000
2003-02-28,54.893022,55.386911,54.691569,55.172459,43666800.000000
2003-03-03,55.406396,55.744316,54.405623,54.646065,42923100.000000
2003-03-04,54.555089,54.594084,53.710284,53.775269,31440500.000000
2003-03-05,53.684275,54.288638,53.521812,54.230148,43974700.000000
2003-03-06,53.853253,54.275653,53.593311,53.775269,41217700.000000
2003-03-07,53.034425,54.581072,52.917452,54.145672,63538000.000000
2003-03-10,53.677827,53.846790,52.703048,52.846016,41014100.000000
2003-03-11,52.949946,53.287867,52.300094,52.326084,48102700.000000
2003-03-12,52.235095,52.702989,51.585243,52.676994,62459800.000000
2003-03-13,53.404846,54.529092,52.982441,54.496597,72117800.000000
2003-03-14,54.717525,55.087940,54.165152,54.672035,63951800.000000
2003-03-17,54.236678,56.504662,54.080715,56.394188,88217500.000000
2003-03-18,56.634615,56.764583,56.069242,56.725594,50792300.000000
2003-03-19,56.719107,57.290980,56.329197,57.161007,49630800.000000
2003-03-20,56.751599,57.570409,56.114741,57.284477,67321600.000000
2003-03-21,57.939558,58.644225,57.371905,58.507206,71165300.000000
2003-03-24,57.430589,57.508888,56.340962,56.562805,65398900.000000
2003-03-25,56.595435,57.587195,56.399696,57.104362,61040100.000000
2003-03-26,57.130502,57.319720,56.634626,56.817318,45740800.000000
2003-03-27,56.373614,57.195731,56.106098,56.862968,53120200.000000
2003-03-28,56.419290,56.947791,56.275745,56.575882,32583000.000000
2003-03-31,55.688509,56.497573,55.068662,55.290501,61119500.000000
2003-04-01,55.623268,56.367086,55.401430,56.138721,53574000.000000
2003-04-02,57.117452,57.919991,57.091353,57.495888,50431200.000000
2003-04-03,57.985229,58.063522,57.189212,57.221832,48755500.000000
2003-04-04,57.698119,57.802512,57.169618,57.561100,36250100.000000
2003-04-07,58.944368,59.277131,57.398012,57.450211,69776200.000000
2003-04-08,57.613299,57.841663,57.228338,57.541527,39712700.000000
2003-04-09,57.652465,58.135293,56.615031,56.784676,55647300.000000
2003-04-10,56.823812,57.176148,55.923402,57.097855,41812400.000000
2003-04-11,57.521967,57.874298,56.673751,56.862968,47730100.000000
2003-04-14,57.071803,58.070086,56.765140,58.037460,36711700.000000
2003-04-15,57.965646,58.578972,57.691609,58.578972,49709800.000000
2003-04-16,58.663791,58.761658,57.437140,57.580685,51788000.000000
2003-04-17,57.613309,58.539819,57.541537,58.435421,37403100.000000
2003-04-21,58.631129,58.826872,58.109149,58.494110,32052700.000000
2003-04-22,58.135295,59.740377,57.998277,59.596832,59763600.000000
2003-04-23,59.779465,60.255767,59.531523,60.144848,44227100.000000
2003-04-24,59.720801,60.079663,59.348892,59.609882,49692400.000000
2003-04-25,59.570731,59.681650,58.735562,58.872585,43917200.000000
2003-04-28,59.009590,60.151417,58.918244,59.890427,46432900.000000
2003-04-29,60.118805,60.549439,59.635977,60.099232,52017100.000000
2003-04-30,59.968700,60.399329,59.642464,59.968700,48709100.000000
2003-05-01,59.975282,60.503788,59.048772,59.962234,50240400.000000
2003-05-02,59.740353,60.986577,59.694680,60.816933,50201500.000000
2003-05-05,60.986548,61.188813,60.353650,60.699459,35437800.000000
2003-05-06,60.706033,61.580343,60.679933,61.273685,44401000.000000
2003-05-07,60.953919,61.423699,60.660308,60.934345,41413100.000000
2003-05-08,60.366771,60.895277,60.210179,60.321098,40570700.000000
2003-05-09,60.568982,61.201881,60.425438,61.156208,33608100.000000
2003-05-12,61.006138,62.063144,60.862593,61.906548,35662300.000000
2003-05-13,61.678213,62.102321,61.502048,61.795658,39253600.000000
2003-05-14,62.043564,62.141436,61.273652,61.665134,32195100.000000
2003-05-15,61.913119,62.200208,61.495537,62.056664,43879200.000000
2003-05-16,61.913102,62.278485,61.502046,61.900055,38905000.000000
2003-05-19,61.430293,61.606458,60.242793,60.451584,41606000.000000
2003-05-20,60.562508,60.699527,59.759965,60.327618,55404600.000000
2003-05-21,60.099248,60.601650,59.968756,60.451584,49333800.000000
2003-05-22,60.647318,61.365042,60.471153,61.051853,38421800.000000
2003-05-23,61.025733,61.319349,60.771270,61.175804,26155900.000000
2003-05-27,60.875655,62.532930,60.725584,62.245846,43719200.000000
2003-05-28,62.539484,62.944019,62.265447,62.422039,37727100.000000
2003-05-29,62.559044,63.172370,62.037069,62.258907,50844200.000000
2003-05-30,62.572052,63.348491,62.350209,63.257145,52529500.000000
2003-06-02,63.635657,64.235930,63.074530,63.518211,50305500.000000
2003-06-03,63.387681,63.837883,63.191937,63.779163,38254500.000000
2003-06-04,63.720427,64.823101,63.661702,64.699135,49360700.000000
2003-06-05,64.320692,65.018837,64.118422,65.018837,46262400.000000
2003-06-06,65.508230,66.160702,64.679587,64.764412,60356800.000000
2003-06-09,64.444699,64.660016,63.792226,64.105415,37808500.000000
2003-06-10,64.242458,64.764438,64.066292,64.757912,29965900.000000
2003-06-11,64.699152,65.501690,64.405537,65.442970,37610200.000000
2003-06-12,65.736609,65.834481,64.999317,65.645264,36442000.000000
2003-06-13,65.645242,65.736588,64.562136,64.960144,48628300.000000
2003-06-16,65.221124,66.356424,65.116731,66.330330,36326300.000000
2003-06-17,66.597841,66.669613,66.049767,66.330330,36801800.000000
2003-06-18,66.088938,66.643538,65.899720,66.271629,35521000.000000
2003-06-19,66.317322,66.376048,65.142870,65.260315,43551700.000000
2003-06-20,65.738304,65.810336,65.103119,65.116219,41545000.000000
2003-06-23,65.122769,65.260287,64.120881,64.448296,34237500.000000
2003-06-24,64.317318,64.887016,64.186349,64.513763,36213600.000000
2003-06-25,64.520323,65.116220,63.865494,63.865494,47743400.000000
2003-06-26,64.029185,64.814982,63.492225,64.697113,33477300.000000
2003-06-27,64.664392,64.952518,63.898243,63.950630,54208800.000000
2003-06-30,64.317329,64.612000,63.826207,63.930977,33349000.000000
2003-07-01,63.682137,64.729862,63.145177,64.520317,51322800.000000
2003-07-02,64.677454,65.345382,64.546490,65.332283,34662100.000000
2003-07-03,64.873947,65.384713,64.107798,64.657852,30792800.000000
2003-07-07,65.253785,66.072322,65.253785,65.941353,31391100.000000
2003-07-08,65.810345,66.327661,65.594250,66.235985,30952500.000000
2003-07-09,66.085364,66.399684,65.502566,65.862724,36528500.000000
2003-07-10,65.378147,65.509116,64.585804,65.024544,49777700.000000
2003-07-11,65.083510,65.777627,65.083510,65.640114,39976300.000000
2003-07-14,66.268711,66.727094,65.777589,65.960945,42114900.000000
2003-07-15,66.386624,66.439011,65.450217,65.816925,42573600.000000
2003-07-16,66.013347,66.052641,64.978721,65.430550,39894200.000000
2003-07-17,64.926327,65.404349,64.278047,64.500687,52253500.000000
2003-07-18,64.841224,65.351995,64.474521,65.162094,35698100.000000
2003-07-21,65.122778,65.148971,64.075052,64.356628,34786000.000000
2003-07-22,64.625085,65.096562,64.120863,64.939400,49968300.000000
2003-07-23,64.965616,65.122774,64.356624,64.985260,37275400.000000
2003-07-24,65.476369,65.705558,64.415549,64.494125,40896200.000000
2003-07-25,64.605426,65.672795,64.199430,65.633507,43241100.000000
2003-07-28,65.725184,66.124630,65.266801,65.391220,34382800.000000
2003-07-29,65.574614,65.653196,64.618564,65.090042,53472100.000000
2003-07-30,65.220967,65.319193,64.782233,64.932846,28363300.000000
2003-07-31,65.469794,66.078785,64.939380,65.083443,54937200.000000
2003-08-01,64.952486,65.175125,64.330396,64.507202,49321000.000000
2003-08-04,64.376233,64.828067,63.518409,64.507202,55214100.000000
2003-08-05,64.441755,64.670945,63.086254,63.138641,61415600.000000
2003-08-06,63.315455,64.212568,63.138648,63.505356,50096900.000000
2003-08-07,63.629769,64.219117,63.361292,64.173279,43427400.000000
2003-08-08,64.382822,64.533435,64.016119,64.356628,27357300.000000
2003-08-11,64.343540,64.854306,64.068508,64.598923,34631400.000000
2003-08-12,64.638196,65.214444,64.448295,65.188255,43285600.000000
2003-08-13,65.365052,65.384696,64.520322,64.854286,36152000.000000
2003-08-14,64.893576,65.319216,64.467936,65.031090,35525100.000000
2003-08-15,65.063851,65.345428,64.906693,65.234108,12567000.000000
2003-08-18,65.437076,65.875810,65.312656,65.797234,22873800.000000
2003-08-19,65.934754,66.098461,65.482920,66.046074,37437700.000000
2003-08-20,65.672825,66.065722,65.587699,65.777596,21295300.000000
2003-08-21,66.170486,66.478251,65.744846,65.987129,46494200.000000
2003-08-22,66.628847,66.674684,65.306094,65.332283,52040300.000000
2003-08-25,65.293017,66.026428,65.011440,65.437080,23473000.000000
2003-08-26,65.155508,65.738306,64.716774,65.554955,45065800.000000
2003-08-27,65.515683,65.718679,65.201363,65.574615,18919500.000000
2003-08-28,65.744867,66.137764,65.260295,65.980606,27402400.000000
2003-08-29,65.882371,66.452074,65.797245,66.425880,28706600.000000
2003-09-02,66.556840,67.368827,66.170493,67.316444,49419100.000000
2003-09-03,67.467056,67.905791,67.303349,67.683151,44912400.000000
2003-09-04,67.512873,67.807549,67.290234,67.715874,28381000.000000
2003-09-05,67.408129,67.807576,67.054521,67.336098,31637300.000000
2003-09-08,67.473595,68.023649,67.401563,67.892685,32632800.000000
2003-09-09,67.689722,67.748654,67.237888,67.447433,35053200.000000
2003-09-10,67.139648,67.316455,66.497918,66.766396,45904900.000000
2003-09-11,66.858032,67.290221,66.687775,66.962807,38396300.000000
2003-09-12,66.733616,67.211638,66.366908,67.087219,42524800.000000
2003-09-15,67.133078,67.205110,66.759826,66.851501,21312800.000000
2003-09-16,66.943214,67.866521,66.903920,67.827232,37892600.000000
2003-09-17,67.761730,67.964726,67.480153,67.696243,31885800.000000
2003-09-18,67.709362,68.560637,67.558749,68.495155,30243600.000000
2003-09-19,68.541172,68.758096,67.969286,68.146767,34331600.000000
2003-09-22,67.607753,67.680061,67.068732,67.410553,36677400.000000
2003-09-23,67.436811,67.896954,67.285625,67.666885,32489200.000000
2003-09-24,67.785212,67.850945,66.437657,66.463951,41694700.000000
2003-09-25,66.661197,66.970144,65.865807,65.918396,52673100.000000
2003-09-26,66.023533,66.168149,65.635698,65.701431,42914700.000000
2003-09-29,65.931480,66.385043,65.596234,66.345604,36771600.000000
2003-09-30,66.049827,66.233883,65.241293,65.701431,70764500.000000
2003-10-01,65.892049,67.167296,65.865755,67.101562,65797600.000000
2003-10-02,67.002971,67.417096,66.805767,67.344788,44591500.000000
2003-10-03,68.146740,68.547719,67.758910,67.962685,48806900.000000
2003-10-06,68.021864,68.357105,67.837803,68.271652,20226500.000000
2003-10-07,67.877256,68.567463,67.647187,68.534599,42602900.000000
2003-10-08,68.580572,68.620011,67.975818,68.363647,30920800.000000
2003-10-09,68.942142,69.165641,68.251935,68.547737,40066500.000000
2003-10-10,68.541160,68.758085,68.304521,68.738365,22682800.000000
2003-10-13,68.830395,69.211655,68.698928,68.955292,23825600.000000
2003-10-14,68.889532,69.303656,68.600299,69.198479,38484400.000000
2003-10-15,69.586348,69.606068,68.784389,69.014458,39021700.000000
2003-10-16,68.810650,69.500862,68.790930,69.290512,32772200.000000
2003-10-17,69.329984,69.435156,68.350544,68.534599,32790300.000000
2003-10-20,68.659467,69.047302,68.324226,69.047302,27657000.000000
2003-10-21,68.902714,69.205091,68.574043,68.929008,26729100.000000
2003-10-22,68.383376,68.488553,67.831210,68.061279,33914500.000000
2003-10-23,67.634009,68.330791,67.601140,67.936386,45830500.000000
2003-10-24,67.594578,68.087585,67.167304,68.087585,51723600.000000
2003-10-27,68.192792,68.482024,67.883839,68.120483,32460200.000000
2003-10-28,68.350520,69.119610,68.245343,69.047302,34956200.000000
2003-10-29,68.869815,69.303664,68.278210,69.139328,30955400.000000
2003-10-30,69.540329,69.658651,68.889561,69.283966,39123100.000000
2003-10-31,69.283972,69.507466,69.165650,69.218239,25761600.000000
2003-11-03,69.514015,70.079330,69.487721,69.671776,37589300.000000
2003-11-04,69.671763,69.855818,69.402255,69.520576,31421600.000000
2003-11-05,69.343097,69.658624,68.955267,69.573166,33558800.000000
2003-11-06,69.415423,69.967594,69.086751,69.941299,28392300.000000
2003-11-07,70.099083,70.151671,69.395726,69.422020,31723200.000000
2003-11-10,69.507438,69.573172,69.027581,69.139328,25530800.000000
2003-11-11,69.080170,69.237936,68.889545,69.119614,26558600.000000
2003-11-12,69.172188,69.987291,69.126174,69.895264,28000000.000000
2003-11-13,69.684939,70.033330,69.533748,69.915009,29714800.000000
2003-11-14,69.941307,70.302842,69.211655,69.323402,49158500.000000
2003-11-17,68.961869,69.113055,68.389979,68.975014,44382100.000000
2003-11-18,69.178749,69.316791,68.166441,68.258469,41155000.000000
2003-11-19,68.383376,69.027575,68.311068,68.836945,29827000.000000
2003-11-20,68.363671,69.178775,68.199336,68.219055,53578700.000000
2003-11-21,68.521421,68.580584,68.113871,68.501701,30016000.000000
2003-11-24,68.817224,69.533725,68.810649,69.408829,28906400.000000
2003-11-25,69.500870,69.954433,69.316810,69.671776,37580000.000000
2003-11-26,69.954449,69.974169,69.277387,69.921585,33053600.000000
2003-11-28,69.862412,70.112206,69.809823,69.974159,10507500.000000
2003-12-01,70.237095,70.782691,70.204231,70.730103,38699000.000000
2003-12-02,70.585446,70.841809,70.381671,70.552582,35352000.000000
2003-12-03,70.762969,71.045626,70.381709,70.440872,39078600.000000
2003-12-04,70.447445,70.808986,70.296259,70.730103,36089500.000000
2003-12-05,70.414584,70.861578,70.085913,70.237099,28824400.000000
2003-12-08,70.164762,70.756371,70.125323,70.710358,32482900.000000
2003-12-09,70.927323,70.947042,70.033336,70.164803,43596100.000000
2003-12-10,70.184523,70.322569,69.652077,70.158234,36915400.000000
2003-12-11,70.125335,71.058761,70.118760,70.947014,45304000.000000
2003-12-12,70.973336,71.124522,70.592076,71.085083,34142200.000000
2003-12-15,71.762131,71.801575,70.651225,70.730103,38693400.000000
2003-12-16,70.782709,71.321730,70.677532,71.098236,32894200.000000
2003-12-17,71.032484,71.321716,70.861578,71.321716,23198800.000000
2003-12-18,71.354597,72.130263,71.249420,72.123688,29353100.000000
2003-12-19,72.187109,72.233340,71.711584,71.922928,41465100.000000
2003-12-22,71.850243,72.424835,71.843637,72.424835,27611300.000000
2003-12-23,72.305949,72.616356,72.239901,72.471062,24741200.000000
2003-12-24,72.332343,72.570105,72.272905,72.398392,8055800.000000
2003-12-26,72.457869,72.702237,72.405032,72.451263,8308400.000000
2003-12-29,72.715418,73.488142,72.504074,73.415497,22483700.000000
2003-12-30,73.369314,73.488195,73.210807,73.428757,19559500.000000
2003-12-31,73.455164,73.653296,73.204190,73.494789,31501800.000000
2004-01-02,73.798564,74.095769,73.131514,73.461739,38072300.000000
2004-01-05,73.765566,74.313735,73.699517,74.260902,27959800.000000
2004-01-06,74.075967,74.452423,73.970293,74.333542,20472800.000000
2004-01-07,74.227883,74.670383,73.897658,74.584526,30170400.000000
2004-01-08,74.795865,74.901539,74.478847,74.881721,36438400.000000
2004-01-09,74.518497,74.960997,74.148642,74.227898,54084300.000000
2004-01-12,74.333524,74.795837,74.208037,74.776024,31564100.000000
2004-01-13,74.690209,74.782677,73.811815,74.340172,54239700.000000
2004-01-14,74.472237,75.066642,74.412794,74.960968,30112800.000000
2004-01-15,75.007173,75.330791,74.353330,75.145866,38408700.000000
2004-01-16,75.317644,75.495963,75.046857,75.443130,31922700.000000
2004-01-20,75.641228,75.720484,75.172310,75.423279,29863000.000000
2004-01-21,75.377079,76.149808,75.106297,76.017715,30725000.000000
2004-01-22,76.044123,76.202629,75.674273,75.819572,29888500.000000
2004-01-23,75.951651,76.196019,75.258178,75.575195,44245300.000000
2004-01-26,75.548748,76.565840,75.542142,76.526215,30460600.000000
2004-01-27,76.446976,76.942312,75.720483,75.740295,35322800.000000
2004-01-28,75.938430,76.136562,74.591114,74.875107,52621300.000000
2004-01-29,75.000555,75.192086,74.340107,74.947723,60117100.000000
2004-01-30,74.974137,75.106230,74.690144,74.947723,30984400.000000
2004-02-02,75.093069,75.740311,74.710012,75.271393,38832400.000000
2004-02-03,75.119448,75.383628,74.921316,75.145866,25093500.000000
2004-02-04,74.756240,75.112883,74.492060,74.531685,39332600.000000
2004-02-05,74.743013,74.987381,74.485438,74.749619,37226800.000000
2004-02-06,74.908117,75.753491,74.762818,75.588379,37216000.000000
2004-02-09,75.733713,75.865805,75.482744,75.608231,24851300.000000
2004-02-10,75.476091,76.044077,75.462884,75.852547,27908100.000000
2004-02-11,75.852561,76.869653,75.403456,76.658310,42965700.000000
2004-02-12,76.592264,76.790396,76.334689,76.380920,27814700.000000
2004-02-13,76.493202,76.744171,75.786522,76.037491,44739900.000000
2004-02-17,76.512991,76.896053,76.460154,76.724335,23984300.000000
2004-02-18,76.744158,77.008338,76.182777,76.387520,28618000.000000
2004-02-19,76.830078,76.869703,75.991304,76.103584,51146200.000000
2004-02-20,76.268664,76.321496,75.502541,75.872391,46728800.000000
2004-02-23,76.096956,76.123375,75.403483,75.680870,36357000.000000
2004-02-24,75.469534,75.945059,74.650579,75.548790,43953000.000000
2004-02-25,75.594990,75.991258,75.502527,75.865776,31213600.000000
2004-02-26,75.694084,76.143189,75.515760,75.912033,29683000.000000
2004-02-27,76.077132,76.440376,75.707277,75.964851,39312000.000000
2004-03-01,76.235643,76.836649,76.116762,76.717773,33130800.000000
2004-03-02,76.572467,77.252729,76.103549,76.268661,38556400.000000
2004-03-03,76.116765,76.526245,75.898815,76.407364,31346200.000000
2004-03-04,76.427173,76.678141,76.295080,76.605492,21060000.000000
2004-03-05,76.229037,77.239523,76.136575,76.863068,55905600.000000
2004-03-08,76.836665,77.021595,75.892228,75.925247,39281600.000000
2004-03-09,76.017706,76.090355,75.449719,75.621437,39746100.000000
2004-03-10,75.766739,75.799759,74.340166,74.353378,67671800.000000
2004-03-11,74.234481,74.809068,73.375895,73.389107,89134800.000000
2004-03-12,73.791997,74.439235,73.692929,74.353378,54012200.000000
2004-03-15,74.148605,74.201442,73.243793,73.441925,57677200.000000
2004-03-16,73.824983,74.009908,73.204159,73.831589,59832600.000000
2004-03-17,74.089156,74.802442,74.036319,74.657143,41607300.000000
2004-03-18,74.432634,74.809090,73.924090,74.677002,60014300.000000
2004-03-19,74.501365,74.607404,73.593375,73.606628,48636200.000000
2004-03-22,73.261941,73.281823,72.307559,72.672081,62752100.000000
2004-03-23,73.069788,73.169204,72.479928,72.546204,54080200.000000
2004-03-24,72.625694,72.996840,72.141874,72.605812,51584300.000000
2004-03-25,72.957084,73.765657,72.764882,73.566826,49873600.000000
2004-03-26,73.540330,74.090426,73.434290,73.586723,37409500.000000
2004-03-29,73.984390,74.720059,73.951255,74.620644,44113600.000000
2004-03-30,74.428409,74.938735,74.375386,74.872459,39059900.000000
2004-03-31,74.885729,75.157465,74.481442,74.958633,48517600.000000
2004-04-01,74.938763,75.468976,74.925510,75.409325,45103800.000000
2004-04-02,76.091970,76.111852,75.488857,75.979301,50987700.000000
2004-04-05,75.860013,76.469755,75.846760,76.396851,30251800.000000
2004-04-06,76.105233,76.337200,75.966053,76.151627,28420900.000000
2004-04-07,76.184779,76.204666,75.628059,75.972694,45890500.000000
2004-04-08,76.489614,76.489614,75.382794,75.800339,46929700.000000
2004-04-12,75.939548,76.270930,75.932919,76.098610,23085200.000000
2004-04-13,76.390216,76.416728,74.905621,75.031548,56210300.000000
2004-04-14,74.633893,75.316539,74.594129,75.150848,62322300.000000
2004-04-15,75.190598,75.409311,74.468187,74.865845,61602500.000000
2004-04-16,75.144235,75.588291,74.879133,75.442482,47059200.000000
2004-04-19,75.256909,75.548522,75.071330,75.442482,28277600.000000
2004-04-20,75.608187,75.767249,74.083826,74.176613,53299400.000000
2004-04-21,74.362175,74.859249,74.143467,74.673676,50177300.000000
2004-04-22,74.547742,75.999193,74.521231,75.720833,62071500.000000
2004-04-23,75.833511,75.932927,75.415971,75.793747,29395700.000000
2004-04-26,75.886507,76.178125,75.290018,75.687675,35515200.000000
2004-04-27,75.707566,76.297426,75.528617,75.753960,43485500.000000
2004-04-28,75.482252,75.561786,74.561010,74.773094,50165800.000000
2004-04-29,74.706780,75.104438,73.672870,74.116920,69687600.000000
2004-04-30,74.342242,74.481422,73.500534,73.540298,48681400.000000
2004-05-03,73.812055,74.421797,73.798797,74.329010,33758000.000000
2004-05-04,74.395313,75.064707,74.004285,74.269386,51185100.000000
2004-05-05,74.501378,74.865895,74.335686,74.746597,34405000.000000
2004-05-06,74.242863,74.620639,73.566846,74.103683,54997000.000000
2004-05-07,73.712640,74.382034,72.877556,72.877556,60950000.000000
2004-05-10,72.532972,72.738427,71.817185,72.128685,75279400.000000
2004-05-11,72.546178,72.937212,72.460021,72.738380,48300600.000000
2004-05-12,72.619078,73.261960,71.618303,73.202309,90830500.000000
2004-05-13,72.745013,73.440912,72.658850,72.897446,57393700.000000
2004-05-14,72.870936,73.394521,72.420256,72.930588,54123100.000000
2004-05-17,72.168407,72.572693,71.850283,72.307587,55020400.000000
2004-05-18,72.566036,72.864283,72.459997,72.672081,30193100.000000
2004-05-19,73.235460,73.686140,72.340729,72.420258,54804100.000000
2004-05-20,72.539548,72.817913,72.267817,72.652222,38082900.000000
2004-05-21,72.884197,73.268602,72.552815,72.778152,47480400.000000
2004-05-24,73.255366,73.407804,72.692017,73.083046,40961500.000000
2004-05-25,72.837785,74.216335,72.638953,74.130173,48668000.000000
2004-05-26,74.004234,74.421774,73.904819,74.388634,35977000.000000
2004-05-27,74.587492,74.912245,74.269363,74.806206,45306900.000000
2004-05-28,74.713418,74.812829,74.468194,74.799576,23367200.000000
2004-06-01,74.534474,74.799580,74.143445,74.700165,41044700.000000
2004-06-02,74.912248,75.210495,74.534472,74.978523,39774200.000000
2004-06-03,74.766452,75.018306,74.276008,74.289261,38688300.000000
2004-06-04,74.879120,75.276777,74.700171,74.879120,32739500.000000
2004-06-07,75.177403,76.092016,75.170774,76.019112,31643800.000000
2004-06-08,75.800377,76.164894,75.667821,76.125130,32846500.000000
2004-06-09,75.893146,76.019068,75.369561,75.415955,36737600.000000
2004-06-10,75.581608,75.787064,75.508704,75.787064,21711000.000000
2004-06-14,75.435827,75.455710,74.806203,75.038170,34633000.000000
2004-06-15,75.488869,75.853386,75.230391,75.568398,37445000.000000
2004-06-16,75.555138,75.687688,75.356306,75.555138,26633400.000000
2004-06-17,75.455735,75.601544,75.111100,75.442482,28402400.000000
2004-06-18,75.345365,75.977292,75.285501,75.584831,31799800.000000
2004-06-21,75.664643,75.924064,75.252227,75.298790,25284000.000000
2004-06-22,75.252223,75.751111,74.946239,75.677940,37334000.000000
2004-06-23,75.571532,76.389706,75.445146,76.329842,35580000.000000
2004-06-24,76.203458,76.449578,76.003906,76.090378,35272100.000000
2004-06-25,76.103677,76.456224,75.618091,75.724518,32837900.000000
2004-06-28,76.176796,76.236665,75.438447,75.465050,40824500.000000
2004-06-29,75.518281,75.943998,75.445111,75.777702,28418100.000000
2004-06-30,75.877480,76.356413,75.598104,76.183464,52230600.000000
2004-07-01,75.997228,76.097007,74.886373,75.125839,57734700.000000
2004-07-02,75.272201,75.358673,74.899694,75.085945,34615100.000000
2004-07-06,74.746681,74.799892,74.254442,74.427391,38698200.000000
2004-07-07,74.374191,74.879733,74.334282,74.646919,29839800.000000
2004-07-08,74.374220,74.713465,73.968457,74.128105,45291100.000000
2004-07-09,74.314338,74.460680,74.088173,74.320992,27412900.000000
2004-07-12,74.181261,74.527159,73.835368,74.354210,35691300.000000
2004-07-13,74.447342,74.513859,74.234483,74.407433,26752000.000000
2004-07-14,74.008368,74.760024,73.915243,74.181313,54089400.000000
2004-07-15,74.327608,74.440693,73.635817,73.702339,38403500.000000
2004-07-16,74.214530,74.281047,73.462874,73.642471,40871200.000000
2004-07-19,73.669048,73.808736,73.163508,73.329803,39592800.000000
2004-07-20,73.522731,74.434035,73.336481,74.261086,46679800.000000
2004-07-21,74.380818,74.540460,72.804331,72.890808,56241100.000000
2004-07-22,72.744500,73.429638,72.352039,73.090393,72477100.000000
2004-07-23,72.917417,72.977281,72.298796,72.478394,49610500.000000
2004-07-26,72.631389,72.791032,71.979507,72.338707,49679100.000000
2004-07-27,72.538269,73.243362,72.485053,73.017197,51295100.000000
2004-07-28,72.870892,73.416343,72.232311,73.236740,65862300.000000
2004-07-29,73.529423,73.748935,73.170223,73.549377,52200500.000000
2004-07-30,73.383050,73.768857,73.236708,73.728943,41581700.000000
2004-08-02,73.296613,74.074877,73.203488,73.881973,38263100.000000
2004-08-03,73.788831,73.875304,73.276642,73.309898,40948800.000000
2004-08-04,73.097048,73.669106,72.930752,73.303253,40763200.000000
2004-08-05,73.363092,73.422957,72.019419,72.105896,50772000.000000
2004-08-06,71.593725,71.813237,70.921893,71.074883,74729000.000000
2004-08-09,71.187931,71.493920,71.088157,71.174629,37476300.000000
2004-08-10,71.380852,72.112558,71.347596,72.092598,55870600.000000
2004-08-11,71.626983,72.059354,71.241176,71.946274,52933200.000000
2004-08-12,71.626996,71.806593,70.928551,71.161369,50015900.000000
2004-08-13,71.241187,71.407483,70.901942,71.301056,41634700.000000
2004-08-16,71.267783,72.265558,71.241175,72.039398,45731900.000000
2004-08-17,72.338720,72.691267,72.192379,72.445152,40701600.000000
2004-08-18,72.185741,73.283296,72.165787,73.190170,43165400.000000
2004-08-19,73.043789,73.183477,72.624726,72.977272,39881600.000000
2004-08-20,72.910783,73.589268,72.844265,73.489494,44870900.000000
2004-08-23,73.536072,73.682408,73.203480,73.303253,33745100.000000
2004-08-24,73.595888,73.655758,73.070393,73.402985,30453100.000000
2004-08-25,73.389689,74.014958,73.103660,73.901878,38551400.000000
2004-08-26,73.808753,74.041566,73.735582,73.901878,26629500.000000
2004-08-27,73.968386,74.254415,73.868612,74.134682,24902900.000000
2004-08-30,73.981706,74.061525,73.469512,73.522728,26726500.000000
2004-08-31,73.609223,73.941815,73.236717,73.908554,44125300.000000
2004-09-01,73.802121,74.261099,73.489489,74.048241,52778300.000000
2004-09-02,73.995012,74.966179,73.995012,74.886360,42736600.000000
2004-09-03,74.720079,75.046017,74.507220,74.580391,30480500.000000
2004-09-07,74.859766,75.252222,74.713424,75.072624,37338800.000000
2004-09-08,74.912968,75.205645,74.706758,74.886360,32963100.000000
2004-09-09,74.879719,75.085924,74.520519,74.819855,34314800.000000
2004-09-10,74.846428,75.345315,74.553751,75.205627,27900600.000000
2004-09-13,75.371966,75.657995,75.172414,75.451790,44398100.000000
2004-09-14,75.365293,75.624714,75.292122,75.604759,28048900.000000
2004-09-15,75.365314,75.405224,74.952899,75.032722,38295000.000000
2004-09-16,75.065969,75.411867,75.032713,75.258873,23911700.000000
2004-09-17,75.445256,75.719119,75.271592,75.578850,33683000.000000
2004-09-20,75.258207,75.471952,74.997706,75.124619,37149400.000000
2004-09-21,75.311643,75.792569,75.171373,75.451912,40920800.000000
2004-09-22,75.144685,75.158042,74.456694,74.510132,49042100.000000
2004-09-23,74.543515,74.610309,74.109344,74.109344,44068700.000000
2004-09-24,74.256282,74.630339,74.229564,74.449989,34981100.000000
2004-09-27,74.209544,74.276338,73.862211,73.975761,39355100.000000
2004-09-28,74.082626,74.483397,73.748650,74.329765,41662900.000000
2004-09-29,74.282996,74.710485,74.142726,74.703804,33325700.000000
2004-09-30,74.510091,74.797310,74.316384,74.650360,43536700.000000
2004-10-01,74.984327,75.912781,74.950928,75.912781,62824300.000000
2004-10-04,76.213403,76.440510,76.013020,76.039734,33082400.000000
2004-10-05,76.046381,76.253450,75.839317,76.079781,36910600.000000
2004-10-06,75.992930,76.600769,75.932817,76.600769,42297800.000000
2004-10-07,76.400394,76.413756,75.719084,75.779198,39388800.000000
2004-10-08,75.578826,75.992953,75.044462,75.151337,51872600.000000
2004-10-11,75.331706,75.492013,75.238193,75.458618,20229100.000000
2004-10-12,74.944278,75.365091,74.770614,75.164703,41754700.000000
2004-10-13,75.478651,75.525408,74.356490,74.503441,54212600.000000
2004-10-14,74.596977,74.763965,73.862230,73.902306,64082200.000000
2004-10-15,74.156102,74.637028,73.855525,74.316414,63482200.000000
2004-10-18,74.069248,74.743882,73.942336,74.596931,43535100.000000
2004-10-19,74.824026,74.964300,73.868854,73.969048,55851900.000000
2004-10-20,73.728592,74.022493,73.307784,73.822105,57118500.000000
2004-10-21,74.002455,74.356469,73.615042,74.303032,53218300.000000
2004-10-22,74.269640,74.309715,73.381262,73.468094,48752400.000000
2004-10-25,73.307796,73.554940,73.040614,73.381271,43990900.000000
2004-10-26,73.561625,74.543516,73.394637,74.503441,54337400.000000
2004-10-27,74.396517,75.545395,74.222853,75.398445,73896000.000000
2004-10-28,75.331702,75.852704,75.137995,75.625603,54413300.000000
2004-10-29,75.558827,75.906160,75.411876,75.612259,48820200.000000
2004-11-01,75.852708,76.039734,75.612244,75.819313,36720900.000000
2004-11-02,75.926136,76.527295,75.625560,75.845985,56210000.000000
2004-11-03,76.834588,77.055013,76.306905,76.801193,76960200.000000
2004-11-04,76.667590,77.930020,76.600796,77.849869,55350300.000000
2004-11-05,78.183845,78.577934,77.809788,78.337471,63287200.000000
2004-11-08,78.137060,78.304048,77.963391,78.223892,33863800.000000
2004-11-09,78.203898,78.484437,77.990154,78.070305,44658100.000000
2004-11-10,78.190523,78.517823,77.990140,78.130409,45265400.000000
2004-11-11,78.270669,78.898545,78.217231,78.724876,37863200.000000
2004-11-12,78.798356,79.486346,78.604649,79.346077,55583700.000000
2004-11-15,79.386944,79.567824,79.206065,79.541031,35297900.000000
2004-11-16,79.293173,79.326672,78.871118,78.971603,40028700.000000
2004-11-17,79.299836,79.815681,79.098855,79.440521,54494000.000000
2004-11-18,79.407029,79.587914,79.206053,79.547714,31854300.000000
2004-11-19,79.520942,79.534343,78.475849,78.663429,54276500.000000
2004-11-22,78.495926,79.132364,78.402136,79.038574,37560200.000000
2004-11-23,79.005093,79.226172,78.629933,79.159180,41968800.000000
2004-11-24,79.232841,79.447219,79.085460,79.346733,29724800.000000
2004-11-26,79.393675,79.708544,79.252990,79.286484,15487700.000000
2004-11-29,79.581226,79.728612,78.703617,78.924690,61460800.000000
2004-11-30,79.051987,79.212770,78.810811,78.978294,53685200.000000
2004-12-01,79.159165,80.056871,79.118965,79.875992,49898300.000000
2004-12-02,79.788899,80.304749,79.728608,79.942986,60163500.000000
2004-12-03,79.929568,80.485613,79.782182,79.889374,49067900.000000
2004-12-06,79.862579,80.150650,79.614703,79.862579,33030500.000000
2004-12-07,80.050186,80.137280,79.078786,79.118980,52047200.000000
2004-12-08,79.192676,79.601335,79.058692,79.581238,43895100.000000
2004-12-09,79.145752,80.030062,78.871083,79.862579,60922800.000000
2004-12-10,79.668311,80.097067,79.621416,79.942986,47828600.000000
2004-12-13,80.231035,80.659791,79.956361,80.639694,38541000.000000
2004-12-14,80.512423,81.034969,80.512423,80.921082,41500700.000000
2004-12-15,80.860812,81.135486,80.599538,80.981400,46699200.000000
2004-12-16,80.874195,81.222557,80.418641,80.934486,51641800.000000
2004-12-17,80.408121,80.751401,80.206195,80.394661,70761900.000000
2004-12-20,80.603345,80.966818,80.212948,80.414879,47187400.000000
2004-12-21,80.502341,81.094669,80.408108,81.034088,33094200.000000
2004-12-22,81.027378,81.498549,80.973534,81.229309,31500700.000000
2004-12-23,81.357200,81.633167,81.215851,81.289886,25646100.000000
2004-12-27,81.579280,81.686978,81.034074,81.121574,29944100.000000
2004-12-28,81.202407,81.666845,81.175482,81.565880,23422900.000000
2004-12-29,81.498545,81.713936,81.411040,81.687012,22650600.000000
2004-12-30,81.713943,81.828368,81.471627,81.532204,21076900.000000
2004-12-31,81.646602,81.888917,81.310054,81.357170,28648800.000000
2005-01-03,81.821632,81.956254,80.704294,80.973534,55748000.000000
2005-01-04,81.081231,81.135080,79.721578,79.984085,69167600.000000
2005-01-05,79.923494,80.266775,79.425404,79.432137,65667300.000000
2005-01-06,79.721566,80.199464,79.600408,79.835991,47814700.000000
2005-01-07,80.078306,80.253312,79.512902,79.721565,55847700.000000
2005-01-10,79.654264,80.408135,79.654264,80.098511,56563300.000000
2005-01-11,79.856186,79.923495,79.418672,79.546562,63099700.000000
2005-01-12,79.694649,79.990808,79.102321,79.809074,72720500.000000
2005-01-13,79.856158,79.916739,79.088828,79.169601,55537500.000000
2005-01-14,79.405188,79.782120,79.263838,79.586922,42032500.000000
2005-01-18,79.459083,80.515844,79.391769,80.414879,57391700.000000
2005-01-19,80.387933,80.448509,79.566754,79.573486,54378900.000000
2005-01-20,79.351390,79.560048,78.947533,79.088882,72049300.000000
2005-01-21,79.284062,79.425412,78.516732,78.604233,63160400.000000
2005-01-24,78.812900,78.981174,78.328275,78.449432,58441900.000000
2005-01-25,78.691729,79.068661,78.563839,78.671532,68245000.000000
2005-01-26,78.967665,79.156132,78.779199,78.907089,57195100.000000
2005-01-27,78.880199,79.257131,78.738849,79.041740,55878800.000000
2005-01-28,79.082125,79.122514,78.489801,79.041740,60738900.000000
2005-01-31,79.391742,79.593673,79.230200,79.533096,52532700.000000
2005-02-01,79.593695,80.152366,79.492729,80.037941,49841200.000000
2005-02-02,80.138893,80.495634,80.031200,80.280243,52468900.000000
2005-02-03,80.138880,80.206194,79.809064,80.071571,48837100.000000
2005-02-04,80.098511,81.061039,80.085051,80.926422,50024600.000000
2005-02-07,80.939898,81.121632,80.744700,80.818741,45412000.000000
2005-02-08,80.886062,81.209151,80.818754,80.912987,39263500.000000
2005-02-09,81.054336,81.101452,80.266813,80.307198,55279400.000000
2005-02-10,80.542729,80.785039,80.273489,80.596573,45858600.000000
2005-02-11,80.569673,81.471625,80.408131,81.289886,53133000.000000
2005-02-14,81.236041,81.350467,81.094692,81.229309,32432100.000000
2005-02-15,81.310086,81.734135,81.229312,81.532204,43852700.000000
2005-02-16,81.397570,81.754311,81.222564,81.586037,55523000.000000
2005-02-17,81.599519,81.666827,80.919690,80.926422,58124000.000000
2005-02-18,80.933123,81.094669,80.704272,81.034088,47723300.000000
2005-02-22,80.704313,81.087978,79.815825,79.829285,80697600.000000
2005-02-23,80.051412,80.482194,79.842754,80.401421,68292600.000000
2005-02-24,80.260032,80.986977,80.085030,80.933128,68563600.000000
2005-02-25,80.953336,81.895673,80.892760,81.734131,60899900.000000
2005-02-28,81.545654,81.646619,80.798516,81.195641,69381300.000000
2005-03-01,81.323530,81.794696,81.296606,81.599503,47294400.000000
2005-03-02,81.283161,82.070683,81.209120,81.559128,64226500.000000
2005-03-03,81.888922,82.050464,81.242745,81.592758,61230800.000000
2005-03-04,82.151455,82.676470,81.976449,82.609161,56168500.000000
2005-03-07,82.562028,82.959152,82.387021,82.649529,43442400.000000
2005-03-08,82.568763,82.790886,82.191830,82.339912,44362000.000000
2005-03-09,82.097627,82.313018,81.417798,81.424530,73263600.000000
2005-03-10,81.579315,81.781246,81.040841,81.606239,65149000.000000
2005-03-11,81.653336,81.929308,80.879279,81.034088,57976500.000000
2005-03-14,81.182185,81.552390,80.960062,81.538925,36336400.000000
2005-03-15,81.727431,81.754355,80.825483,80.865868,62438500.000000
2005-03-16,80.569668,80.879297,80.031193,80.179276,74874200.000000
2005-03-17,80.307186,80.596618,80.085068,80.340843,62584200.000000
2005-03-18,80.487459,80.771269,79.838749,80.102287,60232000.000000
2005-03-21,80.217126,80.264428,79.575175,79.804924,61244300.000000
2005-03-22,79.987404,80.365817,78.994064,78.994064,92472400.000000
2005-03-23,79.027864,79.548187,78.892718,79.061653,70817300.000000
2005-03-24,79.372471,79.730613,79.102174,79.156235,51932500.000000
2005-03-28,79.345473,79.696861,79.271141,79.271141,46765500.000000
2005-03-29,79.156259,79.669823,78.554850,78.744057,71160300.000000
2005-03-30,78.912964,79.872514,78.906205,79.859001,62002100.000000
2005-03-31,79.865788,80.048236,79.649551,79.710365,64575400.000000
2005-04-01,80.163113,80.406380,79.000843,79.352226,95255300.000000
2005-04-04,79.304880,79.642750,78.885919,79.487328,71581200.000000
2005-04-05,79.588712,79.994156,79.514380,79.865768,46853900.000000
2005-04-06,80.041475,80.379346,79.859028,80.142838,53268200.000000
2005-04-07,80.014441,80.588820,79.953622,80.575302,46734600.000000
2005-04-08,80.528019,80.555050,79.737404,79.737404,63772900.000000
2005-04-11,79.933338,80.021183,79.622498,79.798187,44945000.000000
2005-04-12,79.663048,80.453663,79.108941,80.210396,86144800.000000
2005-04-13,80.115765,80.277946,79.149456,79.264336,65949000.000000
2005-04-14,79.331937,79.399510,78.230476,78.230476,96119800.000000
2005-04-15,78.210190,78.521030,77.101976,77.135765,128677300.000000
2005-04-18,77.115489,77.683109,77.007368,77.372269,100035200.000000
2005-04-19,77.777730,78.068299,77.595282,77.987213,64930100.000000
2005-04-20,77.966927,78.135863,76.730326,76.899261,107735900.000000
2005-04-21,77.568288,78.527839,77.291232,78.392693,86952200.000000
2005-04-22,78.210173,78.723737,77.216834,78.095299,88845800.000000
2005-04-25,78.291333,78.723807,78.196730,78.608932,52284100.000000
2005-04-26,78.358840,78.906188,77.811492,77.845276,72626000.000000
2005-04-27,77.615578,78.433224,77.331768,78.149414,84131900.000000
2005-04-28,77.892629,78.169685,77.169586,77.169586,72481500.000000
2005-04-29,77.757438,78.298033,77.014125,78.216942,103993800.000000
2005-05-02,78.433209,78.662963,78.061549,78.656204,56026400.000000
2005-05-03,78.433187,78.960264,78.176407,78.791328,86000300.000000
2005-05-04,78.825150,79.568464,78.575124,79.399529,81055700.000000
2005-05-05,79.514364,79.737360,78.885926,79.372459,96906700.000000
2005-05-06,79.690069,79.730612,79.102173,79.122444,67415400.000000
2005-05-09,79.203551,79.791447,79.095435,79.615753,43750500.000000
2005-05-10,79.304893,79.399496,78.649424,78.791328,74613500.000000
2005-05-11,79.014308,79.331906,78.284507,79.223785,91647400.000000
2005-05-12,79.277886,79.460334,78.352119,78.352119,95086800.000000
2005-05-13,78.588601,78.804838,77.574991,78.196671,85267000.000000
2005-05-16,78.183149,78.953493,78.156124,78.926468,49207000.000000
2005-05-17,78.663005,79.534707,78.494070,79.453621,61071800.000000
2005-05-18,79.798211,80.467198,79.744156,80.271233,77944900.000000
2005-05-19,80.426632,80.690176,80.210396,80.609085,61768100.000000
2005-05-20,80.642860,80.676649,80.237417,80.494202,46345500.000000
2005-05-23,80.555029,81.115895,80.541516,80.940201,51047900.000000
2005-05-24,80.710457,80.973995,80.548275,80.750999,50654100.000000
2005-05-25,80.649645,81.001033,80.298262,80.690193,47608800.000000
2005-05-26,80.946971,81.230781,80.832097,81.122665,43256200.000000
2005-05-27,81.129405,81.257797,80.953716,81.257797,24596100.000000
2005-05-31,81.142908,81.203722,80.683404,80.737465,43377200.000000
2005-06-01,80.764484,81.710522,80.717183,81.426712,69611000.000000
2005-06-02,81.244306,81.656503,81.156456,81.602448,39704500.000000
2005-06-03,81.460529,81.690278,80.906422,81.190231,60999400.000000
2005-06-06,81.055079,81.224014,80.784787,81.115898,36046400.000000
2005-06-07,81.352375,81.933513,81.095596,81.176682,66501300.000000
2005-06-08,81.379413,81.487529,80.865849,81.028030,46881200.000000
2005-06-09,80.913187,81.480812,80.710468,81.413239,56653300.000000
2005-06-10,81.467281,81.528101,80.818571,81.224014,36465300.000000
2005-06-13,81.048308,81.818652,80.960459,81.480782,49383200.000000
2005-06-14,81.392942,81.899747,81.345640,81.669998,33857100.000000
2005-06-15,81.872723,81.926779,81.244284,81.825417,53195600.000000
2005-06-16,81.805135,82.197065,81.710532,82.034889,46564500.000000
2005-06-17,82.460976,82.705225,82.243867,82.338852,51529400.000000
2005-06-20,82.148865,82.664497,82.053880,82.365974,41019400.000000
2005-06-21,82.433859,82.535630,82.114978,82.413506,39879800.000000
2005-06-22,82.555963,82.732366,82.142097,82.481331,46310100.000000
2005-06-23,82.311714,82.501684,81.300799,81.321152,62185600.000000
2005-06-24,81.334700,81.422904,80.629093,80.724083,58572500.000000
2005-06-27,80.717315,81.015842,80.568051,80.839439,48183800.000000
2005-06-28,81.009078,81.578989,80.988725,81.517929,41174200.000000
2005-06-29,81.667147,81.687500,81.253281,81.300774,42316500.000000
2005-06-30,81.565402,81.633248,80.703745,80.859795,62288800.000000
2005-07-01,81.042958,81.280426,80.880127,81.097237,49737500.000000
2005-07-05,80.907290,81.857146,80.866583,81.748589,51549000.000000
2005-07-06,81.680719,81.857122,81.015824,81.063316,52363600.000000
2005-07-07,80.255941,81.382195,80.235588,81.382195,103268800.000000
2005-07-08,81.395769,82.311699,81.226152,82.311699,64491200.000000
2005-07-11,82.318480,82.840898,82.304908,82.732346,49688300.000000
2005-07-12,82.766304,83.200523,82.528841,82.949493,51871100.000000
2005-07-13,82.956277,83.125894,82.766307,83.064835,41182300.000000
2005-07-14,83.437965,83.750059,83.105512,83.390472,63638800.000000
2005-07-15,83.309059,83.478676,83.017318,83.342979,56075900.000000
2005-07-18,83.112315,83.200514,82.807007,83.010544,56598400.000000
2005-07-19,83.254749,83.526137,83.051212,83.465073,59165700.000000
2005-07-20,83.173374,83.946833,82.976623,83.750076,69477000.000000
2005-07-21,83.824703,83.865410,83.091957,83.261574,101110900.000000
2005-07-22,83.370133,83.831492,83.200516,83.817924,52607100.000000
2005-07-25,83.729677,84.096045,83.349732,83.580414,57301600.000000
2005-07-26,83.607594,83.811131,83.417618,83.682220,42758800.000000
2005-07-27,83.790785,84.055387,83.485476,83.987541,43181600.000000
2005-07-28,84.102896,84.564254,83.885786,84.516762,47880700.000000
2005-07-29,84.408198,84.557457,83.790790,83.953621,62358100.000000
2005-08-01,84.014687,84.157165,83.756866,83.892563,40418200.000000
2005-08-02,84.041807,84.537085,83.953602,84.394608,45147400.000000
2005-08-03,84.299619,84.632067,84.211420,84.618500,36837200.000000
2005-08-04,84.286061,84.340334,83.838269,83.940041,50855600.000000
2005-08-05,83.756844,84.116436,83.227640,83.370117,53595500.000000
2005-08-08,83.553322,83.729725,83.030899,83.214088,47616000.000000
2005-08-09,83.492253,83.851840,83.363347,83.716148,47170000.000000
2005-08-10,84.007878,84.469236,83.329410,83.675430,72863700.000000
2005-08-11,83.634722,84.150359,83.458324,84.007881,58570200.000000
2005-08-12,83.838269,83.919687,83.281925,83.492249,54776900.000000
2005-08-15,83.600802,84.041807,83.336200,84.007881,36208500.000000
2005-08-16,83.750068,83.804341,82.834132,82.915550,71942100.000000
2005-08-17,82.901979,83.363337,82.793422,82.908760,62275100.000000
2005-08-18,82.806977,83.152992,82.664494,82.901962,53388600.000000
2005-08-19,83.200502,83.329412,82.908760,83.091949,39842100.000000
2005-08-22,83.166581,83.607586,82.691651,83.091949,69912000.000000
2005-08-23,83.112309,83.186940,82.196378,82.935905,55168600.000000
2005-08-24,82.732386,83.268377,82.155684,82.196396,79104600.000000
2005-08-25,82.332065,82.549175,82.237080,82.494896,35631100.000000
2005-08-26,82.420260,82.427041,81.877484,81.931763,61956800.000000
2005-08-29,81.694314,82.623811,81.673955,82.562752,56179200.000000
2005-08-30,82.264201,82.298126,81.680718,82.128510,74160200.000000
2005-08-31,82.223526,83.220874,81.918212,83.166595,102945200.000000
2005-09-01,83.125860,83.553298,82.189577,83.105507,74578700.000000
2005-09-02,83.349789,83.370142,82.800231,82.956276,47653400.000000
2005-09-06,83.220866,83.994319,83.214080,83.926468,57251300.000000
2005-09-07,83.878979,84.218213,83.763641,84.068954,41749700.000000
2005-09-08,83.899329,84.130005,83.661861,83.790771,39068700.000000
2005-09-09,84.014661,84.632064,83.994308,84.537079,43093900.000000
2005-09-12,84.435308,84.584572,84.313183,84.367462,33017600.000000
2005-09-13,84.218183,84.414939,83.804317,83.899307,58427500.000000
2005-09-14,83.953612,84.075736,83.465114,83.594025,57694600.000000
2005-09-15,83.851852,83.892563,83.383712,83.553329,73156900.000000
2005-09-16,84.011192,84.310985,83.718209,84.147461,75424100.000000
2005-09-19,84.127014,84.181524,83.561487,83.868095,53355300.000000
2005-09-20,83.943032,84.222391,83.036833,83.159477,84480300.000000
2005-09-21,82.982343,83.036853,82.294172,82.382751,94469100.000000
2005-09-22,82.409969,82.893736,82.062481,82.675697,84597200.000000
2005-09-23,82.607599,83.050482,82.375941,82.743874,59368100.000000
2005-09-26,83.139049,83.288949,82.498578,82.839256,70415400.000000
2005-09-27,82.798395,83.118633,82.457717,82.818840,66150800.000000
2005-09-28,83.077720,83.207179,82.580328,82.900566,58620500.000000
2005-09-29,82.818836,83.711411,82.498598,83.575142,66607700.000000
2005-09-30,83.547847,83.834015,82.948250,83.834015,47824200.000000
2005-10-03,83.779529,84.038443,83.432036,83.534241,50994800.000000
2005-10-04,83.663677,83.827201,82.553069,82.593948,60776300.000000
2005-10-05,82.614419,82.655298,81.469740,81.510620,106052100.000000
2005-10-06,81.612824,81.939877,80.515840,81.217636,140941800.000000
2005-10-07,81.558306,81.796785,81.169933,81.496986,75661400.000000
2005-10-10,81.544642,81.565082,80.604373,80.808777,52677000.000000
2005-10-11,81.074551,81.347094,80.618044,80.692993,75629800.000000
2005-10-12,80.665733,81.169935,79.998007,80.059326,100510400.000000
2005-10-13,80.032059,80.454502,79.636872,80.011620,99052900.000000
2005-10-14,80.481771,80.951903,80.100208,80.856514,88651000.000000
2005-10-17,80.945092,81.265325,80.706614,81.156311,68109300.000000
2005-10-18,81.040480,81.054104,80.263734,80.277359,74996900.000000
2005-10-19,80.059333,81.626454,79.800419,81.612823,116563800.000000
2005-10-20,81.415208,81.633241,79.923042,80.175140,131966700.000000
2005-10-21,80.597583,80.931446,80.066126,80.488564,96579500.000000
2005-10-24,80.699792,81.824025,80.679352,81.735451,71308400.000000
2005-10-25,81.571930,81.926233,81.040473,81.571930,76594500.000000
2005-10-26,81.428817,82.130612,81.210783,81.333427,80855800.000000
2005-10-27,81.217599,81.333434,80.352280,80.468109,66623100.000000
2005-10-28,80.692998,81.728656,80.468149,81.626457,72322000.000000
2005-10-31,81.960323,82.648494,81.851303,81.851303,77698900.000000
2005-11-01,82.157890,82.375924,81.912601,82.096565,66365100.000000
2005-11-02,81.878535,82.955078,81.851280,82.955078,74012300.000000
2005-11-03,83.227635,83.575128,82.955092,83.309395,84897600.000000
2005-11-04,83.397957,83.438837,82.818806,83.200363,59156000.000000
2005-11-07,83.377540,83.547879,83.023232,83.282150,46765400.000000
2005-11-08,83.077741,83.411604,82.982352,83.282150,42152800.000000
2005-11-09,83.179902,83.772678,83.030003,83.391121,57666800.000000
2005-11-10,83.357066,84.161066,82.955068,84.038422,79048100.000000
2005-11-11,84.045249,84.379112,83.418403,84.324608,34867000.000000
2005-11-14,84.345043,84.501752,84.065685,84.276909,45092200.000000
2005-11-15,84.181515,84.549443,83.711378,83.970291,69592500.000000
2005-11-16,84.058888,84.181533,83.793160,84.140648,51133000.000000
2005-11-17,84.270055,84.930971,83.902123,84.924156,55717500.000000
2005-11-18,85.210370,85.360269,84.712983,85.258064,72437200.000000
2005-11-21,85.271682,85.789514,85.155853,85.687309,50021200.000000
2005-11-22,85.551037,86.205138,85.455648,86.055244,66438800.000000
2005-11-23,86.021186,86.811561,85.993931,86.552643,50854700.000000
2005-11-25,86.518597,86.682121,86.402762,86.620796,15270000.000000
2005-11-28,86.702511,86.716136,85.878071,86.007530,54498500.000000
2005-11-29,86.293710,86.518559,85.912148,85.912148,51738900.000000
2005-11-30,85.959862,86.205145,85.367080,85.448845,56007200.000000
2005-12-01,85.864494,86.552665,85.837245,86.321007,65468200.000000
2005-12-02,86.375491,86.586714,86.191527,86.430000,46699400.000000
2005-12-05,86.327807,86.348252,85.973505,86.246048,59273400.000000
2005-12-06,86.566268,87.036400,86.280094,86.409554,57935200.000000
2005-12-07,86.375466,86.443606,85.632791,85.905334,66816500.000000
2005-12-08,86.000744,86.409557,85.496543,85.850845,62608600.000000
2005-12-09,85.959839,86.382276,85.728175,86.075668,50744500.000000
2005-12-12,86.334602,86.436806,85.823585,86.157448,48389900.000000
2005-12-13,86.137010,87.009144,86.048435,86.743416,88630900.000000
2005-12-14,86.661684,87.274901,86.627614,87.084122,64375000.000000
2005-12-15,87.104516,87.213535,86.654824,86.831978,55900300.000000
2005-12-16,87.182674,87.237473,86.552505,86.552505,46238300.000000
2005-12-19,86.805993,86.901888,86.093626,86.107323,48733000.000000
2005-12-20,86.210032,86.710055,85.949746,86.189484,46603200.000000
2005-12-21,86.456630,86.826513,86.168945,86.326485,51806900.000000
2005-12-22,86.518289,86.778580,86.360749,86.778580,32247900.000000
2005-12-23,86.840212,86.895011,86.593623,86.826515,27977300.000000
2005-12-27,86.963510,87.025160,85.881259,85.942909,44499500.000000
2005-12-28,86.127838,86.299080,85.963447,86.134689,30764300.000000
2005-12-29,86.114138,86.278529,85.662057,85.751106,32788900.000000
2005-12-30,85.483988,85.662076,85.182601,85.285347,44645600.000000
2006-01-03,85.751095,86.990885,85.203119,86.785393,73256700.000000
2006-01-04,86.895016,87.326544,86.785419,87.196404,51899600.000000
2006-01-05,87.093635,87.395018,86.908691,87.251175,47307500.000000
2006-01-06,87.689579,88.073159,87.237498,87.977264,62885900.000000
2006-01-09,87.963565,88.401944,87.936171,88.203308,43527400.000000
2006-01-10,87.943021,88.347149,87.853972,88.292351,44960800.000000
2006-01-11,88.374530,88.662215,88.175883,88.573166,49598900.000000
2006-01-12,88.415644,88.552636,87.977265,88.223854,40509200.000000
2006-01-13,88.066311,88.292341,87.812866,88.141647,44856700.000000
2006-01-17,87.812867,87.963561,87.545730,87.901917,52066600.000000
2006-01-18,87.388199,88.292351,87.100513,87.552589,75067600.000000
2006-01-19,87.764948,88.203327,87.545753,87.888237,81530400.000000
2006-01-20,87.867690,87.888238,86.285416,86.285416,114957800.000000
2006-01-23,86.449778,86.867608,86.394979,86.593620,67017400.000000
2006-01-24,86.737464,87.093650,86.593621,86.682671,53008800.000000
2006-01-25,87.018327,87.114222,86.196363,86.758041,87747700.000000
2006-01-26,87.162156,87.449841,86.826523,87.237503,71294000.000000
2006-01-27,87.442981,88.127949,87.299134,88.045746,65771200.000000
2006-01-30,87.977264,88.230699,87.915620,87.977264,33709600.000000
2006-01-31,87.895053,88.045736,87.326523,87.333374,72937000.000000
2006-02-01,87.552585,87.970410,87.484089,87.943016,63561000.000000
2006-02-02,87.744366,87.771760,86.853906,86.922401,83626900.000000
2006-02-03,86.703249,87.943040,86.401862,86.490906,86040400.000000
2006-02-06,86.607319,86.853908,86.422375,86.716911,45511900.000000
2006-02-07,86.566227,86.758023,85.894962,85.949760,71208100.000000
2006-02-08,86.203193,87.744376,86.031951,86.730621,59422200.000000
2006-02-09,86.936114,87.401893,86.559385,86.586784,62023300.000000
2006-02-10,86.600489,87.079964,85.929218,86.744331,64508700.000000
2006-02-13,86.716925,86.847070,86.271695,86.586784,52308700.000000
2006-02-14,86.621022,87.696421,86.449780,87.504631,90964400.000000
2006-02-15,87.456693,87.895077,87.155305,87.812874,85471300.000000
2006-02-16,87.908750,88.504679,87.799153,88.470428,61017900.000000
2006-02-17,88.395078,88.470425,88.073143,88.230682,40342600.000000
2006-02-21,88.436166,88.634802,87.874488,88.011490,46456300.000000
2006-02-22,88.203277,88.806042,88.121074,88.545761,42326700.000000
2006-02-23,88.545803,88.799237,87.867681,88.415657,43423200.000000
2006-02-24,88.436178,88.689613,88.196435,88.641670,36777400.000000
2006-02-27,88.634819,89.073198,88.552627,88.675926,35858600.000000
2006-02-28,88.497839,88.984171,87.764929,87.833420,74394800.000000
2006-03-01,88.086863,88.696484,88.018362,88.614281,48641600.000000
2006-03-02,88.292332,88.648518,88.093696,88.607422,60642300.000000
2006-03-03,88.134782,89.093743,88.121080,88.196426,73402500.000000
2006-03-06,88.456709,88.484103,87.573100,87.792290,57478400.000000
2006-03-07,87.579965,87.716956,87.264880,87.655312,61780800.000000
2006-03-08,87.470375,87.977255,87.114194,87.840263,66692400.000000
2006-03-09,87.867647,88.141630,87.251175,87.251175,56313600.000000
2006-03-10,87.477285,88.251297,87.292346,88.080055,60490800.000000
2006-03-13,88.251223,88.470418,88.038885,88.244377,45479100.000000
2006-03-14,88.162175,89.203318,88.093674,89.169067,69877300.000000
2006-03-15,89.148575,89.634907,88.943093,89.566406,53398900.000000
2006-03-16,89.737602,90.052692,89.621159,89.751305,65526400.000000
2006-03-17,89.867539,90.018832,89.661239,89.826279,47286800.000000
2006-03-20,89.840051,90.018847,89.544349,89.681885,45538500.000000
2006-03-21,89.654341,90.080717,89.021666,89.117943,87102700.000000
2006-03-22,89.062941,89.750632,89.021681,89.661240,51605700.000000
2006-03-23,89.578705,89.668108,89.166096,89.475555,46704200.000000
2006-03-24,89.393049,89.791911,89.221126,89.544342,43209200.000000
2006-03-27,89.420577,89.592500,89.221151,89.413704,32523000.000000
2006-03-28,89.351804,89.764423,88.746642,88.863548,82079900.000000
2006-03-29,88.994205,89.743786,88.911675,89.420570,61505700.000000
2006-03-30,89.475558,90.073846,89.090452,89.262375,70571700.000000
2006-03-31,89.413691,89.564984,88.966685,89.283028,62925600.000000
2006-04-03,89.448064,89.998209,89.049202,89.214241,61624700.000000
2006-04-04,89.214234,89.901925,88.959791,89.785019,54809300.000000
2006-04-05,89.819425,90.280177,89.661259,90.094498,50607200.000000
2006-04-06,89.984453,90.232023,89.530574,89.998199,57906200.000000
2006-04-07,90.128874,90.362687,88.952927,89.083580,80180900.000000
2006-04-10,89.221107,89.454920,88.891008,89.221107,41496500.000000
2006-04-11,89.296757,89.441166,88.196446,88.464645,72799400.000000
2006-04-12,88.554061,88.801630,88.444028,88.629707,43033700.000000
2006-04-13,88.430241,88.884120,88.237689,88.512772,51051800.000000
2006-04-17,88.595292,88.925381,88.038264,88.478386,64167700.000000
2006-04-18,88.664077,90.046344,88.664077,89.881294,92531800.000000
2006-04-19,89.915686,90.135753,89.564967,90.053223,87269000.000000
2006-04-20,90.087606,90.679022,89.812534,90.177010,86005500.000000
2006-04-21,90.562117,90.630880,89.826282,90.190758,72342600.000000
2006-04-24,90.011970,90.135760,89.661251,90.025726,52546400.000000
2006-04-25,90.115164,90.170180,89.344952,89.654411,84359800.000000
2006-04-26,89.743754,90.183876,89.606217,89.674980,67262400.000000
2006-04-27,89.331128,90.520842,89.117945,90.108223,124478600.000000
2006-04-28,89.943177,90.603365,89.888171,90.410812,55854400.000000
2006-05-01,90.410815,90.637755,89.619974,89.674980,64990300.000000
2006-05-02,90.094454,90.403924,89.908785,90.348907,49063500.000000
2006-05-03,90.190744,90.307660,89.709362,90.011948,60821300.000000
2006-05-04,90.142652,90.514001,90.067006,90.335205,42921400.000000
2006-05-05,90.809696,91.325465,90.672159,91.132912,62588200.000000
2006-05-08,91.126000,91.304806,91.022850,91.022850,30016700.000000
2006-05-09,91.064147,91.304843,90.988500,91.201683,29864000.000000
2006-05-10,91.057219,91.291032,90.699617,91.153496,64378200.000000
2006-05-11,91.126020,91.153534,89.757520,90.053223,80626900.000000
2006-05-12,89.647462,89.895031,88.842864,88.877251,91726500.000000
2006-05-15,88.567803,89.221118,88.444023,89.056068,84029300.000000
2006-05-16,89.234851,89.399901,88.719083,88.925392,62137600.000000
2006-05-17,88.485272,88.780984,87.178657,87.233673,144789500.000000
2006-05-18,87.577547,87.852625,86.724811,86.793579,87906300.000000
2006-05-19,87.247451,87.673816,86.511621,87.405617,124309400.000000
2006-05-22,86.841726,87.453771,86.305327,86.738571,110852800.000000
2006-05-23,87.460615,87.770075,86.078354,86.078354,92006500.000000
2006-05-24,86.429085,87.261191,85.796410,86.766052,168405000.000000
2006-05-25,87.281803,87.838837,86.944836,87.838837,78977900.000000
2006-05-26,88.031420,88.285873,87.687580,88.285873,62989700.000000
2006-05-30,88.003880,88.024510,86.683514,86.717896,72419900.000000
2006-05-31,87.075516,87.687561,86.786681,87.687561,86926200.000000
2006-06-01,87.598145,88.670947,87.522498,88.526527,73721700.000000
2006-06-02,88.884127,89.007906,88.244579,88.712204,91702600.000000
2006-06-05,88.609074,88.615947,87.178669,87.419365,86105100.000000
2006-06-06,87.481277,87.598184,86.484126,87.206200,130498600.000000
2006-06-07,87.274950,87.783840,86.504733,86.552872,108599400.000000
2006-06-08,86.360305,86.992980,85.184353,86.477211,204957200.000000
2006-06-09,86.896742,87.309356,86.160911,86.202171,94972200.000000
2006-06-12,86.566605,86.600992,85.149962,85.266869,95815900.000000
2006-06-13,85.094976,85.851436,84.276627,84.276627,185688800.000000
2006-06-14,84.476037,85.019314,84.132192,84.929916,163566400.000000
2006-06-15,85.239379,86.896719,85.177490,86.731674,134057000.000000
2006-06-16,86.541715,86.728210,85.968407,86.099648,94253500.000000
2006-06-19,86.617658,86.672918,85.339807,85.422691,95804400.000000
2006-06-20,85.657575,86.210157,85.457262,85.712830,65494700.000000
2006-06-21,85.650680,86.824921,85.623050,86.348320,75008200.000000
2006-06-22,86.306863,86.382844,85.678301,85.968407,74566100.000000
2006-06-23,85.878647,86.548657,85.671426,85.954628,54107000.000000
2006-06-26,86.023653,86.382831,85.823341,86.334480,37899600.000000
2006-06-27,86.348327,86.541731,85.491817,85.588524,69780200.000000
2006-06-28,85.781931,86.182552,85.408936,86.168739,62368100.000000
2006-06-29,86.479557,87.964630,86.458836,87.909370,110634800.000000
2006-06-30,88.095890,88.178779,87.695264,87.916298,54227800.000000
2006-07-03,88.019879,88.420499,87.936990,88.275452,23914000.000000
2006-07-05,87.923179,88.033693,87.391313,87.771217,69653400.000000
2006-07-06,87.860992,88.309969,87.778108,88.026772,50100300.000000
2006-07-07,87.854109,88.109676,87.232450,87.453484,81626500.000000
2006-07-10,87.681416,88.019873,87.315329,87.619247,60964100.000000
2006-07-11,87.453456,88.006042,86.990667,88.006042,73640800.000000
2006-07-12,87.826492,87.999175,86.838746,87.066689,82561300.000000
2006-07-13,86.652208,86.811078,85.650650,85.650650,102405700.000000
2006-07-14,85.740476,85.830275,84.842529,85.319130,103242500.000000
2006-07-17,85.319118,85.719743,85.063551,85.194786,81159000.000000
2006-07-18,85.450360,85.685211,84.538595,85.629951,122771000.000000
2006-07-19,85.774995,87.211717,85.457260,86.818001,133565300.000000
2006-07-20,87.115028,87.239360,86.106561,86.223984,112259800.000000
2006-07-21,86.445015,86.472645,85.526341,85.616135,101560000.000000
2006-07-24,85.954623,87.253196,85.954623,87.177216,92884000.000000
2006-07-25,87.018347,87.930112,86.838756,87.488045,95480700.000000
2006-07-26,87.439659,88.033688,87.156462,87.605438,84525800.000000
2006-07-27,87.985326,88.199456,87.170263,87.522537,87257100.000000
2006-07-28,87.750491,88.510295,87.626159,88.399780,82137000.000000
2006-07-31,88.178755,88.385971,88.033696,88.309990,49593100.000000
2006-08-01,87.957717,87.985346,87.446577,87.874832,65225600.000000
2006-08-02,88.123476,88.731323,88.102755,88.468842,64770900.000000
2006-08-03,87.957729,88.793519,87.826494,88.703720,63693800.000000
2006-08-04,89.159589,89.401339,88.054420,88.551743,96294200.000000
2006-08-07,88.344490,88.468822,87.999125,88.344490,45377300.000000
2006-08-08,88.475735,88.731312,87.688302,88.006042,90901300.000000
2006-08-09,88.537931,88.828047,87.453488,87.709061,78910600.000000
2006-08-10,87.432776,88.068248,87.225555,87.978455,69322300.000000
2006-08-11,87.840312,87.861033,87.301542,87.729797,47482200.000000
2006-08-14,88.158014,88.524106,87.667595,87.798836,57839000.000000
2006-08-15,88.586274,89.014524,88.344519,88.848755,68143000.000000
2006-08-16,89.325344,89.719055,89.131929,89.587814,71737600.000000
2006-08-17,89.504969,90.050642,89.442806,89.815796,70992800.000000
2006-08-18,89.926302,90.271667,89.511859,90.271667,58288400.000000
2006-08-21,89.919362,89.988440,89.656892,89.884834,42133600.000000
2006-08-22,89.788157,90.154244,89.574022,89.877945,60839900.000000
2006-08-23,89.919386,90.098983,89.235569,89.629280,66592100.000000
2006-08-24,89.788148,89.864129,89.380609,89.553291,57983000.000000
2006-08-25,89.546426,89.967772,89.484262,89.663849,41756000.000000
2006-08-28,89.553302,90.361467,89.546398,90.092072,52681500.000000
2006-08-29,90.133508,90.368354,89.663805,90.195671,61817800.000000
2006-08-30,90.396024,90.513447,90.174996,90.250977,50052200.000000
2006-08-31,90.382210,90.478912,90.195710,90.237152,37510300.000000
2006-09-01,90.582513,90.886437,90.375292,90.775917,48794500.000000
2006-09-05,90.838058,91.072915,90.623933,90.948578,52348300.000000
2006-09-06,90.561790,90.596328,90.023020,90.147346,53795600.000000
2006-09-07,89.836485,90.188765,89.346072,89.732880,86269400.000000
2006-09-08,89.850305,90.112786,89.677622,89.988449,45096300.000000
2006-09-11,89.698358,90.271666,89.435877,90.078262,68496600.000000
2006-09-12,90.181858,91.065993,90.050617,90.962387,69875600.000000
2006-09-13,90.927828,91.487318,90.844943,91.328453,62898400.000000
2006-09-14,91.148906,91.342310,91.003848,91.335396,57805400.000000
2006-09-15,91.792572,91.848074,91.355494,91.549759,76703100.000000
2006-09-18,91.431791,91.848056,91.334663,91.674614,64154100.000000
2006-09-19,91.660722,91.667667,90.932274,91.445656,92089100.000000
2006-09-20,91.750944,92.111707,91.619126,91.931320,75204100.000000
2006-09-21,92.000736,92.097863,91.175149,91.487343,88932500.000000
2006-09-22,91.348552,91.355486,90.883728,91.209801,65966800.000000
2006-09-25,91.390196,92.167224,90.918438,91.910522,92299100.000000
2006-09-26,91.924389,92.687539,91.855007,92.673660,73962700.000000
2006-09-27,92.611233,92.944240,92.458603,92.784676,82432200.000000
2006-09-28,92.784660,92.958102,92.465522,92.749969,58597500.000000
2006-09-29,92.826290,92.923418,92.604279,92.673660,47966600.000000
2006-10-02,92.645925,92.847124,92.236604,92.326797,51687400.000000
2006-10-03,92.194962,92.874853,92.028454,92.521034,73108100.000000
2006-10-04,92.430823,93.658797,92.326762,93.603294,80890500.000000
2006-10-05,93.603338,93.943289,93.485399,93.783714,60505900.000000
2006-10-06,93.624132,93.728203,93.242557,93.665756,64983600.000000
2006-10-09,93.554770,93.866964,93.409074,93.721268,41176800.000000
2006-10-10,93.728191,93.971004,93.547804,93.846130,56403700.000000
2006-10-11,93.547825,93.957146,93.173194,93.735146,104071800.000000
2006-10-12,93.971022,94.623167,93.936332,94.546852,59158600.000000
2006-10-13,94.463608,94.845183,94.380349,94.789680,53944000.000000
2006-10-16,94.713386,95.081083,94.644005,94.935387,42273000.000000
2006-10-17,94.678656,94.838220,94.123639,94.637032,90500600.000000
2006-10-18,95.074096,95.303041,94.421962,94.761902,86848600.000000
2006-10-19,94.623184,94.963135,94.512179,94.914566,64063200.000000
2006-10-20,94.935387,95.011702,94.581568,94.935387,48094500.000000
2006-10-23,94.741097,95.601374,94.623157,95.372429,66219900.000000
2006-10-24,95.240633,95.691578,95.199008,95.656898,53234900.000000
2006-10-25,95.559794,96.024619,95.400220,95.982994,78105400.000000
2006-10-26,96.198024,96.433903,95.726256,96.281273,66843700.000000
2006-10-27,96.163355,96.260483,95.483465,95.677719,80238000.000000
2006-10-30,95.504246,95.878876,95.323859,95.608307,49717800.000000
2006-10-31,95.788686,95.920494,95.219791,95.594421,71274100.000000
2006-11-01,95.892753,95.955189,94.852099,94.949226,83005600.000000
2006-11-02,94.706356,95.053241,94.602295,94.893677,60693100.000000
2006-11-03,95.233693,95.316942,94.088968,94.727234,71346400.000000
2006-11-06,95.018613,95.934383,95.011669,95.795631,63303300.000000
2006-11-07,95.878897,96.420037,95.740146,96.163345,63318900.000000
2006-11-08,95.740120,96.468580,94.949224,96.371452,87517800.000000
2006-11-09,96.440858,96.531052,95.670774,95.865028,95916300.000000
2006-11-10,95.837250,95.976002,95.545869,95.906631,48991500.000000
2006-11-13,95.865011,96.461653,95.788706,96.142525,59398200.000000
2006-11-14,96.413076,96.947281,95.823368,96.864021,96704000.000000
2006-11-15,96.829369,97.439879,96.801613,97.141563,76509600.000000
2006-11-16,97.432906,97.599403,96.773827,97.391281,76728800.000000
2006-11-17,97.079094,97.425978,96.940342,97.419044,56353800.000000
2006-11-20,97.335804,97.641064,97.086047,97.474556,69174200.000000
2006-11-21,97.467609,97.592483,97.328847,97.571671,51367900.000000
2006-11-22,97.648014,97.932461,97.474571,97.765953,45505300.000000
2006-11-24,97.294146,97.710400,97.266389,97.370461,30998000.000000
2006-11-27,97.321905,97.370474,96.003748,96.031494,84545100.000000
2006-11-28,95.906615,96.544881,95.816422,96.447754,106652900.000000
2006-11-29,96.759959,97.495352,96.489389,97.453728,90034900.000000
2006-11-30,97.432917,97.856117,96.961149,97.495354,83994300.000000
2006-12-01,97.495378,97.585572,96.413100,97.280312,126080000.000000
2006-12-04,97.301121,98.203023,97.287243,98.022636,87813200.000000
2006-12-05,98.209937,98.487451,98.001804,98.445816,73374400.000000
2006-12-06,98.425016,98.563778,98.168325,98.362579,53253200.000000
2006-12-07,98.536002,98.723323,97.897736,97.932426,62857400.000000
2006-12-08,97.911658,98.445853,97.668834,98.112846,79625500.000000
2006-12-11,98.112792,98.577616,98.057289,98.397240,39779400.000000
2006-12-12,98.300141,98.425014,97.745124,98.320953,77451600.000000
2006-12-13,98.674760,98.751075,98.209936,98.425003,55520200.000000
2006-12-14,98.418076,99.375481,98.404198,99.292221,64755200.000000
2006-12-15,99.510623,99.685032,99.231573,99.301331,70857400.000000
2006-12-18,99.440830,99.678034,98.889703,99.029228,48954600.000000
2006-12-19,98.750154,99.454761,98.499005,99.217567,65023600.000000
2006-12-20,99.259442,99.524547,99.071078,99.161774,41469600.000000
2006-12-21,99.252465,99.364078,98.589714,98.798996,48698400.000000
2006-12-22,98.812941,98.819914,98.136235,98.192047,62069100.000000
2006-12-26,98.233868,98.791978,98.212940,98.771049,32696900.000000
2006-12-27,98.973406,99.482687,98.945505,99.419891,39727100.000000
2006-12-28,99.350180,99.552489,99.057175,99.210655,37288800.000000
2006-12-29,99.105957,99.440818,98.666444,98.798996,45461200.000000
2007-01-03,99.238541,99.664098,98.066519,98.624619,94807600.000000
2007-01-04,98.526947,99.099013,98.094417,98.833908,69620600.000000
2007-01-05,98.596677,98.645506,97.933926,98.045540,76645300.000000
2007-01-08,98.240894,98.652496,97.843238,98.499016,71655000.000000
2007-01-09,98.582770,98.785090,97.947920,98.415344,75680100.000000
2007-01-10,98.073479,98.764141,97.878142,98.743202,72428000.000000
2007-01-11,98.771114,99.496649,98.715302,99.175743,54476800.000000
2007-01-12,99.168762,99.929192,99.140861,99.929192,55370600.000000
2007-01-16,99.810574,100.068695,99.573370,99.733833,44871300.000000
2007-01-17,99.657122,100.082680,99.573399,99.775719,50241400.000000
2007-01-18,99.880301,99.943086,99.280335,99.440788,68177300.000000
2007-01-19,99.440799,99.831483,99.384998,99.636147,56973000.000000
2007-01-22,99.810578,99.831506,99.015264,99.329208,60253600.000000
2007-01-23,99.245502,99.817567,99.105977,99.622231,54064400.000000
2007-01-24,99.740813,100.445420,99.698957,100.424492,55834700.000000
2007-01-25,100.361680,100.403536,99.071052,99.245461,73583800.000000
2007-01-26,99.461777,99.517578,98.771114,99.154816,67255600.000000
2007-01-29,99.196683,99.622240,98.882749,99.099014,66114600.000000
2007-01-30,99.308277,99.664066,99.105957,99.615227,70407600.000000
2007-01-31,99.503618,100.550070,99.343155,100.284966,91868600.000000
2007-02-01,100.564017,100.919817,100.396591,100.884933,69312400.000000
2007-02-02,100.968701,101.122182,100.724535,101.024513,49607000.000000
2007-02-05,100.947724,101.115160,100.696575,101.052376,45705300.000000
2007-02-06,101.136104,101.177960,100.689618,101.080292,57081300.000000
2007-02-07,101.240740,101.408176,100.857050,101.303535,55669700.000000
2007-02-08,101.003531,101.240724,100.647741,101.170967,70641000.000000
2007-02-09,101.198881,101.387246,100.033833,100.417534,79084400.000000
2007-02-12,100.417475,100.487232,99.894249,100.075630,65657000.000000
2007-02-13,100.298928,101.087248,100.291945,100.919823,64081800.000000
2007-02-14,101.017475,101.784867,101.003520,101.582558,66039400.000000
2007-02-15,101.624453,101.819790,101.457017,101.715149,38715200.000000
2007-02-16,101.463966,101.687203,101.317458,101.666275,39841800.000000
2007-02-20,101.547676,101.994162,101.157003,101.882538,56911800.000000
2007-02-21,101.582554,101.903471,101.401173,101.840675,63971600.000000
2007-02-22,101.889534,102.147655,101.275612,101.763954,79067400.000000
2007-02-23,101.673302,101.708175,101.177976,101.366341,71966200.000000
2007-02-26,101.736046,101.819758,100.982599,101.275604,69192800.000000
2007-02-27,100.375665,100.598903,96.971205,97.320023,274466500.000000
2007-02-28,97.940886,99.050122,97.529284,98.317604,177536300.000000
2007-03-01,97.208404,98.540889,96.308460,98.024635,212828600.000000
2007-03-02,97.703698,98.129255,96.733987,96.740959,162574000.000000
2007-03-05,96.224763,97.375867,95.806189,95.820145,143750400.000000
2007-03-06,96.817689,97.752516,96.078198,97.459511,143333300.000000
2007-03-07,97.382798,97.989747,97.250246,97.361870,115144900.000000
2007-03-08,98.045538,98.478079,97.717660,98.185074,117891600.000000
2007-03-09,98.582751,98.659491,97.724663,98.213005,107765100.000000
2007-03-12,97.961840,98.603663,97.780459,98.359497,80366900.000000
2007-03-13,97.794405,98.206017,96.301467,96.447975,190605200.000000
2007-03-14,96.573510,97.222316,95.401490,97.166504,231853800.000000
2007-03-15,96.950255,97.661845,96.831658,97.299072,132435900.000000
2007-03-16,97.572947,97.797080,96.739467,97.026634,121531600.000000
2007-03-19,97.537918,98.287352,97.460873,98.196297,96161200.000000
2007-03-20,98.112239,98.791629,98.028194,98.735596,82147400.000000
2007-03-21,98.826709,100.612726,98.630598,100.360580,152368700.000000
2007-03-22,100.493577,100.633656,100.010299,100.283455,118942200.000000
2007-03-23,100.353528,100.724740,100.262472,100.430573,74416800.000000
2007-03-26,100.507623,100.612679,99.520054,100.297501,113787500.000000
2007-03-27,100.241457,100.269479,99.730167,100.059357,99864600.000000
2007-03-28,99.555117,99.786251,98.938760,99.330994,152907900.000000
2007-03-29,99.835251,99.884284,98.889715,99.436028,139432700.000000
2007-03-30,99.625116,100.045351,98.448436,99.457016,128194100.000000
2007-04-02,99.569092,99.779214,99.092813,99.569092,79416400.000000
2007-04-03,100.136358,100.843760,100.094336,100.640648,82417800.000000
2007-04-04,100.640710,100.822811,100.269498,100.752777,63995200.000000
2007-04-05,100.626637,101.165949,100.584615,101.025871,46822800.000000
2007-04-09,101.313071,101.418138,100.962870,101.165993,50967400.000000
2007-04-10,101.088968,101.453180,101.046946,101.285080,56620000.000000
2007-04-11,101.432180,101.460192,100.535656,100.871857,106365700.000000
2007-04-12,100.675723,101.502192,100.395556,101.320091,115534400.000000
2007-04-13,101.488209,101.782387,101.109996,101.782387,84287000.000000
2007-04-16,102.139540,102.860953,102.132540,102.748886,83064600.000000
2007-04-17,102.937997,103.239164,102.713863,103.022041,108424100.000000
2007-04-18,102.678865,103.449300,102.657853,103.148132,88345300.000000
2007-04-19,102.643819,103.239154,102.510741,103.120087,102947700.000000
2007-04-20,103.813495,104.093651,102.987015,104.093651,124114100.000000
2007-04-23,103.918569,104.170714,103.638413,103.701447,77270800.000000
2007-04-24,103.820514,103.939581,103.183157,103.743469,114471000.000000
2007-04-25,104.170706,104.822085,103.673427,104.696007,108418800.000000
2007-04-26,104.703045,104.920168,104.429889,104.815102,88741600.000000
2007-04-27,104.422847,104.878115,104.247747,104.731026,108191100.000000
2007-04-30,104.808095,104.878140,103.806526,103.862549,100874100.000000
2007-05-01,103.953638,104.689062,103.428337,104.128738,134342700.000000
2007-05-02,104.289773,105.025197,104.184717,104.738029,87129800.000000
2007-05-03,105.039226,105.340393,104.871126,105.305382,86569700.000000
2007-05-04,105.585523,105.844668,105.214311,105.704590,96409000.000000
2007-05-07,105.676617,105.900740,105.627584,105.725639,63461400.000000
2007-05-08,105.466466,105.704600,105.151288,105.585533,80584000.000000
2007-05-09,105.508522,107.035404,105.319411,105.872734,102070100.000000
2007-05-10,105.571517,105.774640,104.548937,104.766060,153617800.000000
2007-05-11,104.885144,105.711613,104.864133,105.662590,113408900.000000
2007-05-14,105.662576,105.970754,104.913141,105.431442,108027500.000000
2007-05-15,105.550518,106.222908,105.193317,105.459473,180673300.000000
2007-05-16,105.620577,106.201912,105.326410,106.180901,114166500.000000
2007-05-17,106.026782,106.433016,105.837671,105.970749,101132800.000000
2007-05-18,106.467988,106.895233,106.327910,106.895233,99182000.000000
2007-05-21,106.867286,107.322543,106.811253,106.839264,174664600.000000
2007-05-22,106.951353,107.273543,106.727230,106.755241,82148800.000000
2007-05-23,107.126435,107.511658,106.713200,106.769234,133786600.000000
2007-05-24,106.832234,107.308512,105.578520,105.802643,187593000.000000
2007-05-25,106.110849,106.475061,105.886715,106.243927,83309200.000000
2007-05-29,106.419005,106.811228,106.075804,106.629128,82020000.000000
2007-05-30,106.082839,107.539665,105.998783,107.497643,129013600.000000
2007-05-31,107.630708,107.784798,107.245485,107.385574,114866700.000000
2007-06-01,107.777814,108.142015,107.518658,107.917892,107771700.000000
2007-06-04,107.539659,108.135004,107.497636,107.931892,78008800.000000
2007-06-05,107.679716,107.791772,107.063359,107.504616,126917900.000000
2007-06-06,107.063343,107.126376,106.285897,106.348930,164096800.000000
2007-06-07,106.152852,106.811231,104.401849,104.429871,232414600.000000
2007-06-08,104.766063,105.893710,104.422862,105.788643,175886000.000000
2007-06-11,105.711593,106.426006,105.550504,105.970749,102015600.000000
2007-06-12,105.529514,106.138860,104.745068,104.815102,233898000.000000
2007-06-13,105.410430,106.510065,104.864117,106.383987,193208200.000000
2007-06-14,106.503062,107.245486,106.482050,107.063385,146396500.000000
2007-06-15,107.721834,108.087615,107.574111,107.672600,154030800.000000
2007-06-18,107.890570,107.897601,107.384107,107.545891,88537500.000000
2007-06-19,107.306769,107.890609,107.173117,107.813232,110851700.000000
2007-06-20,108.031320,108.031320,106.188361,106.314972,177119700.000000
2007-06-21,106.272734,106.997256,105.688893,106.905807,205262000.000000
2007-06-22,106.582205,106.758060,105.407495,105.899887,204964700.000000
2007-06-25,105.681899,106.392349,104.823725,105.393494,232014400.000000
2007-06-26,105.660772,105.836627,104.303166,104.310196,198445700.000000
2007-06-27,104.197624,105.913971,104.148380,105.794380,213638000.000000
2007-06-28,105.780380,106.504903,105.280947,105.780380,157705000.000000
2007-06-29,106.146114,106.673680,104.915129,105.815506,199701800.000000
2007-07-02,106.125018,106.863611,106.054682,106.772163,103357000.000000
2007-07-03,107.046485,107.271585,106.912844,107.159035,54048400.000000
2007-07-05,107.201254,107.313804,106.659629,107.046501,89279000.000000
2007-07-06,107.187215,107.742912,106.870667,107.609261,81109000.000000
2007-07-09,107.735822,107.876504,107.355969,107.693619,72348100.000000
2007-07-10,107.123838,107.348938,106.054648,106.160156,180362600.000000
2007-07-11,106.040620,106.955068,105.878836,106.912865,175607600.000000
2007-07-12,107.180154,108.854298,107.159053,108.601067,133882500.000000
2007-07-13,108.727695,109.353739,108.601074,108.924652,111794300.000000
2007-07-16,109.023095,109.402937,108.734690,108.910545,98378700.000000
2007-07-17,108.980912,109.367795,108.805057,108.854301,126201300.000000
2007-07-18,108.488478,108.889433,107.834303,108.657303,237887400.000000
2007-07-19,109.170836,109.402966,108.854299,109.079399,145212700.000000
2007-07-20,108.952760,109.023106,107.503716,107.975006,245502500.000000
2007-07-23,108.453384,108.833237,107.834381,108.305672,121183900.000000
2007-07-24,107.707733,108.523703,106.047660,106.427513,256732400.000000
2007-07-25,106.933943,107.194205,105.688886,106.645538,265214500.000000
2007-07-26,105.646698,106.075785,102.973699,104.120277,467592500.000000
2007-07-27,104.253902,104.718151,102.031092,102.073296,422987600.000000
2007-07-30,102.650114,103.972548,102.199926,103.670082,283017500.000000
2007-07-31,104.338354,105.133222,102.024095,102.502426,316976700.000000
2007-08-01,102.122556,103.409816,101.257352,103.001831,467670000.000000
2007-08-02,103.233956,103.937376,102.178825,103.824837,294758400.000000
2007-08-03,103.599748,103.810776,100.729791,101.151848,359398200.000000
2007-08-06,101.440259,103.283217,100.258507,102.847099,324980000.000000
2007-08-07,102.657144,104.809608,102.157711,103.944405,232568700.000000
2007-08-08,104.394638,105.928089,103.641973,105.393494,274930600.000000
2007-08-09,103.705290,104.774493,102.199971,102.270317,357622100.000000
2007-08-10,101.566854,103.051072,100.673508,101.791954,411018400.000000
2007-08-13,103.051062,103.325395,102.010003,102.157715,181917200.000000
2007-08-14,102.488348,102.741580,100.392158,100.596146,264134500.000000
2007-08-15,100.392155,101.616111,98.914968,99.210403,323834000.000000
2007-08-16,98.331114,100.546895,96.368577,99.956024,546743700.000000
2007-08-17,102.347651,102.565710,99.456594,101.791954,388218100.000000
2007-08-20,102.115533,102.326562,100.793100,101.742722,187320400.000000
2007-08-21,101.714582,102.678264,101.391004,101.946701,157066400.000000
2007-08-22,102.706397,103.262105,102.228076,103.156586,173156700.000000
2007-08-23,103.641962,103.860020,102.425048,103.065163,203915300.000000
2007-08-24,103.036971,104.338303,102.896289,104.338303,128901900.000000
2007-08-27,104.000699,104.338338,103.212861,103.367615,113024300.000000
2007-08-28,102.811898,102.875203,100.912665,101.095551,219790700.000000
2007-08-29,101.552818,103.219932,101.264423,103.079239,207654200.000000
2007-08-30,102.312448,103.536403,102.213970,102.804840,191817300.000000
2007-08-31,103.860014,104.457925,103.283214,103.817810,185477500.000000
2007-09-04,103.719312,105.498964,103.684139,104.865891,120062000.000000
2007-09-05,104.246893,104.359443,103.402791,103.958488,166261800.000000
2007-09-06,104.071026,104.535286,103.487186,104.197647,127878400.000000
2007-09-07,103.037013,103.325418,102.178840,102.748619,235447600.000000
2007-09-10,103.065148,103.205830,101.524656,102.551643,192305900.000000
2007-09-11,102.868184,103.895172,102.790807,103.747459,162081900.000000
2007-09-12,103.606763,104.415702,103.388704,104.014748,149554600.000000
2007-09-13,104.493098,105.126173,104.246897,104.746330,154079000.000000
2007-09-14,104.078090,104.872948,103.923336,104.739296,121911000.000000
2007-09-17,104.324249,104.563409,103.845928,104.176537,109870800.000000
2007-09-18,104.690035,107.271586,104.197643,107.243454,263759500.000000
2007-09-19,107.911714,108.601063,107.419322,107.876541,193779900.000000
2007-09-20,107.862476,107.925781,106.997272,107.116852,175186800.000000
2007-09-21,107.928911,108.218673,107.243356,107.405907,141457500.000000
2007-09-24,107.723991,108.006701,106.974830,107.208061,139450200.000000
2007-09-25,106.586074,107.186822,106.345779,106.995995,142289900.000000
2007-09-26,107.603828,107.971345,106.996016,107.561424,135547000.000000
2007-09-27,108.070306,108.204592,107.561440,108.197517,102713300.000000
2007-09-28,108.027856,108.268151,107.412970,107.837029,133372100.000000
2007-10-01,107.851180,109.370704,107.780500,109.052666,148162300.000000
2007-10-02,109.271745,109.300011,108.706337,108.904228,112978800.000000
2007-10-03,108.706352,109.130411,108.140944,108.685150,119055900.000000
2007-10-04,108.918357,109.024366,108.550840,108.854752,76864400.000000
2007-10-05,109.568632,110.324868,109.285933,110.148178,134579700.000000
2007-10-08,109.823028,109.893708,109.384842,109.561531,71280400.000000
2007-10-09,109.971490,110.607568,109.568633,110.593430,94054300.000000
2007-10-10,110.282423,110.565133,109.837173,110.409645,101711100.000000
2007-10-11,110.911391,111.328386,109.222242,109.879532,233529100.000000
2007-10-12,109.872490,110.501504,109.738205,110.487366,124546700.000000
2007-10-15,110.444949,110.508555,108.798204,109.554428,161151900.000000
2007-10-16,109.130411,109.208154,108.466057,108.685150,166525700.000000
2007-10-17,109.533233,109.610977,107.759276,109.017303,216687300.000000
2007-10-18,108.451895,108.974900,108.190399,108.621521,148367500.000000
2007-10-19,108.197505,110.593412,105.773332,105.780396,297169900.000000
2007-10-22,105.207894,106.550728,105.066544,106.395241,261989800.000000
2007-10-23,107.045451,107.391755,106.190270,107.257469,180085100.000000
2007-10-24,106.868830,107.243410,105.193807,107.059647,326694200.000000
2007-10-25,107.179733,107.632057,105.928780,107.314018,237374500.000000
2007-10-26,108.176277,108.572060,107.356436,108.572060,176484000.000000
2007-10-29,108.791127,109.151580,108.522567,108.932487,106841000.000000
2007-10-30,108.451881,108.663911,108.041961,108.176247,132981600.000000
2007-10-31,108.826462,109.738185,108.020759,109.299988,220954400.000000
2007-11-01,108.338837,108.423656,106.430595,106.741570,333040800.000000
2007-11-02,107.094956,107.427133,105.455284,106.861725,331228200.000000
2007-11-05,105.759192,106.833467,105.285666,106.048965,226841000.000000
2007-11-06,106.621412,107.504859,105.942920,107.476593,177800500.000000
2007-11-07,106.324587,106.812251,104.282058,104.536491,306639700.000000
2007-11-08,104.592996,104.882758,102.529266,104.006386,374509900.000000
2007-11-09,102.967446,104.274940,102.402038,102.578728,277745100.000000
2007-11-12,102.628253,103.617710,101.561043,101.561043,243087800.000000
2007-11-13,102.741314,104.819183,102.635305,104.656631,191117400.000000
2007-11-14,105.462359,105.589570,103.737869,104.366882,230558800.000000
2007-11-15,103.589435,104.239651,102.140581,102.861465,263111100.000000
2007-11-16,103.405687,103.518771,102.175936,103.038170,308770600.000000
2007-11-19,102.677690,102.734232,101.200570,101.603416,267746000.000000
2007-11-20,101.787179,102.854378,100.437270,102.225365,414767500.000000
2007-11-21,101.122836,101.709446,100.126306,100.133369,259012400.000000
2007-11-23,101.115768,102.013342,100.854261,101.864929,77688400.000000
2007-11-26,102.076936,102.394985,99.412469,99.617424,214232000.000000
2007-11-27,100.175765,101.228826,99.617421,100.762375,293897900.000000
2007-11-28,101.907383,104.225547,101.872043,103.985252,258596900.000000
2007-11-29,103.624764,104.402201,103.257257,104.020546,199409900.000000
2007-11-30,105.335104,105.921714,104.126555,105.066544,222908000.000000
2007-12-03,104.734385,104.918138,104.098297,104.373932,146430400.000000
2007-12-04,103.653016,104.274955,103.405647,103.440987,136533900.000000
2007-12-05,104.550612,105.448197,104.479942,105.172562,171130000.000000
2007-12-06,105.045393,106.868829,105.002989,106.678001,154457400.000000
2007-12-07,107.017234,107.073776,106.402359,106.656792,148980100.000000
2007-12-10,106.918242,107.603798,106.621405,107.483650,123914300.000000
2007-12-11,107.526072,108.056140,104.479950,104.536491,250346400.000000
2007-12-12,106.762774,107.264576,104.034689,105.568352,322435600.000000
2007-12-13,104.826265,105.582490,104.105369,105.349258,237551300.000000
2007-12-14,104.550575,105.377490,103.963976,104.013443,159152900.000000
2007-12-17,103.617768,103.801521,102.380942,102.529366,177269400.000000
2007-12-18,103.257241,103.525801,101.744781,103.101753,245569300.000000
2007-12-19,103.144157,103.815574,102.437400,103.101753,198917200.000000
2007-12-20,103.780249,103.794387,102.607029,103.751984,214813800.000000
2007-12-21,104.707596,105.453632,104.508654,105.247589,146084400.000000
2007-12-24,105.737882,106.206810,105.496301,106.029182,45601400.000000
2007-12-26,105.617036,106.348859,105.510464,106.256500,67093100.000000
2007-12-27,105.879952,105.887053,104.672090,104.920761,122981700.000000
2007-12-28,105.538906,105.588647,104.373673,104.657883,116398100.000000
2007-12-31,104.515752,104.878107,103.776817,103.883400,108126800.000000
2008-01-02,104.110755,104.437594,102.227913,102.973938,204935600.000000
2008-01-03,102.959768,103.371864,102.362943,102.924240,125133300.000000
2008-01-04,101.844263,101.915318,100.117733,100.401932,232330900.000000
2008-01-07,100.757193,101.055605,99.542229,100.316681,234991000.000000
2008-01-08,100.949011,101.531622,98.362761,98.696701,326365700.000000
2008-01-09,98.824597,100.032459,97.836991,99.734047,301824900.000000
2008-01-10,99.243807,101.460600,99.023551,100.387726,335701200.000000
2008-01-11,100.025352,100.821118,98.760648,99.577728,267076600.000000
2008-01-14,100.295381,100.792734,99.755387,100.380638,170365500.000000
2008-01-15,99.321949,100.529822,97.979089,98.170929,239940100.000000
2008-01-16,97.595421,98.845912,96.828071,97.325424,378802600.000000
2008-01-17,97.915146,97.964886,94.447862,94.803116,397892600.000000
2008-01-18,95.733887,95.932829,93.147638,93.829720,348561500.000000
2008-01-22,90.383754,94.092603,89.524040,92.877640,435923700.000000
2008-01-23,90.298513,95.343127,90.120886,95.108658,511913000.000000
2008-01-24,95.549156,96.245462,94.717862,95.911522,259949300.000000
2008-01-25,96.991481,97.169108,94.213402,94.526016,269603900.000000
2008-01-28,94.682298,96.288053,93.829690,96.089111,217934600.000000
2008-01-29,96.700207,96.948878,95.833386,96.565208,168968300.000000
2008-01-30,96.330722,98.433821,95.634427,95.854683,334939200.000000
2008-01-31,94.781820,98.433833,94.639720,97.602539,343680800.000000
2008-02-01,98.007527,99.194074,97.709114,99.172760,206843600.000000
2008-02-04,98.909832,98.973775,97.794329,97.922226,124694300.000000
2008-02-05,96.586510,96.806766,94.973653,95.300491,286882500.000000
2008-02-06,95.620188,96.096227,94.078387,94.533112,250792900.000000
2008-02-07,93.645018,95.769432,93.595277,95.158394,297368100.000000
2008-02-08,94.561558,95.364436,93.858162,94.547356,221643500.000000
2008-02-11,94.568691,95.371559,93.815543,95.030518,188576300.000000
2008-02-12,95.854680,96.849387,95.193902,95.911522,256654400.000000
2008-02-13,96.636245,97.382281,96.018106,96.892029,181967800.000000
2008-02-14,97.304125,97.339653,95.769424,96.039421,215207200.000000
2008-02-15,95.563342,96.074908,95.144144,96.018066,154110300.000000
2008-02-19,97.140678,97.261463,95.641506,96.288071,145190000.000000
2008-02-20,95.200968,97.019866,95.037543,96.572243,220085700.000000
2008-02-21,97.098083,97.346754,95.257868,95.769424,201051200.000000
2008-02-22,95.897297,96.522548,94.398124,96.359123,205491000.000000
2008-02-25,96.302319,97.801492,95.762336,97.574135,190107000.000000
2008-02-26,97.162012,98.725128,96.984385,98.305931,212420700.000000
2008-02-27,97.737498,98.860102,97.630926,98.206436,168395800.000000
2008-02-28,97.510179,98.021746,97.019927,97.247284,170831100.000000
2008-02-29,96.344958,96.401789,94.341319,95.080254,252715200.000000
2008-03-03,94.597084,95.073123,93.957630,94.852867,189483500.000000
2008-03-04,93.950523,94.781817,93.069500,94.490517,282513100.000000
2008-03-05,94.796023,95.755213,94.028672,95.087334,270681400.000000
2008-03-06,94.483345,94.653871,92.756816,93.119171,247911700.000000
2008-03-07,92.202663,93.602365,91.357156,92.160034,326434600.000000
2008-03-10,92.252409,92.316352,90.653765,90.945076,235683600.000000
2008-03-11,92.877613,94.298629,91.620010,94.213371,341440600.000000
2008-03-12,94.312887,95.044710,93.190283,93.332382,229161100.000000
2008-03-13,92.089004,94.241844,91.371395,93.538437,351504200.000000
2008-03-14,94.334190,94.362606,90.788750,92.088982,484687800.000000
2008-03-17,89.929029,91.840293,89.573775,91.158211,405311100.000000
2008-03-18,92.806621,94.987888,92.351896,94.945259,334416600.000000
2008-03-19,95.307604,95.669960,92.394515,92.593468,345971600.000000
2008-03-20,92.859069,94.901183,92.294982,94.308540,245320700.000000
2008-03-24,95.186779,96.971843,95.136803,96.193558,208977300.000000
2008-03-25,96.293544,96.786223,95.515258,96.286407,192947200.000000
2008-03-26,96.007918,96.457747,95.043979,95.108238,196934300.000000
2008-03-27,95.822273,95.993643,94.508468,94.808357,225153200.000000
2008-03-28,94.958293,95.222479,93.580218,93.901527,180896100.000000
2008-03-31,93.744475,94.772674,93.601672,94.230019,166692100.000000
2008-04-01,95.401005,97.707306,95.329598,97.543083,254547300.000000
2008-04-02,97.857251,98.299944,97.093238,97.607338,210910800.000000
2008-04-03,97.078974,98.135730,96.900468,97.850113,175884800.000000
2008-04-04,97.907227,98.507017,97.193201,97.743004,204446800.000000
2008-04-07,98.442724,98.942551,97.635882,97.792969,154245500.000000
2008-04-08,97.243184,97.764420,97.071814,97.693024,148937300.000000
2008-04-09,97.543069,97.678736,96.314944,96.986130,195610600.000000
2008-04-10,96.693399,97.585931,96.322102,97.121819,192967800.000000
2008-04-11,96.029355,96.479184,94.972589,95.236786,222973300.000000
2008-04-14,95.101105,95.351007,94.644129,94.915451,160522000.000000
2008-04-15,95.379592,95.458135,94.487059,95.136826,172389200.000000
2008-04-16,96.065016,97.757264,96.050743,97.714424,189268900.000000
2008-04-17,97.121801,98.000049,96.864751,97.857246,179665700.000000
2008-04-18,99.206753,99.649445,98.721209,98.878296,218530600.000000
2008-04-21,98.699821,99.235340,98.428498,98.928314,118587400.000000
2008-04-22,98.671228,98.756908,97.750129,98.492722,162166000.000000
2008-04-23,98.599872,99.092552,97.907266,98.335686,193309000.000000
2008-04-24,98.592683,99.777969,97.850090,98.764053,229381300.000000
2008-04-25,99.535172,99.885049,98.471281,99.677986,190788100.000000
2008-04-28,99.877962,100.142148,99.520949,99.699455,105610200.000000
2008-04-29,99.528063,99.770829,98.971124,99.306717,125514100.000000
2008-04-30,99.456660,100.384896,98.721214,98.721214,208395900.000000
2008-05-01,98.806890,100.763313,98.728346,100.763313,187279500.000000
2008-05-02,101.634398,101.655818,100.363434,101.041756,181585500.000000
2008-05-05,100.713369,101.113221,100.256392,100.556282,118504500.000000
2008-05-06,99.977912,101.534483,99.742282,101.427383,179339800.000000
2008-05-07,101.313126,101.420225,99.342418,99.620888,199267300.000000
2008-05-08,99.777974,100.192111,99.235308,99.363838,178321200.000000
2008-05-09,98.964008,99.528084,98.856898,99.178207,152588200.000000
2008-05-12,99.428115,100.363487,99.056819,100.292091,147865900.000000
2008-05-13,100.534821,100.599081,99.770809,100.306328,159132200.000000
2008-05-14,100.727615,101.534456,100.292059,100.513405,181910800.000000
2008-05-15,100.706163,101.841472,100.556224,101.770065,166927000.000000
2008-05-16,102.005710,102.012847,101.113178,101.862907,204236800.000000
2008-05-19,101.970048,103.033951,101.605899,102.141418,165664400.000000
2008-05-20,101.584467,101.634443,100.677651,101.313133,178552100.000000
2008-05-21,101.256022,101.477368,99.249611,99.599487,252724800.000000
2008-05-22,99.556616,100.084999,99.249590,99.613739,170820400.000000
2008-05-23,99.285290,99.720846,98.192831,98.278511,181376400.000000
2008-05-27,98.392720,99.249549,98.199930,99.006783,168322900.000000
2008-05-28,99.371002,99.963645,98.535593,99.463829,181288100.000000
2008-05-29,99.342432,100.627670,99.306728,99.963631,173927200.000000
2008-05-30,100.299188,100.491978,99.920755,100.213509,117362000.000000
2008-06-02,99.842257,99.863677,98.535588,99.178207,181069900.000000
2008-06-03,99.463784,99.692266,97.985745,98.599808,271965700.000000
2008-06-04,98.321365,99.363847,98.150005,98.549858,246637700.000000
2008-06-05,98.949684,100.599082,98.764041,100.520538,237867100.000000
2008-06-06,99.642291,99.820797,97.264584,97.314560,384276300.000000
2008-06-09,97.721587,98.178563,96.686251,97.550217,228263900.000000
2008-06-10,96.871907,97.892970,96.643425,97.064697,260234900.000000
2008-06-11,97.086114,97.293177,95.629495,95.636642,283890100.000000
2008-06-12,96.107896,97.014701,95.336747,96.000786,252791800.000000
2008-06-13,96.514850,97.478789,95.979331,97.214592,244726900.000000
2008-06-16,96.786204,97.771552,96.721944,97.271736,185832500.000000
2008-06-17,97.871546,97.907238,96.657693,96.800507,191707700.000000
2008-06-18,96.172129,96.764772,95.472387,95.857956,265893000.000000
2008-06-19,95.786550,96.564846,95.322437,95.979340,304204900.000000
2008-06-20,95.325616,95.505016,94.163112,94.421448,289275700.000000
2008-06-23,94.787417,94.887880,94.234875,94.328156,165096400.000000
2008-06-24,94.041131,95.038591,93.423997,94.141594,267300600.000000
2008-06-25,94.521913,95.727471,94.177470,94.586494,287853900.000000
2008-06-26,93.696665,94.306616,91.909844,92.017479,297775000.000000
2008-06-27,92.053373,92.469581,91.163554,91.515175,303423400.000000
2008-06-30,91.773533,92.505485,91.350153,91.838120,258842600.000000
2008-07-01,90.790423,92.189741,90.367043,92.125160,388622000.000000
2008-07-02,92.419357,92.684875,90.381383,90.546432,288064600.000000
2008-07-03,91.213805,91.213805,89.692496,90.639725,239352500.000000
2008-07-07,90.984139,91.378814,88.924634,89.713989,372427300.000000
2008-07-08,89.692489,91.414724,89.125587,91.307083,375973700.000000
2008-07-09,91.493646,91.665867,89.261918,89.548958,336729400.000000
2008-07-10,89.290613,90.266546,88.680657,89.914925,436475700.000000
2008-07-11,88.960547,90.345510,87.898501,88.867256,481124600.000000
2008-07-14,89.886235,90.058457,87.833907,88.063538,322720800.000000
2008-07-15,87.403371,88.616107,86.126043,86.822113,502502500.000000
2008-07-16,87.152198,89.391104,86.901040,88.953369,371642900.000000
2008-07-17,89.800116,90.603827,89.046637,89.843170,375490600.000000
2008-07-18,90.539225,90.718624,89.807279,90.402885,267030100.000000
2008-07-21,90.783211,90.991315,89.835983,90.453117,222863000.000000
2008-07-22,89.807291,91.708925,89.592010,91.479294,296904200.000000
2008-07-23,91.773508,92.677676,91.529527,91.974434,311698400.000000
2008-07-24,92.096455,92.146692,89.814501,90.065659,248634500.000000
2008-07-25,90.338333,90.768890,89.821662,90.044121,219131000.000000
2008-07-28,90.065641,90.460316,88.565860,88.723732,205201300.000000
2008-07-29,88.967731,90.689961,88.723745,90.618202,261505600.000000
2008-07-30,91.213794,92.283018,90.618187,92.232780,354710000.000000
2008-07-31,91.421886,92.261479,90.869333,91.012856,277402100.000000
2008-08-01,91.220967,91.335779,90.029753,90.532074,248690900.000000
2008-08-04,90.445954,90.517712,89.527430,89.692474,188239600.000000
2008-08-05,90.431606,92.254304,89.678132,92.110786,251577600.000000
2008-08-06,91.866786,92.785309,91.479282,92.519791,209555400.000000
2008-08-07,91.823736,92.168185,90.804750,91.142021,246312500.000000
2008-08-08,90.833487,93.237432,90.689964,92.835579,260811700.000000
2008-08-11,92.907333,94.371226,92.735105,93.797157,249425800.000000
2008-08-12,93.488558,93.789947,92.376280,92.821198,213200800.000000
2008-08-13,92.419336,93.036470,91.615631,92.261475,256393200.000000
2008-08-14,91.737637,93.488576,91.673056,92.957550,239555300.000000
2008-08-15,93.237425,93.646461,92.785346,93.409653,181000800.000000
2008-08-18,93.596203,93.632085,91.608466,92.132309,172275100.000000
2008-08-19,91.436230,91.629984,90.797569,91.127663,194673700.000000
2008-08-20,91.414734,91.816586,90.661254,91.551079,225498200.000000
2008-08-21,90.955452,92.168193,90.847811,91.708931,180609800.000000
2008-08-22,92.333219,93.036461,91.708913,93.036461,167715300.000000
2008-08-25,92.426536,93.036487,90.955459,91.149208,171936900.000000
2008-08-26,91.149221,91.759183,90.833482,91.414734,159117200.000000
2008-08-27,91.529536,92.448060,91.350137,92.304543,171032800.000000
2008-08-28,92.770995,93.531646,92.649005,93.424011,167537100.000000
2008-08-29,93.093893,93.388110,92.218423,92.419350,189195800.000000
2008-09-02,93.309167,93.797139,91.507997,91.845268,252364900.000000
2008-09-03,91.766327,92.211239,91.084612,91.766327,251947000.000000
2008-09-04,91.113339,91.299916,88.953369,89.003601,340042500.000000
2008-09-05,88.472587,89.663796,87.546886,89.283470,289503400.000000
2008-09-08,91.881136,92.024665,89.283438,91.127663,364075300.000000
2008-09-09,91.206608,91.393185,88.120943,88.422333,377326800.000000
2008-09-10,88.903103,89.627877,87.941525,88.781113,298916600.000000
2008-09-11,87.633004,90.230703,87.259850,90.065659,375369400.000000
2008-09-12,89.190163,90.567948,88.860069,90.481834,297851200.000000
2008-09-15,87.281378,90.166123,86.032760,86.176277,483607000.000000
2008-09-16,84.102409,87.776509,83.958892,87.618637,581744300.000000
2008-09-17,85.853351,87.439240,83.241297,83.679031,624095600.000000
2008-09-18,84.712359,87.396172,81.662571,86.161903,776114700.000000
2008-09-19,91.445838,92.384117,89.013541,89.583725,501087800.000000
2008-09-22,89.821924,90.038452,86.869965,87.555626,249966500.000000
2008-09-23,87.223600,88.068047,85.368700,85.563576,327470400.000000
2008-09-24,86.140956,86.610095,85.015026,85.837822,311818400.000000
2008-09-25,86.177057,87.988653,85.484177,87.180290,328253000.000000
2008-09-26,85.765653,87.692726,85.534693,87.223587,285917400.000000
2008-09-29,85.989391,86.133739,80.092688,80.388603,459562300.000000
2008-09-30,81.925957,84.300519,79.775137,83.715897,328154400.000000
2008-10-01,83.196227,84.221117,82.243516,83.766411,332783000.000000
2008-10-02,82.965248,83.080730,80.157638,80.727821,365337800.000000
2008-10-03,81.456816,83.326148,79.161648,79.638000,461798000.000000
2008-10-06,77.335635,77.674859,72.637034,75.581779,610637500.000000
2008-10-07,77.111836,77.465498,71.922453,72.196716,540012100.000000
2008-10-08,70.385166,73.748529,69.872723,70.377953,725414800.000000
2008-10-09,71.929700,72.622580,65.138021,65.462807,534485200.000000
2008-10-10,62.619128,67.801301,60.323959,63.874973,871026300.000000
2008-10-13,67.750752,73.149445,64.921484,73.149445,455584000.000000
2008-10-14,75.567317,76.166371,70.089230,72.066826,546268300.000000
2008-10-15,70.341836,70.587234,64.748267,64.972008,484627500.000000
2008-10-16,65.888627,68.400317,62.460311,67.678566,708811200.000000
2008-10-17,66.393884,71.157441,66.148492,67.274422,476649000.000000
2008-10-20,68.818965,71.525532,67.909557,71.316223,321294200.000000
2008-10-21,69.988186,71.193509,68.725122,69.187042,356502000.000000
2008-10-22,67.267159,69.187019,63.174834,65.419479,516168000.000000
2008-10-23,65.166915,66.725895,61.933468,66.177368,634666400.000000
2008-10-24,60.670385,64.899846,60.627082,62.821205,545812600.000000
2008-10-27,62.048944,64.603943,60.410566,60.591003,397288600.000000
2008-10-28,63.037726,68.017809,61.009608,67.671371,639939500.000000
2008-10-29,67.678600,70.132555,66.473277,67.180595,531270100.000000
2008-10-30,69.129340,69.677873,67.050698,69.504654,414582100.000000
2008-10-31,68.624082,71.142991,68.191032,69.887146,411394000.000000
2008-11-03,69.851047,70.507843,69.251992,70.089226,205419400.000000
2008-11-04,71.496625,72.795779,69.800512,72.470993,346793400.000000
2008-11-05,71.597651,72.687496,68.566301,69.425186,387844100.000000
2008-11-06,68.176579,68.883898,65.000875,65.578278,477721900.000000
2008-11-07,66.148462,67.844575,65.318447,67.743530,380391000.000000
2008-11-10,68.717908,68.948868,65.621596,66.855789,301773000.000000
2008-11-11,65.506125,66.502140,63.983230,64.791588,418498200.000000
2008-11-12,63.680065,64.199721,61.435420,61.940643,454330600.000000
2008-11-13,62.164385,66.206194,59.248512,65.802010,753141900.000000
2008-11-14,64.531732,66.444367,62.445868,62.518047,540352300.000000
2008-11-17,62.344824,63.918241,61.464293,61.688034,415254900.000000
2008-11-18,61.457080,62.951104,59.840360,62.850060,523811800.000000
2008-11-19,62.005613,62.698493,58.404072,58.822689,558327600.000000
2008-11-20,57.833903,59.551674,54.167412,54.456108,814180400.000000
2008-11-21,55.906833,58.389659,53.654968,57.393639,718536500.000000
2008-11-24,59.125841,62.785119,57.999911,61.370487,523305300.000000
2008-11-25,63.008878,63.160445,60.497182,61.825207,454112400.000000
2008-11-26,60.843619,64.372981,60.800310,64.214195,370134200.000000
2008-11-28,63.968752,65.051377,63.860493,65.022507,118308100.000000
2008-12-01,63.160422,63.189293,59.082528,59.262966,369927100.000000
2008-12-02,60.244553,61.702487,59.212449,61.543701,469508400.000000
2008-12-03,60.194016,63.391372,60.006359,63.023277,519863500.000000
2008-12-04,62.113907,63.550196,60.439444,61.565380,444173800.000000
2008-12-05,60.374451,63.817199,59.356779,63.463543,471905300.000000
2008-12-08,65.202978,66.675351,63.571825,65.679337,412859300.000000
2008-12-09,65.224636,66.494913,64.221402,64.596710,370790000.000000
2008-12-10,65.188547,65.939168,64.235836,65.036980,396187400.000000
2008-12-11,64.625572,65.679328,63.059374,63.470772,365061000.000000
2008-12-12,61.745803,64.286364,61.493185,64.228622,415060400.000000
2008-12-15,64.250258,64.344090,62.279882,63.333637,256694200.000000
2008-12-16,66.314461,66.415505,63.643985,66.314461,377699500.000000
2008-12-17,65.563848,66.711435,65.000883,65.672112,281819800.000000
2008-12-18,65.968024,66.162894,63.665637,64.445129,374673300.000000
2008-12-19,64.830037,65.936008,64.095150,64.167915,301451300.000000
2008-12-22,64.451689,64.517171,62.203371,63.345718,243759500.000000
2008-12-23,63.687686,63.978731,62.428925,62.690865,221625200.000000
2008-12-24,62.901892,63.207493,62.574470,63.054695,62061600.000000
2008-12-26,63.476707,63.520368,62.938277,63.418503,74767700.000000
2008-12-29,63.476687,63.542175,62.283407,63.236580,127795900.000000
2008-12-30,63.673149,64.793669,63.214751,64.735458,168256300.000000
2008-12-31,64.815528,66.190712,64.662731,65.659554,193987200.000000
2009-01-02,65.805036,67.987866,65.375744,67.638611,227566300.000000
2009-01-05,67.398481,68.147923,66.860051,67.558556,240349700.000000
2009-01-06,68.133397,68.722759,67.434892,68.009705,328260900.000000
2009-01-07,66.940112,67.129292,65.630412,65.972389,280899200.000000
2009-01-08,65.601290,66.277962,65.244758,66.241585,263834400.000000
2009-01-09,66.328935,66.445350,62.108794,64.822777,330953600.000000
2009-01-12,64.640876,64.691814,62.872789,63.265694,277858500.000000
2009-01-13,63.105625,63.942372,62.719987,63.382114,356432300.000000
2009-01-14,62.239761,62.392558,60.508051,61.388458,435491600.000000
2009-01-15,61.206552,62.028749,59.460287,61.410282,532647300.000000
2009-01-16,62.472585,62.567173,60.428003,61.890495,399237200.000000
2009-01-20,61.286582,61.890494,58.245173,58.623528,419855200.000000
2009-01-21,59.620371,61.293870,58.550783,61.155628,364360700.000000
2009-01-22,59.969612,61.148342,59.060099,60.209724,427940300.000000
2009-01-23,58.863621,61.111932,58.623509,60.471638,386800600.000000
2009-01-26,60.820937,62.108810,60.253402,60.886425,317978800.000000
2009-01-27,61.213822,61.955988,60.609910,61.504868,273789700.000000
2009-01-28,62.865491,63.993283,62.625378,63.585823,330007000.000000
2009-01-29,62.654494,63.658594,61.461214,61.519424,294392500.000000
2009-01-30,61.832323,62.137918,59.816839,60.267960,383383600.000000
2009-02-02,59.351134,60.522586,59.161954,60.086021,288233300.000000
2009-02-03,60.464319,61.381109,59.824025,60.929989,278385800.000000
2009-02-04,61.337508,62.116050,60.420718,60.631725,322989300.000000
2009-02-05,60.173352,62.057865,56.557135,61.533985,417679400.000000
2009-02-06,61.744964,63.549433,61.613994,63.287498,366101700.000000
2009-02-09,63.272944,63.840479,62.807275,63.374809,240075200.000000
2009-02-10,62.770881,63.323866,59.991413,60.471638,536212800.000000
2009-02-11,60.719047,61.155618,59.955060,60.828190,324442500.000000
2009-02-12,59.787703,60.988260,58.972783,60.871845,469302200.000000
2009-02-13,60.791819,61.293866,60.202451,60.217007,293998400.000000
2009-02-17,58.325213,60.362518,57.604876,57.641258,478910100.000000
2009-02-18,58.055999,58.165141,56.957306,57.503014,362964800.000000
2009-02-19,58.092370,58.317933,56.768120,56.884541,316867500.000000
2009-02-20,55.829500,57.000946,55.130990,56.331547,477176600.000000
2009-02-23,56.950042,56.950042,54.272437,54.316097,379641400.000000
2009-02-24,54.781754,56.717193,54.352461,56.375221,426260900.000000
2009-02-25,56.127833,57.059173,55.029141,55.931381,461985800.000000
2009-02-26,56.622617,57.968695,54.956389,55.021877,363353900.000000
2009-02-27,53.850382,55.072766,53.704856,53.792171,470510900.000000
2009-03-02,52.766265,53.784920,51.201908,51.369255,426452600.000000
2009-03-03,52.104147,52.169630,50.670755,50.983627,443761000.000000
2009-03-04,51.827666,53.020946,50.983636,52.191471,462753100.000000
2009-03-05,51.005452,52.191460,49.601165,50.059563,485549400.000000
2009-03-06,50.496129,51.260116,48.822624,50.146873,490470000.000000
2009-03-09,49.441083,50.932685,49.281013,49.557503,379905300.000000
2009-03-10,50.576143,52.657107,50.474278,52.511581,406227900.000000
2009-03-11,53.115532,53.661239,52.264230,52.853592,356648300.000000
2009-03-12,52.839040,55.116458,52.366093,54.934555,409702700.000000
2009-03-13,55.305626,56.011408,54.374286,55.363831,337474700.000000
2009-03-16,55.996857,56.731745,55.160105,55.196487,360644900.000000
2009-03-17,55.349283,57.015511,54.898163,56.884541,356814300.000000
2009-03-18,56.615306,58.863623,56.076877,58.157841,473273200.000000
2009-03-19,58.885469,58.936401,57.255624,57.437527,428520400.000000
2009-03-20,57.716722,57.826645,56.082536,56.214443,371078200.000000
2009-03-23,57.702080,60.303586,57.386968,60.252289,419933300.000000
2009-03-24,59.534120,60.354878,58.999166,59.065117,330271000.000000
2009-03-25,59.526781,60.604018,57.936562,59.687996,441775100.000000
2009-03-26,60.274249,61.043709,59.592728,60.904472,422025200.000000
2009-03-27,60.127682,60.479431,59.585393,59.805241,322332300.000000
2009-03-30,58.478860,58.530157,57.130472,57.738712,324108500.000000
2009-03-31,58.302991,59.416878,57.929258,58.273678,364238300.000000
2009-04-01,57.548167,59.666010,57.401606,59.402195,377018300.000000
2009-04-02,60.882534,62.003745,59.453535,61.139019,476230700.000000
2009-04-03,61.182943,61.761869,60.582032,61.747215,284646300.000000
2009-04-06,61.073042,61.761893,60.303587,61.263577,264866600.000000
2009-04-07,60.274273,60.567401,59.731989,59.834583,258947800.000000
2009-04-08,60.135063,60.779947,59.754000,60.479488,230402800.000000
2009-04-09,62.047672,62.890413,61.798516,62.883083,269653500.000000
2009-04-13,62.230884,63.418051,61.981729,62.897751,224847500.000000
2009-04-14,62.311507,62.846466,61.615332,61.813190,276598800.000000
2009-04-15,61.439449,62.597303,61.270904,62.472725,250726100.000000
2009-04-16,62.971031,63.865069,62.120960,63.388737,335202900.000000
2009-04-17,63.630573,64.231484,63.124927,63.813778,262649000.000000
2009-04-20,62.685266,63.791823,61.073062,61.139019,293690100.000000
2009-04-21,60.691971,62.384778,60.640673,62.333481,114090900.000000
2009-04-22,61.769234,63.271507,61.608013,61.952438,340395200.000000
2009-04-23,62.077006,62.597306,61.285562,62.560669,324903700.000000
2009-04-24,63.044344,63.982351,62.795189,63.506023,287703000.000000
2009-04-27,62.787823,63.762472,62.685229,62.905071,289581600.000000
2009-04-28,62.267491,63.454651,62.113600,62.707180,247926300.000000
2009-04-29,63.403386,64.751773,63.242171,64.040939,311505700.000000
2009-04-30,64.891023,65.235442,63.696526,64.062935,301419800.000000
2009-05-01,64.077613,64.641881,63.549983,64.407379,236110300.000000
2009-05-04,64.891019,66.642453,64.766436,66.598480,287120000.000000
2009-05-05,66.371315,66.635130,65.836355,66.371315,243036300.000000
2009-05-06,67.184732,67.565795,66.400617,67.521828,291941000.000000
2009-05-07,68.159368,68.261962,66.158773,66.583809,317728000.000000
2009-05-08,67.441218,68.313272,67.008858,68.137398,299081700.000000
2009-05-11,67.199400,67.499858,66.715743,66.862305,247923600.000000
2009-05-12,67.148085,67.294652,65.843671,66.664429,282431300.000000
2009-05-13,65.763083,65.960947,64.854390,64.986298,269619100.000000
2009-05-14,65.015606,66.041552,64.854385,65.543236,260098700.000000
2009-05-15,65.491940,65.953614,64.597902,65.008278,271502700.000000
2009-05-18,65.623824,66.935562,64.905660,66.854958,241447400.000000
2009-05-19,66.818313,67.397239,66.547168,66.774345,206102200.000000
2009-05-20,67.382585,68.005485,66.254051,66.327332,285722200.000000
2009-05-21,65.557899,65.807060,64.678520,65.374695,258988400.000000
2009-05-22,65.557869,65.953592,64.986273,65.235428,166811900.000000
2009-05-26,64.751794,67.096809,64.722481,66.906281,236318500.000000
2009-05-27,67.008875,67.236047,65.609190,65.711784,246015800.000000
2009-05-28,66.290682,66.935559,65.294049,66.627777,289095000.000000
2009-05-29,66.994189,68.665013,66.451906,67.807617,258641500.000000
2009-06-01,68.643036,69.742263,68.467162,69.449135,276246800.000000
2009-06-02,69.178016,69.888850,69.053438,69.507782,230874500.000000
2009-06-03,68.914171,68.980122,67.976165,68.628372,235310500.000000
2009-06-04,68.884877,69.375864,68.371907,69.273270,210102300.000000
2009-06-05,69.976771,70.108678,68.738312,69.287926,284257900.000000
2009-06-08,68.767614,69.690966,68.181363,69.002121,238565100.000000
2009-06-09,69.390517,69.720283,68.899525,69.353874,225125500.000000
2009-06-10,69.969469,69.976793,68.291315,69.178024,296100400.000000
2009-06-11,69.309897,70.431107,69.295237,69.485771,275414200.000000
2009-06-12,69.178029,69.720313,68.884901,69.676346,184361800.000000
2009-06-15,68.855566,68.899534,67.712372,68.078781,224190500.000000
2009-06-16,68.320609,68.364577,67.111459,67.155426,227319000.000000
2009-06-17,67.126130,67.661090,66.561863,67.089493,223445200.000000
2009-06-18,67.192044,67.910202,66.869603,67.580437,211725100.000000
2009-06-19,68.227502,68.315933,67.446323,67.829544,215655600.000000
2009-06-22,67.166312,67.203162,65.773463,65.795570,251913600.000000
2009-06-23,65.935590,66.237739,65.478674,65.847153,188309800.000000
2009-06-24,66.444106,67.122106,66.031406,66.414627,211577700.000000
2009-06-25,66.082977,67.925370,66.009282,67.859047,279411000.000000
2009-06-26,67.630565,67.976936,67.262086,67.682152,167579000.000000
2009-06-29,67.881124,68.404362,67.505274,68.315926,168481300.000000
2009-06-30,68.330674,68.581237,67.262083,67.763214,228888200.000000
2009-07-01,68.050639,68.706537,67.954837,68.043274,173041100.000000
2009-07-02,67.158910,68.065370,66.149282,66.186127,212309900.000000
2009-07-06,65.544966,66.274551,65.338618,66.178749,174499600.000000
2009-07-07,66.112442,66.193508,64.852246,64.896461,197088900.000000
2009-07-08,65.287059,65.441825,64.115299,64.852257,248050500.000000
2009-07-09,65.301771,65.515490,64.785904,64.977509,163777600.000000
2009-07-10,64.631159,65.213356,64.373225,64.822769,173520300.000000
2009-07-13,65.080687,66.451428,64.550077,66.399841,217413500.000000
2009-07-14,66.606193,66.834654,66.127175,66.775696,181487400.000000
2009-07-15,67.660031,68.912862,66.827272,68.728622,220877900.000000
2009-07-16,68.537030,69.649837,68.404377,68.618095,231174500.000000
2009-07-17,69.318172,69.509782,68.934957,69.369759,138561700.000000
2009-07-20,69.775107,70.224651,69.413999,70.106735,164179400.000000
2009-07-21,70.652112,70.674220,69.583520,70.431023,217718300.000000
2009-07-22,69.981460,70.843698,69.929873,70.416267,196068100.000000
2009-07-23,70.460480,72.280765,70.401522,71.971245,258795500.000000
2009-07-24,71.632238,72.324980,71.256394,72.266022,154003100.000000
2009-07-27,72.133381,72.516602,71.735423,72.479752,159259400.000000
2009-07-28,71.971265,72.494504,71.529086,72.140762,186685200.000000
2009-07-29,71.809107,72.288125,71.470107,71.963867,194399300.000000
2009-07-30,72.833515,73.570473,72.664012,72.715599,225575400.000000
2009-07-31,72.700853,73.305158,72.501872,72.818764,207358000.000000
2009-08-03,73.585196,74.086328,73.187239,74.020004,175776900.000000
2009-08-04,73.688332,74.314744,73.533572,74.211571,176714600.000000
2009-08-05,74.263194,74.329523,73.386218,73.997894,184726400.000000
2009-08-06,74.336906,74.447445,73.268314,73.614685,193203800.000000
2009-08-07,74.388466,75.191746,73.983137,74.580070,220640900.000000
2009-08-10,74.241069,74.594811,73.894698,74.425308,130898700.000000
2009-08-11,74.093668,74.145255,73.297753,73.496735,157301000.000000
2009-08-12,73.371463,74.845377,73.334618,74.285294,219052400.000000
2009-08-13,74.624305,74.882239,73.887348,74.852760,176449500.000000
2009-08-14,74.815907,74.874865,73.474645,74.277931,199616100.000000
2009-08-17,72.848222,72.921916,72.302875,72.450264,237667500.000000
2009-08-18,72.612391,73.283025,72.479739,73.025085,173461500.000000
2009-08-19,72.450264,73.916813,72.376569,73.666245,192812800.000000
2009-08-20,73.762046,74.594811,73.599920,74.425308,174131300.000000
2009-08-21,75.036989,76.002401,74.889600,75.884491,224605000.000000
2009-08-24,76.194028,76.606723,75.604460,75.877136,191279000.000000
2009-08-25,76.179304,76.835196,75.862412,76.024544,215310600.000000
2009-08-26,75.788678,76.378246,75.530744,76.031876,194620700.000000
2009-08-27,75.987660,76.437204,75.125421,76.201378,196230100.000000
2009-08-28,76.813071,76.901503,75.663414,76.186653,147024400.000000
2009-08-31,75.442328,75.597089,75.014892,75.508652,176051600.000000
2009-09-01,75.132761,76.083436,73.688326,73.843086,321276800.000000
2009-09-02,73.533639,74.020034,73.378879,73.563118,171805000.000000
2009-09-03,73.990504,74.263175,73.393565,74.174744,143572300.000000
2009-09-04,74.322187,75.236013,74.101103,75.213905,142687900.000000
2009-09-08,75.906604,75.943454,75.457060,75.862389,132909100.000000
2009-09-09,75.995043,76.702522,75.759217,76.444588,154612500.000000
2009-09-10,76.496145,77.277318,76.068709,77.225731,162902400.000000
2009-09-11,77.373138,77.601598,76.849899,77.211006,152360100.000000
2009-09-14,76.555097,77.719490,76.017121,77.586838,149593800.000000
2009-09-15,77.712174,78.198569,77.203677,77.911156,196795900.000000
2009-09-16,78.191182,79.105008,77.918511,79.090271,206406300.000000
2009-09-17,78.979694,79.635585,78.537521,78.972328,229170900.000000
2009-09-18,79.341106,79.348513,78.756136,79.022705,153799100.000000
2009-09-21,78.408094,79.230013,78.237790,78.822754,151892000.000000
2009-09-22,79.289267,79.504003,78.933840,79.281860,143126700.000000
2009-09-23,79.466958,79.992689,78.482135,78.622826,225947400.000000
2009-09-24,78.793156,78.963460,77.415886,77.756500,228636800.000000
2009-09-25,77.586183,78.015656,77.075259,77.341827,204059000.000000
2009-09-28,77.638028,78.896827,77.623222,78.726517,118285800.000000
2009-09-29,78.867211,79.244845,78.326667,78.489571,133733900.000000
2009-09-30,78.756107,78.830152,77.467695,78.185944,254383000.000000
2009-10-01,76.268147,78.289625,76.231121,76.245934,281840600.000000
2009-10-02,75.542505,76.342212,75.520292,75.890526,224748800.000000
2009-10-05,76.194132,77.245595,75.971990,77.023453,149875000.000000
2009-10-06,77.578797,78.571027,77.534371,78.126747,202491100.000000
2009-10-07,77.949039,78.422944,77.800948,78.341492,159200300.000000
2009-10-08,78.896820,79.355906,78.378489,78.941246,183305800.000000
2009-10-09,78.963485,79.422577,78.756155,79.422577,135008300.000000
2009-10-12,79.792782,80.037132,79.437355,79.733543,118031000.000000
2009-10-13,79.518800,79.755750,79.052308,79.570633,157692700.000000
2009-10-14,80.503663,81.021988,79.541053,80.940536,191421600.000000
2009-10-15,80.548097,81.236732,80.511077,81.236732,173873600.000000
2009-10-16,80.562885,80.910900,80.140819,80.629524,192069400.000000
2009-10-19,80.762799,81.547693,80.511043,81.295937,159530400.000000
2009-10-20,81.414422,81.444042,80.474031,80.866478,180921100.000000
2009-10-21,80.740593,81.680984,80.081577,80.140816,225379300.000000
2009-10-22,80.111167,81.214462,79.600243,80.955299,238444000.000000
2009-10-23,81.221893,81.273725,79.696526,80.029739,240033200.000000
2009-10-26,80.118589,80.940509,78.941249,79.163391,242028200.000000
2009-10-27,79.252246,79.518814,78.608042,78.800560,253266300.000000
2009-10-28,78.600653,78.845009,77.267809,77.312241,248821400.000000
2009-10-29,77.889781,79.126361,77.704665,78.970863,198110600.000000
2009-10-30,78.711701,78.948650,76.593963,76.682816,325608100.000000
2009-11-02,77.104861,78.052664,76.327374,77.245552,254222900.000000
2009-11-03,76.816093,77.600993,76.668002,77.489922,228362600.000000
2009-11-04,78.126744,78.733927,77.489941,77.689865,247996700.000000
2009-11-05,78.237805,79.141171,78.074901,79.118958,180015300.000000
2009-11-06,78.682083,79.526216,78.526586,79.326286,170954100.000000
2009-11-09,79.933482,81.177468,79.874249,81.133041,159495700.000000
2009-11-10,80.940505,81.399597,80.688749,81.147835,171899800.000000
2009-11-11,81.680980,82.058620,81.170061,81.562508,169466200.000000
2009-11-12,81.451432,81.873498,80.525847,80.733177,157144500.000000
2009-11-13,80.940495,81.518059,80.525835,81.170044,150963000.000000
2009-11-16,81.732815,82.702831,81.688389,82.347404,210922200.000000
2009-11-17,82.132677,82.480698,81.821682,82.443672,147134100.000000
2009-11-18,82.384453,82.510331,81.873528,82.391853,156486800.000000
2009-11-19,81.829078,82.421449,80.807229,81.318153,208734600.000000
2009-11-20,80.896074,81.273714,80.718363,81.029358,134196000.000000
2009-11-23,81.984563,82.739838,81.895705,82.058609,148010200.000000
2009-11-24,82.191893,82.339984,81.458831,82.184486,138420100.000000
2009-11-25,82.317769,82.562125,82.058607,82.473267,109564800.000000
2009-11-27,80.266696,81.688392,80.185244,81.133041,126001800.000000
2009-11-30,81.066376,81.599508,80.059340,81.406990,160874800.000000
2009-12-01,82.132666,82.680616,81.991981,82.414047,159613700.000000
2009-12-02,82.399243,82.939786,82.132674,82.377029,132315100.000000
2009-12-03,82.599185,83.065678,81.666194,81.732834,167324900.000000
2009-12-04,82.813879,83.213732,81.481041,82.199295,274907800.000000
2009-12-07,82.125279,82.584365,81.814278,82.073441,127973800.000000
2009-12-08,81.481052,82.021591,80.910889,81.162651,169863700.000000
2009-12-09,81.140415,81.584695,80.725750,81.466217,155063400.000000
2009-12-10,81.969742,82.280743,81.784625,81.925316,138014600.000000
2009-12-11,82.273376,82.458493,81.903143,82.273376,124854000.000000
2009-12-14,82.836136,82.932395,82.288186,82.836136,107141500.000000
2009-12-15,82.532517,82.873131,82.191903,82.451065,120408800.000000
2009-12-16,82.784270,83.028620,82.391818,82.576935,155358200.000000
2009-12-17,81.984578,82.140075,81.510679,81.584724,183390100.000000
2009-12-18,82.038849,82.113299,81.353953,82.046295,174591200.000000
2009-12-21,82.455735,83.155518,82.455735,82.880074,118039600.000000
2009-12-22,83.058733,83.356516,82.954510,83.177849,91707500.000000
2009-12-23,83.378831,83.460721,83.006604,83.341606,111783100.000000
2009-12-24,83.520298,83.825522,83.378850,83.736191,39677500.000000
2009-12-28,84.048820,84.115818,83.617035,83.914818,87508500.000000
2009-12-29,84.130761,84.145648,83.788313,83.795753,80572500.000000
2009-12-30,83.550089,83.862759,83.505418,83.765976,73138400.000000
2009-12-31,83.952072,83.974410,82.924727,82.961952,90637900.000000
2010-01-04,83.654328,84.413669,83.014097,84.369003,118944600.000000
2010-01-05,84.316879,84.629548,84.011650,84.592323,111579900.000000
2010-01-06,84.510423,84.860317,84.443424,84.651871,116074400.000000
2010-01-07,84.495518,85.113417,84.257293,85.009193,131091100.000000
2010-01-08,84.785840,85.329293,84.614619,85.292068,126402800.000000
2010-01-11,85.671752,85.708971,85.046407,85.411194,106375700.000000
2010-01-12,84.845441,85.024109,84.287101,84.614662,163333500.000000
2010-01-13,84.830557,85.567571,84.398778,85.329346,161822000.000000
2010-01-14,85.232535,85.716431,85.180424,85.560097,115718800.000000
2010-01-15,85.411228,85.493112,84.272208,84.599770,212283100.000000
2010-01-19,84.584888,85.709010,84.562550,85.656898,139172700.000000
2010-01-20,85.076233,85.202789,84.108446,84.785896,216490200.000000
2010-01-21,84.808199,85.068757,83.051287,83.155510,344859600.000000
2010-01-22,82.783273,83.185279,81.212475,81.301811,345942400.000000
2010-01-25,82.046289,82.195183,81.450729,81.718727,186937500.000000
2010-01-26,81.398622,82.239859,81.175289,81.376289,211168800.000000
2010-01-27,81.272055,81.949511,80.646716,81.763397,271863600.000000
2010-01-28,82.031396,82.076061,80.334042,80.825378,316104000.000000
2010-01-29,81.175273,81.741059,79.820366,79.946922,310677600.000000
2010-02-01,80.512697,81.197594,80.028801,81.190147,187865000.000000
2010-02-02,81.339036,82.329156,81.056140,82.172821,216327900.000000
2010-02-03,81.800617,82.247294,81.525172,81.763397,172730700.000000
2010-02-04,81.130607,81.167826,79.224800,79.239693,356715700.000000
2010-02-05,79.329061,79.567286,77.855044,79.403511,493585800.000000
2010-02-08,79.463008,79.902239,78.770665,78.830223,224166900.000000
2010-02-09,79.753354,80.512701,79.113124,79.820358,337820500.000000
2010-02-10,79.693803,80.103249,78.994015,79.664024,240511500.000000
2010-02-11,79.559780,80.587124,79.098216,80.497787,223591600.000000
2010-02-12,79.649138,80.475482,79.291803,80.430817,304622100.000000
2010-02-16,81.041256,81.778263,80.267023,81.696373,159317500.000000
2010-02-17,82.090914,82.195142,81.696354,82.083473,168845100.000000
2010-02-18,81.949500,82.738619,81.919721,82.567398,193708600.000000
2010-02-19,82.351526,83.058755,82.157966,82.738640,222684900.000000
2010-02-22,83.043846,83.066179,82.507838,82.753510,132346900.000000
2010-02-23,82.530207,82.783319,81.532635,81.748528,207497000.000000
2010-02-24,81.994175,82.634406,81.785729,82.500404,176350700.000000
2010-02-25,81.324148,82.448275,81.100815,82.388718,259634700.000000
2010-02-26,82.463151,82.723715,81.971815,82.440819,173589300.000000
2010-03-01,82.783314,83.378880,82.760981,83.296989,147709700.000000
2010-03-02,83.654302,83.929746,83.378852,83.527740,160992400.000000
2010-03-03,83.743661,84.101002,83.393767,83.602219,150785000.000000
2010-03-04,83.713830,83.974393,83.401161,83.855278,135770400.000000
2010-03-05,84.398754,85.120869,84.197748,85.053871,176118800.000000
2010-03-08,85.061331,85.254885,84.919883,85.068771,114631200.000000
2010-03-09,84.815645,85.604765,84.770980,85.210205,154556700.000000
2010-03-10,85.247426,85.820653,85.172982,85.589874,186088800.000000
2010-03-11,85.388872,85.969551,85.128314,85.947212,160791100.000000
2010-03-12,86.319447,86.334339,85.716441,85.954666,162074800.000000
2010-03-15,85.805784,86.036563,85.314441,85.977005,146816800.000000
2010-03-16,86.215219,86.743780,85.976994,86.661896,168673000.000000
2010-03-17,86.922448,87.458456,86.669331,87.175560,177468100.000000
2010-03-18,87.183017,87.302126,86.781011,87.130905,196509100.000000
2010-03-19,86.689873,87.676599,86.353485,86.689873,226641100.000000
2010-03-22,86.196511,87.310320,86.144185,87.153336,184477800.000000
2010-03-23,87.280377,87.841017,86.996316,87.766266,182941600.000000
2010-03-24,87.437391,87.781250,86.398339,87.340210,196072600.000000
2010-03-25,87.930732,88.334393,87.093514,87.198166,223396300.000000
2010-03-26,87.362617,87.773750,86.801978,87.145836,205808500.000000
2010-03-29,87.586884,87.855991,87.228077,87.699013,134513500.000000
2010-03-30,87.803669,88.080253,87.392537,87.758820,145772500.000000
2010-03-31,87.422415,87.848501,87.168261,87.459793,161078700.000000
2010-04-01,88.057831,88.394212,87.534564,88.057831,161215200.000000
2010-04-05,88.394207,88.835241,88.147524,88.775444,105847600.000000
2010-04-06,88.521307,89.141750,88.424132,88.984772,110384200.000000
2010-04-07,88.805313,89.223922,88.065264,88.476402,184576300.000000
2010-04-08,88.169940,88.932413,87.908309,88.782906,158704000.000000
2010-04-09,88.969769,89.403332,88.805320,89.365959,133006500.000000
2010-04-12,89.478079,89.739715,89.373427,89.507980,110279000.000000
2010-04-13,89.418331,89.732288,88.954867,89.575310,125043600.000000
2010-04-14,89.904219,90.591942,89.762194,90.591942,161609000.000000
2010-04-15,90.442421,90.875984,90.412520,90.666679,144615300.000000
2010-04-16,90.345194,90.666628,88.767928,89.223915,366786700.000000
2010-04-19,88.962336,89.650053,88.558675,89.560349,217947800.000000
2010-04-20,90.120985,90.434948,89.605200,90.360191,157708000.000000
2010-04-21,90.412462,90.621772,89.694844,90.195686,192910100.000000
2010-04-22,89.560345,90.576973,89.044561,90.464844,115360300.000000
2010-04-23,90.405028,91.092745,90.173293,91.055367,177335500.000000
2010-04-26,91.085277,91.287111,90.621819,90.711517,143457300.000000
2010-04-27,90.188263,90.704048,88.394215,88.566147,355853300.000000
2010-04-28,88.992207,89.463142,88.409137,89.238884,300674100.000000
2010-04-29,89.777136,90.532133,89.754712,90.345253,193775000.000000
2010-04-30,90.360194,90.457375,88.790403,88.812828,270000900.000000
2010-05-03,89.238909,90.210687,89.104356,89.964005,182747900.000000
2010-05-04,88.962335,88.977283,87.400015,87.848526,360353400.000000
2010-05-05,87.130869,88.057797,86.689835,87.325226,328973200.000000
2010-05-06,86.906631,87.459793,78.489558,84.424866,647356600.000000
2010-05-07,84.200604,85.045299,81.786119,83.169029,637558800.000000
2010-05-10,86.570250,87.198169,85.897487,86.831886,396159600.000000
2010-05-11,86.017134,87.728956,85.897534,86.585251,317849800.000000
2010-05-12,86.929076,87.923279,86.779569,87.796196,235607100.000000
2010-05-13,87.557006,87.968144,86.630083,86.704834,234452500.000000
2010-05-14,86.054508,86.211486,84.372588,85.135056,345601400.000000
2010-05-17,85.366751,85.605957,83.550277,85.179871,325739800.000000
2010-05-18,85.875055,86.129215,83.744625,84.021210,360556800.000000
2010-05-19,83.550295,84.297815,82.496295,83.542824,394742700.000000
2010-05-20,81.763717,82.144953,80.335957,80.388283,530418300.000000
2010-05-21,79.169799,81.763687,78.758661,81.561859,500909400.000000
2010-05-24,81.120840,81.771184,80.440600,80.515350,269823000.000000
2010-05-25,78.571802,80.634958,78.026110,80.597580,396505200.000000
2010-05-26,81.090934,81.830977,79.872473,80.111679,349719300.000000
2010-05-27,81.621682,82.825190,81.315196,82.795288,300870500.000000
2010-05-28,82.705581,82.765384,81.367520,81.756233,297933500.000000
2010-06-01,80.993749,82.189779,80.261183,80.380783,277909400.000000
2010-06-02,80.791950,82.481340,80.365864,82.473869,240243700.000000
2010-06-03,82.713055,83.019535,81.913209,82.757904,226618300.000000
2010-06-04,81.188152,81.726367,79.580982,79.850090,398475600.000000
2010-06-07,80.134116,80.440602,78.796061,78.855858,264609100.000000
2010-06-08,78.915671,79.857548,78.227954,79.700569,357774300.000000
2010-06-09,80.164020,80.941441,78.938088,79.274475,268023300.000000
2010-06-10,80.627503,81.688980,79.267017,81.591805,317890600.000000
2010-06-11,80.874151,82.040279,80.821824,81.987953,214128200.000000
2010-06-14,82.615900,83.064416,81.778681,81.860909,207196100.000000
2010-06-15,82.436494,83.796980,82.294463,83.722229,238268700.000000
2010-06-16,83.288622,84.036142,83.124167,83.692284,216374000.000000
2010-06-17,83.931557,83.968935,83.012110,83.826904,263185800.000000
2010-06-18,83.992854,84.218173,83.647360,83.917747,174006600.000000
2010-06-21,84.961715,85.021797,83.211707,83.677376,213140700.000000
2010-06-22,83.677409,84.045434,82.175256,82.295425,239355400.000000
2010-06-23,82.347993,82.640912,81.476747,82.040054,254639900.000000
2010-06-24,81.634488,81.739639,80.470318,80.680618,268523600.000000
2010-06-25,80.920949,81.431681,80.192404,81.018593,238726500.000000
2010-06-28,81.138745,81.356557,80.470287,80.763206,169218600.000000
2010-06-29,79.629084,80.748191,77.773931,78.269638,373649500.000000
2010-06-30,78.051813,78.772845,77.270693,77.526062,284101700.000000
2010-07-01,77.473507,77.728870,75.956330,77.180588,382924800.000000
2010-07-02,77.443454,77.676285,76.324352,76.759972,233385200.000000
2010-07-06,77.841540,78.389828,76.519645,77.263214,256935300.000000
2010-07-07,77.458484,79.794331,77.375865,79.696693,253769400.000000
2010-07-08,80.365169,80.575469,79.546499,80.485344,210842100.000000
2010-07-09,80.462817,81.093725,80.312604,81.086212,144999900.000000
2010-07-12,80.815800,81.296489,80.477818,81.138763,131283600.000000
2010-07-13,81.979956,82.685964,81.814719,82.363007,213025900.000000
2010-07-14,82.100153,82.678485,81.762171,82.355522,184426800.000000
2010-07-15,82.325469,82.663451,81.243917,82.378044,232337900.000000
2010-07-16,81.934912,82.025043,79.952071,80.109802,282693400.000000
2010-07-19,80.402683,80.838302,79.779288,80.582939,186709000.000000
2010-07-20,79.516451,81.536843,79.478895,81.476761,258162400.000000
2010-07-21,81.897369,81.919900,80.087272,80.417747,264527000.000000
2010-07-22,81.371592,82.573318,81.364085,82.212799,274781300.000000
2010-07-23,82.047552,83.046485,81.814720,82.926315,222020800.000000
2010-07-26,83.069022,83.872673,82.836190,83.790054,184445700.000000
2010-07-27,84.248211,84.338342,83.452072,83.782547,204855600.000000
2010-07-28,83.609809,83.865178,82.963883,83.241783,163056200.000000
2010-07-29,83.760017,83.985343,82.175252,82.836197,220149100.000000
2010-07-30,81.994984,83.264305,81.852284,82.821167,220070600.000000
2010-08-02,84.113021,84.826547,83.775039,84.691353,188263200.000000
2010-08-03,84.481056,84.698863,84.007874,84.285774,146657300.000000
2010-08-04,84.518600,84.954226,84.240705,84.849075,158171700.000000
2010-08-05,84.308312,84.804025,84.180631,84.758957,140473800.000000
2010-08-06,83.925251,84.548646,83.309369,84.413452,239728300.000000
2010-08-09,84.811530,85.006812,84.360886,84.864105,120800400.000000
2010-08-10,84.143069,84.856595,83.647362,84.405945,242916300.000000
2010-08-11,83.106572,83.136616,81.957427,82.092621,273406900.000000
2010-08-12,80.853342,81.882313,80.815786,81.589394,239542600.000000
2010-08-13,81.334033,81.837253,81.251415,81.349052,158698500.000000
2010-08-16,80.793264,81.574384,80.500345,81.311508,147895300.000000
2010-08-17,82.010014,82.911303,81.777177,82.310440,172270300.000000
2010-08-18,82.272871,82.903772,81.799695,82.460640,182922100.000000
2010-08-19,82.032545,82.235333,80.688118,81.026100,265847600.000000
2010-08-20,80.785738,81.071150,80.177368,80.763206,209714200.000000
2010-08-23,81.146281,81.544350,80.417736,80.455292,163490300.000000
2010-08-24,79.576506,79.906981,78.840454,79.261055,280677800.000000
2010-08-25,78.825461,79.869457,78.329754,79.569031,272234800.000000
2010-08-26,79.944568,80.049719,78.772885,79.035767,224439500.000000
2010-08-27,79.531450,80.342613,78.344748,80.259995,272649000.000000
2010-08-30,80.049695,80.297552,79.088319,79.095825,167238600.000000
2010-08-31,78.802906,79.599051,78.479943,79.095825,273933100.000000
2010-09-01,80.162357,81.574378,80.109782,81.461716,256828100.000000
2010-09-02,81.657014,82.235341,81.484264,82.220322,156112200.000000
2010-09-03,83.023959,83.361941,82.580821,83.286835,212197300.000000
2010-09-07,82.896265,83.001415,82.280383,82.347977,141973700.000000
2010-09-08,82.513221,83.256785,82.475665,82.926315,149924400.000000
2010-09-09,83.857668,83.880199,83.084060,83.309380,147017900.000000
2010-09-10,83.459593,83.827618,83.271824,83.729980,127819000.000000
2010-09-13,84.556150,84.834045,84.218163,84.661301,178503500.000000
2010-09-14,84.496056,85.089407,84.180606,84.608719,209823600.000000
2010-09-15,84.360859,85.029317,84.105496,84.931679,168608400.000000
2010-09-16,84.668828,84.961747,84.383415,84.909172,199962900.000000
2010-09-17,85.356178,85.439239,84.706794,84.940872,195836900.000000
2010-09-20,85.235359,86.428414,84.963523,86.239639,214555200.000000
2010-09-21,86.307625,86.715373,85.711098,86.065994,268389100.000000
2010-09-22,85.930083,86.413345,85.401512,85.643143,191322400.000000
2010-09-23,84.940857,85.831872,84.706779,84.948410,202354300.000000
2010-09-24,85.892303,86.760666,85.816794,86.700256,209671800.000000
2010-09-27,86.730438,86.828598,86.201872,86.284927,128761800.000000
2010-09-28,86.398216,86.866378,85.461897,86.586990,209207500.000000
2010-09-29,86.368028,86.768234,86.096192,86.435989,179665800.000000
2010-09-30,86.873939,87.432709,85.771492,86.179245,287106700.000000
2010-10-01,86.828599,86.926765,86.028198,86.541664,174638700.000000
2010-10-04,86.360450,86.722894,85.461883,85.892288,166153200.000000
2010-10-05,86.685134,87.832879,86.586967,87.621452,229634100.000000
2010-10-06,87.606385,87.840469,87.259041,87.613937,148626600.000000
2010-10-07,87.968804,87.991456,86.979628,87.508194,164860000.000000
2010-10-08,87.629027,88.240654,87.296783,87.999023,177760100.000000
2010-10-11,88.134972,88.323746,87.780075,88.082115,103098300.000000
2010-10-12,87.795136,88.610643,87.326980,88.353912,182210000.000000
2010-10-13,88.844733,89.516769,88.633301,89.041054,194347200.000000
2010-10-14,88.957986,89.109008,88.134932,88.693703,217764300.000000
2010-10-15,89.312904,89.365761,88.165159,88.874947,243705000.000000
2010-10-18,88.905159,89.607399,88.580467,89.312912,141204800.000000
2010-10-19,88.489838,88.988199,87.606370,88.142494,280604700.000000
2010-10-20,88.301048,89.433693,88.248191,89.003288,200051800.000000
2010-10-21,89.403518,89.924531,88.504950,89.199638,221585500.000000
2010-10-22,89.335556,89.501679,89.101478,89.365761,108212400.000000
2010-10-25,89.962257,90.430419,89.562057,89.630013,151145700.000000
2010-10-26,89.177010,89.735780,89.003340,89.645172,158982900.000000
2010-10-27,89.018401,89.486564,88.542692,89.388397,190024000.000000
2010-10-28,89.901872,89.939629,88.973106,89.403511,168576000.000000
2010-10-29,89.312881,89.645126,89.154311,89.471451,144305500.000000
2010-11-01,89.909424,90.422890,88.988205,89.501671,174074800.000000
2010-11-02,90.173669,90.422852,89.932038,90.211426,158345900.000000
2010-11-03,90.370040,90.626770,89.441268,90.573914,226702800.000000
2010-11-04,91.578186,92.363488,90.589011,92.318184,215039400.000000
2010-11-05,92.378587,92.816544,92.257774,92.665527,180654100.000000
2010-11-08,92.378571,92.642859,92.076537,92.491837,156107100.000000
2010-11-09,92.741067,92.839228,91.457404,91.827400,186621600.000000
2010-11-10,91.804740,92.242697,91.110051,92.197388,221387400.000000
2010-11-11,91.404547,91.985970,91.125159,91.850052,158017600.000000
2010-11-12,91.230827,91.631028,90.347365,90.762665,239068800.000000
2010-11-15,91.049606,91.404502,90.596549,90.634300,163940800.000000
2010-11-16,90.075532,90.226550,88.791864,89.222275,299566200.000000
2010-11-17,89.260048,89.637597,88.995766,89.267601,172308900.000000
2010-11-18,90.128402,90.906151,90.120849,90.581459,197723700.000000
2010-11-19,90.536155,90.868394,90.045341,90.830643,156852900.000000
2010-11-22,90.377571,90.792871,89.682877,90.755119,181361000.000000
2010-11-23,89.682862,89.871636,89.093887,89.441231,222309000.000000
2010-11-24,90.007568,90.785323,89.992468,90.762665,140046100.000000
2010-11-26,89.977364,90.468172,89.705528,89.705528,76007800.000000
2010-11-29,89.479020,90.219017,88.905144,89.977386,223642300.000000
2010-11-30,89.086355,89.984917,88.957985,89.471451,233930700.000000
2010-12-01,90.762666,91.547967,90.755119,91.374298,221037200.000000
2010-12-02,91.517791,92.612685,91.464934,92.544724,191213600.000000
2010-12-03,92.227584,92.899620,92.204932,92.793907,151288900.000000
2010-12-06,92.597566,92.907158,92.499405,92.695732,103050500.000000
2010-12-07,93.586747,93.639603,92.695732,92.748589,206581000.000000
2010-12-08,92.861838,93.163872,92.431433,93.088364,138019200.000000
2010-12-09,93.609406,93.647157,92.990226,93.450836,123705100.000000
2010-12-10,93.737778,94.085122,93.428191,93.994514,117571700.000000
2010-12-13,94.424903,94.538163,94.024697,94.054901,133812700.000000
2010-12-14,94.198387,94.560836,93.851043,94.137978,147249600.000000
2010-12-15,93.964332,94.334328,93.549026,93.707596,160823100.000000
2010-12-16,93.767944,94.319167,93.443252,94.251205,185035200.000000
2010-12-17,94.185192,94.473636,93.987833,94.352188,141075300.000000
2010-12-20,94.610281,94.807641,94.109299,94.579918,119085500.000000
2010-12-21,94.875937,95.240292,94.784852,95.179565,94965500.000000
2010-12-22,95.247884,95.505965,95.194750,95.475601,78878100.000000
2010-12-23,95.369322,95.475591,95.103649,95.338959,70053700.000000
2010-12-27,94.982196,95.467999,94.913883,95.376915,58126000.000000
2010-12-28,95.566669,95.604619,95.263041,95.513535,55309100.000000
2010-12-29,95.627396,95.794386,95.566669,95.581848,58033100.000000
2010-12-30,95.490773,95.741261,95.285821,95.430046,76616900.000000
2010-12-31,95.285832,95.543918,95.134020,95.452827,91218900.000000
2011-01-03,96.181535,96.857105,95.414874,96.439621,138725200.000000
2011-01-04,96.652170,96.682534,95.786833,96.386497,137409700.000000
2011-01-05,96.082886,96.948224,95.991796,96.887497,133975300.000000
2011-01-06,96.925439,97.031708,96.409272,96.697716,122519000.000000
2011-01-07,96.826734,96.986138,95.756451,96.507927,156034600.000000
2011-01-10,96.082869,96.523130,95.794419,96.386497,122401700.000000
2011-01-11,96.735650,96.963367,96.363703,96.728058,110287000.000000
2011-01-12,97.320139,97.707259,96.750832,97.600990,107929200.000000
2011-01-13,97.638939,97.684481,97.198678,97.441574,129048400.000000
2011-01-14,97.304971,98.170308,97.236658,98.147537,117677900.000000
2011-01-18,98.056422,98.405599,97.942567,98.314514,114401300.000000
2011-01-19,98.231024,98.329695,97.092422,97.350502,151958400.000000
2011-01-20,97.130345,97.464331,96.500317,97.221436,175745700.000000
2011-01-21,97.828706,98.048831,97.335305,97.441574,151462900.000000
2011-01-24,97.380850,98.109560,97.358079,97.995705,113715500.000000
2011-01-25,97.737630,98.132349,97.244240,98.048851,167552200.000000
2011-01-26,98.291756,98.716833,98.094391,98.428383,141281500.000000
2011-01-27,98.451121,98.838253,98.276538,98.671257,123302700.000000
2011-01-28,98.785163,98.944573,96.788816,96.948219,295637300.000000
2011-01-31,97.213875,97.752807,96.970967,97.676895,149249200.000000
2011-02-01,98.269002,99.415191,98.208275,99.240608,167194300.000000
2011-02-02,98.982487,99.316479,98.929358,99.050812,118323600.000000
2011-02-03,98.876254,99.422785,98.352507,99.270973,145886700.000000
2011-02-04,99.308893,99.589744,98.853447,99.551788,134634800.000000
2011-02-07,99.771973,100.500672,99.764375,100.174278,112439100.000000
2011-02-08,100.265346,100.682836,99.992081,100.629707,99072800.000000
2011-02-09,100.356412,100.675220,99.900967,100.401955,146436700.000000
2011-02-10,99.893388,100.553774,99.665666,100.439919,162708500.000000
2011-02-11,100.045211,101.168629,100.022440,101.039589,137710300.000000
2011-02-14,100.978863,101.365984,100.865008,101.282486,101690700.000000
2011-02-15,100.971236,101.123048,100.439891,100.963638,119575400.000000
2011-02-16,101.305259,101.722738,101.100308,101.601295,130183500.000000
2011-02-17,101.305248,102.041534,101.214152,101.904907,109810500.000000
2011-02-18,101.995986,102.238893,101.760676,102.117439,130002400.000000
2011-02-22,101.047202,102.140262,99.794743,100.068008,233116400.000000
2011-02-23,100.007257,100.250164,98.838297,99.453140,227584000.000000
2011-02-24,99.346890,99.771967,98.451183,99.384834,260431400.000000
2011-02-25,99.802297,100.508237,99.741570,100.447510,141686900.000000
2011-02-28,100.819433,101.198968,100.485442,101.069916,141585500.000000
2011-03-01,101.388786,101.479871,99.354477,99.384834,258565500.000000
2011-03-02,99.248159,100.060368,98.944537,99.597336,200277400.000000
2011-03-03,100.500604,101.426668,100.493018,101.312813,176480100.000000
2011-03-04,101.236944,101.434309,99.893401,100.553787,277202300.000000
2011-03-07,100.849809,101.077532,99.240588,99.764336,216790400.000000
2011-03-08,99.923742,100.956075,99.491079,100.637268,174615000.000000
2011-03-09,100.439928,100.804278,99.893398,100.493057,153806000.000000
2011-03-10,99.437942,99.574569,98.534649,98.633331,301291800.000000
2011-03-11,98.314503,99.673230,98.291732,99.316467,225621800.000000
2011-03-14,98.671270,99.043206,97.965331,98.716812,234974100.000000
2011-03-15,96.090450,98.170301,96.022137,97.585815,359585400.000000
2011-03-16,97.274595,97.593414,95.096073,95.779236,468670300.000000
2011-03-17,97.160721,97.456757,96.477559,97.046860,254303700.000000
2011-03-18,98.223207,98.253708,97.209265,97.399857,230435400.000000
2011-03-21,98.611995,99.115147,98.497633,98.909317,153992600.000000
2011-03-22,98.894100,99.023701,98.474796,98.566277,129538600.000000
2011-03-23,98.291808,99.107544,97.826776,98.848343,148603100.000000
2011-03-24,99.412480,99.938514,98.855956,99.793663,159129800.000000
2011-03-25,100.052885,100.533168,99.786052,100.098625,155642800.000000
2011-03-28,100.312099,100.571301,99.824186,99.854675,109762400.000000
2011-03-29,99.770812,100.556048,99.443000,100.525558,129798800.000000
2011-03-30,101.051578,101.516621,100.906727,101.219299,135835000.000000
2011-03-31,101.089693,101.364145,100.975331,101.082062,132537100.000000
2011-04-01,101.707210,101.981662,101.265036,101.508987,153850100.000000
2011-04-04,101.722420,101.905392,101.303128,101.592819,100768900.000000
2011-04-05,101.394649,102.027414,101.348909,101.577621,120791500.000000
2011-04-06,102.065564,102.157044,101.486158,101.897842,120411600.000000
2011-04-07,101.714833,102.141756,101.135439,101.638603,170731500.000000
2011-04-08,102.088389,102.149380,100.868599,101.287903,147945400.000000
2011-04-11,101.394636,101.737698,100.739001,100.982964,121385400.000000
2011-04-12,100.418848,100.617059,99.862324,100.228256,161187400.000000
2011-04-13,100.693282,100.769512,99.839436,100.220619,162059000.000000
2011-04-14,99.641225,100.449331,99.313413,100.296860,161220400.000000
2011-04-15,100.479813,100.914355,100.182491,100.662773,170006700.000000
2011-04-18,99.557370,100.655179,98.734014,99.534500,210759300.000000
2011-04-19,99.686936,100.136740,99.442985,100.106239,124258800.000000
2011-04-20,101.303172,101.691975,101.234551,101.470894,156133800.000000
2011-04-21,101.996915,102.035036,101.470893,101.989296,135935400.000000
2011-04-25,101.913043,102.050274,101.547110,101.882553,65757100.000000
2011-04-26,102.195104,102.965089,102.088373,102.759247,146600000.000000
2011-04-27,102.957505,103.582639,102.538202,103.430168,143031000.000000
2011-04-28,103.247195,103.902830,103.231956,103.765610,124791100.000000
2011-04-29,103.803744,104.116317,103.666513,104.009575,115094100.000000
2011-05-02,104.497442,104.581291,103.643584,103.849426,126278700.000000
2011-05-03,103.651244,103.826584,102.949857,103.475891,138375000.000000
2011-05-04,103.430156,103.475897,102.332348,102.789772,182678500.000000
2011-05-05,102.217978,102.881232,101.409872,101.859665,226900000.000000
2011-05-06,102.873634,103.399668,101.913045,102.309479,222787200.000000
2011-05-09,102.301849,103.003224,102.141747,102.705902,114104500.000000
2011-05-10,103.048950,103.765575,102.919349,103.582603,114806900.000000
2011-05-11,103.430161,103.445412,102.019791,102.492455,193564200.000000
2011-05-12,102.218027,103.193854,101.691992,102.980392,171550700.000000
2011-05-13,103.033719,103.178570,101.821560,102.187492,157444900.000000
2011-05-16,101.821600,102.622086,101.371806,101.539528,141675400.000000
2011-05-17,101.158322,101.661486,100.723767,101.524254,192686200.000000
2011-05-18,101.577597,102.538173,101.356504,102.431442,135217900.000000
2011-05-19,102.766907,102.942248,102.111272,102.675415,119489500.000000
2011-05-20,102.408569,102.675390,101.669074,101.859665,182594900.000000
2011-05-23,100.617057,101.181212,100.319734,100.678047,168700000.000000
2011-05-24,100.967710,101.188791,100.403555,100.594147,147199600.000000
2011-05-25,100.190123,101.348922,100.159633,100.929619,151050100.000000
2011-05-26,100.655150,101.577618,100.464559,101.394646,164850000.000000
2011-05-27,101.676701,102.057884,101.364140,101.783432,120921900.000000
2011-05-31,102.744025,102.858375,102.035019,102.843124,164731200.000000
2011-06-01,102.545833,102.858406,100.449327,100.533188,233094300.000000
2011-06-02,100.601805,100.815267,99.839439,100.426453,200466800.000000
2011-06-03,99.221900,100.190108,99.168540,99.427742,234690200.000000
2011-06-06,99.176181,99.382023,98.246093,98.375694,179951200.000000
2011-06-07,98.878833,99.160916,98.230829,98.314690,161660500.000000
2011-06-08,98.162224,98.490048,97.720051,97.903023,198696400.000000
2011-06-09,98.169841,99.054177,97.933510,98.650124,160964400.000000
2011-06-10,98.230849,98.291828,97.018684,97.277885,238629400.000000
2011-06-13,97.498962,97.765795,96.858578,97.354111,207599800.000000
2011-06-14,98.246098,98.932235,98.207989,98.589172,160570400.000000
2011-06-15,97.765771,98.573877,96.576477,96.835678,300958000.000000
2011-06-16,96.866184,97.559940,96.302035,97.049156,308032800.000000
2011-06-17,98.012958,98.020622,97.009310,97.338753,233284900.000000
2011-06-20,97.009329,98.043624,96.978682,97.836761,159479000.000000
2011-06-21,98.342395,99.369027,97.875046,99.177490,193157300.000000
2011-06-22,98.871057,99.453323,98.518625,98.579918,176703000.000000
2011-06-23,97.423043,98.556934,96.679881,98.296448,334286500.000000
2011-06-24,98.273477,98.350085,97.009336,97.154900,226129300.000000
2011-06-27,97.216183,98.396041,97.024646,98.020638,168904700.000000
2011-06-28,98.411386,99.315444,98.273485,99.300117,165556300.000000
2011-06-29,99.752121,100.311404,99.315425,100.150520,244295500.000000
2011-06-30,100.472328,101.269115,100.142891,101.108231,223322700.000000
2011-07-01,101.200141,102.740100,100.962637,102.602188,202385700.000000
2011-07-05,102.494930,102.724776,102.196134,102.517914,165936000.000000
2011-07-06,102.272749,102.770739,101.981610,102.640495,143331600.000000
2011-07-07,103.552233,103.965946,103.337713,103.705460,170464200.000000
2011-07-08,102.533213,103.705414,102.196107,102.969910,194100500.000000
2011-07-11,101.705823,102.035260,100.870727,101.108231,195918600.000000
2011-07-12,100.893682,101.728778,100.640853,100.671494,214675700.000000
2011-07-13,101.200119,102.065867,100.763423,101.008583,204062600.000000
2011-07-14,101.261464,101.728814,100.119903,100.311440,226111800.000000
2011-07-15,100.870693,101.031577,100.188824,100.893677,220012800.000000
2011-07-18,100.426351,100.579577,99.315442,100.066261,196872100.000000
2011-07-19,100.625541,101.813069,100.602558,101.690483,166554900.000000
2011-07-20,101.951011,102.012292,101.453009,101.629219,137145400.000000
2011-07-21,102.203787,103.291724,101.644504,103.038895,245246300.000000
2011-07-22,103.061875,103.215101,102.479597,103.107841,126019400.000000
2011-07-25,102.127178,103.038892,102.019918,102.533234,136653800.000000
2011-07-26,102.464307,102.632860,101.920339,102.150185,131278200.000000
2011-07-27,101.583192,101.613845,99.928316,100.058571,249020100.000000
2011-07-28,100.058572,100.954961,99.606538,99.767433,207939900.000000
2011-07-29,98.763799,100.020277,98.043621,99.085579,307038400.000000
2011-08-01,100.242465,100.334411,97.706526,98.664207,325790900.000000
2011-08-02,97.921058,98.449700,96.143600,96.143600,346653800.000000
2011-08-03,96.273844,96.771834,94.641950,96.664574,370830800.000000
2011-08-04,95.323828,95.477060,91.983433,92.136665,520721800.000000
2011-08-05,93.285842,93.523346,89.531730,91.998718,655619200.000000
2011-08-08,89.570022,92.029347,85.823567,86.007446,702263900.000000
2011-08-09,87.394223,90.129363,84.482868,90.006783,717828700.000000
2011-08-10,88.305909,89.087375,85.769964,86.030457,662607400.000000
2011-08-11,86.773634,91.110014,86.053455,89.891846,487979700.000000
2011-08-12,90.711628,91.332204,89.853543,90.497108,313731600.000000
2011-08-15,91.316872,92.504394,91.171303,92.412460,258810600.000000
2011-08-16,91.531357,92.466055,90.642626,91.623291,294095200.000000
2011-08-17,92.128974,92.856810,90.956773,91.684608,238201100.000000
2011-08-18,89.255943,91.715270,86.873231,87.731316,512956300.000000
2011-08-19,86.543781,88.780924,86.191355,86.298615,428281300.000000
2011-08-22,88.236952,88.282925,86.122395,86.367561,275090600.000000
2011-08-23,86.689357,89.309573,86.252654,89.209976,331136600.000000
2011-08-24,89.018439,90.589034,88.811577,90.466454,246869700.000000
2011-08-25,90.964416,91.477732,88.773240,89.087357,312365400.000000
2011-08-26,88.635391,90.795921,87.225680,90.382202,314495900.000000
2011-08-29,91.600352,93.033046,90.451133,92.979416,190977200.000000
2011-08-30,92.573326,93.799157,91.370478,93.224548,241315700.000000
2011-08-31,93.822171,94.626626,92.933446,93.638298,301828400.000000
2011-09-01,93.691911,94.542332,92.535030,92.657616,254585900.000000
2011-09-02,90.726940,92.604000,89.968458,90.290237,255517200.000000
2011-09-06,87.639393,89.761620,87.631730,89.631371,285130500.000000
2011-09-07,90.987413,92.197918,90.680954,92.159615,209803200.000000
2011-09-08,91.608022,92.657643,90.995103,91.201965,250568200.000000
2011-09-09,90.159963,91.217242,88.321214,88.811546,380195100.000000
2011-09-12,87.700652,89.455126,87.378873,89.386169,305793500.000000
2011-09-13,89.677327,90.543069,89.041425,90.205963,272514700.000000
2011-09-14,90.665623,92.550346,89.424472,91.454758,319389500.000000
2011-09-15,92.435428,93.063667,91.477746,93.033020,326777200.000000
2011-09-16,93.406512,93.930186,92.659505,93.583633,284528300.000000
2011-09-19,92.051133,93.129287,91.427347,92.651817,241517000.000000
2011-09-20,93.044586,93.945612,92.420800,92.544014,218932200.000000
2011-09-21,92.590239,92.875175,89.671524,89.817841,316251300.000000
2011-09-22,87.214870,87.954174,85.713159,86.914528,513911300.000000
2011-09-23,86.336923,87.915649,86.267610,87.438179,307242500.000000
2011-09-26,88.262218,89.640714,87.006942,89.517494,260673700.000000
2011-09-27,91.281045,92.074257,89.979559,90.518639,311753900.000000
2011-09-28,90.703444,91.250221,88.539440,88.670357,286696800.000000
2011-09-29,90.141272,90.587930,87.738529,89.371162,298108900.000000
2011-09-30,88.139002,88.909111,87.076253,87.137863,288392300.000000
2011-10-03,86.629574,87.753932,84.565681,84.658096,365136800.000000
2011-10-04,83.441298,86.698861,82.732799,86.514030,459177500.000000
2011-10-05,86.729705,88.346933,85.928791,88.115898,284108000.000000
2011-10-06,88.069676,89.840930,87.415085,89.710007,257800800.000000
2011-10-07,90.233696,90.295306,88.608765,89.109337,312657900.000000
2011-10-10,90.626414,92.128124,90.618712,92.089622,230666300.000000
2011-10-11,91.542874,92.443900,91.450459,92.182060,209088000.000000
2011-10-12,92.875159,94.061128,92.667232,92.990677,281544900.000000
2011-10-13,92.443903,93.083095,91.735404,92.805855,212538800.000000
2011-10-14,93.883989,94.415360,93.360314,94.392258,211397600.000000
2011-10-17,93.945613,94.376878,92.359190,92.590225,202311600.000000
2011-10-18,92.520888,95.108455,91.796984,94.399956,318857900.000000
2011-10-19,94.245939,94.785018,92.959858,93.283302,226601300.000000
2011-10-20,93.514355,94.030327,92.274479,93.691483,262075600.000000
2011-10-21,94.792729,95.585946,94.507792,95.470428,278999400.000000
2011-10-24,95.624455,96.879737,95.539742,96.640999,203215600.000000
2011-10-25,96.178930,96.225135,94.554000,94.761932,268596800.000000
2011-10-26,95.763073,96.086518,94.115040,95.724571,289053800.000000
2011-10-27,98.289036,99.667532,97.503527,99.059151,393220200.000000
2011-10-28,98.573948,99.228546,98.419929,99.036018,225906500.000000
2011-10-31,97.927073,99.051426,96.510069,96.648689,228146700.000000
2011-11-01,93.976418,95.116182,93.583661,93.953316,416565800.000000
2011-11-02,95.362610,95.801572,94.561696,95.485825,244717600.000000
2011-11-03,96.471578,97.418815,95.185497,97.226288,291174800.000000
2011-11-04,96.440743,96.802689,95.501209,96.633270,249401600.000000
2011-11-07,96.563958,97.334067,95.647527,97.233955,196617200.000000
2011-11-08,97.742241,98.589365,96.810409,98.481544,224426300.000000
2011-11-09,96.178950,96.879753,94.615629,94.846664,337982000.000000
2011-11-10,96.101927,96.217445,94.738831,95.739975,231866500.000000
2011-11-11,96.902823,97.796147,96.872018,97.542015,189924400.000000
2011-11-14,97.180056,98.150389,96.202015,96.617874,159258300.000000
2011-11-15,96.394535,97.611308,96.047988,97.095337,184709400.000000
2011-11-16,96.117306,97.295572,95.416510,95.555130,235782500.000000
2011-11-17,95.377998,95.616735,93.360316,94.038010,331219600.000000
2011-11-18,94.338343,94.530870,93.545132,93.937889,215580400.000000
2011-11-21,92.567114,92.682632,91.373449,92.151260,229611600.000000
2011-11-22,91.951029,92.490103,91.273329,91.789307,216494900.000000
2011-11-23,90.926790,91.789315,89.763924,89.763924,224329100.000000
2011-11-25,89.625295,90.641839,89.486675,89.594490,99557000.000000
2011-11-28,92.058849,92.551718,91.504369,92.189766,210686000.000000
2011-11-29,92.451599,93.183200,92.112749,92.451599,199241500.000000
2011-11-30,95.100772,96.433063,92.413093,96.255936,324439500.000000
2011-12-01,96.148147,96.756534,95.824703,96.240562,176954800.000000
2011-12-02,97.126177,97.418817,96.094228,96.155838,221109700.000000
2011-12-05,97.680612,97.942452,96.602464,97.203148,225263900.000000
2011-12-06,97.195448,97.888547,96.848901,97.233955,178842100.000000
2011-12-07,96.910552,98.004112,96.240561,97.595955,237802500.000000
2011-12-08,96.956741,97.172371,95.223996,95.455025,240862800.000000
2011-12-09,95.886259,97.318662,95.801547,97.072227,209111400.000000
2011-12-12,96.225114,96.240520,94.846624,95.655235,215826100.000000
2011-12-13,96.155828,96.702605,94.299862,94.761932,245159800.000000
2011-12-14,94.384579,94.746531,93.545163,93.753090,238618800.000000
2011-12-15,94.746510,94.877428,93.945596,94.091919,199109200.000000
2011-12-16,94.727424,95.285414,94.006680,94.231422,220481400.000000
2011-12-19,94.595658,94.797158,93.022423,93.223923,183903000.000000
2011-12-20,94.688684,96.207670,93.285948,96.044922,225418100.000000
2011-12-21,96.044915,96.378162,95.130422,96.230911,194230900.000000
2011-12-22,96.587409,97.184157,96.277417,97.083405,119465400.000000
2011-12-23,97.393420,97.982416,97.191926,97.951416,92187200.000000
2011-12-27,97.780895,98.284642,97.695645,98.028893,86075700.000000
2011-12-28,98.044382,98.059879,96.664895,96.742393,119107100.000000
2011-12-29,97.060144,97.842889,96.765649,97.742142,123507200.000000
2011-12-30,97.664644,97.904896,97.261650,97.261650,95599000.000000
2012-01-03,99.013145,99.493643,98.757396,98.811646,193697900.000000
2012-01-04,98.579140,99.051886,98.199395,98.966637,127186500.000000
2012-01-05,98.431904,99.377391,97.982407,99.230141,173895000.000000
2012-01-06,99.354148,99.369652,98.648908,98.974403,148050000.000000
2012-01-09,99.199142,99.338635,98.741899,99.214645,99530200.000000
2012-01-10,100.276392,100.477886,99.935393,100.074898,115282000.000000
2012-01-11,99.764865,100.260860,99.602123,100.129112,111540700.000000
2012-01-12,100.415902,100.516643,99.617648,100.369392,118983700.000000
2012-01-13,99.695109,100.012859,98.982117,99.850105,179836200.000000
2012-01-17,100.811117,100.997119,99.896619,100.237617,132209200.000000
2012-01-18,100.214361,101.400099,100.036115,101.345856,163395200.000000
2012-01-19,101.694620,101.965873,101.369124,101.880623,126328900.000000
2012-01-20,101.710092,102.260330,101.462088,102.260330,138230200.000000
2012-01-23,101.919337,102.492837,101.508592,101.996841,129295800.000000
2012-01-24,101.369124,101.911617,101.214128,101.880623,103083300.000000
2012-01-25,101.725630,102.973370,101.330388,102.733124,198613200.000000
2012-01-26,103.190364,103.384112,101.803131,102.206131,184880500.000000
2012-01-27,101.710094,102.337837,101.640336,102.159592,135259100.000000
2012-01-30,101.144373,101.865123,100.795628,101.810867,147311800.000000
2012-01-31,102.314626,102.438616,101.276126,101.772133,157212000.000000
2012-02-01,102.523863,103.182612,102.399873,102.663368,166234500.000000
2012-02-02,102.864855,103.089610,102.461867,102.826103,113090400.000000
2012-02-03,103.849125,104.329617,103.670880,104.267616,160598500.000000
2012-02-06,103.833582,104.244328,103.717338,104.197830,107694500.000000
2012-02-07,103.980819,104.639568,103.570074,104.461311,135528100.000000
2012-02-08,104.515598,104.794596,104.089349,104.771347,139361400.000000
2012-02-09,104.941828,105.081321,104.283079,104.903076,148602900.000000
2012-02-10,103.973101,104.213347,103.725098,104.128098,167907500.000000
2012-02-13,104.872082,105.027078,104.422584,104.903076,115841900.000000
2012-02-14,104.624096,104.833348,104.042851,104.771347,165329500.000000
2012-02-15,105.112383,105.267380,104.073883,104.283134,195195100.000000
2012-02-16,104.290872,105.530854,104.104869,105.437859,186567800.000000
2012-02-17,105.802092,105.887342,105.368098,105.716843,129869400.000000
2012-02-21,105.964830,106.212834,105.437840,105.763336,134042300.000000
2012-02-22,105.600578,105.825333,105.236330,105.422333,124455300.000000
2012-02-23,105.368070,105.964806,105.011568,105.887314,137704300.000000
2012-02-24,106.119827,106.329079,105.887339,106.119827,105539100.000000
2012-02-27,105.414581,106.584817,105.244082,106.298073,145728900.000000
2012-02-28,106.329080,106.732080,106.119828,106.608078,129355900.000000
2012-02-29,106.763047,107.096300,105.817555,106.189560,185934700.000000
2012-03-01,106.414304,106.941305,106.119803,106.739799,145023500.000000
2012-03-02,106.670018,106.809522,106.174023,106.414268,120638300.000000
2012-03-05,106.251584,106.329076,105.616084,105.980331,140765000.000000
2012-03-06,104.895360,104.957349,104.128112,104.430359,202129900.000000
2012-03-07,104.670556,105.329305,104.569804,105.158806,143692200.000000
2012-03-08,105.802067,106.422064,105.585070,106.205055,116968900.000000
2012-03-09,106.406593,106.894831,106.274846,106.615845,122836800.000000
2012-03-12,106.600317,106.763059,106.243815,106.623566,104003500.000000
2012-03-13,107.197059,108.599795,107.018802,108.545540,184090500.000000
2012-03-14,108.576572,108.847812,108.096068,108.429321,145163600.000000
2012-03-15,108.592075,109.103573,108.313077,109.057076,165118500.000000
2012-03-16,109.254755,109.348158,108.974534,109.208054,152893500.000000
2012-03-19,109.138016,109.970887,109.060172,109.636185,125291100.000000
2012-03-20,109.013445,109.449341,108.694303,109.317017,121729700.000000
2012-03-21,109.379307,109.480490,108.912268,109.138008,122388400.000000
2012-03-22,108.336236,108.624248,107.993754,108.351807,135216700.000000
2012-03-23,108.445267,108.826671,107.845904,108.702126,120521000.000000
2012-03-26,109.480478,110.227737,109.441568,110.227737,120164000.000000
2012-03-27,110.328934,110.398986,109.815194,109.885246,119868500.000000
2012-03-28,109.830798,110.002044,108.694343,109.340408,148562100.000000
2012-03-29,108.694325,109.355961,108.266208,109.153572,164963700.000000
2012-03-30,109.690672,109.791867,109.013477,109.605049,135486800.000000
2012-04-02,109.472734,110.694812,109.254786,110.406799,151741100.000000
2012-04-03,110.251106,110.437924,109.309250,109.955315,155806700.000000
2012-04-04,109.145798,109.239201,108.460812,108.865578,146896000.000000
2012-04-05,108.491965,109.130239,108.398551,108.811096,137439400.000000
2012-04-09,107.441139,108.850023,107.293243,107.589035,127555900.000000
2012-04-10,107.378874,107.682446,105.674199,105.783173,235360300.000000
2012-04-11,106.865102,107.059699,106.444776,106.639374,154133000.000000
2012-04-12,106.740589,108.118331,106.662746,108.032707,154321500.000000
2012-04-13,107.783627,108.056068,106.647173,106.748367,169246700.000000
2012-04-16,107.293252,107.448928,106.312485,106.678329,147825300.000000
2012-04-17,107.293193,108.476348,107.184219,108.258400,147877600.000000
2012-04-18,107.775824,108.258422,107.713552,107.892578,123884200.000000
2012-04-19,107.908097,108.312851,106.693812,107.199760,198666700.000000
2012-04-20,107.674637,108.063832,107.316573,107.378845,143199600.000000
2012-04-23,106.281332,106.569344,105.814305,106.475929,171844900.000000
2012-04-24,106.569272,107.153064,106.483649,106.880623,137484200.000000
2012-04-25,107.923711,108.390749,107.830308,108.344048,150252200.000000
2012-04-26,108.110548,109.223651,108.048275,109.099106,136291600.000000
2012-04-27,109.425980,109.589435,108.818837,109.278084,130725000.000000
2012-04-30,109.060208,109.138052,108.577610,108.873390,115092200.000000
2012-05-01,108.811065,110.266662,108.686532,109.550545,138832200.000000
2012-05-02,108.912255,109.332592,108.554202,109.223618,121081000.000000
2012-05-03,109.239258,109.324881,108.188439,108.390816,143759700.000000
2012-05-04,107.822529,108.429672,106.577101,106.639374,193927300.000000
2012-05-07,106.257942,107.075254,106.219032,106.717201,127765900.000000
2012-05-08,106.078909,106.460324,105.020299,106.289078,213377700.000000
2012-05-09,105.160439,106.335803,104.685620,105.658607,220752500.000000
2012-05-10,106.390315,106.522652,105.635288,105.876587,150600000.000000
2012-05-11,105.214872,106.538132,105.168171,105.557365,153032400.000000
2012-05-14,104.545477,105.557385,104.234126,104.389801,163910000.000000
2012-05-15,104.319770,104.934692,103.627004,103.790459,207629300.000000
2012-05-16,104.257499,104.732317,103.370135,103.393486,207265500.000000
2012-05-17,103.416856,103.541402,101.805584,101.860077,247992900.000000
2012-05-18,102.257017,102.436056,100.840355,100.988251,319615900.000000
2012-05-21,101.315230,102.763035,101.151763,102.724113,177861100.000000
2012-05-22,102.988692,103.704809,102.233653,102.903069,197531200.000000
2012-05-23,102.163628,103.105484,101.182861,102.957588,204958400.000000
2012-05-24,103.237809,103.401264,102.295953,103.159966,167357600.000000
2012-05-25,103.121029,103.409041,102.576158,102.825249,135465600.000000
2012-05-29,103.650384,104.249736,102.101384,104.070709,152883500.000000
2012-05-30,103.183307,104.062891,102.350436,102.560593,162370400.000000
2012-05-31,102.521725,103.097726,101.455323,102.334908,196186000.000000
2012-06-01,100.731418,102.358249,99.758430,99.758430,253240900.000000
2012-06-04,99.937421,100.209862,98.964434,99.711693,202545800.000000
2012-06-05,99.517109,100.614635,99.462622,100.466751,164149400.000000
2012-06-06,101.167334,102.770815,101.136191,102.724113,184202800.000000
2012-06-07,103.891643,103.938344,102.576163,102.786331,184772700.000000
2012-06-08,102.521700,103.627011,102.194765,103.603661,143915400.000000
2012-06-11,104.436505,104.498778,102.186960,102.288155,169756100.000000
2012-06-12,102.583940,103.533576,102.093563,103.463524,181931800.000000
2012-06-13,103.159963,103.806028,102.451626,102.801910,172223900.000000
2012-06-14,103.012056,104.304185,102.731835,103.891640,230615500.000000
2012-06-15,104.359556,105.048080,104.140479,104.954193,169444500.000000
2012-06-18,104.516005,105.415786,104.281276,105.157585,131360900.000000
2012-06-19,105.689691,106.605124,105.134165,106.174789,137382600.000000
2012-06-20,106.182598,106.487742,105.055907,106.002632,206451800.000000
2012-06-21,106.127812,106.237350,103.537995,103.624062,205272200.000000
2012-06-22,104.163949,104.617755,103.764905,104.422150,130029200.000000
2012-06-25,103.318938,103.358061,102.380033,102.747772,146375700.000000
2012-06-26,103.045037,103.577091,102.442568,103.264114,141634000.000000
2012-06-27,103.608419,104.398662,103.256331,104.195236,108088000.000000
2012-06-28,103.506715,104.054420,102.716472,103.897926,169242100.000000
2012-06-29,105.783544,106.620742,105.509704,106.487732,212250900.000000
2012-07-02,106.785084,106.918094,106.033965,106.808556,129524500.000000
2012-07-03,106.785059,107.590953,106.675520,107.512718,80450000.000000
2012-07-05,107.113685,107.817873,106.636407,107.027618,126177500.000000
2012-07-06,105.994823,106.229553,105.509725,106.010475,151192100.000000
2012-07-09,105.924423,106.073085,105.392369,105.877480,103780500.000000
2012-07-10,106.417320,106.589454,104.594273,104.954193,167884800.000000
2012-07-11,105.008965,105.314109,104.359552,104.969841,141733400.000000
2012-07-12,104.359536,105.024588,103.749247,104.461243,143583200.000000
2012-07-13,104.735096,106.323414,104.719445,106.213875,129642600.000000
2012-07-16,105.971325,106.276470,105.548810,105.963493,97525200.000000
2012-07-17,106.386025,106.910247,105.274986,106.691170,138860300.000000
2012-07-18,106.440844,107.692726,106.378261,107.481468,113349700.000000
2012-07-19,107.700489,108.115172,107.356233,107.763084,129847300.000000
2012-07-20,107.152797,107.317111,106.659878,106.777237,142904500.000000
2012-07-23,105.212419,106.706850,104.719489,105.697517,145210900.000000
2012-07-24,105.775732,105.822675,104.085696,104.789871,173301200.000000
2012-07-25,105.008953,105.282793,104.257822,104.813347,129122300.000000
2012-07-26,106.323456,106.769443,105.830526,106.542534,156526500.000000
2012-07-27,107.105824,108.811512,106.519007,108.506355,236768900.000000
2012-07-30,108.381177,109.022757,108.185571,108.506355,106782000.000000
2012-07-31,108.357725,108.655038,107.747437,107.747437,120575900.000000
2012-08-01,108.522047,108.545518,107.504895,107.653557,138293800.000000
2012-08-02,106.839825,107.637900,106.080874,106.910240,199556600.000000
2012-08-03,108.412519,109.257537,106.941560,109.030640,157825000.000000
2012-08-06,109.320091,109.672179,109.194901,109.241844,86326200.000000
2012-08-07,109.680000,110.258997,109.562642,109.789551,109545100.000000
2012-08-08,109.421819,110.047748,109.390516,109.922569,89754700.000000
2012-08-09,109.766068,110.235526,109.656529,110.016449,90291700.000000
2012-08-10,109.570478,110.235542,109.390524,110.196419,99792700.000000
2012-08-13,110.008683,110.196457,109.570516,110.141693,79426900.000000
2012-08-14,110.548499,110.618926,109.828671,110.157288,102379400.000000
2012-08-15,110.039960,110.470295,109.969544,110.282509,71085900.000000
2012-08-16,110.438963,111.229217,110.165122,111.096207,112014200.000000
2012-08-17,111.283974,111.338749,110.994481,111.244850,90813700.000000
2012-08-20,111.088394,111.276180,110.783250,111.252708,78255700.000000
2012-08-21,111.526564,111.956899,110.673726,110.916275,105581100.000000
2012-08-22,110.634598,111.143180,110.376409,110.963226,133243500.000000
2012-08-23,110.689356,110.697176,109.883461,110.055595,111466400.000000
2012-08-24,109.781699,110.970985,109.711284,110.720604,99481200.000000
2012-08-27,111.017948,111.166610,110.587613,110.744095,68785900.000000
2012-08-28,110.462426,110.978828,110.298124,110.634560,75689600.000000
2012-08-29,110.728436,111.017928,110.415460,110.720604,65421300.000000
2012-08-30,110.243354,110.274657,109.687840,109.922569,96589900.000000
2012-08-31,110.548522,110.963217,109.820875,110.446815,151970400.000000
2012-09-04,110.352875,110.681503,109.640879,110.345055,120226200.000000
2012-09-05,110.392028,110.689353,110.032120,110.251198,100660300.000000
2012-09-06,110.916267,112.496765,110.908447,112.488945,158272500.000000
2012-09-07,112.676705,112.974029,112.574998,112.927086,107272100.000000
2012-09-10,112.817599,113.013205,112.246434,112.285545,86458500.000000
2012-09-11,112.355916,112.958373,112.324612,112.598465,88760000.000000
2012-09-12,112.974037,113.099228,112.590646,112.974037,87640900.000000
2012-09-13,112.958371,115.047439,112.661059,114.695351,225470200.000000
2012-09-14,114.922269,115.884645,114.828370,115.203941,169777000.000000
2012-09-17,114.969173,115.164778,114.523186,114.812691,119427800.000000
2012-09-18,114.617135,114.867504,114.429349,114.718842,98326600.000000
2012-09-19,114.851833,115.149158,114.554520,114.781418,128318300.000000
2012-09-20,114.257162,114.851798,113.944197,114.789215,154009800.000000
2012-09-21,115.346957,115.370554,114.694078,114.741272,108737500.000000
2012-09-24,114.174922,114.827801,114.088396,114.568222,95682000.000000
2012-09-25,114.812059,115.032306,113.317513,113.348984,133165200.000000
2012-09-26,113.325381,113.356840,112.444382,112.711823,146502200.000000
2012-09-27,113.183786,114.033314,112.884874,113.773735,111830300.000000
2012-09-28,113.341130,113.710833,112.845581,113.246742,150696100.000000
2012-10-01,113.679367,114.599687,113.278194,113.545647,135911200.000000
2012-10-02,113.993983,114.174897,113.136592,113.663612,113422200.000000
2012-10-03,113.970368,114.395126,113.372557,114.127686,121283100.000000
2012-10-04,114.560332,115.110949,114.403015,114.945770,124311600.000000
2012-10-05,115.559306,115.755956,114.607515,114.953621,124842100.000000
2012-10-08,114.528890,114.937913,114.300769,114.560349,78415400.000000
2012-10-09,114.473852,114.568240,113.388341,113.427673,148872900.000000
2012-10-10,113.411907,113.522042,112.554516,112.703972,124247500.000000
2012-10-11,113.490577,113.655768,112.743310,112.766907,123601500.000000
2012-10-12,112.845569,113.230995,112.153358,112.397202,124181900.000000
2012-10-15,112.664645,113.451245,112.302816,113.333260,107689100.000000
2012-10-16,113.868158,114.560369,113.789505,114.481705,108815500.000000
2012-10-17,114.560361,115.095255,114.387308,115.000854,128834100.000000
2012-10-18,114.701927,115.252544,114.316489,114.701927,148108500.000000
2012-10-19,114.489570,114.497432,112.523071,112.790512,185645200.000000
2012-10-22,112.601682,113.010717,111.917345,112.806206,125578600.000000
2012-10-23,111.587011,111.744329,110.776815,111.240906,192056300.000000
2012-10-24,111.642074,111.775806,110.753224,110.926277,120179400.000000
2012-10-25,111.712890,111.917401,110.572323,111.248787,134457400.000000
2012-10-26,111.146512,111.571270,110.430704,111.185844,146023500.000000
2012-10-31,111.579144,111.720726,110.658812,111.185844,103438500.000000
2012-11-01,111.421812,112.491588,111.319563,112.350006,100995600.000000
2012-11-02,113.018623,113.050094,111.233051,111.351036,137702200.000000
2012-11-05,111.185817,111.830822,110.855435,111.579117,98378500.000000
2012-11-06,111.917331,112.892718,111.799346,112.452225,107068100.000000
2012-11-07,111.429676,111.445399,109.384513,109.903671,264304500.000000
2012-11-08,109.887957,110.446448,108.495673,108.582199,181517300.000000
2012-11-09,108.251812,109.683429,108.196756,108.676582,201055300.000000
2012-11-12,109.014798,109.187850,108.519248,108.763092,97677500.000000
2012-11-13,108.188886,109.533977,108.047304,108.385536,123018300.000000
2012-11-14,108.715951,108.888992,106.678649,106.922493,191505000.000000
2012-11-15,106.961794,107.362967,106.332512,106.741547,178128400.000000
2012-11-16,106.898920,107.481009,105.955003,107.268623,239483900.000000
2012-11-19,108.472057,109.455306,107.300031,109.439583,151495800.000000
2012-11-20,109.266516,109.667677,108.613637,109.486763,119807400.000000
2012-11-21,109.581161,109.785684,109.360914,109.691284,81710800.000000
2012-11-23,110.226192,111.225165,110.155389,111.185844,65409200.000000
2012-11-26,110.635190,111.193681,110.273361,110.949837,100124400.000000
2012-11-27,110.839728,111.217293,110.312708,110.383499,128646200.000000
2012-11-28,109.935163,111.335310,109.337352,111.272392,177086500.000000
2012-11-29,111.689262,112.098285,111.201562,111.791512,151085900.000000
2012-11-30,111.807248,112.027494,111.429683,111.815109,136568300.000000
2012-12-03,112.326418,112.420806,111.177977,111.264503,124656300.000000
2012-12-04,111.256656,111.594889,110.808289,111.107201,127512200.000000
2012-12-05,111.201609,111.823030,110.415010,111.303871,147300500.000000
2012-12-06,111.201563,111.728583,111.036384,111.681389,103220600.000000
2012-12-07,112.114026,112.239885,111.437550,112.019638,108726400.000000
2012-12-10,111.862330,112.334282,111.815124,112.066841,98840700.000000
2012-12-11,112.530915,113.356847,112.475859,112.829826,152570400.000000
2012-12-12,113.270326,113.702958,112.727570,112.884888,145880100.000000
2012-12-13,112.814089,113.136597,111.909504,112.192680,135715000.000000
2012-12-14,111.948848,112.153359,111.602742,111.775795,137701700.000000
2012-12-17,112.066850,113.152361,112.035379,113.089432,143238200.000000
2012-12-18,113.270332,114.450231,113.105140,114.347969,177762800.000000
2012-12-19,114.473824,114.513156,113.459116,113.498436,150895400.000000
2012-12-20,113.569283,114.167095,113.254636,114.151360,168487000.000000
2012-12-21,112.624011,114.144993,112.441814,113.115158,245883800.000000
2012-12-24,112.869531,112.932906,112.639804,112.766556,53874600.000000
2012-12-26,112.996290,113.051748,111.974386,112.291252,106947700.000000
2012-12-27,112.322968,112.552706,110.841598,112.140770,167920600.000000
2012-12-28,111.411986,112.029884,110.802005,110.928757,148806700.000000
2012-12-31,110.635635,112.932947,110.540565,112.814125,243935200.000000
2013-01-02,114.953015,115.776875,114.651983,115.705582,192059000.000000
2013-01-03,115.650135,115.951154,115.135211,115.444160,144761800.000000
2013-01-04,115.634267,116.141261,115.396611,115.951134,116817700.000000
2013-01-07,115.539212,115.745174,115.206487,115.634270,110002500.000000
2013-01-08,115.428319,115.586752,114.850020,115.301567,121265100.000000
2013-01-09,115.555047,115.911536,115.372849,115.594658,90745600.000000
2013-01-10,116.236283,116.521467,115.634232,116.513550,130735400.000000
2013-01-11,116.481900,116.569040,116.141269,116.505676,113917300.000000
2013-01-14,116.363069,116.505668,115.998662,116.426445,89567200.000000
2013-01-15,115.887766,116.616581,115.816473,116.505676,93172600.000000
2013-01-16,116.267998,116.672005,116.141247,116.489807,104849500.000000
2013-01-17,117.004722,117.575092,116.569022,117.242378,133833500.000000
2013-01-18,117.218653,117.630589,116.790870,117.503838,169906000.000000
2013-01-22,117.503881,118.137627,117.226614,118.137627,111797300.000000
2013-01-23,118.137545,118.430647,117.923653,118.327660,104596100.000000
2013-01-24,118.153424,118.937685,118.042519,118.359398,146426400.000000
2013-01-25,118.731731,119.024834,118.327713,119.024834,147211600.000000
2013-01-28,119.056455,119.088149,118.438557,118.882187,113357700.000000
2013-01-29,118.644571,119.500125,118.565348,119.349609,105694400.000000
2013-01-30,119.333722,119.571378,118.771270,118.882187,137447700.000000
2013-01-31,118.739627,119.127799,118.509901,118.589111,108975800.000000
2013-02-01,119.341680,119.951661,119.135718,119.809074,131173000.000000
2013-02-04,119.080221,119.832788,118.375171,118.462311,159073600.000000
2013-02-05,119.104047,119.999200,119.056506,119.658569,113912400.000000
2013-02-06,119.238718,119.824923,119.151578,119.745712,138762800.000000
2013-02-07,119.785287,119.896191,118.715841,119.587242,162490000.000000
2013-02-08,119.793243,120.324002,119.793243,120.252708,103133700.000000
2013-02-11,120.205178,120.331918,119.927911,120.228943,73775000.000000
2013-02-12,120.236852,120.648788,120.102183,120.426979,65392700.000000
2013-02-13,120.672490,120.894299,120.189261,120.529892,82322600.000000
2013-02-14,120.165562,120.783460,120.030893,120.640862,80834300.000000
2013-02-15,120.751690,120.878442,120.054582,120.498199,215226500.000000
2013-02-19,120.704269,121.425154,120.537918,121.401390,95105400.000000
2013-02-20,121.314222,121.353833,119.824922,119.888298,160574800.000000
2013-02-21,119.587268,119.951663,118.779243,119.159485,183257000.000000
2013-02-22,119.737766,120.323982,119.214937,120.323982,106356600.000000
2013-02-25,120.910172,121.092370,118.034561,118.034561,245824800.000000
2013-02-26,118.604950,118.985192,117.820689,118.842606,186596200.000000
2013-02-27,118.739602,120.672519,118.636615,120.339806,150781900.000000
2013-02-28,120.331876,121.100290,119.943717,120.102150,126866000.000000
2013-03-01,119.690174,120.680397,119.151499,120.498199,170634800.000000
2013-03-04,120.221008,121.139938,120.030893,121.139938,99010200.000000
2013-03-05,121.726117,122.549978,121.710271,122.225182,121431900.000000
2013-03-06,122.660863,122.724239,122.122188,122.391525,94469900.000000
2013-03-07,122.549974,122.771783,122.407388,122.613350,86101400.000000
2013-03-08,123.152024,123.302528,122.518279,123.136177,123477800.000000
2013-03-11,123.041099,123.611456,122.890583,123.603539,83746800.000000
2013-03-12,123.516421,123.659019,122.953981,123.326294,105755800.000000
2013-03-13,123.389759,123.674944,122.969905,123.500664,92550900.000000
2013-03-14,123.825383,124.213555,123.508516,124.158096,126329900.000000
2013-03-15,124.010073,124.161246,123.580388,123.994156,138601100.000000
2013-03-18,122.808557,123.842971,122.697159,123.309853,126704300.000000
2013-03-19,123.572435,123.739526,122.211780,123.023399,167567300.000000
2013-03-20,123.747545,124.089691,123.540654,123.882812,113759300.000000
2013-03-21,123.142777,123.842998,122.617623,122.824501,128605000.000000
2013-03-22,123.214427,123.811203,123.118934,123.811203,111163600.000000
2013-03-25,124.137433,124.344323,122.816577,123.293991,151322300.000000
2013-03-26,123.803252,124.312501,123.667984,124.280678,86856600.000000
2013-03-27,123.540669,124.320465,123.333791,124.280678,99950600.000000
2013-03-28,124.201066,124.805807,123.930531,124.662575,102932800.000000
2013-04-01,124.598909,124.853539,123.866865,124.169235,99194100.000000
2013-04-02,124.614834,125.092260,124.423861,124.781937,101504300.000000
2013-04-03,124.853531,124.949012,123.190518,123.516747,154167400.000000
2013-04-04,123.675924,124.264747,123.405388,124.018082,131885000.000000
2013-04-05,122.498248,123.612237,122.355027,123.461052,159666000.000000
2013-04-08,123.548616,124.304530,123.134848,124.296577,86571200.000000
2013-04-09,124.527355,125.179836,124.113586,124.726280,101922200.000000
2013-04-10,125.060490,126.413182,125.028668,126.254044,135711100.000000
2013-04-11,126.277834,127.081500,126.150519,126.667732,110142500.000000
2013-04-12,126.261907,126.548360,125.657178,126.357399,116359900.000000
2013-04-15,125.720846,125.824292,123.413317,123.429222,217259000.000000
2013-04-16,124.360240,125.315092,124.057882,125.251434,147507800.000000
2013-04-17,124.360240,124.384123,122.760884,123.421318,226834800.000000
2013-04-18,123.628177,123.660012,122.180006,122.649467,167583200.000000
2013-04-19,122.935967,123.771457,122.633596,123.715752,149687600.000000
2013-04-22,123.954478,124.559207,123.134905,124.264801,106553500.000000
2013-04-23,124.885320,125.665104,124.264674,125.545753,166141300.000000
2013-04-24,125.585571,125.959552,125.354811,125.625359,96781200.000000
2013-04-25,125.991434,126.731443,125.800473,126.134666,131060600.000000
2013-04-26,125.983521,126.198364,125.506095,125.911911,95918800.000000
2013-04-29,126.253915,127.033699,126.054990,126.755211,88572800.000000
2013-04-30,126.731450,127.089513,126.206283,127.057678,116010700.000000
2013-05-01,126.779146,126.842804,125.800436,125.943657,138874200.000000
2013-05-02,126.261913,127.224717,126.142563,127.113319,96407600.000000
2013-05-03,128.219351,128.808175,127.137196,128.402359,144202300.000000
2013-05-06,128.497859,128.911615,128.442154,128.728607,66882100.000000
2013-05-07,129.007138,129.420894,128.641110,129.381119,90359200.000000
2013-05-08,129.237866,130.009697,129.166255,129.969910,97419200.000000
2013-05-09,129.914236,130.256382,129.277672,129.603912,106738600.000000
2013-05-10,129.691457,130.137048,129.309511,130.025650,103203000.000000
2013-05-13,129.858508,130.343886,129.556150,130.129044,81843200.000000
2013-05-14,130.232538,131.569324,130.232538,131.473831,119000900.000000
2013-05-15,131.258987,132.444575,131.219199,132.181992,120718500.000000
2013-05-16,131.911420,132.372929,131.362384,131.561310,109913600.000000
2013-05-17,132.046723,132.914036,131.871668,132.834473,129801000.000000
2013-05-20,132.707172,133.343736,132.571905,132.826523,85071200.000000
2013-05-21,132.945800,133.518706,132.484292,133.017410,95804200.000000
2013-05-22,133.152735,134.529308,131.426063,132.030792,244031800.000000
2013-05-23,130.622400,132.014878,130.447344,131.648849,211064400.000000
2013-05-24,130.869043,131.593135,130.479145,131.537430,151573900.000000
2013-05-28,132.914022,133.502846,131.935312,132.325211,143679800.000000
2013-05-29,131.625004,131.927375,130.765645,131.465866,160363400.000000
2013-05-30,131.569269,132.555931,131.465824,131.951202,107793800.000000
2013-05-31,131.585211,132.333172,129.802846,130.057465,176850100.000000
2013-06-03,130.359822,130.861118,129.428852,130.773590,168390700.000000
2013-06-04,130.845226,131.370392,129.484570,130.145004,157631500.000000
2013-06-05,129.770970,130.033553,128.211402,128.322800,211737800.000000
2013-06-06,128.267120,129.492508,127.511206,129.484543,200225500.000000
2013-06-07,130.375769,131.251034,129.810815,131.131683,188337800.000000
2013-06-10,131.537487,131.609097,130.789525,131.131683,105667100.000000
2013-06-11,129.938069,130.924731,129.492478,129.778931,159505400.000000
2013-06-12,130.670157,130.805425,128.585423,128.704773,177361500.000000
2013-06-13,128.633144,130.892934,128.346691,130.662186,163587800.000000
2013-06-14,130.518942,131.028190,129.627760,129.842590,141197500.000000
2013-06-17,130.725807,131.465815,129.874412,130.845169,136295600.000000
2013-06-18,130.916819,132.078549,130.908866,131.879623,114695600.000000
2013-06-19,131.768231,131.998979,130.001772,130.057465,206149500.000000
2013-06-20,128.792247,130.073327,126.500623,126.834816,321255900.000000
2013-06-21,127.697986,127.793972,125.962178,127.242043,271956800.000000
2013-06-24,125.914145,126.730046,124.570286,125.634171,222329000.000000
2013-06-25,126.770024,128.065890,125.922120,126.842026,162262200.000000
2013-06-26,127.881890,128.385839,127.385949,128.097870,134848000.000000
2013-06-27,128.865840,129.441778,128.745846,128.849838,129483700.000000
2013-06-28,128.489856,129.105779,127.873920,128.321869,160402900.000000
2013-07-01,128.993811,129.969704,128.849832,129.073807,131954800.000000
2013-07-02,128.881871,129.825774,128.385930,128.953873,154863700.000000
2013-07-03,128.369879,129.401773,128.161907,129.009811,75216400.000000
2013-07-05,129.961749,130.449696,129.025853,130.401703,122416900.000000
2013-07-08,131.073610,131.497563,130.449680,131.145599,108092500.000000
2013-07-09,131.969483,132.249458,131.401553,132.089478,119298000.000000
2013-07-10,131.961470,132.585400,131.689502,132.137451,121410100.000000
2013-07-11,133.673283,134.073239,132.129447,133.937256,135592200.000000
2013-07-12,133.897224,134.329171,133.689252,133.993210,104212700.000000
2013-07-15,134.361225,134.697187,134.129244,134.505203,69450600.000000
2013-07-16,134.593209,134.673205,133.641324,134.001282,88702100.000000
2013-07-17,134.513248,134.769213,134.169279,134.345261,92873900.000000
2013-07-18,134.633182,135.401103,134.545191,135.081131,103620100.000000
2013-07-19,134.801214,135.369145,134.633227,135.321152,103831700.000000
2013-07-22,135.513079,135.777051,135.193107,135.585068,79428600.000000
2013-07-23,135.825110,135.849106,135.225176,135.297165,80829700.000000
2013-07-24,135.817073,135.873073,134.529214,134.801193,112914000.000000
2013-07-25,134.561189,135.249114,134.337215,135.129120,111088600.000000
2013-07-26,134.561211,135.313130,134.001275,135.273132,107814600.000000
2013-07-29,134.929167,135.233137,134.473223,134.857178,79695000.000000
2013-07-30,135.265141,135.409119,134.537218,134.857178,85209600.000000
2013-07-31,135.137224,135.865147,134.777265,134.953247,142388700.000000
2013-08-01,135.977015,136.632937,135.905014,136.512955,110438400.000000
2013-08-02,136.209025,136.760966,136.025049,136.744965,91116700.000000
2013-08-05,136.441018,136.752983,136.265036,136.544998,54072700.000000
2013-08-06,136.280986,136.576962,135.465085,135.769043,87495000.000000
2013-08-07,135.337124,135.529095,134.825181,135.329117,84854700.000000
2013-08-08,135.969052,136.129032,135.129141,135.825073,102181300.000000
2013-08-09,135.649116,136.065073,134.961191,135.433136,91757700.000000
2013-08-12,134.753194,135.433112,134.689200,135.273132,68593300.000000
2013-08-13,135.513116,135.905065,134.713204,135.673096,80806000.000000
2013-08-14,135.609083,135.825062,134.945154,134.977158,79829200.000000
2013-08-15,133.913279,133.929269,132.857389,133.089371,152931800.000000
2013-08-16,132.833345,133.289300,132.385396,132.649368,130868200.000000
2013-08-19,132.497403,132.953358,131.793476,131.801483,96437600.000000
2013-08-20,132.017473,132.945374,131.873495,132.449432,89294400.000000
2013-08-21,132.081463,132.809386,131.337551,131.633514,159530500.000000
2013-08-22,131.905443,133.025327,131.897448,132.833344,101471400.000000
2013-08-23,133.225339,133.449313,132.601408,133.281326,90888900.000000
2013-08-26,133.417264,133.825227,132.697349,132.785339,89702100.000000
2013-08-27,131.473536,132.785391,130.553642,130.649628,158619400.000000
2013-08-28,130.593636,131.577537,130.425662,131.113586,108113000.000000
2013-08-29,130.825622,132.017483,130.705628,131.321564,119200500.000000
2013-08-30,131.593503,131.609505,130.521624,130.905579,134928900.000000
2013-09-03,132.169451,132.449425,130.945587,131.497528,142375100.000000
2013-09-04,131.529529,132.809393,131.289565,132.585419,97389400.000000
2013-09-05,132.665427,133.105369,132.569429,132.753418,63090500.000000
2013-09-06,133.193342,133.569302,131.569522,132.817383,159756500.000000
2013-09-09,133.145392,134.169278,133.145392,134.089294,87559300.000000
2013-09-10,134.897155,135.105127,134.593184,135.081131,105847200.000000
2013-09-11,134.897152,135.505081,134.665183,135.505081,94545900.000000
2013-09-12,135.457153,135.633134,134.961211,135.145187,83209000.000000
2013-09-13,135.289132,135.553104,134.977167,135.449112,72727800.000000
2013-09-16,136.912962,136.976957,136.017053,136.233032,106299200.000000
2013-09-17,136.353041,136.872979,136.353041,136.840988,82523300.000000
2013-09-18,136.792992,138.800780,136.449036,138.424820,203460600.000000
2013-09-19,138.800705,138.864700,138.056781,138.192764,146616900.000000
2013-09-20,138.520760,138.520760,137.114090,137.226624,132867100.000000
2013-09-23,137.041743,137.170343,136.157546,136.591599,104616500.000000
2013-09-24,136.567517,137.073922,136.012898,136.270111,106333100.000000
2013-09-25,136.358482,136.631774,135.755623,135.876190,117306500.000000
2013-09-26,136.101352,136.784584,135.884319,136.398758,77146900.000000
2013-09-27,135.715517,135.956663,135.418111,135.771790,99141800.000000
2013-09-30,134.622336,135.474374,134.357077,135.048355,143937000.000000
2013-10-01,135.152815,136.245999,135.016168,136.117386,127160000.000000
2013-10-02,135.321602,136.117367,134.903617,135.988754,113350000.000000
2013-10-03,135.675260,135.795839,134.107831,134.734802,176698000.000000
2013-10-04,134.839317,135.892307,134.662477,135.755661,96878000.000000
2013-10-07,134.573998,135.401922,134.437351,134.582031,96295000.000000
2013-10-08,134.557949,134.734788,132.918180,133.014633,178015000.000000
2013-10-09,133.271859,133.593378,132.251016,133.111099,168973000.000000
2013-10-10,134.469514,136.053022,134.421287,135.980682,195955000.000000
2013-10-11,135.771735,136.905112,135.659202,136.856873,105040000.000000
2013-10-14,136.012868,137.515991,135.908369,137.403458,112106000.000000
2013-10-15,137.057854,137.572293,136.221896,136.406769,155485000.000000
2013-10-16,137.226648,138.384138,137.162342,138.311798,161676000.000000
2013-10-17,137.749120,139.316562,137.725007,139.236176,129389000.000000
2013-10-18,139.750617,140.273089,139.469278,140.176636,138316000.000000
2013-10-21,140.224855,140.466001,139.871176,140.184662,104104000.000000
2013-10-22,140.594600,141.414479,140.208762,140.996506,126663000.000000
2013-10-23,140.514226,140.578533,139.830994,140.321320,105484000.000000
2013-10-24,140.602679,140.964391,140.273113,140.787552,70350000.000000
2013-10-25,141.076848,141.470720,140.803555,141.430527,93625000.000000
2013-10-28,141.382271,141.848482,141.229545,141.655563,84979000.000000
2013-10-29,141.977157,142.467482,141.776204,142.411209,87401000.000000
2013-10-30,142.579990,142.684477,141.197434,141.703827,140002000.000000
2013-10-31,141.591313,142.186138,141.092954,141.301941,133795000.000000
2013-11-01,141.486831,141.961076,140.843779,141.639557,142805000.000000
2013-11-04,142.025406,142.194200,141.454695,142.137939,85677000.000000
2013-11-05,141.583336,142.073662,141.125170,141.687836,85825000.000000
2013-11-06,142.298676,142.676468,141.904804,142.411209,87348000.000000
2013-11-07,142.676488,142.789021,140.474041,140.610687,157000000.000000
2013-11-08,140.562439,142.523740,140.546371,142.507660,136713000.000000
2013-11-11,142.371088,142.700654,142.202295,142.531860,62614000.000000
2013-11-12,142.226382,142.563982,141.768204,142.242462,83990000.000000
2013-11-13,141.543146,143.424061,141.543146,143.383881,103844000.000000
2013-11-14,143.512437,144.219795,143.279337,144.099228,103435000.000000
2013-11-15,144.332324,144.782457,144.147451,144.726196,102818000.000000
2013-11-18,144.967308,145.087874,143.898238,144.219757,104796000.000000
2013-11-19,144.147472,144.581525,143.657147,143.906326,93891000.000000
2013-11-20,144.195682,144.629734,143.062305,143.456177,124909000.000000
2013-11-21,143.858078,144.726196,143.769659,144.613663,92841000.000000
2013-11-22,144.669932,145.353177,144.501139,145.337097,81296000.000000
2013-11-25,145.594334,145.626481,144.983430,145.192429,79486000.000000
2013-11-26,145.264719,145.666624,145.015539,145.232559,86994000.000000
2013-11-27,145.385336,145.682754,145.208496,145.586288,58800000.000000
2013-11-29,145.747063,146.092696,145.329078,145.489838,55870900.000000
2013-12-02,145.562132,145.835425,144.886933,145.112000,99726000.000000
2013-12-03,144.637742,144.999454,144.018804,144.485016,116563000.000000
2013-12-04,143.962601,145.071853,143.359743,144.468994,123033000.000000
2013-12-05,144.211715,144.476975,143.697277,143.833923,106934000.000000
2013-12-06,145.224557,145.578236,144.806572,145.441589,127728000.000000
2013-12-09,145.867613,146.028373,145.618434,145.811340,70124000.000000
2013-12-10,145.473753,145.779205,145.200460,145.288879,80976000.000000
2013-12-11,145.345113,145.369226,143.480265,143.657104,130591000.000000
2013-12-12,143.592816,143.769655,142.885458,143.182877,115565000.000000
2013-12-13,143.480280,143.608892,142.893501,143.166794,107808000.000000
2013-12-16,143.842004,144.533282,143.801811,144.059036,96195000.000000
2013-12-17,144.187667,144.211780,143.279356,143.600876,89886000.000000
2013-12-18,143.817926,146.076634,142.531835,146.052521,234906000.000000
2013-12-19,145.634491,146.052476,145.256711,145.883682,136531200.000000
2013-12-20,146.029070,147.079699,145.932093,146.732178,197087000.000000
2013-12-23,147.451534,147.605089,147.144436,147.516190,85598000.000000
2013-12-24,147.524305,147.904148,147.516228,147.839493,45368800.000000
2013-12-26,148.170764,148.671841,148.154610,148.591019,63365000.000000
2013-12-27,148.785006,148.849649,148.429407,148.582962,61814000.000000
2013-12-30,148.599130,148.720364,148.364765,148.558731,56857000.000000
2013-12-31,148.760776,149.261841,148.647620,149.261841,86119900.000000
2014-01-02,148.688085,148.760830,147.475822,147.831421,119636900.000000
2014-01-03,148.081905,148.380939,147.597008,147.807129,81390600.000000
2014-01-06,148.292041,148.348607,147.152511,147.378799,108028200.000000
2014-01-07,147.968733,148.534453,147.855589,148.283920,86144200.000000
2014-01-08,148.259691,148.566801,147.807115,148.316269,96582300.000000
2014-01-09,148.793158,148.809325,147.734451,148.413315,90683400.000000
2014-01-10,148.663782,148.881993,147.904095,148.817337,102026400.000000
2014-01-13,148.437478,148.849643,146.554429,146.837296,149892000.000000
2014-01-14,147.322230,148.518338,147.047453,148.437515,105016100.000000
2014-01-15,148.785019,149.463883,148.469831,149.237595,98525800.000000
2014-01-16,148.930511,149.237622,148.566835,149.043655,72290600.000000
2014-01-17,148.785081,149.067935,148.154705,148.413315,107848700.000000
2014-01-21,149.269864,149.326442,147.936380,148.849609,88621200.000000
2014-01-22,149.100210,149.164866,148.631468,148.946655,61270900.000000
2014-01-23,148.195015,148.219260,146.942354,147.726273,132496900.000000
2014-01-24,146.764592,146.813081,144.525944,144.574432,208677100.000000
2014-01-27,144.711822,145.083588,143.143960,143.863235,180843100.000000
2014-01-28,143.968255,144.905741,143.952088,144.719864,110463200.000000
2014-01-29,143.515726,144.299657,142.950006,143.329849,216597300.000000
2014-01-30,144.525963,145.317971,144.065297,144.849228,118938100.000000
2014-01-31,143.055062,144.897700,142.982329,144.000626,194677900.000000
2014-02-03,143.830878,144.154143,140.485035,140.759811,254837100.000000
2014-02-04,141.390190,142.109465,140.711326,141.745789,165012400.000000
2014-02-05,141.252805,141.883181,140.388065,141.567993,164230500.000000
2014-02-06,141.899363,143.434891,141.608420,143.434891,132877600.000000
2014-02-07,144.105695,145.366446,143.636952,145.212891,170787200.000000
2014-02-10,145.229082,145.528115,144.833084,145.479614,92218800.000000
2014-02-11,145.600874,147.443513,145.503885,147.071747,117814100.000000
2014-02-12,147.289875,147.758618,146.853466,147.144409,94717700.000000
2014-02-13,146.150330,148.057623,146.142253,147.904068,100542200.000000
2014-02-14,147.766669,148.995098,147.629281,148.720322,96498400.000000
2014-02-18,148.849692,149.100237,148.421361,148.898193,80460900.000000
2014-02-19,148.510258,149.471988,147.790983,147.912216,126524300.000000
2014-02-20,148.114278,149.124497,147.572802,148.785065,104998100.000000
2014-02-21,149.067795,149.423394,148.542486,148.615219,118116400.000000
2014-02-24,148.930482,150.441765,148.865827,149.439636,114063900.000000
2014-02-25,149.560856,149.989188,148.890069,149.383057,117085000.000000
2014-02-26,149.601250,149.997260,148.970874,149.391129,98677200.000000
2014-02-27,149.172908,150.215448,149.003185,150.175049,93880800.000000
2014-02-28,150.150783,151.249901,149.552742,150.554871,150842000.000000
2014-03-03,149.229532,149.876074,148.502179,149.496231,167748500.000000
2014-03-04,150.959023,151.920754,150.926702,151.597488,167545900.000000
2014-03-05,151.726816,151.993516,151.492439,151.734894,88376900.000000
2014-03-06,152.106624,152.429889,151.759102,152.082367,82516500.000000
2014-03-07,152.712735,152.712735,151.476217,152.147003,114513500.000000
2014-03-10,151.912698,152.122820,151.193423,152.066254,74939200.000000
2014-03-11,152.292518,152.510729,150.967112,151.314621,99009100.000000
2014-03-12,150.579200,151.411620,150.239756,151.355042,104824400.000000
2014-03-13,151.807632,151.928865,149.237640,149.657883,155014300.000000
2014-03-14,149.391150,150.158914,149.059795,149.237595,153919600.000000
2014-03-17,149.989211,150.942864,149.924556,150.587265,98359500.000000
2014-03-18,150.894391,151.864199,150.732746,151.662155,101804600.000000
2014-03-19,151.678334,151.888467,149.892273,150.854004,176267300.000000
2014-03-20,150.522631,151.848038,150.255932,151.734894,117241000.000000
2014-03-21,152.372116,153.435496,151.008383,151.146378,163128000.000000
2014-03-24,151.665860,151.852570,149.863792,150.521301,121411000.000000
2014-03-25,151.284359,151.747058,150.391450,151.235657,103852000.000000
2014-03-26,151.828203,152.071728,150.107314,150.147903,119843000.000000
2014-03-27,149.969309,150.448233,149.279323,149.831314,142383000.000000
2014-03-28,150.261572,151.324952,150.172280,150.570038,101642000.000000
2014-03-31,151.527829,152.039230,150.594330,151.803818,99745000.000000
2014-04-01,152.299008,152.899702,151.795732,152.810410,89193000.000000
2014-04-02,153.005183,153.524697,152.721069,153.321762,78774000.000000
2014-04-03,153.557262,153.597852,152.648115,153.118927,77435000.000000
2014-04-04,153.955003,153.987467,151.065203,151.308716,169381000.000000
2014-04-07,150.943410,151.195048,149.328052,149.636505,140803000.000000
2014-04-08,149.571606,150.496992,149.027740,150.253479,112660000.000000
2014-04-09,150.659348,151.917538,150.221000,151.868835,100254000.000000
2014-04-10,151.860708,151.933762,148.491971,148.678680,172959000.000000
2014-04-11,147.850665,148.889694,147.176918,147.339264,167251000.000000
2014-04-14,148.491905,148.849074,147.282418,148.500031,132382000.000000
2014-04-15,148.808518,149.628373,147.339255,149.522842,157093000.000000
2014-04-16,150.553786,151.097652,149.888152,151.089539,105197000.000000
2014-04-17,150.886645,151.722738,150.626881,151.300629,105255000.000000
2014-04-21,151.341164,151.876916,151.154466,151.828201,68329000.000000
2014-04-22,151.982436,152.932172,151.901269,152.518188,85790000.000000
2014-04-23,152.461364,152.542530,152.039254,152.161011,73869000.000000
2014-04-24,152.907848,152.924087,151.738938,152.469513,88170000.000000
2014-04-25,151.974317,152.063609,150.878461,151.219391,100380000.000000
2014-04-28,151.836328,152.355843,150.139791,151.698334,135121000.000000
2014-04-29,152.185413,152.639987,151.860721,152.404587,84098000.000000
2014-04-30,152.152919,153.013364,151.941858,152.859131,101508000.000000
2014-05-01,152.786044,153.289320,152.388286,152.875336,93019000.000000
2014-05-02,152.859155,153.532902,152.428933,152.656219,98122000.000000
2014-05-05,151.909381,153.053940,151.487272,152.948410,75883000.000000
2014-05-06,152.607498,152.713029,151.584708,151.617172,85454000.000000
2014-05-07,152.128536,152.583109,150.992090,152.510056,106500000.000000
2014-05-08,152.372096,153.459828,151.860695,152.347733,93618000.000000
2014-05-09,152.372092,152.639956,151.657755,152.575027,83679000.000000
2014-05-12,153.256869,154.133552,152.607473,154.060486,86940000.000000
2014-05-13,154.263400,154.571865,154.044238,154.198471,66454000.000000
2014-05-14,154.060479,154.133545,153.248737,153.467911,72367000.000000
2014-05-15,153.159466,153.191943,151.373637,152.120438,154956000.000000
2014-05-16,152.209739,152.713027,151.568468,152.648087,97458000.000000
2014-05-19,152.355859,153.329947,152.217865,153.208191,63839000.000000
2014-05-20,153.135096,153.151334,151.852555,152.242188,111644000.000000
2014-05-21,152.680546,153.597819,152.656195,153.524765,89093000.000000
2014-05-22,153.565270,154.214665,153.305519,153.898087,61549000.000000
2014-05-23,154.036123,154.620578,153.898129,154.515060,61092800.000000
2014-05-27,155.091452,155.513562,155.002160,155.464859,72010000.000000
2014-05-28,155.464824,155.708349,155.091418,155.351181,66723000.000000
2014-05-29,155.708337,156.179136,155.310579,156.154785,64377000.000000
2014-05-30,156.008718,156.503881,155.878836,156.406464,76316000.000000
2014-06-02,156.625627,156.658103,155.830123,156.585037,64656000.000000
2014-06-03,156.203492,156.585012,156.057385,156.503845,65047000.000000
2014-06-04,156.235964,156.909711,156.073618,156.820419,55529000.000000
2014-06-05,156.998949,158.005501,156.422607,157.843155,92103000.000000
2014-06-06,158.184118,158.638691,158.111064,158.598114,78696000.000000
2014-06-09,158.573770,159.141987,158.427650,158.760468,65119000.000000
2014-06-10,158.565657,158.809182,158.224727,158.776718,57129000.000000
2014-06-11,158.208539,158.387123,157.867609,158.224777,68772000.000000
2014-06-12,158.038049,158.127341,156.755495,157.104538,106350000.000000
2014-06-13,157.412949,157.737653,156.909673,157.583420,82017000.000000
2014-06-16,157.388626,158.046135,157.201929,157.713318,87424000.000000
2014-06-17,157.494163,158.265316,157.323692,158.151672,84834000.000000
2014-06-18,158.151669,159.401746,157.802614,159.312454,105267000.000000
2014-06-19,159.450454,159.588461,158.939065,159.491043,85929000.000000
2014-06-20,159.888315,159.945415,159.619155,159.814911,100587000.000000
2014-06-23,159.855696,159.904632,159.472348,159.765976,70611000.000000
2014-06-24,159.480473,160.271637,158.624057,158.803497,96237000.000000
2014-06-25,158.469084,159.684379,158.436464,159.521255,82782000.000000
2014-06-26,159.545730,159.562046,158.338598,159.407074,84312000.000000
2014-06-27,159.031870,159.765946,158.958467,159.717010,71445100.000000
2014-06-30,159.619121,160.002469,159.480465,159.635437,70201200.000000
2014-07-01,160.026927,161.193287,159.969840,160.703903,90470000.000000
2014-07-02,160.720212,161.070928,160.646808,160.867020,52475000.000000
2014-07-03,161.323761,161.731576,161.201421,161.658173,52938800.000000
2014-07-07,161.348285,161.478776,160.858901,161.095428,61696000.000000
2014-07-08,160.801786,160.858886,159.668058,160.059570,108143000.000000
2014-07-09,160.459172,160.924088,160.116608,160.777267,72992000.000000
2014-07-10,159.227595,160.565230,159.097091,160.141098,99040000.000000
2014-07-11,160.043248,160.475531,159.684368,160.361343,64243000.000000
2014-07-14,161.176960,161.380868,161.038304,161.168808,58658000.000000
2014-07-15,161.266684,161.576628,160.157424,160.867020,111307000.000000
2014-07-16,161.584773,161.707112,161.021985,161.462433,79986400.000000
2014-07-17,160.964940,161.576664,159.398916,159.627304,145398000.000000
2014-07-18,160.149255,161.421638,160.059535,161.258514,124330000.000000
2014-07-21,160.752803,161.087215,160.214483,160.956711,67592000.000000
2014-07-22,161.503201,161.951800,161.389013,161.658173,67678000.000000
2014-07-23,161.902887,162.188363,161.576639,162.017075,65612000.000000
2014-07-24,162.171967,162.359558,161.862023,162.025146,56888000.000000
2014-07-25,161.568473,161.707129,160.948597,161.266693,76837000.000000
2014-07-28,161.299277,161.568437,160.369458,161.331909,69259000.000000
2014-07-29,161.633728,161.862104,160.614189,160.638657,80466000.000000
2014-07-30,161.209542,161.421614,159.994259,160.663071,104222000.000000
2014-07-31,159.545629,159.684284,157.392363,157.490234,183479000.000000
2014-08-01,157.058061,158.036816,156.250593,157.009125,189261000.000000
2014-08-04,157.310844,158.477204,156.642033,158.142792,91340000.000000
2014-08-05,157.498453,157.906269,156.038466,156.609406,152690000.000000
2014-08-06,155.875405,157.327228,155.850937,156.658417,94818000.000000
2014-08-07,157.367933,157.522905,155.418574,155.810074,135733000.000000
2014-08-08,156.160847,157.718695,155.744867,157.612671,117014000.000000
2014-08-11,158.208053,158.770841,157.995993,158.069397,74544000.000000
2014-08-12,157.914434,158.354870,157.367962,157.849182,73632000.000000
2014-08-13,158.469094,159.097134,158.199947,158.917694,69047000.000000
2014-08-14,159.178704,159.668076,159.031884,159.668076,57371000.000000
2014-08-15,160.247161,160.393969,158.485393,159.635437,139951000.000000
2014-08-18,160.516271,161.046426,160.426551,160.973022,75424000.000000
2014-08-19,161.364526,161.935465,161.038278,161.813126,59135000.000000
2014-08-20,161.592991,162.441255,161.560371,162.245499,72763000.000000
2014-08-21,162.384003,162.930474,162.253499,162.718414,67791000.000000
2014-08-22,162.588007,162.873484,162.098636,162.465668,76107000.000000
2014-08-25,163.240508,163.607540,162.433028,163.289444,63855000.000000
2014-08-26,163.395523,163.795187,163.354739,163.395523,47298000.000000
2014-08-27,163.477069,163.591269,163.077417,163.330261,47874000.000000
2014-08-28,162.791924,163.346560,162.628801,163.240524,58330000.000000
2014-08-29,163.493342,163.721717,162.979502,163.705414,65907000.000000
2014-09-02,163.917499,163.941967,163.012147,163.623871,72426000.000000
2014-09-03,164.251894,164.276362,163.305758,163.534134,57462000.000000
2014-09-04,163.811462,164.415034,162.849023,163.297623,85236000.000000
2014-09-05,163.264951,164.096899,162.645076,164.031647,102177000.000000
2014-09-08,163.876765,164.113305,163.126385,163.607605,64146000.000000
2014-09-09,163.460721,163.574909,162.237274,162.571686,88591000.000000
2014-09-10,162.661425,163.289465,162.123117,163.183441,67251000.000000
2014-09-11,162.530918,163.395485,162.408566,163.371017,66774400.000000
2014-09-12,163.207896,163.224200,161.951817,162.416733,117409300.000000
2014-09-15,162.441223,162.571727,161.805031,162.294403,76401000.000000
2014-09-16,161.992580,163.811435,161.902860,163.517807,116201000.000000
2014-09-17,163.754323,164.496538,162.922375,163.738007,151266000.000000
2014-09-18,164.235613,164.635277,164.023553,164.610809,94990000.000000
2014-09-19,165.134444,165.445825,164.126519,164.462494,121649000.000000
2014-09-22,164.175619,164.200201,162.848111,163.192276,125553000.000000
2014-09-23,162.602344,163.282484,162.209014,162.258179,111393000.000000
2014-09-24,162.282746,163.634837,161.856644,163.528305,107276000.000000
2014-09-25,163.102207,163.110409,160.832355,160.889709,150300000.000000
2014-09-26,161.184729,162.569593,160.955286,162.168060,103547000.000000
2014-09-29,160.774934,162.159796,160.652022,161.872986,95112000.000000
2014-09-30,161.995941,162.495802,161.110940,161.446915,131302000.000000
2014-10-01,161.184689,161.242056,158.898445,159.259003,177798000.000000
2014-10-02,159.119686,159.840801,157.620114,159.283585,157285000.000000
2014-10-03,160.348828,161.381335,159.857169,161.037170,121569000.000000
2014-10-06,161.709097,161.922161,160.266880,160.848679,104778000.000000
2014-10-07,160.021064,160.381622,158.333011,158.365784,147913000.000000
2014-10-08,158.455912,161.364941,157.628278,161.135498,186461000.000000
2014-10-09,160.881468,161.102722,157.808553,157.939667,210705000.000000
2014-10-10,157.898714,158.685374,156.095940,156.136902,221909000.000000
2014-10-13,156.071344,156.636750,153.481897,153.572037,230939000.000000
2014-10-14,154.399693,155.546923,153.268856,153.809692,215847000.000000
2014-10-15,151.728312,153.801505,149.073308,152.768997,380715000.000000
2014-10-16,150.007487,153.711379,149.868183,152.637909,270391000.000000
2014-10-17,154.399684,155.489546,153.744126,154.440659,214625000.000000
2014-10-20,154.162069,156.063173,154.112904,155.940262,130011000.000000
2014-10-21,157.070997,159.135999,156.907111,159.029480,154949000.000000
2014-10-22,159.308142,159.717864,157.833140,157.898697,151822000.000000
2014-10-23,159.480212,160.774935,159.185212,159.734238,154944000.000000
2014-10-24,159.996502,161.012617,159.373728,160.963440,117927000.000000
2014-10-27,160.389835,160.979836,159.816227,160.742203,82954000.000000
2014-10-28,161.283054,162.594158,161.209295,162.585968,106736000.000000
2014-10-29,162.700630,163.167707,161.266603,162.340073,142557000.000000
2014-10-30,161.905796,163.847875,161.758290,163.380798,113330000.000000
2014-10-31,165.347490,165.380275,164.519856,165.249161,146903000.000000
2014-11-03,165.462176,165.896480,164.962314,165.339264,93600000.000000
2014-11-04,164.896727,165.199929,163.937978,164.765625,93343000.000000
2014-11-05,165.970252,166.011227,165.077061,165.806366,91709000.000000
2014-11-06,165.847304,166.560217,165.232721,166.470078,107089000.000000
2014-11-07,166.486459,166.838826,166.027572,166.625763,89540000.000000
2014-11-10,166.658594,167.199418,166.453733,167.150253,66319000.000000
2014-11-11,167.215758,167.420619,166.879783,167.314087,54499400.000000
2014-11-12,166.633958,167.363263,166.601173,167.133820,90120300.000000
2014-11-13,167.297744,167.846770,166.519275,167.322327,85357900.000000
2014-11-14,167.248590,167.568173,166.937197,167.363312,80417500.000000
2014-11-17,167.043716,167.641907,166.879817,167.469818,80441000.000000
2014-11-18,167.527214,168.739989,167.527214,168.436798,76068100.000000
2014-11-19,168.240053,168.436724,167.412419,168.166306,82373000.000000
2014-11-20,167.379647,168.567851,167.314090,168.461319,72840300.000000
2014-11-21,170.149404,170.313290,168.789123,169.362732,142327300.000000
2014-11-24,169.764250,169.944529,169.551199,169.837997,65880800.000000
2014-11-25,170.067397,170.272258,169.461016,169.715042,79108300.000000
2014-11-26,169.862527,170.247667,169.649476,170.149338,62167800.000000
2014-11-28,170.026525,170.337906,169.551246,169.788879,57890100.000000
2014-12-01,169.133315,169.248037,168.297491,168.608871,103968400.000000
2014-12-02,168.649812,169.903561,168.625230,169.698700,74507200.000000
2014-12-03,169.870779,170.567299,169.706893,170.354248,68952000.000000
2014-12-04,170.067460,170.665664,169.379130,170.165802,91316600.000000
2014-12-05,170.337880,170.829552,170.075665,170.444412,91025500.000000
2014-12-08,170.051087,170.542746,168.748161,169.305389,108588200.000000
2014-12-09,167.469745,169.297114,167.092808,169.190582,125180100.000000
2014-12-10,168.731743,168.789097,166.289790,166.478271,159856400.000000
2014-12-11,167.068301,168.961215,166.928997,167.322327,159012800.000000
2014-12-12,166.052176,167.019127,164.585377,164.618149,202330200.000000
2014-12-15,165.511364,165.962061,162.889144,163.487335,189965800.000000
2014-12-16,162.725219,165.855489,162.135219,162.176193,259543800.000000
2014-12-17,162.610551,165.806379,162.487627,165.355682,253910100.000000
2014-12-18,167.773056,174.517080,167.101106,169.444717,257633900.000000
2014-12-19,170.091483,170.833061,169.415837,170.165649,245084600.000000
2014-12-22,170.355153,170.948410,170.116208,170.948410,148318900.000000
2014-12-23,171.525203,171.574639,170.890745,171.179138,122167900.000000
2014-12-24,171.401579,171.665242,171.154386,171.195587,42963400.000000
2014-12-26,171.640530,172.085480,171.591094,171.747650,57326700.000000
2014-12-29,171.566395,172.184370,171.500476,171.978378,79643900.000000
2014-12-30,171.558162,171.689987,170.981375,171.055542,73540800.000000
2014-12-31,171.376899,171.541690,169.234580,169.358170,130333800.000000
2015-01-02,170.050311,170.462295,168.237574,169.267532,121465900.000000
2015-01-05,168.229334,168.394124,165.905753,166.210617,169632600.000000
2015-01-06,166.515476,167.034580,163.854067,164.645081,209151400.000000
2015-01-07,165.963402,167.034561,165.518465,166.696732,125346700.000000
2015-01-08,168.097488,169.869025,168.081018,169.654785,147217800.000000
2015-01-09,170.066797,170.083280,167.685533,168.295273,158567300.000000
2015-01-12,168.427088,168.583644,166.375406,166.976898,144396100.000000
2015-01-13,168.188104,169.308700,165.213583,166.507217,214553300.000000
2015-01-14,164.504933,165.699694,163.615060,165.501938,192991100.000000
2015-01-15,166.136455,166.449554,163.870546,163.985901,176613900.000000
2015-01-16,163.779868,166.292969,163.598595,166.136414,211879600.000000
2015-01-20,166.770884,167.034559,164.933441,166.490738,130991100.000000
2015-01-21,166.029353,167.809125,165.567934,167.331223,122942700.000000
2015-01-22,168.081055,169.951451,166.713266,169.819626,174356000.000000
2015-01-23,169.564135,169.819575,168.756651,168.888489,117516800.000000
2015-01-26,168.674300,169.374664,167.965687,169.284027,92009700.000000
2015-01-27,167.240534,168.188091,166.227059,167.051025,134044600.000000
2015-01-28,168.229354,168.328226,164.719259,164.908768,168514300.000000
2015-01-29,165.106503,166.688518,163.705749,166.433090,173585400.000000
2015-01-30,165.263015,166.581355,164.076501,164.340164,197729700.000000
2015-02-02,164.834613,166.466064,163.030123,166.375427,163107000.000000
2015-02-03,167.265291,168.789635,166.894509,168.781387,124212900.000000
2015-02-04,168.023332,169.226329,167.685503,168.138687,134306700.000000
2015-02-05,168.797851,169.984365,168.723697,169.836044,97953200.000000
2015-02-06,170.198673,170.758977,168.847367,169.366470,125672000.000000
2015-02-09,168.723738,169.440585,168.204635,168.608383,87219000.000000
2015-02-10,169.638349,170.660060,168.649579,170.404633,96164200.000000
2015-02-11,170.239816,170.931945,169.597123,170.503479,91087800.000000
2015-02-12,171.294488,172.200857,170.536440,172.143173,97545900.000000
2015-02-13,172.266751,172.901197,172.011311,172.851761,93670400.000000
2015-02-17,172.538696,173.296757,172.291516,173.123718,76968200.000000
2015-02-18,172.752917,173.214337,172.489242,173.140182,80652900.000000
2015-02-19,172.546916,173.379119,172.406844,173.016571,91462500.000000
2015-02-20,172.604544,174.128887,171.986569,174.054733,140896400.000000
2015-02-23,173.807570,174.030045,173.428540,174.030045,74411100.000000
2015-02-24,173.955921,174.722216,173.659292,174.524460,72472300.000000
2015-02-25,174.400862,174.878765,174.038315,174.376144,73061700.000000
2015-02-26,174.285506,174.442061,173.568646,174.170151,72697900.000000
2015-02-27,174.071246,174.334922,173.527438,173.576874,108076000.000000
2015-03-02,173.675739,174.730416,173.626303,174.672745,87491400.000000
2015-03-03,174.244296,174.722198,173.098982,173.955902,110325800.000000
2015-03-04,173.362607,173.436774,172.258495,173.222534,114497200.000000
2015-03-05,173.543889,173.692209,172.909443,173.412064,76873000.000000
2015-03-06,172.555160,172.983626,170.643563,170.973145,188128000.000000
2015-03-09,171.170922,172.036078,171.014367,171.681778,89818900.000000
2015-03-10,170.322231,170.404620,168.855558,168.896759,157121300.000000
2015-03-11,169.152164,169.325203,168.418834,168.501236,110145700.000000
2015-03-12,169.127461,170.709476,169.078025,170.643570,93993500.000000
2015-03-13,170.371638,171.327430,168.567148,169.597107,162410900.000000
2015-03-16,170.322238,171.953689,169.621861,171.863052,136099200.000000
2015-03-17,171.129668,171.731160,170.544646,171.352142,94510400.000000
2015-03-18,170.882479,174.079475,170.248021,173.412064,228808500.000000
2015-03-19,173.000094,173.420312,172.233798,172.621063,117917300.000000
2015-03-20,173.565457,174.649670,173.383374,174.144806,177715100.000000
2015-03-23,174.153075,174.724152,173.805466,173.805466,71784500.000000
2015-03-24,173.681270,174.136464,172.762583,172.828796,77805300.000000
2015-03-25,173.035734,173.267474,170.254847,170.296219,159521700.000000
2015-03-26,169.634072,170.801042,168.938841,169.890640,153067200.000000
2015-03-27,169.774784,170.453446,169.584417,170.279648,118939000.000000
2015-03-30,171.305943,172.655008,171.289399,172.357056,96180400.000000
2015-03-31,171.537670,172.232901,170.792795,170.850723,126768700.000000
2015-04-01,170.817583,170.842411,169.261607,170.246506,137303600.000000
2015-04-02,170.180349,171.305947,169.998266,170.859024,86900900.000000
2015-04-06,169.973403,172.522550,169.840989,172.009415,114368200.000000
2015-04-07,172.034296,172.779171,171.521160,171.554260,81236300.000000
2015-04-08,171.777664,172.572196,171.388670,172.133545,89351900.000000
2015-04-09,171.968046,173.126744,171.479739,172.895004,85548900.000000
2015-04-10,173.143343,173.879947,172.944716,173.838562,72722900.000000
2015-04-13,173.697793,174.326811,173.002574,173.052231,74436600.000000
2015-04-14,172.853700,173.565475,172.232966,173.383392,75099900.000000
2015-04-15,173.846835,174.666195,173.764065,174.161331,99529300.000000
2015-04-16,173.830252,174.616512,173.631613,174.111649,68934900.000000
2015-04-17,172.928138,173.168149,171.330776,172.108765,191113200.000000
2015-04-20,173.027398,174.012297,172.944641,173.681244,92189500.000000
2015-04-21,174.359939,174.517193,173.176413,173.474365,72559800.000000
2015-04-22,173.813695,174.508926,172.895009,174.326843,78264600.000000
2015-04-23,173.929558,175.411050,173.813689,174.765488,102585900.000000
2015-04-24,175.179290,175.435858,174.724083,175.171005,61327400.000000
2015-04-27,175.733873,175.858015,174.252382,174.442749,79358100.000000
2015-04-28,174.417904,175.046910,173.250922,174.997253,86863500.000000
2015-04-29,174.111652,174.873084,173.474375,174.277191,125684900.000000
2015-04-30,173.706092,174.095086,171.835607,172.530838,161304900.000000
2015-05-01,173.308839,174.442721,173.209526,174.401337,103399700.000000
2015-05-04,174.823497,175.477344,174.715912,174.897995,70927200.000000
2015-05-05,174.657892,175.013786,172.754306,172.895004,113326200.000000
2015-05-06,173.441251,173.747476,171.123843,172.183228,135060200.000000
2015-05-07,172.083903,173.292270,171.752850,172.870163,88244900.000000
2015-05-08,174.533837,175.344925,174.451067,175.146286,155877300.000000
2015-05-11,175.104832,175.369672,174.235802,174.310287,75708100.000000
2015-05-12,173.482609,174.326810,172.663236,173.788834,119727600.000000
2015-05-13,174.194444,174.815178,173.590267,173.822006,94667900.000000
2015-05-14,174.831751,175.725609,174.558626,175.634567,95934000.000000
2015-05-15,175.824860,175.965558,175.344824,175.824860,76510100.000000
2015-05-18,175.659380,176.619438,175.593166,176.371155,74549700.000000
2015-05-19,176.486982,176.760107,176.031775,176.313171,72114600.000000
2015-05-20,176.412466,176.933886,175.874502,176.189011,76857500.000000
2015-05-21,176.048406,176.909151,175.882867,176.702240,64764600.000000
2015-05-22,176.321447,176.735270,176.213862,176.280075,57433500.000000
2015-05-26,175.791759,176.213866,173.970943,174.384766,124308600.000000
2015-05-27,174.839957,176.271779,174.434406,176.040039,93214000.000000
2015-05-28,175.733818,175.949001,175.154469,175.841415,74974600.000000
2015-05-29,175.775262,175.816634,174.484138,174.748978,124919600.000000
2015-06-01,175.411052,175.742105,174.318555,175.104828,93338800.000000
2015-06-02,174.649634,175.617977,174.028900,174.931030,91531000.000000
2015-06-03,175.460683,176.015204,174.906163,175.394470,87820900.000000
2015-06-04,174.691028,175.344862,173.598531,173.913040,151882800.000000
2015-06-05,173.764021,174.285442,172.961205,173.615051,121704700.000000
2015-06-08,173.507496,173.656478,172.472939,172.547424,89063300.000000
2015-06-09,172.522537,173.060514,171.893532,172.522537,105034700.000000
2015-06-10,173.284040,174.972443,173.226111,174.591721,134551300.000000
2015-06-11,175.030387,175.535251,174.798647,175.154541,73876400.000000
2015-06-12,174.335095,175.030314,173.540551,173.813675,135382400.000000
2015-06-15,172.679823,173.350213,171.976320,173.068817,124384200.000000
2015-06-16,172.919862,174.095129,172.746064,174.012360,85308200.000000
2015-06-17,174.293732,174.897922,173.275732,174.293732,126708600.000000
2015-06-18,174.889669,176.569787,174.326876,176.106308,165867900.000000
2015-06-19,175.865072,175.939919,174.950229,175.324478,130478700.000000
2015-06-22,176.239308,176.804838,176.014754,176.222672,70696000.000000
2015-06-23,176.430645,176.680149,175.956600,176.347473,68476800.000000
2015-06-24,176.081320,176.455569,175.041732,175.066681,92307300.000000
2015-06-25,175.565700,175.690446,174.459577,174.534424,97107400.000000
2015-06-26,174.892049,175.133240,173.952269,174.501175,104174800.000000
2015-06-29,173.029126,174.509499,170.766980,170.841827,202621300.000000
2015-06-30,172.372048,172.421959,170.725344,171.199402,182925100.000000
2015-07-01,172.762921,173.012424,171.789868,172.571640,135979900.000000
2015-07-02,173.045713,173.212045,171.997800,172.413635,104373700.000000
2015-07-06,171.132919,172.696452,170.933314,171.923004,117975400.000000
2015-07-07,172.122581,173.128896,169.752315,173.004150,173820200.000000
2015-07-08,171.673481,171.956246,169.868757,170.101624,164020100.000000
2015-07-09,172.189123,172.446951,170.301239,170.409348,144113100.000000
2015-07-10,172.397034,172.970889,170.450928,172.555054,129456900.000000
2015-07-13,173.810877,174.567688,173.769291,174.459579,106069400.000000
2015-07-14,174.417988,175.524112,174.359765,175.216385,81709600.000000
2015-07-15,175.257954,175.715375,174.684099,175.158157,97914100.000000
2015-07-16,176.206096,176.563721,175.964917,176.563721,106683300.000000
2015-07-17,176.555359,176.771602,176.147849,176.713379,89030000.000000
2015-07-20,176.937941,177.295553,176.488844,176.804871,70446800.000000
2015-07-21,176.671838,176.929667,175.806906,176.106308,77965000.000000
2015-07-22,175.424300,176.122913,175.391039,175.790237,88667900.000000
2015-07-23,175.923374,176.023171,174.443001,174.800613,90509100.000000
2015-07-24,174.900348,174.958559,172.654840,172.987503,117755000.000000
2015-07-27,172.105929,172.613248,171.540386,171.981171,132361100.000000
2015-07-28,172.812833,174.234995,171.989487,174.093613,123544800.000000
2015-07-29,174.218352,175.515756,174.076969,175.291214,105791300.000000
2015-07-30,174.783889,175.499126,174.168448,175.332794,91304400.000000
2015-07-31,175.831816,175.856766,174.783916,175.066681,103266900.000000
2015-08-03,175.033427,175.091637,173.528092,174.476196,113965700.000000
2015-08-04,174.401351,174.858773,173.652853,174.135223,81820800.000000
2015-08-05,175.025041,175.740278,174.426237,174.709015,85786800.000000
2015-08-06,174.892072,175.000193,172.696461,173.278641,116030800.000000
2015-08-07,173.120595,173.270289,172.047732,172.945938,117858000.000000
2015-08-10,174.052076,175.208098,174.052076,175.124939,80270700.000000
2015-08-11,173.794258,174.210093,172.787931,173.544754,126081400.000000
2015-08-12,172.247378,173.935669,170.791954,173.752701,172123700.000000
2015-08-13,173.594603,174.276579,172.995799,173.536392,89383300.000000
2015-08-14,173.345159,174.243365,173.203777,174.168518,72786500.000000
2015-08-17,173.577993,175.141525,173.120572,175.141525,79072600.000000
2015-08-18,174.867037,175.216337,174.401304,174.634171,71692700.000000
2015-08-19,173.894055,174.659190,172.446956,173.253677,172946000.000000
2015-08-20,171.748333,173.228706,169.577672,169.635895,194327900.000000
2015-08-21,167.772930,169.610928,164.271603,164.529419,346588500.000000
2015-08-24,155.929924,164.238306,151.696711,157.601578,507244300.000000
2015-08-25,162.533338,162.549975,155.455828,155.746918,369833100.000000
2015-08-26,159.747304,162.001125,156.661801,161.726685,339257000.000000
2015-08-27,163.855761,165.851766,162.350439,165.727020,274143900.000000
2015-08-28,165.086680,166.201116,164.604309,165.735382,160414400.000000
2015-08-31,164.762299,165.610607,163.847457,164.396362,163298800.000000
2015-09-01,160.612281,161.984545,158.624588,159.489532,256000400.000000
2015-09-02,161.859742,162.558355,160.030070,162.516769,160269300.000000
2015-09-03,163.223658,164.712355,162.142496,162.633179,152087800.000000
2015-09-04,160.387721,161.227704,159.356444,160.171478,207081000.000000
2015-09-08,162.957581,164.346469,162.317191,164.196762,116025700.000000
2015-09-09,165.768593,165.893339,161.635189,162.001114,149347700.000000
2015-09-10,161.809859,164.022106,161.552043,162.882721,158611100.000000
2015-09-11,162.491867,163.689475,161.784942,163.622940,119691200.000000
2015-09-14,163.797565,163.847464,162.533422,163.015793,79452000.000000
2015-09-15,163.514810,165.494190,162.974229,165.053406,113806200.000000
2015-09-16,165.352781,166.675134,165.011793,166.483841,99581600.000000
2015-09-17,166.350796,168.737687,165.735355,166.109604,276046600.000000
2015-09-18,163.612508,166.095401,162.985512,163.395142,223657500.000000
2015-09-21,164.222748,165.259373,163.194478,164.239471,105726200.000000
2015-09-22,162.082633,162.567511,160.979114,162.107712,153890900.000000
2015-09-23,162.274879,162.743033,161.271688,161.848526,92790600.000000
2015-09-24,160.636371,161.723166,159.307142,161.263367,159378800.000000
2015-09-25,162.718013,163.018972,160.352146,161.221588,155054800.000000
2015-09-28,160.326964,160.435647,156.865949,157.175262,178515900.000000
2015-09-29,157.392695,158.621608,156.272453,157.267288,159045600.000000
2015-09-30,159.148223,160.368780,158.370754,160.201584,163452000.000000
2015-10-01,160.577857,160.920618,158.688514,160.619659,131079000.000000
2015-10-02,158.646688,163.044015,158.103284,163.018936,211003300.000000
2015-10-05,164.239501,166.145568,164.130818,165.919846,126320800.000000
2015-10-06,165.786054,166.346169,164.690904,165.351334,110274500.000000
2015-10-07,166.279293,167.056774,165.092182,166.705658,124307300.000000
2015-10-08,166.321079,168.494669,166.020120,168.210434,153055200.000000
2015-10-09,168.352609,168.787317,167.683810,168.310806,107069200.000000
2015-10-12,168.386015,168.670250,167.959663,168.469620,56395600.000000
2015-10-13,167.742306,169.004666,167.240717,167.407913,88038700.000000
2015-10-14,167.349366,167.926204,166.312741,166.605331,99106200.000000
2015-10-15,167.265772,169.171838,166.897932,169.163483,134142200.000000
2015-10-16,169.564747,169.949297,168.803989,169.932587,114580100.000000
2015-10-19,169.288894,170.016205,168.979580,170.016205,76523900.000000
2015-10-20,169.581535,170.409162,169.330734,169.798889,78448500.000000
2015-10-21,170.216844,170.367317,168.578290,168.745499,102038000.000000
2015-10-22,169.690140,171.805205,168.745475,171.596207,174911700.000000
2015-10-23,173.259834,173.845028,172.465642,173.477188,144442300.000000
2015-10-26,173.301643,173.360156,172.683003,173.050842,69033000.000000
2015-10-27,172.382025,173.050823,172.039265,172.716431,77905800.000000
2015-10-28,173.050844,174.706109,172.390414,174.681030,135906700.000000
2015-10-29,174.179476,174.948589,174.062437,174.580750,90525500.000000
2015-10-30,174.773032,175.090714,173.669526,173.828354,131076900.000000
2015-11-02,174.154416,176.077193,174.029009,175.884918,86270800.000000
2015-11-03,175.533793,176.946626,175.308071,176.394867,95246100.000000
2015-11-04,176.687487,176.812881,175.324812,175.859848,96224500.000000
2015-11-05,175.918281,176.378081,174.798052,175.684204,78408700.000000
2015-11-06,175.341527,175.826406,174.271455,175.592316,110471500.000000
2015-11-09,174.982005,175.132491,173.009057,173.953735,131008700.000000
2015-11-10,173.477199,174.388443,173.209687,174.354996,75874600.000000
2015-11-11,174.622497,174.672655,173.602583,173.669464,67846000.000000
2015-11-12,172.632856,173.101011,171.228391,171.245102,121315200.000000
2015-11-13,170.835518,171.103030,169.238765,169.322357,153577100.000000
2015-11-16,169.138430,171.955727,169.021378,171.897202,117645200.000000
2015-11-17,172.206480,173.084264,171.278525,171.771759,121123700.000000
2015-11-18,172.248274,174.639218,172.206484,174.497101,121342500.000000
2015-11-19,174.380114,174.764677,174.054076,174.346680,88220500.000000
2015-11-20,175.099064,175.659179,174.605830,174.982025,94011500.000000
2015-11-23,175.040574,175.542163,174.321618,174.781418,64931200.000000
2015-11-24,173.778191,175.416746,173.393641,175.015472,98874400.000000
2015-11-25,175.140860,175.341503,174.731218,174.990387,51980100.000000
2015-11-27,175.082326,175.391653,174.605816,175.191010,37317800.000000
2015-11-30,175.349867,175.466906,174.355031,174.463715,112822700.000000
2015-12-01,175.090634,176.244310,174.814754,176.127258,97858400.000000
2015-12-02,176.077151,176.394833,174.079125,174.329926,108441300.000000
2015-12-03,174.580774,174.848286,171.169914,171.888870,166224200.000000
2015-12-04,171.888772,175.533707,171.888772,175.241104,192913900.000000
2015-12-07,174.915094,175.333092,173.218027,174.179428,102027100.000000
2015-12-08,172.624483,174.129263,172.030921,173.009033,103372400.000000
2015-12-09,172.373717,174.455335,170.693360,171.663116,162401500.000000
2015-12-10,171.729991,173.410335,171.495913,172.106186,116128900.000000
2015-12-11,169.999497,170.659927,168.461257,168.770584,211173300.000000
2015-12-14,168.929472,169.748744,167.157155,169.623337,182385200.000000
2015-12-15,171.128081,172.306837,169.598210,171.403961,154069600.000000
2015-12-16,172.524188,174.212900,171.211683,173.911942,197017000.000000
2015-12-17,174.221256,174.288137,171.245117,171.261841,173092500.000000
2015-12-18,170.523452,170.657997,168.050999,168.210785,251393500.000000
2015-12-21,169.379711,169.774967,168.269624,169.598358,99094300.000000
2015-12-22,170.481404,171.431704,169.497471,171.137360,111026200.000000
2015-12-23,172.138100,173.298643,172.045593,173.256592,110987200.000000
2015-12-24,173.004349,173.517341,172.752056,172.970703,48539600.000000
2015-12-28,172.281110,172.617493,171.507419,172.575455,65899900.000000
2015-12-29,173.668652,174.745092,173.635019,174.417114,92640700.000000
2015-12-30,174.173244,174.257346,173.037930,173.180893,63317700.000000
2015-12-31,172.508132,173.147264,171.448502,171.448502,114877900.000000
2016-01-04,168.606075,169.060193,167.008225,169.051788,222353500.000000
2016-01-05,169.371325,169.791810,168.236024,169.337692,110845800.000000
2016-01-06,166.797924,168.244393,166.175615,167.201599,152112600.000000
2016-01-07,164.266718,166.041166,162.803425,163.190277,213436100.000000
2016-01-08,164.148839,164.703882,161.112938,161.398865,209817200.000000
2016-01-11,162.315584,162.651979,159.632901,161.558716,187941300.000000
2016-01-12,162.996787,163.610691,160.742981,162.862228,172330500.000000
2016-01-13,163.526554,163.871354,158.421874,158.800308,221168900.000000
2016-01-14,159.405834,162.525825,157.816401,161.407333,240795600.000000
2016-01-15,157.067917,158.741439,156.016705,157.942520,324846400.000000
2016-01-19,159.750606,159.876746,156.588552,158.152756,195244400.000000
2016-01-20,155.604640,157.681837,152.232356,156.126038,286547800.000000
2016-01-21,156.596979,158.833949,155.276650,157.000641,195772900.000000
2016-01-22,159.599266,160.423413,158.842398,160.221588,168319600.000000
2016-01-25,159.716971,159.910390,157.606141,157.799561,130371700.000000
2016-01-26,158.455559,160.230006,158.119176,159.952484,141036800.000000
2016-01-27,159.431104,161.096222,157.311856,158.211700,185681700.000000
2016-01-28,159.750657,159.952482,157.395939,159.035828,143798800.000000
2016-01-29,159.801013,163.047156,159.683278,162.912598,210529300.000000
2016-02-01,161.911908,163.635899,161.331637,162.853790,136061600.000000
2016-02-02,161.432556,161.440961,159.397398,159.918808,182564900.000000
2016-02-03,160.970025,161.281180,157.345447,160.877518,205054900.000000
2016-02-04,160.381359,162.096932,159.750632,161.129822,139531800.000000
2016-02-05,160.616843,161.188696,157.429560,158.060287,180788300.000000
2016-02-08,156.226916,156.521248,153.729235,155.932571,191526700.000000
2016-02-09,154.200254,157.210928,154.065696,155.941055,184513100.000000
2016-02-10,156.765193,158.388259,155.680335,155.806488,148214100.000000
2016-02-11,153.342447,154.822562,152.291234,153.779755,219058900.000000
2016-02-12,155.545823,156.967051,154.704853,156.950241,127632400.000000
2016-02-16,158.749914,159.624517,157.791209,159.599289,120250700.000000
2016-02-17,160.759845,162.576343,160.633691,162.206314,136009500.000000
2016-02-18,162.475378,162.534252,161.230746,161.541901,102343000.000000
2016-02-19,160.768211,161.617585,160.162711,161.466217,114793000.000000
2016-02-22,163.038852,163.947102,162.971573,163.804138,103640300.000000
2016-02-23,163.148160,163.417276,161.617588,161.735336,111455300.000000
2016-02-24,160.314102,162.752909,159.212433,162.475388,150812200.000000
2016-02-25,162.921084,164.451655,162.164216,164.443237,110728300.000000
2016-02-26,165.309449,165.401943,163.905018,164.064804,129833700.000000
2016-02-29,164.081612,165.023494,162.584687,162.778107,125918100.000000
2016-03-01,163.997511,166.688625,163.526570,166.604523,141799700.000000
2016-03-02,166.293395,167.403468,165.881315,167.353012,102415000.000000
2016-03-03,167.176392,168.025780,166.604539,168.008957,95172200.000000
2016-03-04,168.202397,169.329307,167.378250,168.555603,129293600.000000
2016-03-07,167.638897,169.093784,167.563213,168.690109,100219000.000000
2016-03-08,167.622123,168.126697,166.688646,166.848419,123974900.000000
2016-03-09,167.655708,168.017319,166.873600,167.672531,94801200.000000
2016-03-10,168.160348,169.093825,165.990644,167.807129,156838700.000000
2016-03-11,169.253651,170.557157,167.790371,170.515106,137964500.000000
2016-03-14,170.010430,170.750474,169.682452,170.296356,73612000.000000
2016-03-15,169.337692,170.321625,169.076993,170.018875,93169100.000000
2016-03-16,169.539498,171.406452,169.497447,171.002777,129303200.000000
2016-03-17,170.918760,172.592282,170.523503,172.087708,134278500.000000
2016-03-18,172.586411,173.102049,172.273651,172.763931,138372400.000000
2016-03-21,172.501917,173.237331,172.273681,173.009094,72926700.000000
2016-03-22,172.239828,173.482431,172.079231,172.916077,97471900.000000
2016-03-23,172.535643,172.721612,171.605800,171.774872,81052500.000000
2016-03-24,170.752067,171.732626,170.532292,171.698807,84360900.000000
2016-03-28,172.113007,172.324334,171.352235,171.800247,62408200.000000
2016-03-29,171.394479,173.499298,171.090168,173.389404,92922900.000000
2016-03-30,174.386893,174.868711,173.786719,174.150208,86365300.000000
2016-03-31,174.057270,174.479923,173.566990,173.727600,94584100.000000
2016-04-01,172.738562,175.096964,172.425790,174.910995,114423500.000000
2016-04-04,174.834869,175.037747,174.040278,174.344589,63497000.000000
2016-04-05,173.009031,174.353066,172.349692,172.603287,99662200.000000
2016-04-06,172.603295,174.547505,172.425775,174.488327,91839800.000000
2016-04-07,173.406400,173.761428,171.673517,172.400482,113859000.000000
2016-04-08,173.575396,174.006511,172.332793,172.865341,95040600.000000
2016-04-11,173.499334,174.192493,172.366626,172.459610,83757500.000000
2016-04-12,172.628654,174.344627,172.189091,174.065674,115350600.000000
2016-04-13,174.978621,175.908465,174.843369,175.823929,96336400.000000
2016-04-14,175.883050,176.331062,175.485755,175.832321,65212900.000000
2016-04-15,175.832357,175.967609,175.316719,175.637939,75761600.000000
2016-04-18,175.637931,176.905892,174.978593,176.872086,82531000.000000
2016-04-19,177.294769,177.683603,176.618520,177.430008,88316100.000000
2016-04-20,177.472271,178.292221,176.998901,177.599075,81100300.000000
2016-04-21,177.615958,177.725852,176.373355,176.643860,85695000.000000
2016-04-22,176.288832,176.914351,175.747836,176.643860,99251700.000000
2016-04-25,176.043676,176.381807,175.435054,176.339539,66166500.000000
2016-04-26,176.703041,177.108798,176.128238,176.601608,75864200.000000
2016-04-27,176.221229,177.353937,175.866201,176.965103,77329400.000000
2016-04-28,176.212747,177.311636,174.944786,175.358978,97216200.000000
2016-04-29,174.741885,175.088464,173.313314,174.412216,142424100.000000
2016-05-02,174.910978,175.976061,174.479876,175.798553,62188000.000000
2016-05-03,174.572820,174.809505,173.524635,174.268509,106422100.000000
2016-05-04,173.279551,174.006516,172.797720,173.296448,92243800.000000
2016-05-05,173.761362,174.116390,172.839981,173.262634,67619200.000000
2016-05-06,172.493363,173.938844,172.341214,173.896576,89315000.000000
2016-05-09,173.769837,174.471431,173.592317,174.040329,74374900.000000
2016-05-10,174.741937,176.221225,174.674311,176.204315,77472200.000000
2016-05-11,175.747840,176.280375,174.555954,174.555954,81727000.000000
2016-05-12,175.223760,175.392832,173.600772,174.606689,89586300.000000
2016-05-13,174.310804,174.860249,172.763890,173.085098,96474600.000000
2016-05-16,173.254181,175.266003,173.195003,174.792633,77486800.000000
2016-05-17,174.522154,174.809556,172.637110,173.161209,114924900.000000
2016-05-18,172.814619,174.386891,172.129922,173.211914,120062100.000000
2016-05-19,172.493474,172.899218,171.411481,172.611816,115430500.000000
2016-05-20,173.220363,174.217832,173.169647,173.702194,104990400.000000
2016-05-23,173.719097,173.998050,173.279547,173.465515,58682600.000000
2016-05-24,174.276985,176.026777,174.251627,175.714005,93537800.000000
2016-05-25,176.390292,177.320135,175.714043,176.905930,76621400.000000
2016-05-26,177.041155,177.269392,176.643860,176.956619,55280700.000000
2016-05-27,177.117218,177.725840,177.066502,177.717392,64211200.000000
2016-05-31,177.987864,178.097758,176.821336,177.379242,109879400.000000
2016-06-01,176.770671,177.920290,176.576254,177.742783,69936200.000000
2016-06-02,177.345506,178.300695,176.872136,178.283798,63044700.000000
2016-06-03,177.725924,178.097861,176.550946,177.751282,101757100.000000
2016-06-06,178.106289,179.010774,177.945678,178.655746,64887000.000000
2016-06-07,178.807871,179.492568,178.782513,178.934662,60974800.000000
2016-06-08,179.069887,179.644702,178.943096,179.517899,66170900.000000
2016-06-09,178.790965,179.391139,178.520474,179.272797,73786900.000000
2016-06-10,177.903323,178.241441,177.032645,177.573654,113829200.000000
2016-06-13,176.973548,177.827304,176.119792,176.204315,117751200.000000
2016-06-14,175.823890,176.449422,174.910957,175.857697,125059300.000000
2016-06-15,175.857713,176.973525,175.426611,175.612579,109124500.000000
2016-06-16,175.612617,176.305775,173.786750,176.136703,149533100.000000
2016-06-17,176.033030,176.058520,174.826453,175.480728,117055700.000000
2016-06-20,177.435022,178.106282,176.525834,176.610809,82789600.000000
2016-06-21,176.993209,177.520021,176.551360,177.112167,72461700.000000
2016-06-22,177.290553,178.012806,176.678766,176.823227,95560500.000000
2016-06-23,178.276273,179.176957,177.817439,179.125977,102731400.000000
2016-06-24,173.025064,179.159922,172.251831,172.693680,333444400.000000
2016-06-27,171.291701,171.300206,168.793571,169.600800,230775800.000000
2016-06-28,171.198178,172.685158,170.892284,172.659668,159382400.000000
2016-06-29,174.053189,175.829066,173.951229,175.599655,137328600.000000
2016-06-30,176.067032,178.046830,175.514717,177.995850,165021900.000000
2016-07-01,177.995803,178.854012,177.834358,178.369675,106055300.000000
2016-07-05,177.545519,177.655985,176.491895,177.086685,109803700.000000
2016-07-06,176.593845,178.267762,175.939570,178.148804,96021500.000000
2016-07-07,178.327150,178.989917,177.273526,178.038254,85593800.000000
2016-07-08,179.329875,180.935813,179.100451,180.689392,133971000.000000
2016-07-11,181.148199,181.895942,180.944266,181.326630,73633900.000000
2016-07-12,182.286803,182.941078,181.352124,182.643677,101275600.000000
2016-07-13,183.060044,183.068536,182.133871,182.618195,87324100.000000
2016-07-14,183.875748,184.105172,183.246976,183.637833,91230900.000000
2016-07-15,184.198649,184.394077,182.949584,183.391434,107155400.000000
2016-07-18,183.510436,184.045754,183.255523,183.884308,58725900.000000
2016-07-19,183.467964,183.731370,183.221556,183.697388,54345700.000000
2016-07-20,183.697354,184.699998,183.697354,184.462082,58159500.000000
2016-07-21,184.351602,184.572520,183.323455,183.765305,67777300.000000
2016-07-22,183.884299,184.640534,183.620893,184.589554,62787500.000000
2016-07-25,184.385628,184.436608,183.510434,184.088226,55873100.000000
2016-07-26,183.986236,184.530046,183.331961,184.173172,70080500.000000
2016-07-27,184.547022,184.615000,183.212982,183.977722,84083900.000000
2016-07-28,183.782303,184.479066,183.323469,184.190170,65035700.000000
2016-07-29,183.926785,184.844453,183.646381,184.487579,79519400.000000
2016-08-01,184.547051,184.937907,183.884284,184.334625,73311400.000000
2016-08-02,184.088184,184.241138,182.320813,183.153519,92295500.000000
2016-08-03,183.094053,183.748328,182.796665,183.688843,53993600.000000
2016-08-04,183.799332,184.198694,182.048945,183.884308,46585500.000000
2016-08-05,183.884249,185.430702,183.884249,185.388214,71892200.000000
2016-08-08,185.575175,185.677148,185.014380,185.277786,39906500.000000
2016-08-09,185.345739,185.881043,185.065336,185.388214,51251700.000000
2016-08-10,185.498758,185.575229,184.581077,184.929459,57941100.000000
2016-08-11,185.456214,186.034019,185.192808,185.787598,72504300.000000
2016-08-12,185.481729,185.838616,185.226829,185.626190,61313500.000000
2016-08-15,185.991546,186.509865,185.983053,186.161484,49813500.000000
2016-08-16,185.745103,185.813068,185.201294,185.201294,53213600.000000
2016-08-17,185.235297,185.685638,184.402591,185.549683,75134300.000000
2016-08-18,185.524185,186.000016,185.413732,185.966034,52989300.000000
2016-08-19,185.498694,185.872566,185.014370,185.694122,75443000.000000
2016-08-22,185.456245,185.915092,185.090879,185.685669,61368800.000000
2016-08-23,186.297410,186.594811,186.000009,186.059494,53399200.000000
2016-08-24,185.915095,186.008563,184.691520,185.107880,71728900.000000
2016-08-25,184.725509,185.396782,184.572569,184.980423,69224800.000000
2016-08-26,185.167321,186.186962,183.748318,184.632004,122506300.000000
2016-08-29,184.759489,185.804620,184.725493,185.541214,70502200.000000
2016-08-30,185.456285,185.736689,184.683065,185.235367,58114500.000000
2016-08-31,184.903939,185.022897,183.935278,184.708511,85269500.000000
2016-09-01,184.699982,185.005876,183.561383,184.716980,97844200.000000
2016-09-02,185.566680,185.974534,184.980383,185.549683,79293900.000000
2016-09-06,185.830116,186.186990,185.116368,186.110519,56702100.000000
2016-09-07,185.949043,186.271934,185.490209,186.093491,76554900.000000
2016-09-08,185.762108,186.034019,185.362746,185.668640,74102900.000000
2016-09-09,184.360154,184.411135,181.199257,181.224747,221589100.000000
2016-09-12,180.468458,184.224145,180.400481,183.824783,168110900.000000
2016-09-13,182.550259,182.813665,180.561956,181.182236,182828800.000000
2016-09-14,181.233185,182.431270,180.561925,181.114227,134185500.000000
2016-09-15,180.952783,183.306451,180.774340,182.924088,134427900.000000
2016-09-16,182.310981,182.490326,181.533855,182.217041,155236400.000000
2016-09-19,182.866053,183.506549,181.926652,182.251175,80250500.000000
2016-09-20,183.105149,183.258862,182.225535,182.259689,69665300.000000
2016-09-21,182.959966,184.488612,182.276767,184.309280,110284400.000000
2016-09-22,185.317051,185.769668,185.069398,185.470764,76678700.000000
2016-09-23,185.077911,185.214554,184.360558,184.454498,73630900.000000
2016-09-26,183.626076,183.805408,182.763533,182.959961,89827300.000000
2016-09-27,182.797718,184.189722,182.430493,184.095795,78494800.000000
2016-09-28,184.317818,185.163278,183.361347,185.009552,87411000.000000
2016-09-29,184.804628,185.206007,182.789198,183.335754,128070600.000000
2016-09-30,184.164088,185.419462,183.916435,184.719193,117202900.000000
2016-10-03,184.309253,184.497120,183.643124,184.275085,83512100.000000
2016-10-04,184.386178,184.608212,182.746508,183.335754,119948100.000000
2016-10-05,183.959199,184.574077,183.890878,184.147079,72816000.000000
2016-10-06,183.924944,184.497120,183.386936,184.275085,62927400.000000
2016-10-07,184.548389,184.719185,182.917255,183.643143,89788300.000000
2016-10-10,184.599625,185.060776,184.454447,184.599625,51855000.000000
2016-10-11,184.172684,184.241005,181.542376,182.268265,130367400.000000
2016-10-12,182.404851,183.028277,181.909532,182.507339,73866100.000000
2016-10-13,181.183688,182.404895,180.372395,181.909576,101357000.000000
2016-10-14,182.883108,183.344273,181.926638,182.003494,93346200.000000
2016-10-17,181.977912,182.234113,181.192237,181.371582,58275700.000000
2016-10-18,182.959956,183.019729,182.131579,182.507339,76869700.000000
2016-10-19,182.772076,183.301549,182.413400,182.994110,66519200.000000
2016-10-20,182.643979,183.207619,181.994947,182.652527,73639800.000000
2016-10-21,182.652554,182.823350,181.696070,182.737946,89089100.000000
2016-10-24,183.608970,183.882255,183.164889,183.515030,60146600.000000
2016-10-25,183.335741,183.591942,182.737946,182.900208,66542300.000000
2016-10-26,182.080373,183.113700,181.841242,182.532990,75705500.000000
2016-10-27,183.250340,183.284494,181.969347,182.046204,77220200.000000
2016-10-28,182.020596,182.695247,180.799389,181.508194,140623200.000000
2016-10-31,181.841218,182.063265,181.354447,181.516708,61272500.000000
2016-11-01,181.841284,181.892535,178.997490,180.201614,122781800.000000
2016-11-02,179.894161,180.278469,178.681489,179.117035,103330800.000000
2016-11-03,179.330490,179.543989,178.023878,178.297150,88939300.000000
2016-11-04,178.408193,179.245105,177.955576,178.100754,109122100.000000
2016-11-07,178.100743,182.063281,178.100743,182.029114,109794900.000000
2016-11-08,181.636281,183.412593,181.371545,182.848953,106772100.000000
2016-11-09,181.362977,185.402384,181.337358,184.787506,258429000.000000
2016-11-10,185.573241,186.435772,183.796928,185.248718,172113300.000000
2016-11-11,184.531330,185.060803,183.882299,184.821686,100552700.000000
2016-11-14,185.342618,185.547582,184.223886,184.966858,94580000.000000
2016-11-15,185.351197,186.410156,185.146246,186.410156,91652600.000000
2016-11-16,185.795200,186.290519,185.675641,186.059937,65617700.000000
2016-11-17,186.213737,187.076268,186.102713,187.016495,69797200.000000
2016-11-18,187.084806,187.255603,186.418678,186.598022,86265800.000000
2016-11-21,187.170168,188.032699,187.024991,188.007080,72402600.000000
2016-11-22,188.314543,188.553660,187.648427,188.374329,67429000.000000
2016-11-23,187.861883,188.527998,187.665468,188.476761,56620200.000000
2016-11-25,188.818417,189.211248,188.741547,189.177094,37872300.000000
2016-11-28,188.869588,189.142859,188.186389,188.288864,76572500.000000
2016-11-29,188.323070,189.108744,188.024167,188.656128,69886700.000000
2016-11-30,189.270970,189.433231,188.143690,188.203476,113291800.000000
2016-12-01,188.502420,188.502420,187.153105,187.511795,79040500.000000
2016-12-02,187.597208,188.092527,187.247067,187.605743,74840300.000000
2016-12-05,188.434083,189.074579,188.237668,188.732986,67837800.000000
2016-12-06,188.920851,189.364932,188.442615,189.330765,59877400.000000
2016-12-07,189.177096,191.867176,189.057537,191.807404,110738100.000000
2016-12-08,191.781778,192.746784,191.517029,192.277084,99714400.000000
2016-12-09,192.499120,193.455591,192.464953,193.438507,88005800.000000
2016-12-12,193.344571,193.822819,192.798014,193.216476,102016100.000000
2016-12-13,193.874048,195.001316,193.856965,194.505997,110477500.000000
2016-12-14,194.207109,194.907379,192.464951,192.900497,142501800.000000
2016-12-15,193.139610,194.548698,192.909028,193.694702,124972600.000000
2016-12-16,194.149085,194.209224,192.997990,193.315826,156420200.000000
2016-12-19,193.496305,194.157761,193.350271,193.736832,90341100.000000
2016-12-20,194.269419,194.630223,194.037491,194.484177,89838800.000000
2016-12-21,194.355308,194.527111,193.942978,193.942978,67909000.000000
2016-12-22,193.796943,193.917207,193.212797,193.607956,56219100.000000
2016-12-23,193.650894,193.900019,193.461919,193.891434,36697800.000000
2016-12-27,194.157695,194.767598,194.140510,194.372452,42672500.000000
2016-12-28,194.630218,194.647389,192.654448,192.766113,64095000.000000
2016-12-29,192.834840,193.187045,192.285062,192.723175,48696100.000000
2016-12-30,193.049570,193.135478,191.331512,192.018738,108998300.000000
2017-01-03,193.315885,193.994525,192.319421,193.487701,91366500.000000
2017-01-04,193.814105,194.784812,193.805520,194.638779,78744400.000000
2017-01-05,194.372512,194.638809,193.693871,194.484177,78379000.000000
2017-01-06,194.595831,195.643847,194.054638,195.179977,71559900.000000
2017-01-09,194.922266,195.059714,194.501337,194.535706,46939700.000000
2017-01-10,194.552877,195.386136,194.149132,194.535706,63771900.000000
2017-01-11,194.449794,195.085480,193.788338,195.085480,74650000.000000
2017-01-12,194.570010,194.784767,193.247111,194.595779,72113200.000000
2017-01-13,194.767631,195.343179,194.733275,195.042526,62717900.000000
2017-01-17,194.406871,194.810616,193.968771,194.355331,61240800.000000
2017-01-18,194.604449,194.827805,194.054671,194.784851,54793300.000000
2017-01-19,194.862138,194.999586,193.633733,194.063248,66608800.000000
2017-01-20,194.741831,195.265839,194.114743,194.776199,129168600.000000
2017-01-23,194.776200,194.836326,193.513427,194.269363,75061600.000000
2017-01-24,194.484154,195.927330,194.372489,195.514999,95555300.000000
2017-01-25,196.459896,197.207260,196.296679,197.207260,84437700.000000
2017-01-26,197.061209,197.327519,196.726188,197.001083,59970700.000000
2017-01-27,197.078409,197.224442,196.511447,196.691849,59711100.000000
2017-01-30,196.004670,196.030440,194.492784,195.472076,79737300.000000
2017-01-31,194.982396,195.515003,194.415447,195.454865,75880800.000000
2017-02-01,195.454826,196.365394,194.948002,195.532135,79117700.000000
2017-02-02,195.532118,195.944461,194.844906,195.660980,69657600.000000
2017-02-03,196.563034,197.190122,196.253783,197.009720,80563200.000000
2017-02-06,196.605931,197.001090,196.322450,196.657471,57790100.000000
2017-02-07,197.044006,197.284533,196.477044,196.666031,57931200.000000
2017-02-08,196.666071,197.052631,196.124879,196.923782,51566200.000000
2017-02-09,196.923807,198.392739,196.923807,198.092087,65955200.000000
2017-02-10,198.435664,199.097120,198.109229,198.873764,66015900.000000
2017-02-13,199.363429,200.213873,199.337660,199.956161,55182100.000000
2017-02-14,199.775758,200.763649,199.432152,200.755051,71109000.000000
2017-02-15,200.540312,201.992073,200.488772,201.803085,86785800.000000
2017-02-16,201.828844,202.009246,200.883920,201.631271,84722400.000000
2017-02-17,200.969804,201.949097,200.952620,201.949097,77204100.000000
2017-02-21,202.318535,203.323598,202.309936,203.151794,88946100.000000
2017-02-22,202.748047,203.194733,202.584829,202.971390,62115200.000000
2017-02-23,203.486816,203.503987,202.352891,203.108841,74615900.000000
2017-02-24,202.266960,203.409457,202.224006,203.366516,82381600.000000
2017-02-27,203.280612,203.856160,203.031499,203.684357,56515400.000000
2017-02-28,203.306340,203.546867,202.747976,203.134537,96961900.000000
2017-03-01,204.783901,206.441834,204.766717,205.977951,149158200.000000
2017-03-02,205.788943,205.797541,204.629262,204.680801,70246000.000000
2017-03-03,204.594920,204.972895,204.216945,204.809677,81974300.000000
2017-03-06,204.019381,204.551975,203.598453,204.199783,55391500.000000
2017-03-07,203.899186,204.251392,203.383764,203.589935,65103700.000000
2017-03-08,203.881971,204.139682,203.074482,203.211929,78168800.000000
2017-03-09,203.332126,203.796009,202.507466,203.469574,90683900.000000
2017-03-10,204.423114,204.466068,203.237650,204.182587,81991700.000000
2017-03-13,204.122473,204.328644,203.796051,204.285690,57256800.000000
2017-03-14,203.744464,203.796017,202.894034,203.503937,59880800.000000
2017-03-15,204.070904,205.685882,203.838962,205.264954,96081800.000000
2017-03-16,205.402429,205.479739,204.534814,204.861237,78344000.000000
2017-03-17,205.122596,205.312406,204.501404,204.501404,89002100.000000
2017-03-20,204.501460,204.786174,203.888903,204.277145,52537000.000000
2017-03-21,204.881031,205.001818,201.524872,201.654282,131809300.000000
2017-03-22,201.688839,202.413560,201.067647,202.128845,97569200.000000
2017-03-23,202.128823,203.043353,201.542149,201.913132,100410300.000000
2017-03-24,202.215122,202.784537,200.989995,201.766479,112504900.000000
2017-03-27,200.101326,201.818235,199.825247,201.559402,87454500.000000
2017-03-28,201.257435,203.448855,201.145271,203.026108,93483900.000000
2017-03-29,202.741401,203.448862,202.517073,203.215912,61950400.000000
2017-03-30,203.155500,204.061406,202.982949,203.862961,56737900.000000
2017-03-31,203.526537,204.052825,203.336727,203.388504,73733100.000000
2017-04-03,203.440200,203.638632,201.809573,203.034698,85546500.000000
2017-04-04,202.749969,203.250375,202.370350,203.164093,56466200.000000
2017-04-05,203.837071,204.812000,202.353112,202.560181,108800600.000000
2017-04-06,202.698240,203.647275,202.258221,203.129623,69135800.000000
2017-04-07,202.879421,203.612777,202.439415,202.922562,74412300.000000
2017-04-10,203.060640,203.837124,202.517093,203.043381,67615300.000000
2017-04-11,202.663758,202.905331,201.317845,202.801804,88045300.000000
2017-04-12,202.525701,202.715511,201.688817,201.913132,81864400.000000
2017-04-13,201.576660,202.310017,200.601730,200.601730,92880400.000000
2017-04-17,201.119399,202.379044,200.920967,202.379044,68405400.000000
2017-04-18,201.645706,202.310040,201.093536,201.775116,83225800.000000
2017-04-19,202.335903,202.706886,201.179786,201.404114,68699900.000000
2017-04-20,202.016687,203.483400,201.697468,203.043381,92572200.000000
2017-04-21,202.965761,203.017525,201.999467,202.396332,110389800.000000
2017-04-24,204.630846,204.829291,202.370403,204.622223,119209900.000000
2017-04-25,205.260696,206.157967,205.174415,205.812866,76698300.000000
2017-04-26,205.778331,206.658356,205.640298,205.683426,84702500.000000
2017-04-27,206.002717,206.158009,205.321125,205.856049,57410300.000000
2017-04-28,206.114810,206.140692,205.277926,205.407349,63532800.000000
2017-05-01,205.925003,206.347763,205.510879,205.925003,66882500.000000
2017-05-02,206.063027,206.183813,205.597139,206.002640,57375700.000000
2017-05-03,206.002681,206.097586,205.079515,205.752472,73137700.000000
2017-05-04,206.054434,206.132080,205.148527,205.994034,61462700.000000
2017-05-05,206.365017,206.822282,205.924998,206.805023,62001300.000000
2017-05-08,206.848169,206.994838,206.347763,206.770523,48385700.000000
2017-05-09,207.029346,207.227778,206.235589,206.580704,51363200.000000
2017-05-10,206.537567,206.951691,206.330498,206.951691,54293800.000000
2017-05-11,206.503033,206.692843,205.450458,206.528915,62358300.000000
2017-05-12,206.278682,206.572019,205.916322,206.183777,53912700.000000
2017-05-15,206.606580,207.443464,206.589321,207.322678,61918900.000000
2017-05-16,207.615990,207.641872,206.744601,207.132843,51241800.000000
2017-05-17,207.132914,207.132914,203.397135,203.457535,172174100.000000
2017-05-18,203.379861,205.122653,203.121029,204.277145,107047700.000000
2017-05-19,204.760267,206.270107,204.708503,205.605774,115011400.000000
2017-05-22,206.114765,206.813616,206.045755,206.649689,61010600.000000
2017-05-23,207.020698,207.270907,206.641078,207.106979,48341700.000000
2017-05-24,207.339968,207.693692,207.003476,207.590164,46927700.000000
2017-05-25,208.099189,208.858428,207.892134,208.582336,64071700.000000
2017-05-26,208.392533,208.703130,208.314887,208.539215,46629900.000000
2017-05-30,208.219956,208.608198,208.064664,208.358002,35201900.000000
2017-05-31,208.651345,208.685863,207.616028,208.306244,91796000.000000
2017-06-01,208.763479,209.979982,208.478764,209.962723,68962000.000000
2017-06-02,210.014516,210.816895,209.721179,210.661591,88666100.000000
2017-06-05,210.489043,210.773757,210.307856,210.506302,44698800.000000
2017-06-06,209.945494,210.497664,209.755685,209.833344,50375400.000000
2017-06-07,210.169809,210.445887,209.505475,210.221573,54144300.000000
2017-06-08,210.316481,210.799628,209.798816,210.325104,65950700.000000
2017-06-09,210.592564,211.386308,208.746246,210.005890,132256400.000000
2017-06-12,209.764290,210.014487,209.117216,209.962723,86108100.000000
2017-06-13,210.497688,211.041235,210.152587,210.989471,60067000.000000
2017-06-14,211.256834,211.265457,209.902286,210.721924,78602300.000000
2017-06-15,209.376027,210.437239,209.099949,210.316452,66464900.000000
2017-06-16,210.475138,210.527154,209.486788,210.362427,84553100.000000
2017-06-19,211.186041,212.174390,211.090673,212.113708,65123800.000000
2017-06-20,211.758264,211.766929,210.665882,210.683212,56906400.000000
2017-06-21,211.073329,211.186027,210.163005,210.631165,55977600.000000
2017-06-22,210.639919,211.134087,210.362481,210.535873,44148100.000000
2017-06-23,210.596527,211.116703,210.215056,210.787262,66986800.000000
2017-06-26,211.454803,211.870960,210.717884,210.925949,56700500.000000
2017-06-27,210.709248,211.004029,209.209387,209.226730,82247700.000000
2017-06-28,210.241102,211.298811,210.007016,211.099411,70042600.000000
2017-06-29,211.246786,211.298803,208.038987,209.244080,106949700.000000
2017-06-30,210.050314,210.423120,209.443435,209.634171,86820700.000000
2017-07-03,210.570510,211.003997,209.989639,209.989639,39153800.000000
2017-07-05,210.353798,210.683239,209.547506,210.475174,54427600.000000
2017-07-06,209.712248,209.833624,208.368436,208.550507,65400800.000000
2017-07-07,209.122668,210.050323,208.559127,209.902939,57972300.000000
2017-07-10,209.902918,210.501132,209.599472,210.128326,36663300.000000
2017-07-11,210.128324,210.284386,208.810534,209.972275,50354600.000000
2017-07-12,210.934658,211.714928,210.934658,211.550201,59610400.000000
2017-07-13,211.558840,212.018335,211.333419,211.905624,39471600.000000
2017-07-14,211.905663,213.249475,211.810296,212.894012,60262700.000000
2017-07-17,212.815965,213.197435,212.694589,212.867981,33531900.000000
2017-07-18,212.460508,213.032714,212.122389,212.980698,42742500.000000
2017-07-19,213.292824,214.142454,213.284146,214.133789,51034300.000000
2017-07-20,214.385205,214.506581,213.682959,214.229156,47135200.000000
2017-07-21,213.656951,214.064430,213.431530,214.038422,82340800.000000
2017-07-24,213.960383,214.125110,213.518231,213.986404,46622300.000000
2017-07-25,214.731985,214.836031,214.281168,214.506577,54915600.000000
2017-07-26,214.792681,214.827355,214.255162,214.515244,47575400.000000
2017-07-27,214.974765,215.009438,212.998053,214.315857,70766600.000000
2017-07-28,213.839016,214.194479,213.388200,214.064438,50088400.000000
2017-07-31,214.463246,214.558613,213.734991,213.943069,65838700.000000
2017-08-01,214.541282,214.575956,213.899717,214.419907,55050400.000000
2017-08-02,214.549919,214.662629,213.596243,214.523911,47211200.000000
2017-08-03,214.411221,214.437229,213.830350,214.107788,40856000.000000
2017-08-04,214.593247,214.827320,214.116409,214.497879,60191800.000000
2017-08-07,214.567288,214.896729,214.463242,214.896729,31995000.000000
2017-08-08,214.584587,215.798358,213.995051,214.367844,61719400.000000
2017-08-09,213.682954,214.411208,213.327491,214.359192,62632600.000000
2017-08-10,213.526892,213.656946,211.281434,211.333450,120479500.000000
2017-08-11,211.558864,212.235102,211.324778,211.645554,74869900.000000
2017-08-14,212.920045,213.960411,212.885372,213.743668,73291900.000000
2017-08-15,214.125099,214.142443,213.414188,213.717621,55242700.000000
2017-08-16,214.237762,214.636575,213.665556,214.090378,56715500.000000
2017-08-17,213.483553,213.795664,210.752579,210.752579,128490400.000000
2017-08-18,210.587855,211.706259,209.980977,210.423141,136748000.000000
2017-08-21,210.362437,210.847940,209.660190,210.587845,65469700.000000
2017-08-22,211.168696,212.945981,211.151353,212.789932,63140100.000000
2017-08-23,211.827623,212.451845,211.680239,212.027023,50203800.000000
2017-08-24,212.408491,212.564539,211.324774,211.532852,50741700.000000
2017-08-25,212.321791,212.937348,211.879639,212.027023,64445900.000000
2017-08-28,212.555866,212.581875,211.619534,212.035690,40565600.000000
2017-08-29,210.726613,212.538585,210.613902,212.278503,51135700.000000
2017-08-30,212.261157,213.552953,212.079087,213.284180,62030800.000000
2017-08-31,213.899657,214.809982,213.318787,214.567230,103803900.000000
2017-09-01,214.940041,215.295503,214.723298,214.870682,62007000.000000
2017-09-05,214.367880,214.593302,212.365173,213.327515,91398800.000000
2017-09-06,214.003694,214.385164,213.474839,214.055710,57916900.000000
2017-09-07,214.359148,214.376491,213.622215,214.029694,58034700.000000
2017-09-08,213.743619,214.237800,213.535554,213.778305,63832800.000000
2017-09-11,215.044086,216.136481,215.026756,216.058456,71364800.000000
2017-09-12,216.422601,216.821401,216.240530,216.786728,56896000.000000
2017-09-13,216.500627,216.925449,216.387916,216.890762,59228000.000000
2017-09-14,216.569979,217.020809,216.396587,216.821396,95446300.000000
2017-09-15,216.677643,217.200401,216.573094,217.113281,95432400.000000
2017-09-18,217.479232,217.923578,217.191710,217.575073,46235200.000000
2017-09-19,217.819030,217.880025,217.470525,217.792892,47108100.000000
2017-09-20,217.880013,217.984562,216.878038,217.871292,59574100.000000
2017-09-21,217.714482,217.801602,217.113299,217.287552,48211400.000000
2017-09-22,216.991319,217.496660,216.965181,217.331116,51214000.000000
2017-09-25,217.078416,217.426934,216.146157,216.886734,57064400.000000
2017-09-26,217.313687,217.557643,216.782208,217.017456,54082000.000000
2017-09-27,217.714434,218.245912,216.834436,217.862549,81001400.000000
2017-09-28,217.583777,218.202389,217.496658,218.123978,44778800.000000
2017-09-29,218.115251,218.969111,217.932290,218.890686,85578000.000000
2017-10-02,219.117248,219.840408,218.942982,219.840408,59023000.000000
2017-10-03,219.840369,220.336989,219.761944,220.310852,66810200.000000
2017-10-04,220.162734,220.816191,220.049464,220.572235,55953600.000000
2017-10-05,220.903282,221.896536,220.607051,221.879120,63522800.000000
2017-10-06,221.434844,221.914049,221.173472,221.626526,80646000.000000
2017-10-09,221.853003,221.913986,220.999143,221.260529,35803100.000000
2017-10-10,221.826853,222.218924,221.286653,221.844269,43057400.000000
2017-10-11,221.748451,222.192810,221.582920,222.192810,47674300.000000
2017-10-12,221.879139,222.227644,221.626461,221.861710,47065100.000000
2017-10-13,222.297335,222.410605,221.861697,222.131790,54800400.000000
2017-10-16,222.358380,222.619752,222.018583,222.428070,38221700.000000
2017-10-17,222.375789,222.628466,222.157970,222.584900,31561000.000000
2017-10-18,222.959497,223.003063,222.610992,222.802673,40888300.000000
2017-10-19,222.027276,222.898552,221.609067,222.863693,61903800.000000
2017-10-20,223.656564,224.039927,222.846270,224.013763,89176400.000000
2017-10-23,224.336126,224.362264,223.064044,223.142456,63915300.000000
2017-10-24,223.569465,223.769842,223.177381,223.534607,66935900.000000
2017-10-25,223.203505,223.316775,221.304130,222.428070,103715300.000000
2017-10-26,223.037942,223.308022,222.593583,222.715561,69798000.000000
2017-10-27,223.456141,224.693364,222.724272,224.536514,85562500.000000
2017-10-30,223.456163,224.440709,223.403888,223.700119,54285700.000000
2017-10-31,224.074736,224.301277,223.752369,224.048599,60304800.000000
2017-11-01,224.824097,225.163881,223.978958,224.344879,54202700.000000
2017-11-02,224.275153,224.571384,223.212195,224.431976,56449500.000000
2017-11-03,224.588817,225.224858,224.179316,225.181305,59589700.000000
2017-11-06,225.050583,225.660486,224.980892,225.529800,49652600.000000
2017-11-07,225.634404,225.965493,224.867677,225.373032,57502200.000000
2017-11-08,225.198684,225.852141,224.919869,225.756287,50469600.000000
2017-11-09,224.554030,225.129075,223.360359,224.937393,95085500.000000
2017-11-10,224.553953,225.041865,224.240280,224.867599,59984700.000000
2017-11-13,224.188029,225.303261,224.153171,225.076721,50228600.000000
2017-11-14,224.275140,224.658504,223.499692,224.553955,61315200.000000
2017-11-15,223.586862,224.109633,222.724307,223.430038,80811500.000000
2017-11-16,224.371028,225.695385,224.327475,225.329437,67777000.000000
2017-11-17,224.980864,225.303232,224.588779,224.667191,75756800.000000
2017-11-20,224.911202,225.242265,224.667219,225.050583,48075500.000000
2017-11-21,225.817340,226.706058,225.015781,226.523071,69176800.000000
2017-11-22,226.531775,226.662461,226.157133,226.322678,45033400.000000
2017-11-24,226.810612,226.950019,226.671204,226.845444,27856500.000000
2017-11-27,226.889016,227.185247,226.531790,226.732193,52274900.000000
2017-11-28,227.193939,229.058455,227.098084,229.032318,98971700.000000
2017-11-29,229.162992,229.694484,228.448566,228.892899,77512100.000000
2017-11-30,229.807771,231.802974,229.729359,230.896866,127894400.000000
2017-12-01,230.679032,231.158223,227.193928,230.417633,164390900.000000
2017-12-04,232.029555,232.456472,230.086600,230.138901,94040600.000000
2017-12-05,229.311172,231.018866,229.180486,229.311172,77994500.000000
2017-12-06,229.406950,229.781619,228.892900,229.354675,75898600.000000
2017-12-07,230.077881,230.391527,229.093335,230.077881,77218600.000000
2017-12-08,231.027598,231.341245,230.043052,231.332550,76563900.000000
2017-12-11,232.029541,232.090537,231.306394,232.029541,83077500.000000
2017-12-12,232.813638,232.909492,232.064353,232.438995,85195800.000000
2017-12-13,232.682996,233.118634,232.325770,232.412903,102905400.000000
2017-12-14,232.709129,232.822400,231.410937,231.463211,100666700.000000
2017-12-15,232.462430,233.854837,232.409888,233.390701,144610300.000000
2017-12-18,234.783088,235.220953,234.678005,234.870667,83653600.000000
2017-12-19,235.115831,235.159607,233.898555,233.968628,82382900.000000
2017-12-20,234.931935,234.984476,233.548294,233.846039,76751500.000000
2017-12-21,234.467833,235.037079,234.082510,234.327713,67032300.000000
2017-12-22,234.345246,234.380283,233.732225,234.266434,78720900.000000
2017-12-26,233.863591,234.205138,233.723498,233.986206,45244400.000000
2017-12-27,234.152578,234.459089,233.828563,234.100037,57751000.000000
2017-12-28,234.599181,234.625452,234.213858,234.581650,45116100.000000
2017-12-29,235.159639,235.177144,233.504524,233.697159,96007400.000000
2018-01-02,234.555405,235.404864,234.170082,235.369827,86655700.000000
2018-01-03,235.536161,237.007406,235.536161,236.858521,90070400.000000
2018-01-04,237.497771,238.338463,236.919786,237.856796,80636400.000000
2018-01-05,238.645130,239.564635,238.154723,239.442047,83524000.000000
2018-01-08,239.345659,240.037492,239.056680,239.879868,57319200.000000
2018-01-09,240.300160,241.044536,240.019920,240.422775,57254000.000000
2018-01-10,239.669670,240.317728,239.004133,240.054993,69574300.000000
2018-01-11,240.606697,241.806442,240.440306,241.806442,62361500.000000
2018-01-12,242.069157,243.549115,241.771386,243.382751,90816100.000000
2018-01-16,244.635006,245.283037,241.858932,242.550766,106555100.000000
2018-01-17,243.479061,245.248025,242.550790,244.862701,113258800.000000
2018-01-18,244.748932,245.169265,243.960754,244.451187,100728000.000000
2018-01-19,245.029115,245.563324,244.451157,245.563324,140920100.000000
2018-01-22,245.353138,247.559967,245.300570,247.559967,91322400.000000
2018-01-23,247.603782,248.374428,247.279766,248.085449,97084700.000000
2018-01-24,248.724715,249.320231,246.815631,247.989105,134816100.000000
2018-01-25,248.847334,248.943651,247.306041,248.094193,84587300.000000
2018-01-26,248.926100,251.010340,248.672131,250.966537,107743100.000000
2018-01-29,250.397320,250.835185,249.145033,249.302658,90118300.000000
2018-01-30,247.481200,249.355247,246.272689,246.745590,131796400.000000
2018-01-31,247.594912,248.094057,245.799651,246.868042,108364800.000000
2018-02-01,246.141378,247.884072,245.799831,246.587982,90102500.000000
2018-02-02,245.274348,245.405728,241.184705,241.219742,173174800.000000
2018-02-05,239.468217,241.569962,230.588308,231.131256,294681800.000000
2018-02-06,227.637133,236.184261,226.551237,235.685089,355026800.000000
2018-02-07,235.133399,238.513702,234.327716,234.406555,167376100.000000
2018-02-08,234.704257,234.844377,225.579145,225.614182,246449500.000000
2018-02-09,228.390244,230.851042,221.489505,229.003265,283565300.000000
2018-02-12,231.043759,233.828600,229.143440,232.366119,143736000.000000
2018-02-13,231.166286,233.486963,230.588301,232.944016,81223600.000000
2018-02-14,231.463995,236.446897,231.455230,236.087845,120735700.000000
2018-02-15,237.821876,239.109199,235.369817,239.100433,111200300.000000
2018-02-16,238.478649,241.105837,238.434846,239.170456,160420100.000000
2018-02-20,238.224703,239.660912,236.884838,237.672989,86369700.000000
2018-02-21,238.110812,240.580375,236.394390,236.490707,98883700.000000
2018-02-22,237.410247,239.117904,236.131690,236.797226,110511300.000000
2018-02-23,238.014495,240.571609,237.541593,240.571609,92766400.000000
2018-02-26,241.639970,243.461502,241.053247,243.365158,86491400.000000
2018-02-27,243.549094,244.258459,240.265109,240.326416,99099200.000000
2018-02-28,241.421111,241.867742,237.576672,237.891922,121907800.000000
2018-03-01,237.681780,239.223073,232.944080,234.432831,176855100.000000
2018-03-02,232.768950,236.201822,231.910752,235.641342,139083200.000000
2018-03-05,234.459091,238.977859,234.353981,238.364838,97307400.000000
2018-03-06,239.336847,239.415686,237.480304,238.969055,79213200.000000
2018-03-07,236.814791,239.231787,236.622130,238.881500,87063500.000000
2018-03-08,239.555824,240.160079,238.566272,240.037491,66901200.000000
2018-03-09,241.438734,244.214783,241.123457,244.214783,113625300.000000
2018-03-12,244.503689,245.125449,243.522849,243.908173,71924800.000000
2018-03-13,245.064151,245.563323,241.727623,242.331879,91968900.000000
2018-03-14,243.286423,243.470319,240.536646,241.088333,105895100.000000
2018-03-15,241.596223,242.235488,240.326405,240.825577,83433000.000000
2018-03-16,241.350537,242.133071,241.034025,241.086777,100343700.000000
2018-03-19,240.339369,241.262556,236.180569,237.824738,109208400.000000
2018-03-20,238.220447,238.862300,237.552218,238.229248,59757300.000000
2018-03-21,238.185276,240.269063,237.561025,237.772034,78709600.000000
2018-03-22,235.556340,236.400400,231.555796,231.828384,148785900.000000
2018-03-23,232.268085,232.593398,226.693697,226.887131,183534800.000000
2018-03-26,230.474374,233.375845,228.082848,233.094482,141956100.000000
2018-03-27,234.026522,234.554043,227.581700,229.129166,129941400.000000
2018-03-28,229.261058,230.922829,227.353102,228.452148,146452300.000000
2018-03-29,229.586320,233.226374,228.460898,231.371170,111601600.000000
2018-04-02,230.843648,231.353621,223.915270,226.377136,186286300.000000
2018-04-03,227.608035,229.753375,225.823185,229.278580,119956900.000000
2018-04-04,225.744088,232.435068,225.612208,231.731689,123715300.000000
2018-04-05,233.481285,234.439677,232.399841,233.560440,82652600.000000
2018-04-06,231.608579,233.094465,226.843104,228.355392,179521200.000000
2018-04-09,229.806148,232.857101,228.548846,229.480835,105442900.000000
2018-04-10,232.355936,233.912203,231.221740,233.129669,103529000.000000
2018-04-11,231.652515,233.560471,231.582188,231.907501,91140200.000000
2018-04-12,233.226402,234.756265,233.050544,233.815475,68890500.000000
2018-04-13,235.116753,235.231058,232.127353,233.129669,85079200.000000
2018-04-16,234.756189,235.811284,233.938506,235.046326,63405300.000000
2018-04-17,236.804847,238.158879,236.294901,237.561005,64682000.000000
2018-04-18,238.000607,238.536929,237.279627,237.736847,57303900.000000
2018-04-19,237.086170,237.288404,235.389250,236.417969,77655900.000000
2018-04-20,236.347677,236.567487,233.534108,234.413345,99953100.000000
2018-04-23,234.984911,235.538834,233.305565,234.378235,65558000.000000
2018-04-24,235.398070,235.617879,229.726982,231.221695,112885500.000000
2018-04-25,231.160207,232.232877,229.348981,231.793259,103840900.000000
2018-04-26,232.813167,234.976082,232.373548,234.149597,67731900.000000
2018-04-27,234.756312,235.055250,233.437457,234.369446,57053600.000000
2018-04-30,234.984811,235.538734,232.496556,232.566910,82182300.000000
2018-05-01,232.004242,233.085713,230.456777,232.980209,74203400.000000
2018-05-02,232.786753,233.595636,231.028280,231.415146,86368900.000000
2018-05-03,230.588685,231.555824,227.766315,230.905197,136311500.000000
2018-05-04,229.938056,234.571652,229.612743,233.894623,91222100.000000
2018-05-07,234.659598,235.653113,233.973767,234.685974,55304900.000000
2018-05-08,234.316683,235.046438,233.129707,234.685974,67499200.000000
2018-05-09,235.354158,237.279690,234.835412,236.954376,59666100.000000
2018-05-10,237.692872,239.495323,237.587367,239.169983,72063900.000000
2018-05-11,239.293089,240.163525,238.783117,239.899765,59871500.000000
2018-05-14,240.330673,240.981300,239.469011,240.014160,54790600.000000
2018-05-15,238.791978,238.809553,237.420370,238.361160,87036100.000000
2018-05-16,238.396264,239.820624,238.369862,239.363403,53942600.000000
2018-05-17,239.099671,240.233894,238.387492,239.161224,56536400.000000
2018-05-18,238.818325,239.178816,238.211650,238.563339,64368000.000000
2018-05-21,240.040482,240.893343,239.653616,240.356995,58025900.000000
2018-05-22,240.875772,241.130759,239.363484,239.688797,52966400.000000
2018-05-23,238.422671,240.374578,238.264388,240.348175,64694200.000000
2018-05-24,239.952565,240.225126,238.079786,239.855835,76043800.000000
2018-05-25,239.284332,239.908583,238.783161,239.284332,56374800.000000
2018-05-29,237.666465,238.422622,235.424422,236.532242,115908600.000000
2018-05-30,237.833620,240.128416,237.763293,239.688797,69678400.000000
2018-05-31,239.284328,239.583266,237.622584,238.220459,93519900.000000
2018-06-01,239.512910,240.858141,239.442556,240.559204,71258400.000000
2018-06-04,241.376866,241.957165,241.139481,241.702179,45385200.000000
2018-06-05,241.834089,242.256132,241.069157,241.878067,51135000.000000
2018-06-06,242.484710,244.005773,241.869234,243.900269,62732200.000000
2018-06-07,244.383889,244.674025,242.968304,243.873917,72969400.000000
2018-06-08,243.416705,244.647631,243.249648,244.594879,72139700.000000
2018-06-11,244.814723,245.632407,244.700418,244.920227,58892500.000000
2018-06-12,245.333459,245.597219,244.594903,245.236755,72329000.000000
2018-06-13,245.474172,245.729158,244.252020,244.454254,79070600.000000
2018-06-14,245.315948,245.597284,244.480663,245.069763,77097600.000000
2018-06-15,244.288978,245.092679,243.184997,244.757065,120041600.000000
2018-06-18,243.308617,244.377290,242.831717,244.253632,52917600.000000
2018-06-19,241.992712,243.538286,241.577614,243.317490,97531500.000000
2018-06-20,243.997550,244.394994,243.396990,243.732605,53785500.000000
2018-06-21,243.723746,243.741426,241.710085,242.204666,71061400.000000
2018-06-22,243.458767,243.573585,242.425429,242.646225,54898500.000000
2018-06-25,241.498144,241.657111,237.665124,239.343170,137854200.000000
2018-06-26,239.908367,240.720882,239.157654,239.873032,68547400.000000
2018-06-27,240.455936,241.877850,237.735711,237.885864,105110700.000000
2018-06-28,237.832886,240.005513,237.126321,239.245987,76650500.000000
2018-06-29,240.332326,241.692439,239.475636,239.590454,97592500.000000
2018-07-02,238.027243,240.261701,237.788766,240.102707,63554800.000000
2018-07-03,240.994667,241.091831,238.830880,239.254791,42187100.000000
2018-07-05,240.376435,241.268433,239.307762,241.206604,56925900.000000
2018-07-06,241.233150,243.617733,240.853360,243.246811,66493700.000000
2018-07-09,244.244783,245.490077,244.200634,245.437088,50550400.000000
2018-07-10,245.887484,246.417401,245.596018,246.320236,51966800.000000
2018-07-11,244.774747,245.560795,244.218336,244.518616,77054700.000000
2018-07-12,245.772729,246.788386,245.172170,246.735397,60124700.000000
2018-07-13,246.558750,247.229952,246.108317,246.929672,48216000.000000
2018-07-16,246.973834,247.115120,246.267270,246.708862,48201000.000000
2018-07-17,245.940539,248.095513,245.887550,247.706909,52315500.000000
2018-07-18,247.786480,248.334051,247.344888,248.228073,44593500.000000
2018-07-19,247.565548,247.945311,246.814836,247.291763,61412100.000000
2018-07-20,247.088684,247.715765,246.850234,247.009201,82337700.000000
2018-07-23,246.806041,247.671545,246.461586,247.468430,47047600.000000
2018-07-24,248.872678,249.552721,247.848180,248.713684,68026900.000000
2018-07-25,248.466433,251.151323,248.422284,250.833389,78882900.000000
2018-07-26,250.117945,250.921620,250.020781,250.241577,57919500.000000
2018-07-27,250.568480,250.665644,247.627485,248.546005,76768700.000000
2018-07-30,248.625417,248.784383,246.726547,247.247650,63742500.000000
2018-07-31,248.007169,249.075815,247.627406,248.466415,68570500.000000
2018-08-01,248.669586,249.173008,247.406638,248.051346,53853300.000000
2018-08-02,246.753079,249.570414,246.549936,249.402634,63426400.000000
2018-08-03,249.526284,250.524287,249.349636,250.471298,53935400.000000
2018-08-06,250.506631,251.698910,250.118028,251.389816,39400900.000000
2018-08-07,252.052129,252.599700,251.919630,252.219910,43196600.000000
2018-08-08,252.052196,252.511442,251.654752,252.113998,42114600.000000
2018-08-09,252.175804,252.564408,251.637074,251.769547,35717000.000000
2018-08-10,250.338849,250.877579,249.376154,250.082718,77076000.000000
2018-08-13,250.356474,250.965874,248.855049,249.146515,65732900.000000
2018-08-14,249.870793,250.974775,249.482190,250.736298,43842000.000000
2018-08-15,249.393762,249.535075,247.433091,248.863846,102925400.000000
2018-08-16,250.294628,251.743064,250.259293,250.877533,69967900.000000
2018-08-17,250.674430,252.202350,250.268172,251.760757,65618500.000000
2018-08-20,252.211145,252.564414,251.760712,252.299469,39807500.000000
2018-08-21,252.811676,253.747849,252.334748,252.891159,67272000.000000
2018-08-22,252.484897,253.262104,252.219925,252.741028,44993300.000000
2018-08-23,252.564439,253.421129,252.087511,252.405472,49204900.000000
2018-08-24,252.979516,254.065843,252.926527,253.924530,57487400.000000
2018-08-27,255.116779,256.035299,254.957813,255.929321,57072400.000000
2018-08-28,256.388536,256.494540,255.593675,256.052948,46943500.000000
2018-08-29,256.264945,257.660365,256.026495,257.430756,61485500.000000
2018-08-30,256.953832,257.324754,255.796861,256.388580,61229500.000000
2018-08-31,255.982363,256.839053,255.496622,256.397461,66140800.000000
2018-09-04,255.982366,256.309140,254.957868,255.955872,57594400.000000
2018-09-05,255.602582,255.805725,254.260151,255.266968,72452400.000000
2018-09-06,255.372971,255.673251,253.474129,254.498627,65909900.000000
2018-09-07,253.456519,254.975599,253.218042,254.004089,73524800.000000
2018-09-10,255.010903,255.275875,254.251377,254.445679,50210900.000000
2018-09-11,253.800802,255.726138,253.456374,255.284546,50530500.000000
2018-09-12,255.293447,255.946995,254.560415,255.346436,59810800.000000
2018-09-13,256.406314,257.042208,256.123688,256.856720,51034200.000000
2018-09-14,257.059907,257.245368,256.123733,256.900940,55079900.000000
2018-09-17,256.847849,256.883157,255.266941,255.540726,68244000.000000
2018-09-18,255.752687,257.519056,255.726192,256.927338,61930400.000000
2018-09-19,256.980315,257.616209,256.856656,257.201111,49080600.000000
2018-09-20,258.455292,259.603422,257.218812,259.285461,100360600.000000
2018-09-21,260.024430,260.139768,258.888837,259.048523,105479700.000000
2018-09-24,258.471954,258.613907,257.611386,258.188049,53409600.000000
2018-09-25,258.640457,258.746915,257.708926,257.948456,44370000.000000
2018-09-26,258.090372,259.270313,256.759598,257.176575,79739700.000000
2018-09-27,257.646671,258.977444,257.371646,257.895081,59249500.000000
2018-09-28,257.274282,258.418757,257.238815,257.921936,70091400.000000
2018-10-01,259.155039,259.882536,258.152545,258.817932,62078900.000000
2018-10-02,258.667023,259.376758,258.294421,258.667023,47258200.000000
2018-10-03,259.714030,260.131007,258.454245,258.809113,64694600.000000
2018-10-04,258.329914,258.383143,255.207040,256.786224,111545900.000000
2018-10-05,257.007996,257.522550,253.929471,255.348969,105951700.000000
2018-10-08,254.665820,255.703836,253.290698,255.348969,87742200.000000
2018-10-09,254.967480,256.271613,254.417404,254.976334,74339000.000000
2018-10-10,254.470591,254.541580,246.530322,246.902924,214731000.000000
2018-10-11,245.820675,247.435355,239.858804,241.464630,274840500.000000
2018-10-12,245.545615,245.829520,241.642016,244.818146,183186500.000000
2018-10-15,244.463263,245.785185,243.354285,243.443008,102263700.000000
2018-10-16,245.394874,249.138788,244.924668,248.766159,118255800.000000
2018-10-17,248.801590,249.431482,246.246499,248.810471,110626000.000000
2018-10-18,247.878910,248.473335,243.948696,245.217361,134557500.000000
2018-10-19,245.865076,247.790248,244.392349,245.084351,139901600.000000
2018-10-22,245.749708,246.069081,243.451907,243.984222,82415800.000000
2018-10-23,240.382274,243.860016,238.306241,242.742157,146352700.000000
2018-10-24,242.493723,242.875232,234.837356,235.387405,177806700.000000
2018-10-25,237.214974,241.145188,236.194719,239.610352,138061500.000000
2018-10-26,235.919702,240.426579,232.699224,235.396240,201574600.000000
2018-10-29,238.474788,239.761215,230.534516,234.092102,160749100.000000
2018-10-30,233.923576,237.871524,233.435609,237.561005,157116000.000000
2018-10-31,240.116107,242.405055,239.645901,240.098373,128296300.000000
2018-11-01,240.958935,242.848639,239.876570,242.653458,99495000.000000
2018-11-02,243.753532,244.179390,239.175665,241.216202,122634100.000000
2018-11-05,241.704101,243.096985,240.737075,242.546936,65622500.000000
2018-11-06,242.484884,244.241489,242.422774,244.081802,60085900.000000
2018-11-07,246.246535,249.387170,245.820677,249.307327,102752100.000000
2018-11-08,248.508798,249.493585,247.719220,248.854813,65584900.000000
2018-11-09,247.550647,247.736948,245.022171,246.423935,98812600.000000
2018-11-12,245.918270,246.157800,241.304907,241.819489,99673600.000000
2018-11-13,242.280863,244.268145,240.648449,241.367065,98176600.000000
2018-11-14,243.230064,243.629280,238.164257,239.716827,125335900.000000
2018-11-15,238.457072,242.680072,236.886767,242.218719,135101400.000000
2018-11-16,241.127420,243.753473,240.612839,242.848557,126668000.000000
2018-11-19,242.245401,242.538187,237.827245,238.741043,103061700.000000
2018-11-20,235.422883,236.877876,233.462216,234.322784,136021300.000000
2018-11-21,235.866477,237.010951,235.112393,235.121246,75563700.000000
2018-11-23,233.488870,234.943864,233.391293,233.550980,42807900.000000
2018-11-26,235.795456,237.543207,235.405093,237.321411,79981400.000000
2018-11-27,236.292294,238.119888,235.689016,238.119888,75502400.000000
2018-11-28,239.184523,243.602676,238.057783,243.602676,127629600.000000
2018-11-29,242.830817,244.463230,241.695224,243.070374,82346400.000000
2018-11-30,242.919543,245.110886,242.600170,244.551956,98204200.000000
2018-12-03,248.659671,248.766129,246.202184,247.790222,103176300.000000
2018-12-04,246.965090,247.390947,239.450650,239.761169,177986000.000000
2018-12-06,235.919734,239.512814,232.832327,239.397476,204185400.000000
2018-12-07,239.060286,240.621737,233.000839,233.834793,161018900.000000
2018-12-10,233.657358,235.245423,229.443239,234.278397,151445900.000000
2018-12-11,237.463420,237.649721,232.867818,234.331665,121504400.000000
2018-12-12,237.294782,238.652170,235.431692,235.511536,97976700.000000
2018-12-13,236.452018,237.312586,234.322784,235.431763,96662700.000000
2018-12-14,233.293641,234.242934,230.534515,231.084564,116961100.000000
2018-12-17,230.135285,231.244264,224.927525,226.551071,165492300.000000
2018-12-18,228.183449,228.848836,224.705680,226.302612,134515100.000000
2018-12-19,226.382494,230.135274,221.219095,222.913605,214992800.000000
2018-12-20,221.671528,223.232965,217.049299,219.285004,252053400.000000
2018-12-21,220.181878,222.832200,214.149489,214.791992,255345600.000000
2018-12-24,213.310623,214.916880,209.054058,209.116516,147311600.000000
2018-12-26,210.571072,219.682098,208.598942,219.682098,218485400.000000
2018-12-27,216.460697,221.565006,213.239263,221.368698,186267300.000000
2018-12-28,222.716173,224.340268,219.923069,221.083145,153100200.000000
2018-12-31,222.698341,223.260534,220.833303,223.019592,144299400.000000
2019-01-02,219.503646,224.170719,219.476877,223.251572,126925200.000000
2019-01-03,221.511472,221.814886,217.442295,217.924179,144140700.000000
2019-01-04,220.940360,225.866212,220.565569,225.223709,142628800.000000
2019-01-07,225.491430,228.400531,224.599066,226.999527,103139100.000000
2019-01-08,229.176867,229.614117,226.660395,229.132233,102512600.000000
2019-01-09,229.837253,231.041949,228.614718,230.203125,95006600.000000
2019-01-10,228.677163,231.265013,227.998958,231.015152,96823900.000000
2019-01-11,229.944296,231.131155,229.364265,231.104385,73858100.000000
2019-01-14,229.212513,230.497519,228.810966,229.694397,70908200.000000
2019-01-15,230.069270,232.639283,230.060338,232.326950,85208300.000000
2019-01-16,232.755208,233.772515,232.549981,232.889084,77636700.000000
2019-01-17,232.023518,235.512664,231.978884,234.655975,96118400.000000
2019-01-18,236.458570,238.243298,234.691680,237.779251,127900300.000000
2019-01-22,236.315749,236.529907,232.960452,234.566696,115531200.000000
2019-01-23,235.592965,236.289007,232.603541,235.057541,86030300.000000
2019-01-24,234.879095,235.762553,233.870719,235.182495,59204100.000000
2019-01-25,237.020787,237.993487,235.280693,237.172501,96883400.000000
2019-01-28,235.039703,235.432318,233.611915,235.369873,85613700.000000
2019-01-29,235.512655,236.074821,234.227649,235.057541,66136300.000000
2019-01-30,236.565642,239.617511,235.807127,238.778687,92473700.000000
2019-01-31,238.716303,241.357693,238.502117,240.875809,104012100.000000
2019-02-01,241.072054,242.009053,240.206461,240.991745,85782500.000000
2019-02-04,241.036438,242.749789,240.367165,242.687317,60744800.000000
2019-02-05,243.115611,244.007975,242.615890,243.704575,79552800.000000
2019-02-06,243.427935,243.918725,242.651583,243.383301,58347800.000000
2019-02-07,241.777036,242.321365,239.412278,241.063156,95482000.000000
2019-02-08,239.822814,241.455828,239.001827,241.357681,75788900.000000
2019-02-11,242.009118,242.267884,240.965040,241.491531,68021400.000000
2019-02-12,243.097683,244.971625,243.026279,244.596848,72270200.000000
2019-02-13,245.426800,246.229922,245.007388,245.391098,65277200.000000
2019-02-14,244.311348,245.971158,243.499293,244.846771,83234400.000000
2019-02-15,246.613703,247.550702,246.408477,247.514999,97088700.000000
2019-02-19,246.720764,248.594707,246.711832,247.943298,59120800.000000
2019-02-20,247.907630,248.898169,247.407909,248.443054,76610800.000000
2019-02-21,247.809401,248.166341,246.604704,247.559540,64214700.000000
2019-02-22,248.175337,249.290792,247.541766,249.094498,78114600.000000
2019-02-25,250.513251,251.030810,249.353162,249.433472,69030700.000000
2019-02-26,249.085637,250.129688,248.880383,249.255188,56844100.000000
2019-02-27,248.541152,249.495987,247.613113,249.147980,56921600.000000
2019-02-28,248.933699,249.370975,248.362600,248.683838,69268300.000000
2019-03-01,250.254547,250.647189,248.808922,250.236710,78880500.000000
2019-03-04,251.289642,251.530571,247.041982,249.326431,106494600.000000
2019-03-05,249.451412,249.647734,248.443037,248.987366,59114600.000000
2019-03-06,249.103326,249.112258,247.157980,247.479218,75039800.000000
2019-03-07,247.033063,247.175844,244.570157,245.408981,94885100.000000
2019-03-08,243.561769,245.087703,243.097749,244.918152,85795800.000000
2019-03-11,245.632107,248.630437,245.605337,248.469818,65098900.000000
2019-03-12,249.023059,249.924355,248.835670,249.406769,79667500.000000
2019-03-13,250.290197,251.985683,250.129551,251.057617,80639200.000000
2019-03-14,251.084392,251.503804,250.459754,250.897003,67518400.000000
2019-03-15,251.446414,252.943210,251.258173,252.136551,81309000.000000
2019-03-18,252.351597,253.346497,252.127523,253.050705,62199800.000000
2019-03-19,254.108457,254.870285,252.226233,253.113556,90268100.000000
2019-03-20,252.898408,254.099439,251.249230,252.351654,84609200.000000
2019-03-21,251.536079,255.605236,251.491248,255.201920,79550400.000000
2019-03-22,253.848528,254.368366,250.227490,250.290237,122659300.000000
2019-03-25,249.949577,251.132692,248.847153,250.101959,85575200.000000
2019-03-26,251.849740,252.916333,250.568046,251.966263,68125900.000000
2019-03-27,251.957325,252.539938,249.107115,250.648743,72224700.000000
2019-03-28,251.276133,252.046933,250.128877,251.598785,56238500.000000
2019-03-29,253.104563,253.507879,251.984195,253.185226,82186800.000000
2019-04-01,255.175046,256.483628,254.906141,256.187836,77617900.000000
2019-04-02,256.376102,256.546400,255.524611,256.313354,40070400.000000
2019-04-03,257.523396,257.917767,256.116206,256.716736,68243200.000000
2019-04-04,257.039315,257.648788,256.349178,257.397827,48997500.000000
2019-04-05,258.061091,258.697452,257.774270,258.643677,58621700.000000
2019-04-08,258.222406,258.948402,257.568101,258.840851,53566300.000000
2019-04-09,257.881919,258.204572,256.967708,257.514435,66142300.000000
2019-04-10,257.926671,258.482396,257.514383,258.392761,52601500.000000
2019-04-11,258.876774,258.885745,257.756405,258.321075,55093100.000000
2019-04-12,259.925437,260.346697,258.365893,260.068848,69727800.000000
2019-04-15,260.140397,260.239003,259.100692,259.898407,49596700.000000
2019-04-16,260.776928,260.830704,259.477290,260.068848,52153200.000000
2019-04-17,261.180223,261.207110,259.020149,259.432465,58268300.000000
2019-04-18,260.014987,260.212173,258.724321,259.943268,68708500.000000
2019-04-22,259.181517,260.319802,259.091882,260.167419,40160100.000000
2019-04-23,260.534885,262.739790,260.301868,262.506744,52246600.000000
2019-04-24,262.426056,262.757681,261.780723,261.924133,50392900.000000
2019-04-25,261.825504,262.417061,260.579669,261.762756,57770900.000000
2019-04-26,261.807607,263.053442,261.036780,262.981750,50916400.000000
2019-04-29,263.071390,263.913909,262.981755,263.394043,57197700.000000
2019-04-30,263.053468,263.815324,261.646307,263.528503,81111700.000000
2019-05-01,264.155919,264.362077,261.538727,261.547699,71671900.000000
2019-05-02,261.431149,262.345387,259.495150,260.983002,65030200.000000
2019-05-03,262.452906,263.815264,261.090521,263.537415,56543700.000000
2019-05-06,259.253134,262.892087,258.939426,262.452911,107198100.000000
2019-05-07,260.059843,260.651401,256.169928,258.070068,144729900.000000
2019-05-08,257.711578,259.414533,257.120021,257.711578,91568300.000000
2019-05-09,255.650068,257.532265,253.920199,256.931763,103471100.000000
2019-05-10,255.999622,258.975327,253.023918,258.222443,112429300.000000
2019-05-13,253.131521,254.090535,250.899729,251.733276,127290500.000000
2019-05-14,252.746094,255.533584,252.620627,254.009872,77003200.000000
2019-05-15,252.387643,256.134149,252.181486,255.497787,73956400.000000
2019-05-16,256.196740,259.217247,256.125048,257.863861,76749600.000000
2019-05-17,255.569418,258.670589,255.551475,256.196808,100353000.000000
2019-05-20,254.601448,256.304402,253.758929,254.502869,62877600.000000
2019-05-21,256.187893,257.173822,255.936931,256.797394,46847100.000000
2019-05-22,255.847249,256.958645,255.533540,256.008575,49482500.000000
2019-05-23,253.794749,253.839553,251.473350,252.880539,98733800.000000
2019-05-24,254.314552,254.726867,252.835672,253.454117,55268100.000000
2019-05-28,253.731986,254.682056,251.078962,251.096878,70029400.000000
2019-05-29,249.985507,250.388823,248.013648,249.411865,104972900.000000
2019-05-30,250.164740,250.998314,248.999568,250.093048,62523800.000000
2019-05-31,247.556567,248.381142,246.696104,246.722992,86862800.000000
2019-06-03,246.758830,247.870227,244.769055,246.095581,96428000.000000
2019-06-04,248.381102,251.571908,247.932955,251.437469,77231900.000000
2019-06-05,253.050717,253.642275,251.249185,253.615387,71169700.000000
2019-06-06,253.911262,255.936869,253.265929,255.264648,69430400.000000
2019-06-07,256.277495,258.894687,256.107196,257.819122,74272200.000000
2019-06-10,259.360679,260.660317,258.912532,259.002167,60799100.000000
2019-06-11,260.812674,261.180158,258.294090,258.939423,58641300.000000
2019-06-12,258.706465,259.262163,257.971497,258.482391,47096300.000000
2019-06-13,259.387593,259.907459,258.688485,259.548920,48945200.000000
2019-06-14,259.262115,259.862617,258.500260,259.262115,52324700.000000
2019-06-17,259.495095,260.122512,259.190359,259.360657,39205700.000000
2019-06-18,261.171238,263.125154,260.812699,262.076477,85434800.000000
2019-06-19,262.210941,263.196871,261.242955,262.668060,78674400.000000
2019-06-20,265.339027,265.581017,262.730807,265.177673,116570000.000000
2019-06-21,264.909234,266.161128,264.575997,264.792145,83309500.000000
2019-06-24,264.999339,265.314546,264.314833,264.467957,47582700.000000
2019-06-25,264.521978,264.548996,261.765980,261.874054,82028700.000000
2019-06-26,262.765659,263.270023,261.504749,261.612823,51584900.000000
2019-06-27,262.369401,263.044891,261.991142,262.540527,40355200.000000
2019-06-28,263.513223,264.386859,262.999872,263.891510,59350900.000000
2019-07-01,267.205888,267.422064,265.089347,266.287231,78705600.000000
2019-07-02,266.242292,267.034872,265.404691,266.980835,61504500.000000
2019-07-03,267.656271,269.133357,267.512163,269.115326,40898900.000000
2019-07-05,267.890456,268.971251,266.602527,268.809113,51677300.000000
2019-07-08,267.503219,268.629036,266.791694,267.332092,45841800.000000
2019-07-09,266.179149,267.962426,266.125112,267.665222,41101300.000000
2019-07-10,268.728035,269.889886,268.196653,268.944183,58448500.000000
2019-07-11,269.583661,269.817813,268.574934,269.574646,50826100.000000
2019-07-12,270.061043,270.853623,269.754824,270.781555,40326000.000000
2019-07-15,271.213865,271.213865,270.367249,270.871613,33900000.000000
2019-07-16,270.781520,270.988680,269.691736,269.997955,36650100.000000
2019-07-17,269.971029,270.133140,268.160706,268.160706,36036300.000000
2019-07-18,267.665367,269.520712,267.224056,269.142426,51392600.000000
2019-07-19,270.232211,270.259230,267.476212,267.647339,58678600.000000
2019-07-22,268.043551,268.845146,267.530199,268.304749,43638100.000000
2019-07-23,269.421638,270.223206,268.593024,270.223206,44564500.000000
2019-07-24,269.466571,271.493042,269.376500,271.493042,47213200.000000
2019-07-25,271.042814,271.096852,269.394602,270.196198,55394100.000000
2019-07-26,270.880652,272.204615,270.754548,272.006470,45084100.000000
2019-07-29,271.889365,272.006454,270.961692,271.511078,38126500.000000
2019-07-30,270.115016,271.249849,269.736730,270.844543,45849000.000000
2019-07-31,271.087764,271.276921,265.872999,267.881439,104245200.000000
2019-08-01,268.034580,270.979708,264.756187,265.548767,142646600.000000
2019-08-02,264.657100,264.900266,262.000160,263.549286,116749700.000000
2019-08-05,259.469363,259.577437,253.732202,255.623581,178745400.000000
2019-08-06,257.505909,259.424305,256.037839,259.208130,120711700.000000
2019-08-07,256.145896,260.126798,254.020367,259.361237,140572300.000000
2019-08-08,260.847396,264.450012,260.298011,264.450012,87713900.000000
2019-08-09,263.513271,264.107706,260.874362,262.648651,93730000.000000
2019-08-12,261.153607,262.639681,258.505682,259.451385,65527600.000000
2019-08-13,259.154034,264.927227,258.811782,263.486176,94299800.000000
2019-08-14,259.451341,260.054763,255.569525,255.695602,135622100.000000
2019-08-15,256.578162,257.262668,254.335544,256.371002,99556600.000000
2019-08-16,258.019324,260.586166,256.425150,260.153870,83018300.000000
2019-08-19,263.161978,263.963546,262.486488,263.288055,53571800.000000
2019-08-20,262.783660,263.315042,261.144492,261.270569,51596400.000000
2019-08-21,263.423228,263.765454,262.738723,263.396210,49524700.000000
2019-08-22,264.098625,264.729065,261.549760,263.315033,51666400.000000
2019-08-23,262.018214,263.675414,255.308332,256.551239,149161500.000000
2019-08-26,258.730818,259.388306,257.208711,259.388306,72423800.000000
2019-08-27,260.775302,261.144573,257.613999,258.370544,66668900.000000
2019-08-28,257.713083,260.351991,256.911487,260.189880,59696700.000000
2019-08-29,262.738726,264.035670,261.738986,263.513275,57899400.000000
2019-08-30,264.990357,265.008360,262.468537,263.396210,62901200.000000
2019-09-03,261.702953,262.612594,260.532087,261.856049,69101400.000000
2019-09-04,264.017603,264.846189,263.270045,264.828186,46887300.000000
2019-09-05,267.305024,269.142338,264.792193,268.232697,83258100.000000
2019-09-06,268.547921,269.079303,267.872431,268.439819,49584300.000000
2019-09-09,269.421598,269.511642,267.638294,268.574982,51260300.000000
2019-09-10,267.818381,268.574954,266.566486,268.511902,57947100.000000
2019-09-11,268.818072,270.502290,268.169600,270.421234,68821100.000000
2019-09-12,271.321876,272.411659,270.565331,271.357910,72908700.000000
2019-09-13,271.799340,272.150609,270.808616,271.177887,62104800.000000
2019-09-16,270.052025,271.222891,269.700784,270.340240,58191200.000000
2019-09-17,270.142038,271.114732,269.970912,271.024689,41475500.000000
2019-09-18,270.637507,271.294994,268.611035,271.186920,73375800.000000
2019-09-19,271.574128,272.564853,270.835586,271.168823,76560500.000000
2019-09-20,271.769633,272.050151,269.100451,269.887634,89565000.000000
2019-09-23,269.227069,270.539059,268.973723,269.824249,43476800.000000
2019-09-24,270.910108,271.299171,266.747962,267.707062,94869400.000000
2019-09-25,267.788352,269.733694,266.313503,269.290344,71854000.000000
2019-09-26,269.299498,269.507588,267.327013,268.729462,56179700.000000
2019-09-27,269.480427,269.589028,265.734516,267.281738,84746600.000000
2019-09-30,267.797462,269.227054,267.752232,268.521301,51662400.000000
2019-10-01,269.399021,270.050487,265.110216,265.327362,88242400.000000
2019-10-02,263.752970,263.762027,259.355592,260.640411,122539500.000000
2019-10-03,260.414272,262.802992,257.708889,262.775848,85278800.000000
2019-10-04,263.427224,266.585012,263.372909,266.331665,65091200.000000
2019-10-07,265.535508,267.155131,264.902127,265.182617,59610500.000000
2019-10-08,263.336763,264.069659,261.029474,261.065674,95708100.000000
2019-10-09,263.074429,264.476878,262.450106,263.544922,62359400.000000
2019-10-10,263.463449,266.205032,263.300590,265.327362,55296300.000000
2019-10-11,268.068915,270.303804,267.951313,268.077972,98720400.000000
2019-10-14,267.761305,268.430885,267.435586,267.779419,40394800.000000
2019-10-15,268.819885,271.172404,268.702255,270.430450,46754500.000000
2019-10-16,269.969073,270.683883,269.561923,269.996216,48928200.000000
2019-10-17,271.154309,271.661002,270.104722,270.792389,45736600.000000
2019-10-18,270.258583,270.900993,268.756590,269.607117,64304000.000000
2019-10-21,270.919123,271.633905,270.484802,271.434845,39048600.000000
2019-10-22,271.968692,272.258239,270.457670,270.548157,48594700.000000
2019-10-23,270.294767,271.389583,270.086650,271.335297,34352200.000000
2019-10-24,272.267293,272.412067,270.955303,271.778687,35453100.000000
2019-10-25,271.208665,273.434525,271.154379,272.891632,45205400.000000
2019-10-28,274.104029,274.927412,274.076886,274.429749,42147000.000000
2019-10-29,274.158325,275.271255,274.031638,274.348328,44284900.000000
2019-10-30,274.547291,275.560677,273.244359,275.189728,49643900.000000
2019-10-31,275.180868,275.180868,273.009322,274.457001,69053800.000000
2019-11-01,275.895578,277.044680,275.732690,276.999451,71141500.000000
2019-11-04,278.546625,278.682341,277.741328,278.112305,60606900.000000
2019-11-05,278.311319,278.609923,277.515080,277.804626,42933200.000000
2019-11-06,277.804698,278.139475,276.927029,277.868042,46487100.000000
2019-11-07,279.198105,280.175291,278.374722,278.845215,54272300.000000
2019-11-08,278.501428,279.587215,277.804732,279.532928,49032100.000000
2019-11-11,278.157585,279.170971,278.021841,278.999054,35797300.000000
2019-11-12,279.360985,280.482945,278.818092,279.587189,46484600.000000
2019-11-13,278.600974,280.075824,278.374771,279.677704,53917700.000000
2019-11-14,279.397200,280.166296,278.763820,280.084839,51219900.000000
2019-11-15,281.414879,282.156832,280.727240,282.111603,62023600.000000
2019-11-18,281.876353,282.554962,281.423946,282.319702,49228000.000000
2019-11-19,282.916952,282.926009,281.595933,282.238342,67804700.000000
2019-11-20,281.650184,282.165934,279.641498,281.188721,79406200.000000
2019-11-21,281.297305,281.405878,279.940085,280.736298,54664700.000000
2019-11-22,281.478226,281.613942,280.356267,281.360596,44850200.000000
2019-11-25,282.283584,283.541260,282.283584,283.541260,48647200.000000
2019-11-26,283.577476,284.364659,283.260786,284.183685,37569000.000000
2019-11-27,284.663198,285.450409,284.446052,285.450409,44444600.000000
2019-11-29,284.889513,285.133830,284.165673,284.391876,36592700.000000
2019-12-02,284.645042,284.708385,281.550597,281.975861,75767800.000000
2019-12-03,279.270513,280.166296,277.895207,280.084839,73941700.000000
2019-12-04,281.125349,282.410168,280.781516,281.812988,49080000.000000
2019-12-05,282.509733,282.527819,281.016769,282.319702,40709000.000000
2019-12-06,284.219828,285.296557,284.210771,284.898438,48927000.000000
2019-12-09,284.509379,285.178931,283.930285,284.002686,34838500.000000
2019-12-10,283.948408,284.608904,283.034538,283.686005,52649800.000000
2019-12-11,284.138443,284.744680,283.604606,284.491333,53429100.000000
2019-12-12,284.500323,287.721455,284.265090,286.943329,96389600.000000
2019-12-13,286.708058,288.336737,285.938961,287.115234,81503900.000000
2019-12-16,288.834331,289.675800,287.051848,289.087677,82749700.000000
2019-12-17,289.467691,289.766267,289.069571,289.151001,61097700.000000
2019-12-18,289.540105,289.766308,289.114842,289.169128,48133000.000000
2019-12-19,289.359192,290.426893,289.105846,290.354492,85310500.000000
2019-12-20,291.381984,292.754978,290.409095,291.627502,147142100.000000
2019-12-23,292.409390,292.463943,291.927482,292.072968,52990000.000000
2019-12-24,292.300276,292.345728,291.781990,292.082062,20270000.000000
2019-12-26,292.463916,293.645973,292.454843,293.636871,30911200.000000
2019-12-27,294.364302,294.418856,293.036789,293.564148,42528800.000000
2019-12-30,293.645898,293.782282,291.463649,291.945557,49729100.000000
2019-12-31,291.445632,292.900456,291.100108,292.654938,57077300.000000
2020-01-02,294.182449,295.409957,293.264086,295.391754,59151200.000000
2020-01-03,292.018452,294.273431,291.963899,293.155029,77709700.000000
2020-01-06,291.409211,294.355237,291.291003,294.273407,55653900.000000
2020-01-07,293.709619,294.182453,293.000396,293.445953,40496400.000000
2020-01-08,293.636924,296.219224,293.391434,295.009918,68296000.000000
2020-01-09,296.564725,297.083010,295.982784,297.010254,48473300.000000
2020-01-10,297.592227,297.746786,295.691874,296.155579,53029300.000000
2020-01-13,296.773876,298.201396,296.346522,298.192322,47086800.000000
2020-01-14,297.755846,298.801491,297.183007,297.737671,62832800.000000
2020-01-15,297.646807,299.165258,297.564977,298.410583,72056600.000000
2020-01-16,299.783522,300.892822,299.556207,300.892822,54050300.000000
2020-01-17,301.602091,302.038519,300.829213,301.829407,95846000.000000
2020-01-21,300.874613,302.038466,300.801884,301.238312,77742400.000000
2020-01-22,302.092988,302.738583,301.120099,301.274658,48914900.000000
2020-01-23,300.629148,302.029418,299.519847,301.620239,51963000.000000
2020-01-24,302.274930,302.356760,297.655865,298.937927,87578400.000000
2020-01-27,293.718764,295.619117,293.382342,294.146118,84062500.000000
2020-01-28,295.564521,298.101368,294.237007,297.228485,63834000.000000
2020-01-29,298.583280,298.810596,296.782933,296.982971,53888900.000000
2020-01-30,294.927993,298.155887,294.182419,297.946747,75491800.000000
2020-01-31,297.328542,297.483128,291.627482,292.536743,113845600.000000
2020-02-03,294.009657,296.564679,293.891448,294.709778,69083000.000000
2020-02-04,298.301348,300.065317,297.983101,299.201508,62573200.000000
2020-02-05,302.120247,302.865848,300.665451,302.656708,65951100.000000
2020-02-06,303.611485,303.866078,302.602191,303.675140,50359700.000000
2020-02-07,302.620470,303.684291,301.511170,302.056732,64139400.000000
2020-02-10,301.174649,304.375239,301.138271,304.311584,42070000.000000
2020-02-11,305.657350,306.439301,304.311633,304.839020,54864500.000000
2020-02-12,306.266551,307.012152,305.902852,306.803040,43992700.000000
2020-02-13,305.384461,307.439401,305.111694,306.475586,54501900.000000
2020-02-14,306.884906,307.084944,305.693775,306.966736,64582200.000000
2020-02-18,305.975590,307.030337,304.793533,306.175629,57226200.000000
2020-02-19,307.139474,308.312402,306.857605,307.639557,48814700.000000
2020-02-20,307.093907,307.912264,303.402308,306.375610,74163400.000000
2020-02-21,305.030003,305.339148,302.402223,303.220581,113788200.000000
2020-02-24,293.818762,303.293251,292.091143,293.164093,161088400.000000
2020-02-25,294.546243,295.155433,283.407787,284.280670,218913200.000000
2020-02-26,285.671861,289.245253,282.507648,283.235046,194773800.000000
2020-02-27,277.743079,283.289581,270.514465,270.514465,284353500.000000
2020-02-28,262.503763,270.859878,259.630494,269.377777,384975800.000000
2020-03-02,271.150870,281.107295,267.741140,281.043640,238703600.000000
2020-03-03,281.416318,285.362508,270.568840,272.996552,300139100.000000
2020-03-04,278.343084,284.689738,275.806237,284.471497,176613400.000000
2020-03-05,277.306585,280.479899,272.787554,275.015228,186366800.000000
2020-03-06,266.549988,271.669134,263.894960,270.468903,228667200.000000
2020-03-09,250.319721,258.403071,248.637609,249.346832,309417300.000000
2020-03-10,258.812260,262.340172,248.683071,262.249268,276444100.000000
2020-03-11,255.229692,256.357168,246.300739,249.464951,255316300.000000
2020-03-12,232.770888,242.463617,225.205827,225.596817,392220700.000000
2020-03-13,239.217660,246.846379,225.969724,244.882370,329566100.000000
2020-03-16,219.295640,233.589229,215.822269,218.086334,297240000.000000
2020-03-17,222.805435,232.925534,215.558633,229.861313,262070500.000000
2020-03-18,214.813077,225.833325,207.329858,218.222809,327597100.000000
2020-03-19,217.540813,224.933114,211.148706,218.686478,289322000.000000
2020-03-20,221.819943,223.594285,208.987990,209.262375,347158800.000000
2020-03-23,208.704463,210.067221,199.622396,203.911911,326025200.000000
2020-03-24,214.402423,223.255836,213.835371,222.386948,235494500.000000
2020-03-25,223.960095,234.459806,219.277305,225.716141,299430300.000000
2020-03-26,228.213045,240.359026,227.783178,238.895676,257632800.000000
2020-03-27,231.642798,238.538937,229.612367,231.779984,224341200.000000
2020-03-30,233.865320,240.020629,231.880621,239.307236,171369500.000000
2020-03-31,238.310343,240.843798,234.340946,235.740295,194881100.000000
2020-04-01,226.804518,235.657931,223.072915,225.130783,189554600.000000
2020-04-02,224.252733,231.103138,223.703963,230.325729,177660400.000000
2020-04-03,229.347148,231.688557,224.280225,226.996613,135561200.000000
2020-04-06,235.822623,244.200439,226.978362,242.243164,188061200.000000
2020-04-07,250.794681,251.544666,242.270554,242.490051,201427200.000000
2020-04-08,245.078462,252.431922,242.599881,250.630142,153774500.000000
2020-04-09,253.876920,257.187825,251.947110,254.444000,189999200.000000
2020-04-13,253.474526,253.812926,248.233811,252.120895,114839100.000000
2020-04-14,256.986685,260.571934,251.983776,259.556732,134143400.000000
2020-04-15,253.867726,259.693774,251.937889,254.041504,121775000.000000
2020-04-16,255.312870,256.117730,252.212363,255.267151,131798300.000000
2020-04-17,261.010915,262.766947,258.285372,262.163330,146684800.000000
2020-04-20,258.477385,262.300468,257.324998,257.544495,100109300.000000
2020-04-21,253.099577,254.297712,248.791752,249.724670,126385700.000000
2020-04-22,254.581195,257.004901,253.264157,255.267151,92951600.000000
2020-04-23,256.538395,259.693804,254.946986,255.248795,104709700.000000
2020-04-24,256.757988,259.474376,254.718402,258.806702,85063200.000000
2020-04-27,260.773112,263.654123,260.315808,262.538300,77896600.000000
2020-04-28,266.169251,266.516806,261.029157,261.330994,105270000.000000
2020-04-29,266.635737,269.699680,265.611380,268.172272,118745600.000000
2020-04-30,266.800365,268.272899,263.946792,265.675415,122901700.000000
2020-05-01,260.946831,265.839990,257.480459,258.642029,125180000.000000
2020-05-04,256.767051,259.657216,255.294546,259.355408,80873200.000000
2020-05-05,262.163294,264.550408,259.483471,261.751709,79569900.000000
2020-05-06,263.443729,263.827848,259.547489,259.977356,73632600.000000
2020-05-07,263.178531,265.035185,262.611479,263.114502,75250400.000000
2020-05-08,266.233321,267.934507,265.108343,267.468048,76452400.000000
2020-05-11,265.547331,268.894800,265.126619,267.522888,79514200.000000
2020-05-12,268.702709,269.114266,262.053491,262.190704,95870800.000000
2020-05-13,261.632825,262.666337,255.139101,257.553680,144721100.000000
2020-05-14,255.129934,260.763895,249.678849,260.635864,121977900.000000
2020-05-15,258.257984,261.879826,257.315938,261.834106,111146300.000000
2020-05-18,268.025860,271.409921,267.705769,269.809357,119703800.000000
2020-05-19,269.214950,270.916108,267.019895,267.038177,95189300.000000
2020-05-20,270.559414,272.434349,270.330762,271.574615,85861700.000000
2020-05-21,271.446582,272.251441,268.611290,269.699677,78293900.000000
2020-05-22,269.416148,270.385631,268.181422,270.211853,63958200.000000
2020-05-26,276.147655,276.385462,270.230138,273.541016,88951400.000000
2020-05-27,276.321331,277.647524,271.519640,277.610931,104817400.000000
2020-05-28,278.635382,280.638376,276.431172,277.098846,90405200.000000
2020-05-29,276.632371,278.918892,273.897702,278.333557,119090800.000000
2020-06-01,277.693309,280.062141,277.181131,279.458496,55758300.000000
2020-06-02,280.373112,281.818208,279.046947,281.772461,74267200.000000
2020-06-03,283.748027,286.473570,283.473656,285.522369,92567600.000000
2020-06-04,284.543809,286.272432,282.687155,284.772461,75794400.000000
2020-06-05,290.141144,293.836140,290.077114,292.070953,150524700.000000
2020-06-08,292.875897,295.793500,292.336282,295.601440,73641200.000000
2020-06-09,292.949009,295.674552,292.089275,293.397186,77479200.000000
2020-06-10,293.973343,294.860514,291.046586,291.759979,95000800.000000
2020-06-11,284.863842,285.494924,274.391596,274.940338,209243600.000000
2020-06-12,281.918841,282.687109,273.102032,278.232971,194678900.000000
2020-06-15,272.571563,281.955453,271.400865,280.830475,135782700.000000
2020-06-16,288.540640,288.686981,281.397551,286.235809,137627500.000000
2020-06-17,287.250992,287.543674,284.315080,285.046783,83398900.000000
2020-06-18,283.537648,285.632080,283.080344,285.156494,80828700.000000
2020-06-19,288.606956,288.799861,281.588586,283.526917,135549600.000000
2020-06-22,282.929725,285.740739,281.790629,285.345734,74649400.000000
2020-06-23,287.982196,288.910024,286.255162,286.659363,68471200.000000
2020-06-24,284.629278,285.244774,277.519067,279.347137,132813500.000000
2020-06-25,278.777588,282.608300,276.765779,282.341888,89468000.000000
2020-06-26,281.248634,281.459930,275.057058,275.635773,127961000.000000
2020-06-29,276.885132,279.824740,274.606912,279.686951,79773300.000000
2020-06-30,279.255232,284.959963,279.099080,283.269653,113394800.000000
2020-07-01,284.381191,286.512426,283.921875,285.253876,72396500.000000
2020-07-02,288.671170,290.012395,286.163321,286.824738,69344200.000000
2020-07-06,290.627961,291.831368,289.883870,291.252625,61713800.000000
2020-07-07,289.718414,291.684274,287.871953,288.248596,82910000.000000
2020-07-08,289.011139,290.563631,287.256574,290.453400,54638600.000000
2020-07-09,291.059664,291.298518,285.400882,288.799835,83354200.000000
2020-07-10,288.735572,292.015099,287.311702,291.748688,57550400.000000
2020-07-13,294.082051,296.452112,288.570251,289.222473,102997500.000000
2020-07-14,287.807718,293.742107,286.613506,292.970459,93657000.000000
2020-07-15,296.176389,296.755132,293.291869,295.661957,87196500.000000
2020-07-16,293.769630,295.138384,293.126576,294.688263,54622500.000000
2020-07-17,295.689557,296.323416,293.723669,295.542572,62774900.000000
2020-07-20,295.276258,298.675212,294.532168,297.931122,56308800.000000
2020-07-21,299.887745,300.328670,297.581967,298.564911,57292200.000000
2020-07-22,298.206614,300.576703,298.096383,300.264343,57792900.000000
2020-07-23,299.906051,300.604221,295.322082,296.681641,75738000.000000
2020-07-24,294.835277,295.790635,293.273589,294.770966,73766600.000000
2020-07-27,295.459940,297.095105,294.669901,296.920563,48293000.000000
2020-07-28,296.194843,297.306409,294.743415,295.037384,57495000.000000
2020-07-29,295.910086,299.226366,295.873333,298.665985,48454200.000000
2020-07-30,295.708021,298.013799,293.631929,297.600403,61861700.000000
2020-07-31,299.382509,300.053121,295.184349,299.952057,84986800.000000
2020-08-03,301.605564,302.799776,301.063574,302.037323,53077900.000000
2020-08-04,301.182976,303.203979,301.182976,303.203979,41917900.000000
2020-08-05,304.499309,305.344463,304.232897,305.087219,42697700.000000
2020-08-06,304.508505,307.246014,304.186978,307.126587,43679400.000000
2020-08-07,306.162001,307.631820,305.261731,307.347046,57308300.000000
2020-08-10,307.797205,308.449426,305.868070,308.265717,44282100.000000
2020-08-11,309.441581,310.075440,304.995400,305.721100,69601100.000000
2020-08-12,308.146224,310.755138,308.118666,309.983490,53774400.000000
2020-08-13,309.221026,310.727597,308.504493,309.423126,41816100.000000
2020-08-14,309.037307,309.965135,308.311579,309.432312,47260400.000000
2020-08-17,310.442780,310.810228,309.441474,310.415222,35481000.000000
2020-08-18,310.810270,311.508440,309.221025,311.085876,38733900.000000
2020-08-19,311.462510,311.976942,309.230238,309.790619,68054200.000000
2020-08-20,308.072797,311.232898,307.944203,310.755219,42207800.000000
2020-08-21,310.424539,312.078068,310.084622,311.857605,55106600.000000
2020-08-24,314.282807,315.091209,311.830072,315.017731,48588700.000000
2020-08-25,315.578005,316.202669,314.420518,316.119995,38463400.000000
2020-08-26,316.707889,319.555629,316.165899,319.289246,50790200.000000
2020-08-27,320.152833,321.429718,318.333929,319.987457,58034100.000000
2020-08-28,321.007155,322.183004,319.822111,322.054382,48588900.000000
2020-08-31,321.843051,322.715735,320.658007,320.887665,66099200.000000
2020-09-01,321.714397,324.010979,320.823322,323.909943,54908700.000000
2020-09-02,325.811575,329.559585,324.672451,328.595032,69540000.000000
2020-09-03,326.913876,327.382387,314.714432,317.286621,148011100.000000
2020-09-04,317.966468,319.528127,307.622651,314.696136,139156300.000000
2020-09-08,309.312902,314.760417,305.794550,306.097687,114465300.000000
2020-09-09,310.084486,314.594976,309.220969,312.142242,91462300.000000
2020-09-10,314.007134,314.659356,305.766995,306.722382,90569500.000000
2020-09-11,308.495282,309.551704,304.067465,306.878479,84680200.000000
2020-09-14,310.029396,312.684259,307.025477,310.920471,65605700.000000
2020-09-15,313.364048,314.190812,310.929676,312.491364,52920900.000000
2020-09-16,313.722376,315.146246,310.975644,311.251251,82096000.000000
2020-09-17,306.419220,310.222374,305.895593,308.513702,91523300.000000
2020-09-18,309.315158,309.425831,302.490069,304.961853,105877900.000000
2020-09-21,300.396395,301.715291,296.734823,301.567719,99450800.000000
2020-09-22,303.043490,305.192460,300.544009,304.639069,63612100.000000
2020-09-23,305.192546,305.469256,297.076224,297.574280,93112200.000000
2020-09-24,296.264474,301.410952,294.954781,298.367340,76681300.000000
2020-09-25,297.518810,303.974981,296.651864,303.191040,71069400.000000
2020-09-28,307.332195,308.937006,306.345317,308.226837,64584600.000000
2020-09-29,308.023981,308.761818,305.856546,306.548279,51304000.000000
2020-09-30,307.212353,312.008378,307.018675,308.872528,104081100.000000
2020-10-01,311.454934,312.423349,308.983150,310.855438,88698700.000000
2020-10-02,305.930384,310.827850,305.459997,307.904114,89431100.000000
2020-10-05,309.951486,313.548489,309.905382,313.364044,45713100.000000
2020-10-06,313.502540,315.586970,308.402164,308.909424,90128900.000000
2020-10-07,311.851586,315.088905,311.823918,314.286499,56999600.000000
2020-10-08,316.214066,317.136376,315.300960,317.071808,45242500.000000
2020-10-09,318.713502,320.364445,318.095570,319.903290,59528600.000000
2020-10-12,322.430417,326.516244,321.941593,325.049774,80388500.000000
2020-10-13,324.911428,325.086669,321.969256,322.928467,73255500.000000
2020-10-14,323.500367,324.588686,320.170840,320.899445,57727900.000000
2020-10-15,317.007214,320.982368,316.472286,320.502777,60357700.000000
2020-10-16,321.849355,323.500298,320.133871,320.309113,89501900.000000
2020-10-19,321.563550,322.190714,314.544780,315.439423,68425600.000000
2020-10-20,316.776745,319.931059,316.020472,316.702972,60051900.000000
2020-10-21,316.656818,318.815049,315.799076,316.103455,63575000.000000
2020-10-22,316.315444,318.418310,314.184910,317.837250,55399300.000000
2020-10-23,319.054753,319.110090,316.472296,318.916412,49143900.000000
2020-10-26,315.549978,316.333948,309.545730,313.022858,91473000.000000
2020-10-27,313.364122,313.696140,311.731615,311.943756,65994100.000000
2020-10-28,306.299323,311.971527,300.793128,301.281952,127094300.000000
2020-10-29,301.512434,307.498218,299.833823,304.343933,90597700.000000
2020-10-30,302.775953,304.076414,297.537239,301.171143,120287300.000000
2020-11-02,304.546875,306.539040,301.816816,304.546875,86068300.000000
2020-11-03,307.765747,311.971480,304.629898,309.923950,93294200.000000
2020-11-04,314.378651,320.908623,313.207327,316.850464,126959700.000000
2020-11-05,322.107658,324.828485,321.757175,323.029968,82039700.000000
2020-11-06,322.744005,324.201271,320.641139,322.956146,74973000.000000
2020-11-09,335.693287,336.071437,326.553188,327.014343,172304200.000000
2020-11-10,326.027441,327.586148,323.278975,326.534729,85552000.000000
2020-11-11,328.711377,329.781260,327.475485,328.960419,58649000.000000
2020-11-12,327.955005,329.006452,323.970647,325.769135,67546200.000000
2020-11-13,327.669204,331.017195,327.152712,330.279358,62892200.000000
2020-11-16,332.935538,334.595685,331.653514,334.402008,74541100.000000
2020-11-17,332.004081,333.802597,330.500710,332.603577,66111000.000000
2020-11-18,332.870978,333.415138,328.563777,328.600677,70591300.000000
2020-11-19,327.973592,330.353141,326.636231,329.984222,59940900.000000
2020-11-20,329.725882,329.928792,327.650684,327.724457,70417300.000000
2020-11-23,329.523017,330.943383,327.300246,329.689026,63230600.000000
2020-11-24,332.225454,335.545777,331.376944,335.001617,62415900.000000
2020-11-25,334.918503,334.946171,333.396697,334.485016,45330900.000000
2020-11-27,335.573372,335.886955,334.411252,335.416595,28514100.000000
2020-11-30,334.641809,334.909287,331.266179,333.931641,83872700.000000
2020-12-01,337.168992,339.115053,336.578700,337.584015,74231400.000000
2020-12-02,336.477267,338.450997,335.905440,338.294220,45927000.000000
2020-12-03,338.192794,339.585492,337.104475,338.202026,62882000.000000
2020-12-04,338.782981,341.116425,338.690744,341.116425,50749900.000000
2020-12-07,340.350959,340.904351,339.151967,340.415527,48944300.000000
2020-12-08,339.151980,341.974247,339.105876,341.411652,42458900.000000
2020-12-09,342.066489,342.223266,337.519505,338.349579,74098300.000000
2020-12-10,336.984504,339.281048,336.117531,338.238861,57735400.000000
2020-12-11,336.551056,338.248104,335.038482,337.842285,57698600.000000
2020-12-14,340.000487,341.070342,336.154440,336.329681,69216200.000000
2020-12-15,338.856817,340.876678,337.491815,340.876678,63865300.000000
2020-12-16,341.088837,342.324730,340.212631,341.411652,58420500.000000
2020-12-17,343.044149,343.523741,342.223280,343.320831,64119500.000000
2020-12-18,343.607871,343.774587,339.949205,341.949890,136542300.000000
2020-12-21,338.050441,350.545432,335.327288,340.727264,96386700.000000
2020-12-22,341.051471,341.162615,339.032271,340.153015,47949000.000000
2020-12-23,341.116303,342.357463,340.134489,340.458679,46201400.000000
2020-12-24,340.931048,341.810989,340.347540,341.783203,26457900.000000
2020-12-28,344.321055,345.108366,343.700489,344.719360,39000400.000000
2020-12-29,346.238441,346.414430,343.478231,344.061768,53680500.000000
2020-12-30,344.876955,345.580908,344.163759,344.552765,49455300.000000
2020-12-31,344.358201,347.025782,343.848779,346.303314,78520700.000000
2021-01-04,347.627770,347.757457,337.911503,341.588684,110210800.000000
2021-01-05,340.949633,345.025091,340.903304,343.941376,66426200.000000
2021-01-06,342.440824,349.174620,341.894345,345.997589,107997700.000000
2021-01-07,348.359550,351.879257,348.183562,351.138275,68766800.000000
2021-01-08,352.518383,353.351995,349.285808,353.138977,71677200.000000
2021-01-11,349.980414,352.509035,349.859998,350.758453,51034700.000000
2021-01-12,350.943692,351.842119,348.600274,350.832520,52547700.000000
2021-01-13,350.758533,352.768462,349.980493,351.777405,45303600.000000
2021-01-14,352.518309,353.018488,350.211977,350.545410,49989100.000000
2021-01-15,348.933739,349.730294,346.136500,347.988983,107160000.000000
2021-01-19,350.434272,351.258641,348.961551,350.721405,51233300.000000
2021-01-20,352.999972,356.408563,352.610966,355.574951,61836100.000000
2021-01-21,356.130700,356.556791,354.982169,355.899139,47840100.000000
2021-01-22,354.055928,355.797268,353.676166,354.639465,52860500.000000
2021-01-25,355.371221,356.390065,350.545481,356.038116,70402000.000000
2021-01-26,356.982776,357.390325,355.250709,355.482269,42665300.000000
2021-01-27,352.175683,352.268313,344.571245,346.794220,123351100.000000
2021-01-28,348.600388,353.759562,348.165082,349.776733,94198100.000000
2021-01-29,347.924194,348.887493,341.107040,342.774292,126765100.000000
2021-02-01,346.155074,349.508065,343.061430,348.479950,75817600.000000
2021-02-02,351.647678,354.954368,348.563305,353.407532,64450700.000000
2021-02-03,354.231873,355.398947,352.416448,353.685394,52427100.000000
2021-02-04,354.713612,357.751684,353.796641,357.705383,47142600.000000
2021-02-05,359.567037,359.817112,357.658981,359.113159,48669800.000000
2021-02-08,360.558167,361.753027,359.706040,361.706726,38365200.000000
2021-02-09,360.873012,362.058629,360.465492,361.465820,35551100.000000
2021-02-10,363.197891,363.346093,358.918658,361.308350,59154400.000000
2021-02-11,362.382814,362.799634,359.474429,361.891907,42913300.000000
2021-02-12,361.095282,363.920308,361.021167,363.679504,50593300.000000
2021-02-16,364.902250,365.096781,362.651489,363.364685,50972400.000000
2021-02-17,361.623270,363.698043,360.613642,363.447968,52290600.000000
2021-02-18,360.854496,362.642136,359.140943,361.901154,59712800.000000
2021-02-19,363.151626,363.438759,360.817479,361.262085,83241000.000000
2021-02-22,358.511154,360.882331,358.214750,358.483368,67414200.000000
2021-02-23,356.288057,360.261641,352.157027,358.918579,107284100.000000
2021-02-24,357.834991,363.299840,356.853177,362.873749,72433900.000000
2021-02-25,361.614117,362.975693,352.694402,354.130066,146670500.000000
2021-02-26,356.001114,357.140374,350.332518,352.305389,152701600.000000
2021-03-01,357.149550,362.086434,352.499826,360.845245,105348800.000000
2021-03-02,361.067582,361.299143,357.529332,358.029510,79595300.000000
2021-03-03,357.334781,358.298052,353.185208,353.287109,119940200.000000
2021-03-04,353.101917,355.676868,344.450821,348.915314,183433000.000000
2021-03-05,352.397938,356.380795,345.154749,355.334137,152039600.000000
2021-03-08,356.288155,359.085395,353.287141,353.565002,123149200.000000
2021-03-09,357.390391,361.150931,356.890213,358.613037,113633600.000000
2021-03-10,360.947147,362.531012,359.539269,360.845245,109899400.000000
2021-03-11,363.299803,366.467534,362.845926,364.503906,86245000.000000
2021-03-12,363.151600,365.133743,362.345774,364.994812,64653600.000000
2021-03-15,365.244940,367.430886,363.114595,367.171539,73427200.000000
2021-03-16,367.782787,368.486712,365.939547,366.708344,73722500.000000
2021-03-17,365.430181,368.755386,364.290894,367.958832,97959300.000000
2021-03-18,365.383889,367.458662,361.928997,362.605164,115349100.000000
2021-03-19,362.305878,363.876356,359.768946,361.934174,113624500.000000
2021-03-22,362.445337,366.199618,362.389582,364.824280,73778600.000000
2021-03-23,364.192408,365.632774,361.172262,361.952850,90686600.000000
2021-03-24,363.346651,364.972883,360.066310,360.112762,97588600.000000
2021-03-25,358.681766,362.928533,356.748857,362.138672,116128600.000000
2021-03-26,363.281569,368.374008,362.686848,367.974426,114409100.000000
2021-03-29,366.506170,368.689972,365.028625,367.788574,108107600.000000
2021-03-30,366.524854,367.482007,365.223846,366.812927,76262200.000000
2021-03-31,367.379740,369.851616,367.351862,368.299713,112734200.000000
2021-04-01,370.223408,372.332882,370.018967,372.277100,99682900.000000
2021-04-05,374.925438,378.159326,374.851108,377.620331,91684800.000000
2021-04-06,377.062813,378.438123,376.728259,377.397339,62021000.000000
2021-04-07,377.230053,378.177903,376.774717,377.834076,55836300.000000
2021-04-08,379.079355,379.683379,378.150080,379.627625,57863100.000000
2021-04-09,379.506751,382.554773,379.385941,382.387482,61104600.000000
2021-04-12,381.792812,382.796416,381.188788,382.526947,56704900.000000
2021-04-13,382.424660,384.283210,382.043654,383.660583,56551000.000000
2021-04-14,383.632626,384.682711,381.811255,382.350250,61659900.000000
2021-04-15,384.478463,386.727323,384.432011,386.457825,60229800.000000
2021-04-16,387.740088,388.353413,386.327600,387.749390,82037300.000000
2021-04-19,386.820147,387.266181,384.524836,385.844391,78498500.000000
2021-04-20,384.636339,385.732877,381.551138,383.019409,81851800.000000
2021-04-21,382.406122,386.848057,382.266708,386.643616,66793000.000000
2021-04-22,386.476367,387.303407,382.053006,383.112366,97582800.000000
2021-04-23,383.669974,388.669481,383.595645,387.266266,73209200.000000
2021-04-26,387.916777,388.641610,387.331328,388.074738,52182400.000000
2021-04-27,388.372065,388.567233,386.857341,387.991058,51303100.000000
2021-04-28,388.260645,389.375787,387.415001,387.879639,51238900.000000
2021-04-29,390.593000,390.964704,386.987407,390.351379,78544300.000000
2021-04-30,388.093298,388.938942,386.894525,387.786621,85527000.000000
2021-05-03,389.766068,390.147075,388.130562,388.623077,68128300.000000
2021-05-04,386.643619,387.136133,382.554813,386.225433,101591200.000000
2021-05-05,387.861007,388.093325,385.788712,386.346283,60162200.000000
2021-05-06,386.420646,389.561602,384.422710,389.431519,74321400.000000
2021-05-07,390.193420,392.916190,389.515039,392.265686,67733800.000000
2021-05-10,392.618779,392.841796,388.260476,388.381287,81852400.000000
2021-05-11,383.883709,385.900221,381.058704,384.915192,116888000.000000
2021-05-12,382.145969,383.409771,375.427298,376.737579,134811000.000000
2021-05-13,378.280126,383.186699,378.233645,381.263092,106394000.000000
2021-05-14,383.985900,387.963198,383.958023,387.117554,82201600.000000
2021-05-17,386.011664,386.940940,384.125208,386.132446,65129200.000000
2021-05-18,386.392684,386.634305,382.647705,382.805695,59810200.000000
2021-05-19,378.140744,381.978628,376.663171,381.802063,106467100.000000
2021-05-20,382.675566,387.163982,382.554784,385.909454,78022200.000000
2021-05-21,387.387092,388.623045,385.138261,385.593597,76578700.000000
2021-05-24,387.823824,390.593075,387.582203,389.524414,51376700.000000
2021-05-25,390.602339,390.955468,388.084010,388.660156,57451400.000000
2021-05-26,389.245652,389.933307,388.214170,389.431519,43088600.000000
2021-05-27,390.453601,390.964691,389.357034,389.635834,56707700.000000
2021-05-28,391.197075,391.457271,390.100536,390.332855,58520200.000000
2021-06-01,392.683876,392.823262,389.552223,389.988983,54216600.000000
2021-06-02,390.639535,391.438727,389.635930,390.602356,49097100.000000
2021-06-03,388.297701,390.286335,386.838732,389.152618,58138800.000000
2021-06-04,390.992596,393.009136,389.217677,392.711761,55938800.000000
2021-06-07,392.702576,392.879141,391.401596,392.330872,51555000.000000
2021-06-08,393.185745,393.278679,390.593087,392.414459,47134300.000000
2021-06-09,393.250739,393.325097,391.605932,391.828949,48436300.000000
2021-06-10,393.046367,394.598270,391.736085,393.650391,51020100.000000
2021-06-11,394.198636,394.412351,392.916231,394.300842,45570800.000000
2021-06-14,394.412432,395.285953,393.176508,395.183746,42358500.000000
2021-06-15,395.332384,395.369534,393.585341,394.458862,51508500.000000
2021-06-16,394.598231,394.821248,390.221352,392.256439,80386100.000000
2021-06-17,391.847602,393.102101,389.663799,392.126373,90949700.000000
2021-06-18,388.859566,389.549470,386.631346,386.836456,118676300.000000
2021-06-21,388.589130,392.560803,387.778020,392.374329,72822000.000000
2021-06-22,392.365062,395.301851,391.647161,394.472076,57700300.000000
2021-06-23,394.546645,395.348423,393.912677,393.996582,49445400.000000
2021-06-24,396.131523,396.746826,395.879779,396.327301,45110300.000000
2021-06-25,397.073232,398.182690,396.746916,397.735168,58129500.000000
2021-06-28,398.257334,398.704828,397.063971,398.537018,53159600.000000
2021-06-29,398.919214,399.553182,398.219977,398.751404,35970500.000000
2021-06-30,398.294562,399.758305,398.266594,399.087036,64827900.000000
2021-07-01,399.842221,401.455137,399.776952,401.296631,53441000.000000
2021-07-02,402.452717,404.718237,401.380531,404.363953,57697700.000000
2021-07-06,404.419915,404.634358,400.905095,403.627441,68710400.000000
2021-07-07,404.307961,405.333514,402.303489,405.053802,63549500.000000
2021-07-08,399.758279,402.508622,398.583553,401.753448,97595200.000000
2021-07-09,403.254499,406.340462,401.557678,406.042114,76238600.000000
2021-07-12,405.958175,407.748234,405.529318,407.496490,52889600.000000
2021-07-13,406.713330,408.205040,405.846283,406.107330,52911300.000000
2021-07-14,407.794899,408.279721,405.473442,406.713409,64130400.000000
2021-07-15,405.380155,406.051424,403.431619,405.324219,55126400.000000
2021-07-16,406.498915,406.545520,401.753432,402.144989,75874700.000000
2021-07-19,397.343634,402.210323,393.409260,396.206207,147987000.000000
2021-07-20,396.868110,403.151936,396.075636,401.883972,99608200.000000
2021-07-21,403.077347,405.277626,401.837379,405.137756,64724400.000000
2021-07-22,405.314846,406.228526,404.335926,405.986115,47878500.000000
2021-07-23,407.906687,410.498523,407.226115,410.162903,63766600.000000
2021-07-26,409.575487,411.179071,409.528883,411.169739,43719200.000000
2021-07-27,410.134946,410.162915,406.480257,409.295868,67397100.000000
2021-07-28,409.920495,410.498526,407.710912,409.128021,52472400.000000
2021-07-29,410.051081,411.897047,410.041748,410.824890,47435300.000000
2021-07-30,408.270347,410.274820,408.139810,408.829742,68951200.000000
2021-08-02,410.535853,411.085916,407.617700,407.971985,58783300.000000
2021-08-03,408.764448,411.412221,406.582833,411.291016,58053900.000000
2021-08-04,410.013694,411.262993,409.034774,409.267853,46732200.000000
2021-08-05,410.423998,411.943677,410.107014,411.859772,38969700.000000
2021-08-06,412.176756,412.959898,411.897044,412.540344,46930000.000000
2021-08-09,412.512364,412.829347,411.440206,412.204712,41222600.000000
2021-08-10,412.652199,413.426037,411.971627,412.717468,43339300.000000
2021-08-11,413.780282,413.836218,412.661492,413.742981,44034300.000000
2021-08-12,413.593861,415.122872,412.698845,414.983002,38909400.000000
2021-08-13,415.430510,415.756826,414.945716,415.738190,39470300.000000
2021-08-16,414.442280,416.847642,412.894633,416.717133,73740000.000000
2021-08-17,414.171889,414.843158,411.011354,413.985443,92673900.000000
2021-08-18,412.978528,414.535508,409.211994,409.454376,89351900.000000
2021-08-19,406.741278,411.281679,406.601436,410.088287,92812200.000000
2021-08-20,410.433226,413.677665,409.948403,413.351349,72008700.000000
2021-08-23,415.029650,417.891866,413.426066,416.987518,54973000.000000
2021-08-24,417.649414,418.180841,417.136652,417.649414,38744700.000000
2021-08-25,417.835883,419.038550,417.462934,418.525787,40529700.000000
2021-08-26,418.246156,418.479235,415.962000,416.055237,57829600.000000
2021-08-27,416.856963,420.148037,416.801027,419.775116,77235100.000000
2021-08-30,420.446397,422.404266,420.203986,421.621124,48357400.000000
2021-08-31,421.527856,421.863476,420.399762,420.996429,59300200.000000
2021-09-01,421.928723,422.441485,420.987075,421.220154,48721400.000000
2021-09-02,422.637319,423.317891,421.322750,422.516113,42501000.000000
2021-09-03,421.388019,422.926334,420.987102,422.413544,47170500.000000
2021-09-07,422.068562,422.161799,420.231899,420.903168,51671500.000000
2021-09-08,420.371745,421.098950,418.479117,420.390381,56181900.000000
2021-09-09,420.194648,421.938074,418.348653,418.591064,57970400.000000
2021-09-10,420.511653,420.931178,415.169474,415.290680,89948200.000000
2021-09-13,418.274112,418.535159,414.050695,416.353516,83738600.000000
2021-09-14,417.789258,417.994368,413.220917,414.106628,78197100.000000
2021-09-15,414.526194,418.059678,413.426068,417.565552,78792200.000000
2021-09-16,417.043437,418.013024,413.966778,416.903595,77786700.000000
2021-09-17,416.134812,416.555681,412.487110,412.842529,118425000.000000
2021-09-20,406.744299,408.315600,401.113761,405.958649,166445500.000000
2021-09-21,408.287597,409.578319,405.051459,405.575226,92526100.000000
2021-09-22,407.838629,411.561144,405.687445,409.531525,102350100.000000
2021-09-23,411.392780,416.106712,411.158954,414.507324,76396000.000000
2021-09-24,412.879987,415.901025,412.664857,415.190186,62094800.000000
2021-09-27,414.161274,415.321040,413.310146,414.002289,61371100.000000
2021-09-28,411.243119,411.570481,404.929828,405.659363,130436300.000000
2021-09-29,407.034278,408.764593,405.780976,406.342163,82329200.000000
2021-09-30,407.810497,408.511973,401.038917,401.375641,140506000.000000
2021-10-01,403.096655,407.819921,399.589271,406.145721,129240100.000000
2021-10-04,404.986017,405.883900,398.775594,400.908112,128570000.000000
2021-10-05,402.404488,407.314826,401.609504,405.079468,90682500.000000
2021-10-06,401.497244,406.968768,399.879189,406.763000,113032200.000000
2021-10-07,410.027294,413.104419,409.849584,410.279816,72437500.000000
2021-10-08,411.046739,411.430216,408.904888,409.531525,74557400.000000
2021-10-11,408.876849,411.776292,406.501172,406.566650,65233300.000000
2021-10-12,407.483213,407.885387,404.780176,405.565826,71181200.000000
2021-10-13,406.585370,407.838672,403.620477,407.024963,72974000.000000
2021-10-14,410.672712,414.021112,410.205061,413.871460,70236800.000000
2021-10-15,415.975720,417.388036,415.358417,417.023254,66260200.000000
2021-10-18,415.246229,418.594599,414.591506,418.257904,62213200.000000
2021-10-19,419.876020,421.550191,419.268050,421.484741,46996800.000000
2021-10-20,421.943012,423.439501,421.830780,423.140198,49571600.000000
2021-10-21,422.541639,424.468360,422.111408,424.243896,41305400.000000
2021-10-22,423.813592,425.253966,421.868147,423.804230,58845100.000000
2021-10-25,424.889142,426.404327,423.121435,426.076965,45214500.000000
2021-10-26,427.620244,428.826763,426.086334,426.460449,56075100.000000
2021-10-27,426.918816,427.582873,424.496357,424.571198,72438000.000000
2021-10-28,425.992806,428.742597,425.983472,428.667786,51437900.000000
2021-10-29,426.376301,429.827570,426.086360,429.537628,70162400.000000
2021-11-01,430.519648,430.893792,428.555536,430.276489,48433600.000000
2021-11-02,430.444964,432.324932,430.314008,432.016266,48908400.000000
2021-11-03,431.454970,435.055890,431.015377,434.653717,52509800.000000
2021-11-04,435.252382,436.786292,434.906324,436.702118,52847100.000000
2021-11-05,438.918731,440.200091,436.711431,438.217255,66390600.000000
2021-11-08,439.311540,439.807249,437.908587,438.591339,50405200.000000
2021-11-09,438.956121,439.189947,435.738679,437.141632,51149100.000000
2021-11-10,435.458093,437.141655,432.147143,433.624908,69429700.000000
2021-11-11,435.112066,435.186906,433.746532,433.765228,34848500.000000
2021-11-12,435.027863,437.590582,434.083198,437.038757,53466700.000000
2021-11-15,438.320183,438.479168,436.066100,437.188446,46980500.000000
2021-11-16,436.926472,440.050378,436.851661,438.918671,48857500.000000
2021-11-17,438.656947,438.834656,437.235297,437.852600,47858300.000000
2021-11-18,438.881313,439.601514,436.168941,439.339630,50625600.000000
2021-11-19,439.227376,440.471344,438.189204,438.553986,57315600.000000
2021-11-22,440.424577,442.903123,437.113599,437.319366,72762000.000000
2021-11-23,436.992017,438.750390,434.401239,437.899261,73206500.000000
2021-11-24,435.907063,439.189984,435.093354,439.068390,61858800.000000
2021-11-26,432.427752,433.886822,428.153413,429.275787,112669600.000000
2021-11-29,434.045764,436.374658,431.857160,434.541473,86268800.000000
2021-11-30,432.109715,434.008377,425.843177,426.086365,148559600.000000
2021-12-01,431.773012,434.606977,421.157324,421.353729,131939200.000000
2021-12-02,421.568831,429.369249,421.175991,427.807281,127637800.000000
2021-12-03,429.462828,430.519696,419.875978,424.084839,137331600.000000
2021-12-06,426.619514,430.978027,424.215780,429.107422,98977500.000000
2021-12-07,434.363813,438.544616,428.976462,437.983429,95484700.000000
2021-12-08,438.376232,439.592113,436.627192,439.143158,72238800.000000
2021-12-09,437.861878,439.246136,435.981939,436.178345,61272600.000000
2021-12-10,438.871984,440.433923,436.327960,440.284271,77159800.000000
2021-12-13,439.769915,440.115973,436.103517,436.384125,87724700.000000
2021-12-14,433.129284,435.607830,430.473028,433.381805,97264100.000000
2021-12-15,433.437886,440.396510,430.931254,440.153351,116899300.000000
2021-12-16,441.995928,442.276507,434.728609,436.271881,116568600.000000
2021-12-17,433.205453,436.199552,429.929789,431.628632,135511600.000000
2021-12-20,426.569646,427.433131,423.434765,427.038940,107134800.000000
2021-12-21,430.446072,434.763585,428.287330,434.622803,69806300.000000
2021-12-22,434.369307,439.081010,434.172182,438.968384,58890200.000000
2021-12-23,439.963313,443.192059,439.860082,441.699707,56439700.000000
2021-12-27,443.069952,447.997541,443.023034,447.950623,56808600.000000
2021-12-28,448.382462,449.405520,446.824401,447.584656,47274600.000000
2021-12-29,447.687871,449.170828,446.692970,448.157166,54503000.000000
2021-12-30,448.579504,449.583800,446.458314,446.918213,55329000.000000
2021-12-31,446.430224,447.575274,445.519792,445.791962,65237400.000000
2022-01-03,447.049664,448.504494,444.750140,448.373077,72668200.000000
2022-01-04,449.790294,450.503631,446.373819,448.222839,71178700.000000
2022-01-05,447.856833,448.626482,439.522163,439.616028,104538900.000000
2022-01-06,439.156085,441.906142,436.847137,439.203003,86858900.000000
2022-01-07,439.212434,440.385669,436.115075,437.466644,85111600.000000
2022-01-10,434.284901,437.138190,428.559506,436.922333,119362000.000000
2022-01-11,436.659568,440.995842,433.674834,440.901978,74303100.000000
2022-01-12,442.628874,444.140016,440.141621,442.093872,67605400.000000
2022-01-13,443.192063,443.839691,434.979414,436.002472,91173100.000000
2022-01-14,432.867601,436.528090,431.656814,436.180817,95890900.000000
2022-01-18,431.506589,431.713079,427.348649,428.456177,109709100.000000
2022-01-19,429.995461,431.384553,423.735065,424.007263,109357600.000000
2022-01-20,425.884449,430.567996,417.202507,419.314331,122379700.000000
2022-01-21,418.197434,420.543905,411.054790,411.082947,202271200.000000
2022-01-24,405.498332,413.335551,394.920451,412.828705,251783900.000000
2022-01-25,406.465100,412.716102,400.918039,407.788513,167997300.000000
2022-01-26,413.654646,416.770766,402.522974,406.765411,186391100.000000
2022-01-27,411.345807,414.471294,403.076844,404.756897,149878300.000000
2022-01-28,406.108411,414.856061,401.546885,414.809143,164457400.000000
2022-01-31,414.142760,422.627608,412.800585,422.280334,152251400.000000
2022-02-01,423.002992,425.771839,419.492681,425.133606,123155400.000000
2022-02-02,427.526973,429.986069,425.227420,429.263367,117361000.000000
2022-02-03,423.256449,425.152387,418.338227,419.173584,118024400.000000
2022-02-04,418.938934,424.974051,416.573673,421.144623,118454400.000000
2022-02-07,421.904915,423.294008,418.469678,419.793091,84472900.000000
2022-02-08,419.295621,424.166897,417.878343,423.247070,81012000.000000
2022-02-09,427.264180,429.760828,427.067084,429.441711,92589900.000000
2022-02-10,423.622470,429.601273,419.736729,421.726532,140103700.000000
2022-02-11,421.811085,423.875962,411.984061,413.410706,153214600.000000
2022-02-14,412.903773,414.480595,408.605023,412.059021,123006300.000000
2022-02-15,416.479835,418.873224,415.963594,418.704285,88482700.000000
2022-02-16,416.667540,420.543915,414.799759,419.173584,84863600.000000
2022-02-17,416.001036,419.145312,409.618648,410.219330,102259100.000000
2022-02-18,410.472803,411.721141,405.301201,407.563202,132642900.000000
2022-02-22,405.366893,408.755183,399.707179,403.189362,124391800.000000
2022-02-23,406.089689,406.652848,395.474256,396.037415,132578000.000000
2022-02-24,385.778541,402.429116,385.421901,401.997345,213942900.000000
2022-02-25,403.227002,410.951596,401.584472,410.867126,121804500.000000
2022-02-28,405.498345,411.289448,404.250035,409.815857,145615000.000000
2022-03-01,408.323504,410.322702,400.880477,403.574249,137785900.000000
2022-03-02,405.817448,412.716078,405.066589,410.998474,117726500.000000
2022-03-03,413.420083,414.020765,407.159685,408.952393,105501700.000000
2022-03-04,405.235541,406.756050,401.603208,405.629761,113978200.000000
2022-03-07,405.047837,405.751779,393.606442,393.672150,137896600.000000
2022-03-08,393.850477,400.974360,389.626829,390.687439,164772700.000000
2022-03-09,399.031463,403.133090,396.853931,401.162048,116990800.000000
2022-03-10,396.572374,400.242258,394.620123,399.350616,93972700.000000
2022-03-11,401.828390,402.438467,393.765920,394.272766,95636300.000000
2022-03-14,395.042480,398.477688,390.255673,391.391357,95729200.000000
2022-03-15,393.991271,400.627099,392.724200,399.998260,106219100.000000
2022-03-16,403.489826,408.924233,398.712385,408.867920,144954800.000000
2022-03-17,406.962563,413.983215,406.587134,413.983215,102676900.000000
2022-03-18,412.378859,418.837564,411.644487,418.517456,106345500.000000
2022-03-21,418.347988,420.343972,414.902079,418.395081,88349800.000000
2022-03-22,419.779072,424.222974,419.779072,423.290894,74650400.000000
2022-03-23,420.767662,422.255226,417.754837,417.839569,79426100.000000
2022-03-24,419.854442,424.147699,418.743474,424.138275,64736900.000000
2022-03-25,424.769003,426.482547,422.198686,426.209503,77101300.000000
2022-03-28,425.616384,429.241180,423.733375,429.241180,68529800.000000
2022-03-29,433.110708,435.040809,430.436840,434.551208,86581500.000000
2022-03-30,433.412094,434.221803,429.768477,431.868042,79666900.000000
2022-03-31,431.105348,431.924452,424.769015,425.220947,121699900.000000
2022-04-01,426.793228,426.934447,422.867172,426.426056,89048800.000000
2022-04-04,426.623767,430.182651,425.804663,430.079071,59601000.000000
2022-04-05,428.591573,431.048885,423.507455,424.646667,74214500.000000
2022-04-06,420.748863,422.669511,417.528906,420.400482,106898000.000000
2022-04-07,419.524792,424.326469,417.585296,422.518768,78097200.000000
2022-04-08,421.765634,424.270039,419.854382,421.389038,79272700.000000
2022-04-11,418.131430,418.969383,413.687558,414.186554,89770500.000000
2022-04-12,417.161701,419.675530,411.107836,412.651917,84363600.000000
2022-04-13,412.407124,418.131457,412.228236,417.378265,74070400.000000
2022-04-14,417.604197,418.715194,412.077572,412.181152,97869500.000000
2022-04-18,411.258468,414.026493,410.128651,412.350616,66002500.000000
2022-04-19,412.247027,419.722573,412.077564,419.007050,77821000.000000
2022-04-20,420.777034,421.389006,417.538257,418.696289,65224400.000000
2022-04-21,422.302339,423.686351,411.531528,412.435364,85417300.000000
2022-04-22,411.352584,412.454128,400.553530,401.118439,132471800.000000
2022-04-25,398.887093,403.613434,394.339612,403.443970,119647700.000000
2022-04-26,400.920798,401.118535,391.731735,391.759979,103996300.000000
2022-04-27,392.833145,398.180910,390.733610,392.861389,122030000.000000
2022-04-28,397.587849,404.507912,393.172192,402.784943,105449100.000000
2022-04-29,398.811843,400.958472,387.156014,387.899811,145491100.000000
2022-05-02,387.965621,391.590418,381.328000,390.234650,158312500.000000
2022-05-03,390.733703,394.424384,389.180198,392.023560,100028200.000000
2022-05-04,392.682591,404.526731,389.509726,403.961823,144247900.000000
2022-05-05,399.715597,400.139286,385.489483,389.603851,172929100.000000
2022-05-06,387.052460,390.536009,381.996586,387.278412,151770800.000000
2022-05-09,381.403371,382.636739,373.306429,374.878754,155586100.000000
2022-05-10,380.829082,382.326071,371.724751,375.744965,132497200.000000
2022-05-11,374.784628,380.405410,369.032021,369.775818,142361000.000000
2022-05-12,366.593532,372.647398,362.620383,369.389801,125090800.000000
2022-05-13,373.504064,379.595596,372.468404,378.221008,104174400.000000
2022-05-16,376.582880,380.339473,374.342095,376.686432,78622400.000000
2022-05-17,382.749697,384.670374,379.030744,384.434998,83029700.000000
2022-05-18,379.896927,380.179367,367.704437,368.937805,117674500.000000
2022-05-19,365.887393,371.084515,364.465712,366.678253,98510700.000000
2022-05-20,370.246528,373.805413,358.280018,366.838287,131432200.000000
2022-05-23,369.851096,374.464490,367.544428,373.701874,76414900.000000
2022-05-24,369.596874,372.035366,364.324445,370.849091,91448800.000000
2022-05-25,369.361450,376.083802,368.966034,374.125458,91472900.000000
2022-05-26,375.349471,383.229856,375.142339,381.601044,82168300.000000
2022-05-27,384.048963,391.082001,383.851256,390.969025,84768700.000000
2022-05-31,389.359119,392.098900,386.045034,388.775391,95937000.000000
2022-06-01,390.884409,391.891797,383.126393,385.630798,86585800.000000
2022-06-02,385.470697,393.021551,383.229912,392.974487,79609600.000000
2022-06-03,388.276361,389.820442,385.555429,386.525177,71874300.000000
2022-06-06,390.517115,392.240055,386.534542,387.702026,57508900.000000
2022-06-07,384.227822,391.872831,383.766466,391.420898,59272400.000000
2022-06-08,389.716812,391.496269,386.374484,387.165344,64350000.000000
2022-06-09,385.395367,387.654972,377.957489,377.957489,86289800.000000
2022-06-10,371.781210,372.628558,366.951288,366.998352,132893900.000000
2022-06-13,357.630450,359.475791,351.463579,353.064148,170004900.000000
2022-06-14,354.805907,355.832143,348.912081,352.000214,104011800.000000
2022-06-15,355.286039,361.443485,350.352566,357.018433,125666800.000000
2022-06-16,348.836736,349.241576,342.782842,345.202515,134473300.000000
2022-06-17,345.615759,349.275115,342.457554,345.946686,111113900.000000
2022-06-21,351.648516,356.035952,351.572854,354.655426,76811900.000000
2022-06-22,350.447538,358.106670,350.031485,354.012360,90059400.000000
2022-06-23,356.139941,358.210715,352.594049,357.482635,79292100.000000
2022-06-24,360.640898,368.857915,360.612532,368.848450,98050300.000000
2022-06-27,369.765642,370.058767,366.352143,367.439545,66009600.000000
2022-06-28,368.990259,371.760776,359.818207,359.931671,86548900.000000
2022-06-29,360.480122,361.463495,357.823069,359.638550,65676000.000000
2022-06-30,355.761700,359.941137,352.282005,356.716736,112508300.000000
2022-07-01,356.064297,360.924547,353.454511,360.489563,74839700.000000
2022-07-05,355.421319,361.189310,352.603507,361.170380,81438000.000000
2022-07-06,361.312172,364.867528,358.938808,362.390137,70426200.000000
2022-07-07,364.158363,368.611995,362.409050,367.817719,64525900.000000
2022-07-08,366.191344,369.377944,364.668989,367.515167,72397800.000000
2022-07-11,364.848685,365.813157,362.626587,363.316864,58366900.000000
2022-07-12,362.768355,365.141747,358.361990,360.101837,62219200.000000
2022-07-13,354.683822,361.132626,354.267769,358.210785,84224600.000000
2022-07-14,353.274847,358.418756,350.844751,357.340820,89704800.000000
2022-07-15,361.728348,364.281402,359.827769,364.167938,79060400.000000
2022-07-18,367.240966,367.912313,359.941155,361.160950,63203600.000000
2022-07-19,365.066132,371.486568,364.413714,370.919220,78506000.000000
2022-07-20,371.108340,374.692063,369.746715,373.283142,71843800.000000
2022-07-21,372.706381,377.131648,370.314087,377.084381,64903900.000000
2022-07-22,377.207309,378.398709,371.373121,373.585754,72197300.000000
2022-07-25,374.209838,374.890651,371.808079,374.039642,53631500.000000
2022-07-26,372.403798,372.611825,368.725541,369.614380,52946400.000000
2022-07-27,372.895476,380.951762,372.602351,379.211914,82342100.000000
2022-07-28,380.015628,384.658358,376.479172,383.968109,73966600.000000
2022-07-29,385.395915,390.549290,384.630004,389.565887,87003700.000000
2022-08-01,386.880380,390.908522,386.171202,388.412201,69997500.000000
2022-08-02,386.852096,390.520917,384.677293,385.849792,63435400.000000
2022-08-03,387.967855,393.055032,387.684195,391.891998,67820600.000000
2022-08-04,391.816355,392.497168,389.991410,391.627258,45656600.000000
2022-08-05,387.362768,391.608375,387.306037,390.965393,56814900.000000
2022-08-08,392.648475,394.889474,389.414608,390.511475,53886100.000000
2022-08-09,389.783397,390.284548,387.892254,388.960754,44931800.000000
2022-08-10,395.986360,397.272352,394.038485,397.130493,68665700.000000
2022-08-11,399.967207,401.820548,396.392949,397.130493,59489700.000000
2022-08-12,399.059432,403.957484,398.113861,403.853485,61694500.000000
2022-08-15,401.650257,406.037721,401.593525,405.517639,54048300.000000
2022-08-16,404.449205,408.231490,403.645463,406.311981,59289000.000000
2022-08-17,402.728235,406.122832,401.432807,403.427948,63563400.000000
2022-08-18,403.626528,405.281278,402.340565,404.600494,49023200.000000
2022-08-19,401.848932,402.113691,398.293575,399.163513,68016900.000000
2022-08-22,394.350525,394.520750,389.953624,390.851929,77695600.000000
2022-08-23,390.426364,392.809222,389.357864,389.906311,49105200.000000
2022-08-24,389.679332,392.516045,388.998548,391.154449,49177800.000000
2022-08-25,392.638998,396.723872,391.551596,396.676605,50942300.000000
2022-08-26,396.563109,397.102063,383.192719,383.249451,103087000.000000
2022-08-29,380.308743,383.750607,379.363172,380.715332,65370800.000000
2022-08-30,381.868924,382.105317,374.446184,376.535889,85652400.000000
2022-08-31,378.162301,379.400997,373.538472,373.670837,76029700.000000
2022-09-01,371.505549,375.183806,368.810664,374.843414,78740100.000000
2022-09-02,378.493239,379.703569,369.084794,370.890839,99632100.000000
2022-09-06,371.732393,372.668499,367.278761,369.491394,76637400.000000
2022-09-07,369.179409,376.895274,368.961946,376.129364,70964200.000000
2022-09-08,373.869468,379.041716,372.668574,378.587860,80821700.000000
2022-09-09,380.819379,385.329773,380.554620,384.469299,76706900.000000
2022-09-12,386.530607,389.320053,386.228017,388.601410,69256300.000000
2022-09-13,379.958796,381.159690,370.588213,371.703979,122947100.000000
2022-09-14,372.999477,374.635326,369.831808,373.122406,85023700.000000
2022-09-15,371.571680,374.408394,367.619199,368.886261,87633800.000000
2022-09-16,364.723841,366.727179,362.796419,366.072052,103084800.000000
2022-09-19,362.938775,368.910828,362.862802,368.910828,73278500.000000
2022-09-20,365.597242,366.603663,361.932359,364.676270,77274900.000000
2022-09-21,366.594257,369.632527,358.305529,358.315033,106746600.000000
2022-09-22,357.545876,359.178941,354.564602,355.305176,89472600.000000
2022-09-23,351.849217,351.887203,344.927707,349.352173,122346900.000000
2022-09-26,347.890042,351.497962,344.680877,345.896179,92581200.000000
2022-09-27,349.418612,351.678320,342.630010,345.013153,108294100.000000
2022-09-28,345.962582,353.482253,344.272553,351.801727,110802200.000000
2022-09-29,348.269711,348.554536,341.519098,344.452911,112952300.000000
2022-09-30,343.512975,347.415252,338.993587,339.126495,153711200.000000
2022-10-03,342.829347,349.921780,341.053870,348.079834,89756500.000000
2022-10-04,353.577218,358.894175,348.041905,358.865692,103602800.000000
2022-10-05,354.517214,360.280387,352.200540,358.030182,88065700.000000
2022-10-06,356.634550,359.577869,353.843148,354.336884,82333500.000000
2022-10-07,350.320538,354.422192,342.696413,344.452911,107789500.000000
2022-10-10,345.563825,345.801188,339.591770,341.822968,76042800.000000
2022-10-11,340.132992,344.680893,337.730870,339.658264,92482800.000000
2022-10-12,340.066450,341.633045,338.290944,338.537811,76991800.000000
2022-10-13,331.559346,348.934399,330.514939,347.472229,147254500.000000
2022-10-14,349.921810,351.545399,338.917624,339.553772,123737000.000000
2022-10-17,345.611299,349.380638,339.221453,348.279266,93168200.000000
2022-10-18,356.169221,356.473053,348.943850,352.371399,97162900.000000
2022-10-19,350.339553,353.055010,347.073423,349.874329,79746900.000000
2022-10-20,349.428121,353.833608,346.180970,346.940552,88283100.000000
2022-10-21,346.665214,355.855937,345.165087,355.371735,131038400.000000
2022-10-24,356.890856,360.850069,354.251342,359.720215,85436900.000000
2022-10-25,359.644220,365.777694,359.530290,365.464386,78846300.000000
2022-10-26,362.331283,367.990031,362.074940,362.711060,104087300.000000
2022-10-27,363.707831,365.540272,360.156848,360.774017,81971800.000000
2022-10-28,360.669636,369.831875,360.489237,369.357147,100302000.000000
2022-10-31,366.907564,368.768488,365.787213,366.689178,96631300.000000
2022-11-01,370.420528,370.657892,363.916753,365.084564,85407600.000000
2022-11-02,364.495945,368.986880,355.817937,355.922363,126990400.000000
2022-11-03,352.694218,355.286242,350.149685,352.257477,87100100.000000
2022-11-04,357.944685,359.720162,351.298498,357.327545,103505200.000000
2022-11-07,358.618806,361.334263,356.549000,360.745605,68286900.000000
2022-11-08,361.846926,365.654252,358.628288,362.691956,84641100.000000
2022-11-09,360.726556,361.875418,354.725991,355.219727,78495500.000000
2022-11-10,368.436202,375.072916,366.148040,374.740601,141455800.000000
2022-11-11,375.595100,379.165062,373.715168,378.367523,93839900.000000
2022-11-14,376.611004,379.953077,374.873484,375.148834,71903500.000000
2022-11-15,380.874066,381.975438,374.550689,378.348511,93194500.000000
2022-11-16,376.724921,377.674377,374.835514,375.462158,68508500.000000
2022-11-17,370.724383,374.987458,370.420580,374.313324,74496300.000000
2022-11-18,377.636439,377.702908,373.174016,376.012878,92922500.000000
2022-11-21,374.693151,375.813501,372.813218,374.645660,51243200.000000
2022-11-22,376.582516,379.848646,375.177312,379.687225,60429000.000000
2022-11-23,379.354873,382.564037,379.127013,382.079834,68261600.000000
2022-11-25,381.519748,382.545177,381.244427,381.994476,30545400.000000
2022-11-28,378.918187,380.551252,375.139344,375.898926,67881600.000000
2022-11-29,376.031797,377.218616,373.420794,375.253265,52310000.000000
2022-11-30,375.500170,387.074036,373.591784,387.074036,144566700.000000
2022-12-01,388.108913,389.276753,384.292112,386.789185,76398200.000000
2022-12-02,381.918520,387.244953,381.814094,386.342987,85342700.000000
2022-12-05,383.532586,384.463034,378.044734,379.392944,77289800.000000
2022-12-06,379.231585,379.772753,371.844822,373.924103,77972200.000000
2022-12-07,373.079052,375.642593,372.158079,373.287933,65927900.000000
2022-12-08,375.167872,377.275635,373.392366,376.212250,60737900.000000
2022-12-09,374.977986,377.522520,373.278452,373.401886,81447700.000000
2022-12-12,374.189858,378.785248,373.525257,378.785248,75405800.000000
2022-12-13,389.485688,389.742031,378.899264,381.652679,123782500.000000
2022-12-14,381.310844,385.004240,376.278741,379.212555,108111300.000000
2022-12-15,374.370312,375.272306,368.284327,369.936371,117705900.000000
2022-12-16,367.390639,368.725975,363.441858,365.568848,119858000.000000
2022-12-19,365.759546,366.093388,360.809243,362.468872,79878100.000000
2022-12-20,361.715439,364.576886,360.399169,362.964935,74427200.000000
2022-12-21,365.549710,369.517585,365.015576,368.392090,78167400.000000
2022-12-22,365.358974,368.373034,357.461383,363.136597,100120900.000000
2022-12-23,362.116016,365.368530,360.570840,365.225464,59857300.000000
2022-12-27,365.111004,365.454364,362.116010,363.785187,51638200.000000
2022-12-28,363.718462,365.683349,359.035254,359.264160,70911500.000000
2022-12-29,362.096923,366.598932,361.572307,365.730957,66970900.000000
2022-12-30,363.060300,364.910675,360.952347,364.767609,84022200.000000
2023-01-03,366.618059,368.582916,360.380097,363.232025,74850700.000000
2023-01-04,365.483026,368.058339,362.449899,366.036255,85934100.000000
2023-01-05,364.090415,364.204868,361.267129,361.858490,76970500.000000
2023-01-06,364.939276,371.272623,361.887084,370.156647,104189600.000000
2023-01-09,372.340924,375.517146,369.765640,369.946838,73978100.000000
2023-01-10,369.364946,372.607912,368.430196,372.541138,65358100.000000
2023-01-11,374.114990,377.329343,373.304241,377.253021,68881100.000000
2023-01-12,378.349940,380.085862,374.296225,378.626526,90157700.000000
2023-01-13,375.440835,380.667754,375.173768,380.095459,63903900.000000
2023-01-17,380.076430,381.745608,378.722000,379.399200,62677300.000000
2023-01-18,380.581859,381.640580,373.208856,373.409149,99632300.000000
2023-01-19,371.377546,373.018109,369.374557,370.690826,86958900.000000
2023-01-20,372.083384,377.749049,370.442820,377.596436,91806400.000000
2023-01-23,378.397623,384.053741,377.443808,382.127045,84178800.000000
2023-01-24,380.457906,382.623057,379.275184,381.716949,59524900.000000
2023-01-25,377.663294,382.193918,375.383661,381.860077,84800300.000000
2023-01-26,384.511617,386.218955,381.554783,386.056793,72287400.000000
2023-01-27,385.017060,389.309228,384.807219,386.943756,68346200.000000
2023-01-30,384.196791,386.419197,381.793187,382.088867,74202000.000000
2023-01-31,382.603961,387.754558,382.260572,387.706879,86811800.000000
2023-02-01,386.495567,394.564867,383.767669,391.827393,101459200.000000
2023-02-02,395.699881,398.990556,393.811345,397.531219,101654500.000000
2023-02-03,392.580938,397.712470,392.104030,393.305847,94736800.000000
2023-02-06,390.864060,392.294783,389.252109,390.902191,60295300.000000
2023-02-07,389.986558,397.254628,388.746609,396.014679,90990700.000000
2023-02-08,394.049768,395.385104,390.997547,391.684296,76227500.000000
2023-02-09,395.270663,395.423277,387.067844,388.288727,78694900.000000
2023-02-10,387.115515,389.576375,386.304795,389.194855,70769700.000000
2023-02-13,389.843413,393.897128,389.385571,393.763580,64913500.000000
2023-02-14,392.247033,395.881067,389.643135,393.582397,88389300.000000
2023-02-15,391.398240,394.936888,390.558878,394.860596,61555700.000000
2023-02-16,389.910253,393.839968,389.290279,389.423798,76431500.000000
2023-02-17,387.306307,388.689351,385.389129,388.450897,89257800.000000
2023-02-21,384.444882,385.494085,380.400714,380.658234,82655900.000000
2023-02-22,381.068326,382.603984,378.683788,380.133606,83742300.000000
2023-02-23,383.014129,383.624585,377.949371,382.155701,96242400.000000
2023-02-24,377.157679,378.903148,375.459889,378.073334,108194400.000000
2023-02-27,381.402142,382.756573,378.426243,379.360992,80444700.000000
2023-02-28,378.884125,380.839436,377.853989,377.958923,96438600.000000
2023-03-01,377.148133,378.369015,375.211889,376.509064,99706800.000000
2023-03-02,374.544269,380.276710,374.210428,379.437347,85127800.000000
2023-03-03,381.249571,385.770676,380.600983,385.522675,90120000.000000
2023-03-06,386.342934,388.632114,385.350987,385.789734,72795900.000000
2023-03-07,385.742025,385.980479,379.265611,379.876038,108310600.000000
2023-03-08,379.990603,381.249618,378.273718,380.496124,74746600.000000
2023-03-09,381.278155,382.937814,372.493523,373.475952,111945300.000000
2023-03-10,372.932315,375.002107,366.570381,368.086945,189253000.000000
2023-03-13,364.176253,372.360006,363.069824,367.562286,157790000.000000
2023-03-14,372.464919,375.278686,369.174244,373.638123,149752400.000000
2023-03-15,368.067881,371.501593,365.988541,371.301300,172996900.000000
2023-03-16,368.954842,378.159154,368.449321,377.815765,143254200.000000
2023-03-17,376.490725,377.620515,372.019394,373.398132,140553400.000000
2023-03-20,374.173695,377.400345,373.474771,376.988617,93055800.000000
2023-03-21,380.339635,382.417326,378.750255,381.938599,91524200.000000
2023-03-22,381.766298,385.366312,375.389640,375.427917,111746600.000000
2023-03-23,378.281170,382.302495,373.742839,376.442871,119351300.000000
2023-03-24,375.169431,378.999253,372.833237,378.913086,107682400.000000
2023-03-27,381.182239,381.948221,378.731155,379.621582,74010400.000000
2023-03-28,378.932221,379.621591,376.940726,378.769470,62871700.000000
2023-03-29,382.915241,384.514205,381.718422,384.274841,77497900.000000
2023-03-30,386.898264,387.147212,384.667405,386.524872,69840000.000000
2023-03-31,387.443972,392.269557,387.338637,391.972748,112062600.000000
2023-04-03,391.455737,393.868515,391.063177,393.466400,67391100.000000
2023-04-04,394.107863,394.395117,389.914203,391.283386,66601500.000000
2023-04-05,390.555720,391.312118,388.612086,390.258911,65200200.000000
2023-04-06,389.464225,392.058951,388.420602,391.781281,63743300.000000
2023-04-10,389.311044,392.260023,388.698287,392.183411,63681000.000000
2023-04-11,392.805792,393.686634,391.522804,392.288757,59297900.000000
2023-04-12,394.347277,394.634531,390.105755,390.689789,86420400.000000
2023-04-13,391.771688,396.233435,390.632314,395.879181,85814800.000000
2023-04-14,395.247316,397.430314,392.614313,394.912201,78161500.000000
2023-04-17,394.825981,396.348332,393.600439,396.329193,66436400.000000
2023-04-18,397.899417,398.033475,395.218553,396.587708,63560000.000000
2023-04-19,394.682333,397.420642,394.624888,396.520660,55227300.000000
2023-04-20,393.715334,396.099418,392.815323,394.356842,75840400.000000
2023-04-21,394.653655,395.122799,392.719605,394.663239,73457400.000000
2023-04-24,394.462196,395.496265,393.131348,395.074982,64332100.000000
2023-04-25,393.112139,393.667480,388.746144,388.803589,97766700.000000
2023-04-26,389.416379,390.488725,386.601457,387.156769,80447000.000000
2023-04-27,389.684450,395.132375,389.435502,394.864288,92968400.000000
2023-04-28,393.983422,398.244111,393.925977,398.234528,89433100.000000
2023-05-01,397.794091,399.852615,397.602588,397.832397,62122300.000000
2023-05-02,397.123909,397.171799,390.469609,393.361115,103998500.000000
2023-05-03,393.858909,396.262132,390.421647,390.661011,91531800.000000
2023-05-04,389.617421,389.942952,386.563135,387.894012,94901900.000000
2023-05-05,391.513245,396.118605,391.254742,395.074982,87891800.000000
2023-05-08,395.400462,395.658965,393.782360,395.180237,50046800.000000
2023-05-09,393.638768,394.557918,393.217486,393.447266,49220100.000000
2023-05-10,396.271792,396.903717,391.474930,395.285614,96142900.000000
2023-05-11,394.423887,394.883447,392.528114,394.596222,70157100.000000
2023-05-12,395.831292,396.041934,391.666355,394.079132,70481500.000000
2023-05-15,394.682353,395.840866,392.777026,395.438751,54289400.000000
2023-05-16,394.337693,395.256872,392.786620,392.796204,57705500.000000
2023-05-17,394.806824,398.167473,393.169583,397.564301,87287000.000000
2023-05-18,397.248335,401.815417,397.028139,401.394135,97177200.000000
2023-05-19,402.294132,402.820721,399.594101,400.810059,103793300.000000
2023-05-22,400.829257,402.504805,399.594131,400.972870,60745400.000000
2023-05-23,399.335592,400.905833,396.080249,396.472809,86383500.000000
2023-05-24,394.873835,395.256811,392.441890,393.600403,89213700.000000
2023-05-25,397.095140,398.454740,394.864281,397.008972,90961600.000000
2023-05-26,397.660074,402.868635,397.583490,402.150543,93830000.000000
2023-05-30,404.075071,404.601660,400.925033,402.303772,72216000.000000
2023-05-31,400.484544,401.384555,398.512188,400.072845,110811800.000000
2023-06-01,400.302612,404.927139,399.057931,403.873932,88865000.000000
2023-06-02,406.439936,410.499538,405.913347,409.714447,91426200.000000
2023-06-05,410.059081,411.342068,408.230338,408.929291,65460200.000000
2023-06-06,408.517607,410.346322,407.866515,409.819733,64022200.000000
2023-06-07,410.212315,411.342106,407.981427,408.402710,85373300.000000
2023-06-08,408.469763,411.322991,407.703810,410.872986,61952800.000000
2023-06-09,411.667675,413.611309,410.624051,411.610229,85742800.000000
2023-06-12,412.586821,415.420882,411.868729,415.344269,76104300.000000
2023-06-13,416.799594,418.724059,416.138947,418.082581,95899700.000000
2023-06-14,418.417724,420.380496,415.143212,418.580475,100612100.000000
2023-06-15,417.766662,425.014609,417.670939,423.769928,110303100.000000
2023-06-16,425.747648,426.314642,421.855560,422.326447,114165800.000000
2023-06-20,420.394838,421.278952,418.069175,420.135345,76160400.000000
2023-06-21,419.155102,419.952729,417.396433,417.982666,76982300.000000
2023-06-22,417.031236,419.597122,416.694876,419.491425,70637200.000000
2023-06-23,416.050956,418.097916,415.608898,416.320038,92074500.000000
2023-06-26,415.753036,417.665441,414.378796,414.619049,72823600.000000
2023-06-27,415.493599,419.779705,415.041923,419.164673,72813700.000000
2023-06-28,418.088347,420.385180,417.473314,419.376129,75636000.000000
2023-06-29,418.962852,421.192407,418.559243,421.029022,67882300.000000
2023-06-30,424.229269,426.977750,423.912118,425.997528,104964000.000000
2023-07-03,425.651625,426.766374,425.372924,426.487701,32793400.000000
2023-07-05,424.680896,426.583711,424.671277,425.853333,58418400.000000
2023-07-06,422.287982,422.941463,420.019978,422.518616,80658300.000000
2023-07-07,421.528741,425.382409,421.211590,421.451843,86134200.000000
2023-07-10,421.096307,422.691591,420.529313,422.518616,62443500.000000
2023-07-11,423.277828,425.699568,422.307196,425.209442,64463800.000000
2023-07-12,428.986184,430.033683,427.563875,428.630585,91924500.000000
2023-07-13,430.437400,432.820721,430.004962,432.032684,72425200.000000
2023-07-14,432.916715,433.762381,431.004281,431.763489,69815800.000000
2023-07-17,431.619373,434.310195,431.571305,433.262695,52680200.000000
2023-07-18,432.936010,437.126009,432.503543,436.482147,80668200.000000
2023-07-19,437.270103,438.634724,436.405169,437.452698,65891700.000000
2023-07-20,436.462941,437.356675,433.839367,434.550507,70591600.000000
2023-07-21,436.261107,436.462941,434.540916,434.550507,71275600.000000
2023-07-24,435.694134,437.299038,434.665844,436.491791,54023400.000000
2023-07-25,436.222652,438.932684,436.174584,437.683380,55191200.000000
2023-07-26,436.751271,439.173012,435.703771,437.750732,71052900.000000
2023-07-27,441.123797,441.527435,433.945035,434.848389,92194400.000000
2023-07-28,438.106282,439.932200,434.848437,439.105743,80011800.000000
2023-07-31,439.576553,440.297312,438.269561,439.941742,62040400.000000
2023-08-01,438.480967,439.422769,437.731378,438.682800,55291500.000000
2023-08-02,435.578829,435.838291,431.830886,432.580475,93933400.000000
2023-08-03,430.571961,433.214745,429.928070,431.340759,64276100.000000
2023-08-04,433.147423,435.242423,428.870907,429.389862,100128900.000000
2023-08-07,431.215732,433.291522,430.523802,433.137756,58357500.000000
2023-08-08,430.610351,433.128228,427.909909,431.254242,71361300.000000
2023-08-09,431.523335,431.686720,427.612008,428.371216,78789600.000000
2023-08-10,430.716039,434.089201,427.362116,428.524933,93005500.000000
2023-08-11,426.660592,429.284166,426.064769,428.275085,68690900.000000
2023-08-14,427.362195,430.639221,427.054664,430.639221,47867400.000000
2023-08-15,428.870908,429.226507,425.055688,425.622711,75707500.000000
2023-08-16,425.209452,426.862394,422.393694,422.499420,80107200.000000
2023-08-17,423.960185,424.219648,418.761105,419.280060,95711300.000000
2023-08-18,416.473839,420.510102,416.127888,419.481812,98852000.000000
2023-08-21,420.490870,422.951059,418.347832,422.211090,68719000.000000
2023-08-22,423.979371,423.979371,420.510131,421.067505,64994200.000000
2023-08-23,422.124577,426.372264,421.980432,425.757202,68441000.000000
2023-08-24,427.352512,427.861847,419.827770,419.856628,88517300.000000
2023-08-25,421.576814,424.094662,418.040297,422.816528,102325100.000000
2023-08-28,424.997997,426.112774,422.816510,425.497742,61595400.000000
2023-08-29,425.392055,431.926956,425.209461,431.648254,83081900.000000
2023-08-30,431.984599,434.060389,431.283049,433.426117,69053900.000000
2023-08-31,434.041174,435.175162,432.609275,432.791870,66084600.000000
2023-09-01,435.501905,435.982411,432.147953,433.599091,58944100.000000
2023-09-05,433.156995,433.474116,431.657819,431.725067,55166200.000000
2023-09-06,430.917845,431.023572,426.506803,428.822845,70758500.000000
2023-09-07,425.834136,428.179008,425.488185,427.506317,70355400.000000
2023-09-08,427.554293,429.678122,427.198723,428.150116,61659700.000000
2023-09-11,430.764078,431.273413,429.063097,430.965912,60180100.000000
2023-09-12,429.524369,431.042755,428.025192,428.601776,67565400.000000
2023-09-13,428.822891,430.254790,427.727323,429.101593,60199300.000000
2023-09-14,431.561768,433.493383,430.264396,432.801453,83430800.000000
2023-09-15,431.222759,431.550652,427.152981,427.586945,111848900.000000
2023-09-18,427.278338,429.130003,426.805790,427.837708,55752200.000000
2023-09-19,426.921509,427.509809,424.279056,426.950439,66514600.000000
2023-09-20,428.204102,428.618788,422.822723,423.025269,82562600.000000
2023-09-21,420.189987,420.450365,415.879109,416.033417,104095800.000000
2023-09-22,417.055635,418.646893,414.683185,415.097900,100829700.000000
2023-09-25,413.892408,416.882030,413.458415,416.843475,70874500.000000
2023-09-26,413.815235,414.519259,409.890112,410.719513,96168400.000000
2023-09-27,411.886501,412.445871,407.257382,410.883514,104705800.000000
2023-09-28,410.333773,414.933959,409.745472,413.265533,92258300.000000
2023-09-29,416.303420,416.477005,410.748455,412.262573,115111300.000000
2023-10-02,411.433163,413.342689,409.350051,412.098602,83798600.000000
2023-10-03,409.928721,412.156487,405.222434,406.582245,103760600.000000
2023-10-04,407.045201,410.285578,405.588945,409.542999,87453000.000000
2023-10-05,409.253641,410.227697,406.177226,409.388672,70142700.000000
2023-10-06,406.948707,415.782633,405.627481,414.249237,113273300.000000
2023-10-09,412.359012,417.470361,411.809326,416.901367,80374400.000000
2023-10-10,417.528240,421.655880,417.132831,419.071289,78607300.000000
2023-10-11,420.132147,421.038658,417.759697,420.787933,62451700.000000
2023-10-12,421.395548,421.771649,415.879166,418.222656,81154200.000000
2023-10-13,419.717419,420.913298,414.577169,416.139496,95143100.000000
2023-10-16,418.376910,421.578731,418.135809,420.517883,75433200.000000
2023-10-17,417.402904,422.543184,417.055733,420.498627,75324700.000000
2023-10-18,418.733686,419.688434,413.815230,414.895355,93559800.000000
2023-10-19,415.609055,417.412482,410.574875,411.249939,121323000.000000
2023-10-20,410.815966,411.356029,406.090373,406.196472,123919900.000000
2023-10-23,404.672715,409.340446,402.927149,405.492462,92035100.000000
2023-10-24,407.604497,409.697262,405.762486,408.549622,78564200.000000
2023-10-25,406.871566,406.900497,402.174903,402.686035,94223200.000000
2023-10-26,401.625205,402.473854,396.947849,397.864014,115156800.000000
2023-10-27,399.445668,399.841077,394.642936,396.060608,107367700.000000
2023-10-30,398.838102,401.847032,397.545807,400.795837,86562700.000000
2023-10-31,401.364847,403.631197,399.464973,403.312958,79665200.000000
2023-11-01,404.277313,408.424230,403.746874,407.614136,98068100.000000
2023-11-02,411.394589,415.580120,411.375312,415.425812,94938900.000000
2023-11-03,417.721161,420.759022,417.595784,419.215973,100167800.000000
2023-11-06,419.968128,420.623915,418.241840,420.180298,67831700.000000
2023-11-07,420.180341,422.012699,419.042354,421.376190,64256100.000000
2023-11-08,421.974123,422.494909,419.389533,421.684814,61746000.000000
2023-11-09,422.822750,422.861335,417.971809,418.396149,83174400.000000
2023-11-10,420.459984,425.233756,418.386496,424.925140,89462200.000000
2023-11-13,423.594324,425.619545,422.813161,424.520142,52236100.000000
2023-11-14,430.431922,434.038776,430.210099,432.756134,97176900.000000
2023-11-15,434.086988,435.311797,432.823624,433.672302,77327600.000000
2023-11-16,433.228703,434.520999,432.167855,434.202759,66665800.000000
2023-11-17,434.212390,435.350406,433.296225,434.742828,83133200.000000
2023-11-20,434.492034,438.928289,434.482380,438.089264,69936200.000000
2023-11-21,437.047698,437.963892,435.871127,437.134491,49244600.000000
2023-11-22,438.783619,440.133776,437.732425,438.822174,59394900.000000
2023-11-24,438.870369,439.285055,438.542476,439.092163,29737400.000000
2023-11-27,438.465354,439.275448,437.915638,438.301422,50506000.000000
2023-11-28,437.915665,440.027708,437.356325,438.735413,62115000.000000
2023-11-29,440.876408,442.004772,438.031440,438.426819,63146000.000000
2023-11-30,439.265873,440.500307,437.202039,440.153107,79752700.000000
2023-12-01,439.545513,443.287398,438.957242,442.756989,89183400.000000
2023-12-04,439.381606,442.776290,438.166449,440.432800,72430900.000000
2023-12-05,439.053713,441.300757,438.677582,440.346008,69793500.000000
2023-12-06,442.477289,442.506219,438.137479,438.571472,69124700.000000
2023-12-07,440.644981,442.564132,440.047057,441.917999,66995400.000000
2023-12-08,441.175329,444.348219,440.934228,443.817810,83194400.000000
2023-12-11,443.325894,445.717621,443.113724,445.544006,65002200.000000
2023-12-12,445.196905,447.675426,444.203572,447.578979,68327600.000000
2023-12-13,447.955064,454.001883,447.598240,453.751129,93278000.000000
2023-12-14,455.679976,456.866201,452.545669,455.207428,119026000.000000
2023-12-15,454.612850,455.784529,452.618129,454.457916,141553700.000000
2023-12-18,456.055663,457.992287,455.000206,457.014282,70375300.000000
2023-12-19,457.556506,459.870786,457.479054,459.793304,55761800.000000
2023-12-20,458.941206,460.819734,452.995785,453.421844,102921000.000000
2023-12-21,456.394548,457.992287,453.983461,457.721161,86667500.000000
2023-12-22,458.844390,460.316243,456.752861,458.641052,67160400.000000
2023-12-26,459.047777,461.478221,458.970296,460.577698,55387000.000000
2023-12-27,460.374299,461.555641,459.841740,461.410400,68000300.000000
2023-12-28,461.768668,462.417420,461.168319,461.584686,77158100.000000
2023-12-29,461.391014,461.913911,458.302096,460.248413,122283100.000000
2024-01-02,457.198296,458.660457,455.581202,457.672760,123623700.000000
2024-01-03,455.523075,456.259002,453.334710,453.935059,103585900.000000
2024-01-04,453.460476,456.036190,452.250086,452.472809,84232200.000000
2024-01-05,452.676224,455.532757,451.649816,453.092621,86118900.000000
2024-01-08,453.586475,459.706215,453.460590,459.560974,74879100.000000
2024-01-09,456.917453,459.880485,456.413941,458.863770,65931400.000000
2024-01-10,459.134889,462.320644,458.854070,461.458832,67310600.000000
2024-01-11,462.456191,462.969395,457.295100,461.255493,77940700.000000
2024-01-12,462.698258,463.434184,460.170977,461.575012,58026400.000000
2024-01-16,460.200053,461.507251,458.069754,459.880493,85014900.000000
2024-01-17,456.869019,457.808283,454.980799,457.324127,68843900.000000
2024-01-18,458.989627,461.942967,457.450014,461.391022,91856200.000000
2024-01-19,462.514261,467.423611,461.439449,467.142792,110834500.000000
2024-01-22,468.672746,469.844395,467.481711,468.130493,75844900.000000
2024-01-23,468.672777,469.737897,467.588273,469.495819,49945300.000000
2024-01-24,472.352301,473.281873,469.515154,470.009003,81765000.000000
2024-01-25,472.129616,472.836495,470.009040,472.565369,72525000.000000
2024-01-26,472.139285,473.620802,471.122570,471.964996,76641600.000000
2024-01-29,472.274894,475.847968,471.732642,475.702698,61322800.000000
2024-01-30,475.015218,476.041627,474.579466,475.334778,58618400.000000
2024-01-31,473.136592,473.582008,467.559106,467.578491,126011100.000000
2024-02-01,469.273079,473.727321,468.469364,473.698273,91891600.000000
2024-02-02,474.134041,480.331233,473.795126,478.685120,99228200.000000
2024-02-05,478.055691,478.714136,474.695647,476.942108,75757100.000000
2024-02-06,477.881398,478.656066,476.457978,478.326843,55918600.000000
2024-02-07,480.563611,482.732621,479.663058,482.316254,70556500.000000
2024-02-08,482.316267,482.906923,481.502888,482.529297,52343600.000000
2024-02-09,483.032822,485.753777,482.693907,485.318054,63979400.000000
2024-02-12,485.288993,487.545147,484.388440,485.105011,56502300.000000
2024-02-13,478.859428,481.338305,475.170161,478.423676,113099200.000000
2024-02-14,481.047798,483.255549,478.733518,482.771393,68387800.000000
2024-02-15,483.468576,486.286368,482.994083,486.102386,61683000.000000
2024-02-16,485.802155,486.935063,482.945622,483.681549,75532900.000000
2024-02-20,481.948340,482.616477,478.781970,481.018768,71736700.000000
2024-02-21,479.721180,481.609371,477.920104,481.454437,59293400.000000
2024-02-22,488.038966,492.376985,487.080317,491.418365,76402500.000000
2024-02-23,493.132311,493.965075,491.031090,491.757324,61321800.000000
2024-02-26,492.193067,492.628819,489.830383,489.956268,50386700.000000
2024-02-27,490.643732,491.089147,488.755511,490.866425,48854500.000000
2024-02-28,489.317160,490.798676,488.958889,490.217712,56506600.000000
2024-02-29,491.970348,493.587413,489.336538,491.980011,83924800.000000
2024-03-01,492.851513,497.024906,492.444809,496.598846,76844800.000000
2024-03-04,495.804880,497.906101,495.775802,496.066284,49799300.000000
2024-03-05,494.071584,494.517029,488.910493,491.108551,72855600.000000
2024-03-06,494.371745,495.843598,492.309265,493.597107,68382400.000000
2024-03-07,496.879700,499.542559,493.655204,498.496765,58652100.000000
2024-03-08,499.126177,501.798668,494.933369,495.504669,86532500.000000
2024-03-11,494.303914,495.659545,492.386646,495.078552,62557200.000000
2024-03-12,497.179862,500.985322,494.671908,500.404358,73114400.000000
2024-03-13,500.723885,500.898174,498.186912,499.619995,55104100.000000
2024-03-14,500.588274,500.743237,495.601503,498.632324,110171800.000000
2024-03-15,495.577542,497.024830,493.547485,495.208435,107646300.000000
2024-03-18,499.258840,500.696375,497.743582,498.151520,88893300.000000
2024-03-19,497.461870,501.201431,496.461382,500.919769,60755300.000000
2024-03-20,500.978096,505.688978,500.307882,505.552979,69594600.000000
2024-03-21,508.379507,509.078829,506.941912,507.223633,60256100.000000
2024-03-22,507.136330,507.621990,506.029010,506.262177,79070800.000000
2024-03-25,504.892421,506.009463,504.707867,504.863312,48512100.000000
2024-03-26,506.281426,506.621424,503.532632,503.930847,65463700.000000
2024-03-27,506.747834,508.204815,504.591470,508.165924,82999800.000000
2024-03-28,508.204755,509.564569,507.787094,508.068756,96294900.000000
2024-04-01,508.806871,509.341085,506.028849,507.184723,62477500.000000
2024-04-02,503.377255,504.096023,501.667721,503.960083,74230300.000000
2024-04-03,502.872168,506.009574,502.823614,504.513702,59155800.000000
2024-04-04,508.505874,508.845813,498.054453,498.355560,96858100.000000
2024-04-05,499.705653,505.514132,499.268547,503.561768,74546500.000000
2024-04-08,504.261226,505.261656,503.037352,503.843506,48401800.000000
2024-04-09,505.572360,505.815190,499.598714,504.426208,68049200.000000
2024-04-10,498.753737,501.356870,497.403647,499.375397,82652800.000000
2024-04-11,500.890694,504.581701,497.393963,503.144165,70099000.000000
2024-04-12,499.618196,501.026623,494.479901,496.199158,92561100.000000
2024-04-15,500.356394,500.521502,489.137623,489.982697,92101400.000000
2024-04-16,490.458677,491.973935,487.806961,489.089111,73484000.000000
2024-04-17,491.536875,491.702013,484.805629,486.194611,75910300.000000
2024-04-18,487.583593,489.671926,484.261663,485.194122,74548100.000000
2024-04-19,485.116419,486.107155,479.696433,480.959167,102212600.000000
2024-04-22,483.552587,487.972114,481.221423,485.388397,67961000.000000
2024-04-23,487.389309,491.575699,485.203837,491.148315,64633600.000000
2024-04-24,492.032205,492.818972,488.700582,490.915192,55928100.000000
2024-04-25,484.863842,489.807861,483.222308,489.050232,69122400.000000
2024-04-26,491.828246,495.257006,491.196893,493.683472,64306100.000000
2024-04-29,495.460932,496.102007,492.702385,495.431793,46415400.000000
2024-04-30,493.974803,494.946124,487.583527,487.583527,77483600.000000
2024-05-01,487.000764,493.615456,485.534061,486.000305,80242800.000000
2024-05-02,489.691284,491.381402,485.223203,490.546051,62550200.000000
2024-05-03,496.500249,497.850370,493.974810,496.626526,72756700.000000
2024-05-06,499.015996,501.793958,498.578889,501.755127,47264700.000000
2024-05-07,502.716807,503.697850,501.638655,502.308868,52561300.000000
2024-05-08,500.482719,502.891575,500.366165,502.357361,42047200.000000
2024-05-09,502.541898,505.290752,501.891130,505.251862,43643700.000000
2024-05-10,506.844863,507.651075,504.688559,505.902710,52233200.000000
2024-05-13,507.573345,507.680176,504.834213,505.970642,36716400.000000
2024-05-14,506.164980,508.807004,505.630766,508.292175,57535900.000000
2024-05-15,510.749696,514.877810,510.118314,514.586426,59504900.000000
2024-05-16,514.683462,516.276442,513.381866,513.527588,50244800.000000
2024-05-17,513.644088,514.333747,512.196829,514.265747,59187600.000000
2024-05-20,514.382278,516.315196,513.993726,514.858215,37764200.000000
2024-05-21,514.100606,516.276355,513.896608,516.120911,33437000.000000
2024-05-22,515.431317,516.140362,512.468741,514.634827,48390000.000000
2024-05-23,517.675130,517.781961,509.671397,510.875885,57211200.000000
2024-05-24,512.711738,515.062378,511.769585,514.256165,41291100.000000
2024-05-28,515.062246,515.295354,511.992840,514.615417,36269600.000000
2024-05-29,510.603903,512.187160,510.302796,511.011841,45190300.000000
2024-05-30,509.477174,510.137665,506.378658,507.621918,46377600.000000
2024-05-31,508.573861,512.371699,503.493813,512.245422,90785800.000000
2024-06-03,513.848128,514.129790,507.612206,512.663086,46835700.000000
2024-06-04,511.361503,513.974358,509.904522,513.236145,34632700.000000
2024-06-05,515.547944,519.355505,513.566412,519.336060,47610400.000000
2024-06-06,519.637124,520.064507,517.403098,519.326294,30808500.000000
2024-06-07,518.355009,521.492416,517.267135,518.695007,43224500.000000
2024-06-10,517.888751,520.618160,517.296260,520.297607,35686100.000000
2024-06-11,518.753190,521.608875,516.791104,521.550598,36383400.000000
2024-06-12,526.096443,528.515022,524.804570,525.834167,63251300.000000
2024-06-13,527.572942,527.747772,524.115042,526.893005,44760900.000000
2024-06-14,525.367968,527.242610,524.367479,527.213501,40089900.000000
2024-06-17,526.533617,532.798648,526.077065,531.409607,55839500.000000
2024-06-18,531.467831,532.885981,531.050171,532.759705,41376400.000000
2024-06-20,533.682403,534.342894,529.544567,531.312378,70328200.000000
2024-06-21,530.492861,531.710929,529.148109,530.600037,64338600.000000
2024-06-24,530.424714,532.977779,528.758375,528.875305,45528700.000000
2024-06-25,530.093359,531.272470,528.582966,530.911926,37936200.000000
2024-06-26,529.801132,532.285979,529.158018,531.574646,38550600.000000
2024-06-27,531.438082,532.987491,530.697488,532.412537,35041500.000000
2024-06-28,533.182403,536.222755,529.079988,530.317505,76144500.000000
2024-07-01,531.691506,531.935119,528.660967,531.408936,40297800.000000
2024-07-02,529.810879,534.985229,529.762168,534.985229,40434800.000000
2024-07-03,534.673301,537.733102,534.634345,537.372559,32789900.000000
2024-07-05,537.674695,540.870875,537.041276,540.471375,41488400.000000
2024-07-08,541.250918,542.040224,540.032850,541.095032,36110500.000000
2024-07-09,542.049978,542.946459,541.328891,541.621216,27289700.000000
2024-07-10,542.839282,547.321748,542.546958,546.980713,38701200.000000
2024-07-11,547.097597,547.964875,541.630923,542.264282,53054200.000000
2024-07-12,543.384934,549.270616,542.917215,545.684631,53084400.000000
2024-07-15,547.672530,550.410744,545.333816,547.185303,40584300.000000
2024-07-16,548.491082,550.722561,547.740733,550.430237,36475300.000000
2024-07-17,544.525117,546.191456,542.391060,542.712646,57119000.000000
2024-07-18,544.242402,545.226610,536.368795,538.541809,56270400.000000
2024-07-19,538.308008,539.925636,533.913210,534.965637,65509100.000000
2024-07-22,538.873145,541.085175,536.943745,540.481018,43346700.000000
2024-07-23,540.373836,542.517647,539.146074,539.633301,34439600.000000
2024-07-24,534.838961,535.141039,526.487880,527.403870,74515300.000000
2024-07-25,527.520782,533.474742,523.720446,524.655884,61158300.000000
2024-07-26,528.427065,533.211609,527.657208,530.531860,53763800.000000
2024-07-29,532.071511,533.075168,528.855764,530.843689,39515800.000000
2024-07-30,532.305359,533.357786,524.763093,528.154175,46853600.000000
2024-07-31,534.955868,539.360420,533.591668,536.739136,65663400.000000
2024-08-01,538.454208,540.695441,525.649865,529.138428,76428700.000000
2024-08-02,522.063914,523.272228,515.096542,519.286743,82789100.000000
2024-08-05,498.569880,510.204868,497.234852,504.163239,146267400.000000
2024-08-06,505.956198,516.217231,504.640708,508.811401,84826300.000000
2024-08-07,514.969856,518.010208,504.816059,505.410461,70698300.000000
2024-08-08,510.526366,517.717844,508.509298,517.094238,63276600.000000
2024-08-09,516.275632,520.855579,515.057564,519.374390,45619600.000000
2024-08-12,520.563267,522.044397,517.386537,519.647278,42542100.000000
2024-08-13,522.824104,528.427217,522.580490,528.193298,52333100.000000
2024-08-14,528.982464,531.038608,526.322223,529.859497,42446900.000000
2024-08-15,535.462537,539.223915,534.858380,538.941345,60846800.000000
2024-08-16,537.333472,540.841542,537.177585,540.149658,44430700.000000
2024-08-19,540.558990,545.314331,539.711219,545.314331,39121800.000000
2024-08-20,544.866129,546.512959,543.092615,544.427612,33732300.000000
2024-08-21,545.470261,547.750450,540.558973,546.298523,41514600.000000
2024-08-22,548.189053,548.793210,540.802672,542.010986,56121500.000000
2024-08-23,545.236401,548.705456,543.053574,547.769958,50639400.000000
2024-08-26,548.793194,549.504526,544.768692,546.464233,35788600.000000
2024-08-27,545.197472,547.701827,544.057377,547.214600,32693900.000000
2024-08-28,546.873476,547.302238,540.861050,544.037781,41066000.000000
2024-08-29,545.996500,549.280406,542.946453,544.086548,38715200.000000
2024-08-30,546.444760,549.787131,542.907486,549.280396,62700100.000000
2024-09-03,546.152372,546.483713,535.472391,537.976746,60600100.000000
2024-09-04,536.144770,540.266692,535.423683,536.875610,47224900.000000
2024-09-05,536.817093,539.652729,533.123874,535.569763,44264300.000000
2024-09-06,535.891256,537.508823,525.659488,526.555969,68493800.000000
2024-09-09,530.736549,533.718376,528.816843,532.451538,40445800.000000
2024-09-10,534.351744,535.121601,529.498980,534.770752,36394600.000000
2024-09-11,534.683168,541.173009,526.166446,540.257019,75248600.000000
2024-09-12,540.831888,545.109757,538.619858,544.807678,51819600.000000
2024-09-13,545.411843,548.647039,545.158476,547.653076,39310500.000000
2024-09-16,547.389979,548.724976,545.597016,548.461914,36656100.000000
2024-09-17,550.664085,552.106318,546.464190,548.685974,49321000.000000
2024-09-18,549.338783,554.162343,546.503148,547.058594,59044900.000000
2024-09-19,556.423122,558.245347,553.567978,556.393860,75315500.000000
2024-09-20,555.031342,556.468155,552.421526,555.432068,77503100.000000
2024-09-23,556.497555,557.465214,555.285475,556.820068,44116900.000000
2024-09-24,557.611819,558.471974,554.796778,558.413330,46805700.000000
2024-09-25,558.256986,558.990069,556.077247,557.181763,38428600.000000
2024-09-26,561.423784,561.746357,557.044858,559.390686,48336000.000000
2024-09-27,560.456141,561.267375,557.553103,558.579407,42100900.000000
2024-09-30,557.553063,561.423759,555.265880,560.817749,63557400.000000
2024-10-01,560.465969,561.111056,553.232866,555.793762,72668800.000000
2024-10-02,554.904236,557.044838,552.519272,556.028259,38097800.000000
2024-10-03,554.562195,556.947159,552.734381,555.011841,40846500.000000
2024-10-04,559.439626,560.426853,555.285492,560.055420,42939100.000000
2024-10-07,558.413300,559.058446,553.848657,554.992249,49964700.000000
2024-10-08,557.553059,560.837313,556.683180,560.241028,37398700.000000
2024-10-09,560.231318,564.678732,559.635091,564.121582,37912200.000000
2024-10-10,562.782412,564.551582,561.531256,563.134277,44138100.000000
2024-10-11,563.056128,567.239613,562.919271,566.506531,42268000.000000
2024-10-14,568.109539,572.068231,567.630601,571.139648,36217200.000000
2024-10-15,571.403464,571.706469,565.489886,566.701965,54203600.000000
2024-10-16,566.702045,569.683235,565.900534,569.165161,30725400.000000
2024-10-17,572.693684,572.898969,569.028273,569.213989,34393700.000000
2024-10-18,570.895275,572.185507,569.438894,571.403564,37416800.000000
2024-10-21,570.680158,571.657601,567.503468,570.465149,36439000.000000
2024-10-22,567.943355,571.315546,567.288485,570.162170,34183800.000000
2024-10-23,568.148651,568.588512,561.462913,564.952393,49314600.000000
2024-10-24,566.897493,566.975705,563.564438,566.174194,34979900.000000
2024-10-25,568.392953,571.276422,565.040330,565.978638,47268200.000000
2024-10-28,569.438858,569.565930,567.425328,567.728333,30174700.000000
2024-10-29,566.770483,569.761457,565.382530,568.647217,42899700.000000
2024-10-30,568.177915,570.162153,566.223029,566.926819,41435800.000000
2024-10-31,562.577245,562.645673,555.617854,555.813354,60182500.000000
2024-11-01,558.432770,562.567335,557.748548,558.159058,45667500.000000
2024-11-04,558.295940,559.586172,555.080174,556.956848,38217000.000000
2024-11-05,557.865824,563.730482,557.650815,563.691406,39478300.000000
2024-11-06,575.909546,578.577947,572.185490,577.708008,68182000.000000
2024-11-07,579.702087,583.191567,579.623875,582.174988,47233200.000000
2024-11-08,582.722323,586.114082,582.722323,584.696777,46444900.000000
2024-11-11,586.280210,586.632075,583.533597,585.253906,37586800.000000
2024-11-12,585.175670,585.771896,580.962892,583.435852,43006100.000000
2024-11-13,583.895293,585.713323,581.539681,583.719360,47388600.000000
2024-11-14,583.846362,584.325299,579.281719,579.965881,38904100.000000
2024-11-15,576.417774,576.886988,570.689972,572.537354,75988800.000000
2024-11-18,572.996722,576.192980,572.136627,574.883240,37001700.000000
2024-11-19,571.520806,577.707979,570.856152,576.984680,49412000.000000
2024-11-20,577.062887,577.463613,571.442589,577.180176,50032600.000000
2024-11-21,580.014878,581.696052,574.199079,580.278748,46750300.000000
2024-11-22,580.268965,582.702849,579.770519,582.077271,38226400.000000
2024-11-25,585.996677,587.306417,581.774116,584.051575,42441400.000000
2024-11-26,585.293013,587.765973,584.579498,587.101318,45621300.000000
2024-11-27,586.915441,587.296599,583.807180,585.322205,34000200.000000
2024-11-29,586.133549,589.740317,585.859896,588.958374,30177400.000000
2024-12-02,589.368953,590.688537,588.880231,590.014099,31746000.000000
2024-12-03,589.779490,590.532081,588.753186,590.287720,26906600.000000
2024-12-04,591.968885,594.197425,591.304231,593.953064,42787600.000000
2024-12-05,593.953029,594.754539,592.623721,592.975586,28762200.000000
2024-12-06,593.738143,595.331381,593.327634,594.099792,31241500.000000
2024-12-09,593.982580,594.148729,590.454024,591.040466,34742700.000000
2024-12-10,591.714795,592.135088,588.547889,589.202759,37234500.000000
2024-12-11,592.115532,594.705721,591.841819,593.757629,28677700.000000
2024-12-12,592.897489,593.464363,590.698242,590.698242,31543800.000000
2024-12-13,592.721535,593.435050,589.212488,590.580933,35904700.000000
2024-12-16,592.330564,594.070441,591.558405,593.102722,43695200.000000
2024-12-17,590.561398,591.519273,589.290734,590.659119,55773500.000000
2024-12-18,590.356117,592.731296,572.674203,573.055420,108248700.000000
2024-12-19,578.020755,579.623776,572.635034,572.879395,85919500.000000
2024-12-20,570.560975,584.271601,569.717499,579.760254,125716700.000000
2024-12-23,579.505283,583.830288,576.337475,583.232056,57635800.000000
2024-12-24,584.575691,589.753989,583.997032,589.714722,33160100.000000
2024-12-26,587.949392,590.871957,586.556768,589.753967,41219100.000000
2024-12-27,586.027183,586.262609,579.377844,583.545959,64969300.000000
2024-12-30,576.563120,580.338918,573.150129,576.886719,56578800.000000
2024-12-31,578.544128,579.260104,573.159914,574.787964,57052700.000000
2025-01-02,578.034276,579.740741,569.315544,573.375793,50204000.000000
2025-01-03,576.210099,581.182362,575.131256,580.544922,37888500.000000
2025-01-06,584.781722,588.145629,582.163121,583.889221,47679400.000000
2025-01-07,585.909501,586.233160,575.474547,577.288879,60393100.000000
2025-01-08,577.357445,579.201227,573.924880,578.132202,47304700.000000
2025-01-10,574.591891,574.660549,567.403101,569.305725,73105000.000000
2025-01-13,564.676700,570.541465,564.264749,570.188416,47910100.000000
2025-01-14,573.101135,573.728819,567.206920,570.972961,48420600.000000
2025-01-15,578.956018,582.496449,577.847785,581.358826,56900200.000000
2025-01-16,582.722068,582.898593,579.544503,580.240845,43319700.000000
2025-01-17,585.458357,587.812080,584.134331,586.066406,58070600.000000
2025-01-21,589.096820,591.440786,587.135354,591.430969,42532900.000000
2025-01-22,594.245676,596.109092,593.696468,594.755676,48196000.000000
2025-01-23,594.127924,598.001831,593.853350,598.001831,41152100.000000
2025-01-24,598.060739,599.012082,595.108724,596.256165,34604700.000000
2025-01-27,583.349760,588.135741,583.183052,587.821899,70361100.000000
2025-01-28,589.047798,593.706280,585.742733,592.872681,44433300.000000
2025-01-29,592.088078,592.490212,587.674780,590.214905,37177400.000000
2025-01-30,592.323481,594.912570,589.145856,593.382629,39281300.000000
2025-01-31,595.795226,598.207850,589.469487,590.224670,66566900.000000
2025-02-03,581.250973,588.724153,579.112982,586.252747,65857200.000000
2025-02-04,586.311639,590.695487,585.772248,590.185547,33457800.000000
2025-02-05,589.067449,592.725564,587.047142,592.578430,30653100.000000
2025-02-06,594.314342,594.765501,591.019094,594.638000,35771500.000000
2025-02-07,595.197089,596.413188,588.488848,589.195007,50788500.000000
2025-02-10,592.392202,593.833851,591.127018,593.196350,26048700.000000
2025-02-11,590.940628,594.186852,590.822945,593.647461,30056700.000000
2025-02-12,587.655223,592.902121,586.978515,591.735046,45076100.000000
2025-02-13,592.833391,598.188214,591.578084,597.982239,40921300.000000
2025-02-14,598.188247,599.218005,597.335014,597.952881,26910400.000000
2025-02-18,599.110141,599.708374,596.658309,599.708374,26749000.000000
2025-02-19,598.325541,601.414813,597.815540,601.120605,31011100.000000
2025-02-20,599.757375,599.894692,595.324503,598.619751,36554000.000000
2025-02-21,598.403920,598.541237,587.919884,588.380859,76519800.000000
2025-02-24,590.420875,591.411425,584.997393,585.703552,50737200.000000
2025-02-25,585.644677,586.370409,578.200888,582.790710,58266500.000000
2025-02-26,584.448194,588.027893,580.456604,583.084961,43321600.000000
2025-02-27,585.350407,586.497908,573.385514,573.777771,74196700.000000
2025-02-28,574.277960,583.261447,571.218078,582.731873,88744100.000000
2025-03-03,584.693267,585.830951,568.726969,572.522400,74249200.000000
2025-03-04,568.540730,574.111286,561.224441,565.745605,109648200.000000
2025-03-05,565.578908,573.611113,562.038476,571.826172,71230500.000000
2025-03-06,564.392126,568.991766,559.135413,561.675537,80094900.000000
2025-03-07,559.900492,566.265439,554.732009,564.823730,81158800.000000
2025-03-10,556.654244,558.566626,544.885449,549.779297,99326600.000000
2025-03-11,548.621975,553.152956,541.384162,545.208984,88102100.000000
2025-03-12,551.338641,552.260532,543.022044,548.102234,69588200.000000
2025-03-13,547.729504,548.337554,539.089250,540.795715,74079400.000000
2025-03-14,545.395386,552.966675,540.864404,551.966309,62660300.000000
2025-03-17,551.946616,558.733330,551.515091,556.222656,49008700.000000
2025-03-18,553.918016,554.133809,548.288618,550.210876,66041400.000000
2025-03-19,551.985924,559.949471,550.809033,556.203064,66556000.000000
2025-03-20,552.476369,559.576867,551.760394,554.594727,62958200.000000
2025-03-21,550.154386,555.672834,548.924782,554.777649,83763000.000000
2025-03-24,561.486381,565.765439,560.896195,564.712891,58766800.000000
2025-03-25,565.912890,567.004763,564.329174,566.070312,38355700.000000
2025-03-26,565.804724,566.926137,557.935259,559.312439,51848300.000000
2025-03-27,557.925371,561.584703,555.721930,557.827026,42164200.000000
2025-03-28,556.302392,557.030308,546.013044,546.593384,71662700.000000
2025-03-31,540.858504,551.560981,537.946780,550.262512,95328200.000000
2025-04-01,548.354188,553.754598,544.645683,551.816711,54609600.000000
2025-04-02,545.993267,558.161422,545.757193,555.308777,76014500.000000
2025-04-03,536.215560,539.028879,527.942810,527.942810,125986000.000000
2025-04-04,515.125380,517.289496,496.819050,497.035461,217965100.000000
2025-04-07,481.207996,514.633533,473.938563,496.150146,256611400.000000
2025-04-08,513.344882,516.413968,481.178460,488.379028,165816600.000000
2025-04-09,485.388642,539.668274,485.004991,539.668274,241867300.000000
2025-04-10,523.486629,524.794944,501.009494,516.020508,162331200.000000
2025-04-11,514.476134,527.677145,511.584103,525.227783,97866300.000000
2025-04-14,535.172793,535.399081,525.149059,530.323242,68034000.000000
2025-04-15,530.864276,534.366185,528.050956,528.837891,56892900.000000
2025-04-16,523.004616,529.113310,511.800451,517.082825,83484800.000000
2025-04-17,519.030650,522.503021,515.361471,517.820679,79868100.000000
2025-04-21,512.656269,513.187496,500.163511,505.495087,69368100.000000
2025-04-22,511.652939,520.663450,510.718428,518.646912,75948100.000000
2025-04-23,531.611979,536.530396,525.168865,526.683716,90590700.000000
2025-04-24,527.962483,538.497752,526.713246,537.769836,64150400.000000
2025-04-25,537.730509,542.058679,534.818784,541.655396,61119600.000000
2025-04-28,542.393044,544.517773,536.126987,541.861816,47613800.000000
2025-04-29,539.953509,546.386835,539.599397,545.275269,47775100.000000
2025-04-30,538.635456,547.439433,532.684184,545.491699,93101500.000000
2025-05-01,551.226505,554.866144,548.757451,549.357483,63186100.000000
2025-05-02,555.515302,559.105769,553.203671,557.512207,60717300.000000
2025-05-05,553.390643,557.404087,552.534843,554.315308,38659200.000000
2025-05-06,548.826329,554.157875,547.872186,549.682129,48264700.000000
2025-05-07,551.010152,554.620253,546.967169,551.993835,55588000.000000
2025-05-08,556.017022,561.004302,552.534805,555.839966,65130800.000000
2025-05-09,557.236811,558.240187,553.577539,555.131775,37603400.000000
2025-05-12,571.982199,573.487263,567.624490,573.477417,78993600.000000
2025-05-13,573.890562,579.468089,573.329916,577.264648,67947200.000000
2025-05-14,578.218823,579.369715,575.985843,578.002441,66283500.000000
2025-05-15,576.005490,581.327189,575.552974,580.825562,71268100.000000
2025-05-16,581.602761,584.799732,579.664934,584.504639,76052100.000000
2025-05-19,578.504059,585.822665,578.504059,585.143921,68168500.000000
2025-05-20,583.412648,584.356945,579.979544,583.176514,60614500.000000
2025-05-21,578.838517,582.910980,572.326539,573.349548,95197700.000000
2025-05-22,573.152769,577.048176,571.923165,573.575806,70860400.000000
2025-05-23,566.581773,572.316662,566.207968,569.660706,76029000.000000
2025-05-27,576.507146,581.661635,568.991793,581.504272,72588500.000000
2025-05-28,581.907660,583.097939,577.412221,578.140137,68445500.000000
2025-05-29,583.383198,583.520929,576.507262,580.422302,69973300.000000
2025-05-30,579.320494,581.484609,573.723335,579.773010,90601200.000000
2025-06-02,578.169636,583.117531,575.513679,583.038879,61630500.000000
2025-06-03,582.674957,587.337606,582.192902,586.363770,63606200.000000
2025-06-04,587.219582,588.193419,585.773537,586.206360,57314200.000000
2025-06-05,587.878638,589.226280,581.405986,583.373352,92278700.000000
2025-06-06,588.891805,591.026441,587.121187,589.364014,66588700.000000
2025-06-09,589.934467,591.439531,588.724556,589.895142,53016400.000000
2025-06-10,590.426305,593.623276,589.314799,593.239685,66247000.000000
2025-06-11,594.331570,595.187369,589.491865,591.547729,73658200.000000
2025-06-12,590.219716,593.898682,589.737721,593.898682,64129000.000000
2025-06-13,588.734436,592.029751,585.763693,587.258911,89506000.000000
2025-06-16,590.603425,594.587330,590.426309,592.846191,79984100.000000
2025-06-17,590.416476,591.931326,587.022757,587.780212,82209400.000000
2025-06-18,588.675395,591.410003,586.737507,587.691711,76605000.000000
2025-06-20,590.356401,591.421936,584.910399,586.311401,94051400.000000
2025-06-23,587.061195,592.487447,583.953469,592.102722,87426000.000000
2025-06-24,596.226760,599.699521,595.319053,598.643921,67735300.000000
2025-06-25,599.758695,600.449320,597.420478,598.979309,62114800.000000
2025-06-26,600.824261,604.099752,600.212580,603.665649,78548400.000000
2025-06-27,604.662046,608.124991,602.639546,606.664795,86258400.000000
2025-06-30,609.101700,610.916994,606.793050,609.565369,92502500.000000
2025-07-01,608.095423,610.532335,607.266720,609.368164,70030100.000000
2025-07-02,608.963575,612.169996,608.342017,612.130554,66510400.000000
2025-07-03,614.103693,617.882354,614.083942,616.954956,51065800.000000
2025-07-07,615.001540,615.662600,609.585164,612.357483,74814500.000000
2025-07-08,613.018501,613.768320,611.213083,612.022095,59024600.000000
2025-07-09,614.419397,616.343201,612.584291,615.692078,66113300.000000
2025-07-10,615.830255,618.464437,614.656209,617.428528,57529000.000000
2025-07-11,614.389791,616.481359,613.196054,615.257996,63670200.000000
2025-07-14,614.804168,616.777351,613.462419,616.432068,51898500.000000
2025-07-15,619.105778,619.441186,613.718968,613.797913,74317300.000000
2025-07-16,615.376431,616.353147,609.762724,615.849976,88987500.000000
2025-07-17,616.027567,619.973932,615.810486,619.618713,68885700.000000
2025-07-18,620.861825,621.029529,618.059940,619.164917,65621600.000000
2025-07-21,620.338989,623.071806,619.914762,620.338989,63375000.000000
2025-07-22,620.664507,621.286064,617.793553,620.427734,60046300.000000
2025-07-23,623.081749,625.706116,621.286146,625.706116,70511000.000000
2025-07-24,626.090787,627.620052,625.488981,625.913208,71307100.000000
2025-07-25,626.574314,629.030917,626.327666,628.557312,56865400.000000
2025-07-28,628.932152,629.484640,627.018162,628.399414,54917100.000000
2025-07-29,629.790538,630.106254,625.834357,626.742004,60556300.000000
2025-07-30,627.393082,629.129493,623.071808,625.952698,80418900.000000
2025-07-31,630.885663,631.270387,622.312182,623.604614,103385200.000000
2025-08-01,617.902089,617.941591,610.986074,613.383484,140103600.000000
2025-08-04,617.280475,622.756044,617.191715,622.706726,73218000.000000
2025-08-05,623.318468,624.127481,618.632160,619.549683,68051400.000000
2025-08-06,620.615140,624.946290,619.707493,624.295166,64357500.000000
2025-08-07,627.708767,628.438835,620.674367,623.772278,74205800.000000
2025-08-08,625.558010,629.099899,625.242293,628.636169,64051600.000000
2025-08-11,628.912455,630.382467,626.149952,627.393066,58742300.000000
2025-08-12,629.731301,634.230155,628.251414,634.072327,64730800.000000
2025-08-13,636.262489,637.525354,634.062410,636.242798,60092800.000000
2025-08-14,634.170992,636.963062,633.727074,636.302063,59327500.000000
2025-08-15,637.328113,637.426808,633.904670,634.812317,68592500.000000
2025-08-18,634.239970,635.364698,633.569095,634.674072,43804900.000000
2025-08-19,634.496633,635.473349,629.918835,631.231018,69750700.000000
2025-08-20,630.826452,631.082915,624.462927,629.553711,88890300.000000
2025-08-21,627.748329,629.415610,625.311417,627.028076,54805800.000000
2025-08-22,629.208414,637.831211,628.705243,636.657166,84083200.000000
2025-08-25,635.404241,636.637480,633.736900,633.855286,51274300.000000
2025-08-26,633.588884,636.854498,632.967327,636.509155,51581600.000000
2025-08-27,635.927097,638.689541,635.779084,637.959473,48341100.000000
2025-08-28,638.561284,640.771239,636.686797,640.218750,61519500.000000
2025-08-29,638.788230,639.153324,634.516333,636.400696,74522200.000000
2025-09-02,628.951877,631.901775,626.406454,631.684753,81983500.000000
2025-09-03,634.052495,635.571883,631.872167,635.108154,70820900.000000
2025-09-04,635.779086,640.445703,634.881314,640.416077,65219200.000000
2025-09-05,642.744416,643.464669,634.703734,638.561279,85178900.000000
2025-09-08,639.922799,641.126472,638.551423,640.130005,63133100.000000
2025-09-09,640.268054,642.132725,638.541519,641.609863,66133900.000000
2025-09-10,644.855789,645.773312,641.905891,643.464722,78034500.000000
2025-09-11,645.408199,649.502577,644.826144,648.811951,69934400.000000
2025-09-12,648.782303,650.272066,648.091738,648.594849,72780100.000000
2025-09-15,650.795044,652.176235,650.499078,652.047974,63772400.000000
2025-09-16,652.600529,652.906430,650.370883,651.150269,61169000.000000
2025-09-17,651.160135,652.847168,645.526677,650.341248,101952200.000000
2025-09-18,653.014910,655.974684,651.416637,653.379944,90459200.000000
2025-09-19,655.260655,657.456931,653.321554,656.616028,97945600.000000
2025-09-22,655.132045,660.167683,655.102336,659.722534,69452200.000000
2025-09-23,659.603772,660.217210,654.914374,656.131287,81708900.000000
2025-09-24,657.417400,657.516308,652.629032,654.043762,68082200.000000
2025-09-25,650.917495,652.371776,647.425143,651.026306,89622100.000000
2025-09-26,652.470762,655.300221,650.858154,654.756104,69179200.000000
2025-09-29,657.268987,658.179211,654.795671,656.596252,73499000.000000
2025-09-30,655.854147,659.534473,654.548229,659.069458,86288000.000000
2025-10-01,656.091695,662.225532,655.982884,661.315369,72545400.000000
2025-10-02,663.293939,663.412653,659.663128,662.077026,56896000.000000
2025-10-03,662.838843,665.500134,661.028359,662.067200,70494400.000000
2025-10-06,664.451492,665.332007,662.314574,664.441589,54623300.000000
2025-10-07,665.361629,665.806838,660.543614,661.978149,72020100.000000
2025-10-08,663.096078,666.024506,662.274920,665.925537,60702200.000000
2025-10-09,666.341158,666.746756,662.067260,663.996399,66501900.000000
2025-10-10,664.956002,666.756583,645.871916,646.049988,159422600.000000
2025-10-13,653.598568,658.030732,652.727956,655.963013,79560500.000000
2025-10-14,650.155692,658.723294,646.198386,655.161682,88779600.000000
2025-10-15,659.702664,663.076241,651.896864,658.070251,81702600.000000
2025-10-16,659.702715,661.572556,650.096332,653.588684,110563300.000000
2025-10-17,652.460824,658.654017,651.115354,657.298645,96500900.000000
2025-10-20,660.197387,665.035209,660.147933,664.134888,60493400.000000
2025-10-21,664.273423,665.806867,662.828985,664.125000,56249000.000000
2025-10-22,664.827425,664.827425,656.220272,660.672241,80564000.000000
2025-10-23,660.988803,665.529838,660.672211,664.589966,65604500.000000
2025-10-24,669.239755,671.228250,668.438403,670.021301,74356500.000000
2025-10-27,675.442867,678.222872,674.839393,677.926086,63339800.000000
2025-10-28,679.716721,681.556853,677.520445,679.726624,61738100.000000
2025-10-29,681.368922,682.338503,675.581386,680.053162,85657100.000000
2025-10-30,676.600419,678.618623,672.573853,672.573853,76335800.000000
2025-10-31,677.728203,677.767815,671.990121,674.780029,87164100.000000
2025-11-03,678.351413,678.480030,672.682592,676.046326,57315000.000000
2025-11-04,668.893546,672.702490,667.379908,668.032837,78427000.000000
2025-11-05,667.775554,673.592799,666.974202,670.347839,74402400.000000
2025-11-06,669.249681,670.150002,661.582401,663.155457,85035300.000000
2025-11-07,660.781013,663.917221,654.152574,663.808350,100592400.000000
2025-11-10,670.011443,674.898718,667.825070,674.166626,75842900.000000
2025-11-11,672.692588,676.273945,671.485578,675.710022,58953400.000000
2025-11-12,677.480922,677.649151,673.681942,676.085999,62312500.000000
2025-11-13,673.236729,673.592872,663.363269,664.867004,103457800.000000
2025-11-14,658.278041,668.448286,656.190577,664.758118,96846700.000000
2025-11-17,662.551956,666.519165,655.102299,658.564941,90456100.000000
2025-11-18,655.033066,658.020852,648.859679,653.034668,114467500.000000
2025-11-19,653.727143,660.217122,651.718782,655.557373,94703000.000000
2025-11-20,665.727665,668.349404,644.932063,645.565247,165293500.000000
2025-11-21,648.058350,657.456952,643.903166,651.995911,123956200.000000
2025-11-24,655.616714,662.908045,654.528480,661.592224,80437900.000000
2025-11-25,661.493435,668.992548,657.387706,667.815247,81077100.000000
2025-11-26,670.397369,674.423935,669.497048,672.425476,71879600.000000
2025-11-28,673.592800,676.372805,673.236657,676.095825,49212000.000000
2025-12-01,671.564717,675.700094,671.495457,673.009155,61201200.000000
2025-12-02,674.641468,676.521212,672.079146,674.255676,62953800.000000
2025-12-03,673.305944,677.599587,672.435332,676.590515,57238500.000000
2025-12-04,677.985343,678.054604,674.067650,677.085083,61970300.000000
2025-12-05,678.153594,681.042470,677.273139,678.371277,79241000.000000
2025-12-08,679.261680,679.311134,674.295242,676.333252,55231500.000000
2025-12-09,675.858445,678.074526,675.304424,675.749573,58310100.000000
2025-12-10,675.274727,681.616283,674.038068,680.231262,85671300.000000
2025-12-11,677.827133,681.893250,674.888802,681.814087,86173700.000000
2025-12-12,680.824833,681.527277,671.920894,674.483276,113160300.000000
2025-12-15,678.420769,678.440575,672.000049,673.464233,90811000.000000
2025-12-16,671.980289,673.810579,667.775651,671.624146,122030600.000000
2025-12-17,672.633136,673.177254,664.035887,664.233765,110625200.000000
2025-12-18,670.367639,673.474138,667.696505,669.249695,108650100.000000
2025-12-19,671.346369,675.811494,671.227243,675.315369,103599500.000000
2025-12-22,678.639405,680.048383,675.315392,679.522522,69556700.000000
2025-12-23,678.619507,682.866365,678.569906,682.628235,64840000.000000
2025-12-24,682.618320,685.476005,682.469458,685.029480,39445600.000000
2025-12-26,685.287420,686.299474,683.928043,684.959961,41613300.000000
2025-12-29,682.211448,683.858617,680.752870,682.519043,62559500.000000
2025-12-30,682.122200,683.223583,681.258948,681.685608,47160700.000000
2025-12-31,681.814586,682.032851,676.426676,676.635010,74144800.000000
2026-01-02,680.395720,681.546703,674.551353,677.875366,89377200.000000
2026-01-05,681.219228,684.086845,681.060495,682.390076,71927200.000000
2026-01-06,682.598430,686.954421,682.449629,686.448364,69273800.000000
2026-01-07,686.825414,688.581716,683.977662,684.235657,75588300.000000
2026-01-08,683.481544,685.267582,682.161835,684.166199,64019200.000000
2026-01-09,685.277515,689.921237,683.838741,688.690857,80125500.000000
2026-01-12,685.327079,690.695184,685.277479,689.772339,63976000.000000
2026-01-13,690.099890,690.695277,685.991961,688.393250,78309700.000000
2026-01-14,685.644637,686.359028,680.723056,685.009583,94676700.000000
2026-01-15,689.187020,690.060205,685.892743,686.875061,77862000.000000
2026-01-16,688.283999,688.869453,684.751592,686.299500,79289200.000000
2026-01-20,676.208345,679.462953,671.326492,672.328674,111623300.000000
2026-01-21,674.382577,683.402093,672.874338,680.088013,127844500.000000
2026-01-22,684.503572,685.773681,681.596287,683.640320,77112200.000000
2026-01-23,682.816719,685.604939,681.834341,683.888306,63059600.000000
2026-01-26,685.138576,688.750380,684.572986,687.361206,60473800.000000
2026-01-27,688.800009,691.131832,688.194751,690.099854,55506100.000000
2026-01-28,691.647706,692.431623,688.561824,690.030334,61172200.000000
2026-01-29,690.992895,691.657686,679.522489,688.661072,97486200.000000
2026-01-30,686.428519,688.829807,681.794729,686.607117,101835100.000000
2026-02-02,684.235674,691.528686,684.076880,690.020447,79286500.000000
2026-02-03,690.814257,691.558444,678.728661,684.186035,107904600.000000
2026-02-04,684.999681,686.091192,676.476289,680.871948,105204600.000000
2026-02-05,675.662624,678.391311,670.552513,672.368347,113610800.000000
2026-02-06,676.178596,686.944483,675.573278,685.267578,89127600.000000
2026-02-09,684.076857,690.476880,683.005270,688.571777,73885200.000000
2026-02-10,689.564066,691.141709,686.299525,686.755981,65185700.000000
2026-02-11,690.992889,691.737076,683.838745,686.597229,76353900.000000
2026-02-12,688.859565,689.960947,675.097063,675.990112,118829000.000000
2026-02-13,676.406776,680.961229,672.269111,676.466309,96267500.000000
2026-02-17,674.868842,679.631629,670.542647,677.557800,81354700.000000
2026-02-18,678.718764,683.809011,677.537985,680.971130,73570300.000000
2026-02-19,678.540177,680.862008,676.267886,679.175171,58649400.000000
2026-02-20,677.031910,684.711914,676.446456,684.086792,100034000.000000
2026-02-23,682.499221,684.652386,675.097015,677.101379,90558100.000000
2026-02-24,676.615175,683.015138,674.729876,682.022888,73798700.000000
2026-02-25,684.831062,688.303937,684.751665,687.778076,56369500.000000
2026-02-26,687.907020,687.926824,679.046176,683.957825,71671000.000000
2026-02-27,677.795974,681.536714,676.357199,680.673462,83308900.000000
2026-03-02,673.440014,683.283116,672.765291,681.060486,87477200.000000
2026-03-03,669.828197,677.319671,664.470023,675.057373,105003100.000000
2026-03-04,676.347194,681.764900,674.352763,679.820068,79182200.000000
2026-03-05,676.793776,680.217050,670.373888,676.029724,106606500.000000
2026-03-06,668.190870,670.869956,664.569195,667.168884,100687000.000000
2026-03-09,661.225433,674.650543,657.256433,673.013367,102667700.000000
2026-03-10,672.467495,678.063798,669.530474,671.931702,81505300.000000
2026-03-11,672.328691,674.809316,668.121561,671.088379,68441700.000000
2026-03-12,665.958338,666.444591,660.709358,660.897888,108882200.000000
2026-03-13,664.083111,667.129325,656.234380,657.157166,97200200.000000
2026-03-16,663.199984,666.861389,661.949740,663.844971,82023100.000000
2026-03-17,667.178884,669.212984,664.509729,665.591248,87128000.000000
2026-03-18,663.180117,664.529563,656.065703,656.303833,82062600.000000
2026-03-19,651.878378,657.841810,650.092341,654.686462,111272500.000000
2026-03-20,653.200946,653.380032,641.470333,645.300964,163617500.000000
2026-03-23,654.753104,659.280158,650.643916,652.076660,134802700.000000
2026-03-24,648.037146,653.718388,646.604402,649.887756,96457500.000000
2026-03-25,655.350112,657.558954,650.942447,653.509460,90653800.000000
2026-03-26,648.773463,651.549379,641.569964,641.838623,96494400.000000
2026-03-27,639.261628,639.420794,629.918941,630.894043,103649400.000000
2026-03-30,636.883655,637.142354,626.108285,628.784668,99275900.000000
2026-03-31,635.719569,648.256037,634.764385,647.062134,152534100.000000
2026-04-01,650.604166,655.200875,649.708678,651.937378,97841500.000000
2026-04-02,643.161870,654.882525,641.858475,652.524475,68358700.000000
2026-04-06,652.554231,656.394761,652.215979,655.608765,39105800.000000
2026-04-07,653.340285,656.285327,647.778434,655.897278,69980400.000000
2026-04-08,672.980812,673.667336,668.075668,672.602722,93606100.000000
2026-04-09,671.438640,677.726732,670.374026,676.483032,57134400.000000
2026-04-10,677.885950,678.592393,675.030420,676.035339,42253500.000000
2026-04-13,673.995583,682.840789,673.169810,682.641785,54185800.000000
2026-04-14,684.223820,691.079107,684.193942,690.959717,63480500.000000
2026-04-15,691.755705,696.750422,690.701050,696.412109,58240400.000000
2026-04-16,697.526462,699.237824,695.009245,698.123413,49972400.000000
2026-04-17,702.580891,708.799389,702.202801,706.560730,70661900.000000
2026-04-20,705.207522,706.331771,702.580814,705.147766,43546800.000000
2026-04-21,706.700012,707.694972,699.098506,700.531250,58941400.000000
2026-04-22,705.575691,707.864086,704.650325,707.625305,42518500.000000
2026-04-23,705.923907,708.769477,698.740327,704.879211,56174000.000000
2026-04-24,707.167568,710.868789,705.436348,710.341492,45182000.000000
2026-04-27,709.575449,712.023072,708.709839,711.565369,33135900.000000
2026-04-28,708.232255,709.286910,705.675201,708.102905,43117400.000000
2026-04-29,707.416315,708.610278,704.799566,707.993408,41859200.000000
2026-04-30,711.028064,716.162029,706.869139,715.037720,67240900.000000
2026-05-01,717.614652,721.216401,716.838554,717.017700,43049800.000000
2026-05-04,716.440606,718.480261,711.386194,714.390991,51950600.000000
2026-05-05,718.132090,721.385567,717.853472,720.122009,36933200.000000
2026-05-06,724.489821,730.887466,724.151569,730.131287,53288900.000000
2026-05-07,731.345120,732.419694,726.071846,727.892639,51724600.000000
2026-05-08,731.225717,734.359864,730.867546,733.902161,47227100.000000
2026-05-11,732.738059,737.056150,732.738059,735.573669,44024000.000000
2026-05-12,733.175874,735.116058,728.141381,734.459351,54185300.000000
2026-05-13,734.747870,740.160454,731.762991,738.568542,44200200.000000
2026-05-14,739.901810,745.752178,739.812237,744.398987,45307600.000000
2026-05-15,738.051187,739.712813,734.240535,735.444397,60410800.000000
2026-05-18,736.101047,737.682999,729.693504,734.927002,47843900.000000
2026-05-19,731.076495,733.932024,727.842876,730.031738,54255900.000000
2026-05-20,732.001800,738.130725,730.190966,737.513855,45768000.000000
2026-05-21,734.917049,741.115628,733.315178,738.976440,43332200.000000
2026-05-22,742.478726,745.165130,740.727588,741.881775,41762000.000000
2026-05-26,746.229730,748.339040,744.597982,746.806824,41123600.000000
2026-05-27,747.095295,747.592775,744.448669,746.677429,42106300.000000
2026-05-28,746.468519,751.343846,745.453641,750.796570,41562600.000000
2026-05-29,752.090081,754.259086,750.886158,752.667114,55075700.000000
2026-06-01,751.552710,756.447956,750.886104,754.716675,43634900.000000
2026-06-02,753.214401,756.567411,752.935783,755.741577,31581900.000000
2026-06-03,754.328742,754.975429,749.771810,750.438416,51402500.000000
2026-06-04,748.309148,754.487870,747.682319,753.274048,49923000.000000
2026-06-05,748.518135,749.025574,731.822742,733.832520,93989400.000000
2026-06-08,739.613227,741.583289,734.469303,735.494080,49319100.000000
2026-06-09,739.881935,743.135473,718.948004,733.335083,87683500.000000
2026-06-10,729.693522,734.658361,721.674149,721.773621,60341300.000000
2026-06-11,725.086866,736.270204,720.758755,734.041504,86330500.000000
2026-06-12,736.976616,740.687797,731.325253,738.011353,57079500.000000
2026-06-15,748.060430,752.866103,747.970918,751.025452,60176400.000000
2026-06-16,750.746858,751.632386,746.100413,746.548157,67093100.000000
2026-06-17,747.503232,748.358943,735.494061,737.225342,85945200.000000
2026-06-18,745.907752,746.376558,742.017388,744.890259,80875700.000000
2026-06-22,745.847941,748.321779,741.289254,742.546143,46628100.000000
2026-06-23,731.992289,737.797880,730.486020,731.762878,66846800.000000
2026-06-24,733.348918,738.117107,729.029688,731.423706,57439500.000000
2026-06-25,737.079645,737.538528,727.792709,732.481079,53934400.000000
2026-06-26,727.144386,734.705627,714.805032,727.184265,71034000.000000
2026-06-29,734.705591,739.723100,730.276587,739.164490,58035200.000000
2026-06-30,739.453760,746.167131,739.054787,744.920227,55626000.000000
2026-07-01,743.154593,747.583597,740.541087,743.912720,47100900.000000
2026-07-02,745.548686,749.448974,738.196947,742.935181,57447800.000000
2026-07-06,746.885320,750.546212,745.558598,749.419067,50673300.000000
2026-07-07,748.361642,749.099860,743.364103,745.857910,43721500.000000
2026-07-08,741.319147,744.301792,737.678225,743.553650,43767400.000000
2026-07-09,745.498776,750.107327,743.743187,749.848022,41441700.000000
2026-07-10,750.187115,753.548763,746.246887,753.079956,42191300.000000
2026-07-13,750.606084,752.042519,746.147185,747.314270,44013600.000000
2026-07-14,749.049947,751.473982,746.805521,749.967712,35143100.000000
2026-07-15,752.371712,753.708420,748.341741,752.940308,43844800.000000
2026-07-16,750.895398,752.700913,746.027481,748.860413,46409800.000000
2026-07-17,740.241828,745.438883,738.964969,741.448792,62651000.000000
2026-07-20,745.209491,746.875337,739.673251,740.251831,50422300.000000
2026-07-21,744.441392,747.184580,742.336633,746.426514,34324300.000000
2026-07-22,744.770573,748.162175,744.521192,745.558594,32836200.000000
2026-07-23,737.538556,740.720657,733.388887,736.351501,55437300.000000
2026-07-24,736.680667,741.877722,735.463657,737.099609,44782000.000000
2026-07-27,743.064807,743.683328,734.047222,737.259277,41461200.000000
2026-07-28,737.358995,740.950053,734.156924,739.024841,47322200.000000
2026-07-29,738.137053,740.840362,727.293983,727.653137,70697200.000000
2026-07-30,734.226739,740.610910,732.770395,739.852783,66811300.000000
2026-07-31,742.835411,747.044990,735.852750,745.179626,62445900.000000
2026-08-03,747.583618,756.700993,746.945189,755.793213,59927500.000000
2026-08-04,758.745865,771.494176,758.636152,769.419373,69154800.000000
2026-08-05,773.928165,774.925688,767.603904,767.883179,44689100.000000
2026-08-06,768.302187,769.908185,765.558999,766.656250,38416900.000000
2026-08-07,769.110163,772.002943,767.703621,771.344604,43586300.000000
2026-08-10,770.686185,773.130128,769.708632,771.115173,39249500.000000
2026-08-11,772.611504,772.691262,767.294690,768.651306,36740600.000000
2026-08-12,772.791010,772.980541,769.369513,770.576477,33179100.000000
2026-08-13,772.950632,777.439486,772.192505,775.953186,35634500.000000
2026-08-14,776.611494,776.870860,773.509212,774.416992,31367900.000000
2026-08-17,774.257358,774.855908,770.596466,770.756042,34356600.000000
2026-08-18,766.795915,767.593921,765.020295,765.549011,43920900.000000
2026-08-19,768.451736,770.556495,766.197324,767.154968,40306000.000000
2026-08-20,764.062722,766.247300,760.152388,760.710999,45520300.000000
2026-08-21,764.152442,765.947971,762.277094,763.823242,39188700.000000
2026-08-24,762.885610,763.324462,760.192286,761.578796,32430900.000000
2026-08-25,764.262137,764.880657,761.159855,764.012756,27422300.000000
2026-08-26,762.835681,765.449186,762.037674,764.182373,28751600.000000
2026-08-27,766.596406,770.446830,765.259698,769.189941,34557100.000000
2026-08-28,769.848339,773.379549,766.406873,767.444275,36744300.000000
2026-08-31,765.429299,766.097622,762.825718,765.149963,38810800.000000
2026-09-01,760.122477,762.775861,757.598715,759.893066,41126300.000000
2026-09-02,760.561400,764.531522,759.843152,763.264648,29566200.000000
2026-09-03,765.997917,772.112738,765.549020,771.254822,43531600.000000
2026-09-04,770.097726,770.955581,767.095172,768.282227,34054200.000000
2026-09-08,767.164965,767.793409,763.244707,764.062683,44746100.000000
2026-09-09,762.187367,762.576355,759.055130,760.511536,32812400.000000
2026-09-10,756.152337,758.227140,754.765765,755.952820,42740400.000000
2026-09-11,762.825717,764.481639,761.708496,762.396790,45512700.000000
2026-09-14,757.119891,761.628714,756.052534,758.995239,43992400.000000
2026-09-15,758.237134,758.466545,754.276997,755.513916,46195000.000000
2026-09-16,757.618702,759.783310,747.743201,752.182190,59217700.000000
2026-09-17,761.259685,761.678627,758.077584,760.710999,49652800.000000
2026-09-18,761.309998,762.000000,757.969971,761.690002,65308100.000000
