date,y,clim,p_vix,p_vix_driftless,p_vix_bgk,p_m1,p_m2,p_m3,p_m3_pk,p_m3_har96,p_v0ref,har_fc_20,refit_year,block24,block18
2003-01-02,1,0.2119895743,0.4854740742,0.4733088714,0.4088693716,0.2905170846,0.2955019366,0.3065199546,0.3104001964,0.3080297369,,0.2032636822,2003,1,1
2003-01-03,1,0.2119895743,0.4725202219,0.4606751662,0.3970809493,0.2796813207,0.267608371,0.2842746358,0.2854866811,0.3122298577,,0.1729376098,2003,1,1
2003-01-06,1,0.2119895743,0.4767759445,0.4648256621,0.4009497468,0.2832165198,0.2832281686,0.2864521306,0.2912233428,0.2919290717,,0.189199408,2003,1,1
2003-01-07,1,0.2119895743,0.4807930304,0.4687434654,0.4046052378,0.2865755579,0.2781540212,0.2848016189,0.2864245786,0.2969578632,,0.1773671771,2003,1,1
2003-01-08,1,0.2119895743,0.4879652881,0.4757385683,0.4111406623,0.2926268081,0.2859615746,0.2973957904,0.2988355288,0.3070688186,,0.1806936127,2003,1,1
2003-01-09,1,0.2119895743,0.4644070939,0.4527627705,0.389716436,0.2730076799,0.2707414168,0.2756125531,0.2774665104,0.2916068433,,0.1778938343,2003,1,1
2003-01-10,1,0.2119895743,0.4657419462,0.454064585,0.3909271283,0.2740998001,0.2766764547,0.2779169631,0.2779885163,0.2866299778,,0.1876438307,2003,1,1
2003-01-13,1,0.2119895743,0.4765921103,0.4646463724,0.4007825447,0.2830633143,0.2791379956,0.2814044494,0.2801890636,0.2894107407,,0.1807681485,2003,1,1
2003-01-14,1,0.2119895743,0.470464368,0.4586701618,0.3952134304,0.2779820922,0.2739155843,0.275157057,0.2748889159,0.2862379047,,0.1799823713,2003,1,1
2003-01-15,1,0.2119895743,0.4876106358,0.4753926726,0.4108172358,0.2923259507,0.2853808223,0.2899133731,0.2920400766,0.2951006453,,0.1794195522,2003,1,1
2003-01-16,1,0.2119895743,0.4786083465,0.4666127708,0.4026167689,0.2847460815,0.2794262387,0.2858507981,0.2862725305,0.2967298036,,0.1785749962,2003,1,1
2003-01-17,1,0.2119895743,0.4909630074,0.4786622862,0.4138755429,0.2951766747,0.3006810907,0.308117878,0.3055865875,0.3032387421,,0.1989423415,2003,1,1
2003-01-21,1,0.2119895743,0.5223769515,0.5093023656,0.4426534422,0.3226533785,0.3131864507,0.3297520007,0.3337012423,0.3222906585,,0.1871792832,2003,1,1
2003-01-22,1,0.2119895743,0.5438533637,0.5302516136,0.4624526326,0.3422656616,0.3357559212,0.3542820961,0.3537872324,0.3304986063,,0.1973840691,2003,1,1
2003-01-23,1,0.2119895743,0.5214311302,0.5083797982,0.4417838267,0.3218054519,0.3172431887,0.3341353854,0.331734617,0.3235013197,,0.1952051965,2003,1,1
2003-01-24,0,0.2119895743,0.5778128364,0.5633812557,0.4939701849,0.3747405802,0.3607828973,0.3872153641,0.3936012787,0.3493012681,,0.1973896141,2003,1,1
2003-01-27,0,0.2119895743,0.615016345,0.5996821123,0.5288026111,0.4125253702,0.4005121588,0.4278052652,0.4280941383,0.3594660037,,0.2105299873,2003,1,1
2003-01-28,0,0.2119895743,0.5830844136,0.5685244846,0.4988861667,0.3799499385,0.3640109878,0.392546061,0.3911979834,0.3535145434,,0.1998176708,2003,1,1
2003-01-29,1,0.2119895743,0.5746189516,0.5602651983,0.4909948433,0.3716069019,0.368024509,0.3885845991,0.3900782412,0.3409380877,,0.215473736,2003,1,1
2003-01-30,0,0.2119895743,0.5753893541,0.5610168235,0.4917123172,0.3723612366,0.3595307505,0.3947368544,0.4039203751,0.3632611392,,0.2042983775,2003,1,1
2003-01-31,0,0.2119895743,0.5734587272,0.5591332578,0.4899145848,0.3704727234,0.3552847218,0.3813197909,0.3896007818,0.3475160451,,0.2003556146,2003,1,1
2003-02-03,0,0.2119895743,0.5715126091,0.5572345961,0.4881032876,0.3685752658,0.3437404745,0.3718626306,0.3740049063,0.3489333189,,0.183739197,2003,1,1
2003-02-04,0,0.2119895743,0.5931670844,0.5783620603,0.5083065812,0.3900443395,0.3770110432,0.4023806301,0.4004408029,0.351139291,,0.2032595775,2003,1,1
2003-02-05,0,0.2119895743,0.5964717602,0.5815865204,0.5113993445,0.3933907588,0.3794691962,0.4071916182,0.4097276144,0.355505471,,0.2031577991,2003,1,1
2003-02-06,0,0.2119895743,0.6000753855,0.5851027414,0.5147748057,0.3970615104,0.3762484709,0.4077564972,0.4053542278,0.3612410276,,0.196030776,2003,1,1
2003-02-07,0,0.2119895743,0.6075605793,0.5924066201,0.5217958719,0.4047589803,0.386960411,0.421885069,0.4233271089,0.3689488775,,0.2034032326,2003,1,1
2003-02-10,0,0.2119895743,0.6073374585,0.5921888993,0.5215863936,0.4045280979,0.3844829659,0.4159134257,0.4155712244,0.3628862301,,0.2024088864,2003,1,1
2003-02-11,0,0.2119895743,0.6038493579,0.588785256,0.5183131094,0.4009301481,0.3880867607,0.4200810363,0.4210563504,0.364225346,,0.210709408,2003,1,1
2003-02-12,0,0.2119895743,0.6111008768,0.5958612745,0.5251212917,0.4084343266,0.3844116753,0.4269703349,0.4294714251,0.3810991504,,0.196676121,2003,1,1
2003-02-13,0,0.2119895743,0.6040760635,0.5890064702,0.5185257654,0.4011633387,0.3847080753,0.4231059592,0.4237857009,0.3740082262,,0.2050242541,2003,1,1
2003-02-14,0,0.2119895743,0.5914967711,0.5767323134,0.5067443472,0.3883600921,0.3763672263,0.4030658963,0.4082641103,0.35307405,,0.2087672576,2003,1,1
2003-02-18,1,0.2119895743,0.5726821613,0.5583756265,0.4891917135,0.3697148287,0.3521709277,0.3738105011,0.3775898862,0.3398160899,,0.1974126012,2003,1,1
2003-02-19,1,0.2119895743,0.5752611114,0.5608917063,0.4915928757,0.3722356006,0.3540116292,0.3776854562,0.37822527,0.343557656,,0.1944326357,2003,1,1
2003-02-20,0,0.2119895743,0.5733294698,0.5590071519,0.4897942552,0.370346505,0.3494937268,0.3788147009,0.3826661129,0.3519204089,,0.1884928495,2003,1,1
2003-02-21,1,0.2119895743,0.5612722804,0.5472442623,0.4785865369,0.3586925917,0.3540271587,0.3731874952,0.3759915747,0.3355704518,,0.2081228265,2003,1,1
2003-02-24,0,0.2119895743,0.5837042542,0.5691292429,0.4994646159,0.3805655248,0.356339213,0.3876601763,0.3920015925,0.356823072,,0.1869982557,2003,1,1
2003-02-25,0,0.2119895743,0.5807141059,0.5662118705,0.4966749586,0.3776018548,0.3710636971,0.391635008,0.3934181866,0.3417962411,,0.2119898096,2003,1,1
2003-02-26,0,0.2119895743,0.5832085243,0.5686455752,0.4990019825,0.3800731456,0.365106886,0.3953231869,0.3961280973,0.3564286942,,0.2030836212,2003,1,1
2003-02-27,0,0.2119895743,0.5650452699,0.5509250884,0.4820901669,0.3623140646,0.3535279442,0.3765216901,0.3769373261,0.3418647863,,0.206159511,2003,1,1
2003-02-28,1,0.2119895743,0.5527107913,0.5388921314,0.4706481506,0.350559143,0.332751142,0.3566993045,0.3574578097,0.3393319883,,0.1889248704,2003,1,1
2003-03-03,0,0.2119895743,0.5637043148,0.5496168819,0.4808445764,0.3610243371,0.3534722592,0.3766419441,0.3787592439,0.3420740452,,0.2045481077,2003,1,1
2003-03-04,0,0.2119895743,0.5818398371,0.5673101978,0.4977249674,0.3787158557,0.3508559446,0.3868270953,0.3923408373,0.3635013509,,0.18049879,2003,1,1
2003-03-05,0,0.2119895743,0.56303111,0.548960121,0.4802194011,0.3603779422,0.3363729292,0.368297585,0.3714162514,0.3536334929,,0.1786804181,2003,1,1
2003-03-06,0,0.2119895743,0.5760294955,0.5616413646,0.4923085825,0.3729887733,0.3519399456,0.3848601122,0.3820171205,0.3583512805,,0.1836434205,2003,1,1
2003-03-07,0,0.2119895743,0.572292926,0.5579958828,0.4888294431,0.3693353249,0.3676962322,0.3899023505,0.3903235077,0.3433998173,,0.2149336479,2003,1,1
2003-03-10,0,0.2119895743,0.5996136403,0.5846521917,0.5143421254,0.3965898987,0.3811820874,0.4168359466,0.4171194545,0.368743584,,0.2039796028,2003,1,1
2003-03-11,0,0.2119895743,0.6030541236,0.5880092865,0.5175672541,0.4001128828,0.379589707,0.4211122389,0.4226875631,0.3782028074,,0.199930026,2003,1,1
2003-03-12,0,0.2119895743,0.6019131023,0.5868959132,0.5164973444,0.398942197,0.3846516731,0.4200957133,0.4203758324,0.369102543,,0.2086794615,2003,1,1
2003-03-13,0,0.2119895743,0.5809647297,0.5664563928,0.496908699,0.3778496834,0.377841337,0.3929114491,0.3928196005,0.3342988414,,0.2273134077,2003,1,1
2003-03-14,0,0.2119895743,0.5709910065,0.5567257159,0.4876179665,0.368067761,0.357471702,0.3757490953,0.3747904745,0.3352351151,,0.2071579303,2003,1,1
2003-03-17,0,0.2119895743,0.5808394508,0.5663341638,0.4967918578,0.3777257886,0.3772489313,0.3740125576,0.3819426285,0.3057002908,,0.2269060493,2003,1,1
2003-03-18,0,0.2119895743,0.5637043148,0.5496168819,0.4808445764,0.3610243371,0.348733796,0.3491630556,0.3497281296,0.3048184927,,0.2074464252,2003,1,1
2003-03-19,0,0.2119895743,0.5781932786,0.5637524306,0.4943247507,0.3751149787,0.3616286066,0.356207644,0.3590971588,0.2990113946,,0.2074078692,2003,1,1
2003-03-20,0,0.2119895743,0.5638387484,0.549748032,0.4809694312,0.3611535043,0.3599020928,0.3505205169,0.3527450224,0.291887202,,0.2196158537,2003,1,1
2003-03-21,1,0.2119895743,0.5388654957,0.5253860282,0.4578451936,0.337648672,0.34188504,0.3231289849,0.3233209134,0.2723765139,,0.2252695486,2003,1,1
2003-03-24,0,0.2119895743,0.5631658938,0.5490916124,0.4803445606,0.3605073,0.3648321479,0.3593842575,0.3526126904,0.2989399085,,0.2334774833,2003,1,1
2003-03-25,0,0.2119895743,0.5400476109,0.5265391541,0.4589366483,0.33873945,0.3387584141,0.3330985723,0.3324032415,0.2920672995,,0.2230544539,2003,1,1
2003-03-26,0,0.2119895743,0.5322685785,0.5189509838,0.4517599028,0.3316003711,0.3224758499,0.3237113607,0.322366873,0.2992963397,,0.2089900694,2003,1,1
2003-03-27,0,0.2119895743,0.5281390715,0.5149228852,0.447955559,0.3278475647,0.3296134147,0.3266644881,0.3236495592,0.2938760756,,0.2196554858,2003,1,1
2003-03-28,0,0.2119895743,0.5248835006,0.5117473038,0.4449589888,0.3249068501,0.3209427339,0.3229816974,0.3167646984,0.2999480776,,0.2088348368,2003,1,1
2003-03-31,0,0.2119895743,0.5458799982,0.5322285904,0.4643262743,0.3441525201,0.351526683,0.357817032,0.3525716944,0.3138008284,,0.2314600347,2003,1,1
2003-04-01,0,0.2119895743,0.5342346253,0.5208687718,0.4535724644,0.333396045,0.3306966523,0.3345350356,0.3315938777,0.3052567482,,0.2159850788,2003,1,1
2003-04-02,0,0.2119895743,0.5290621858,0.5158233253,0.4488056592,0.3286842632,0.3376705645,0.3256898086,0.3141918009,0.2814450831,,0.2355336315,2003,1,1
2003-04-03,0,0.2119895743,0.5319648215,0.5186546841,0.4514799357,0.3313234547,0.3287807788,0.3232725668,0.3184689122,0.2897923688,,0.2199153783,2003,1,1
2003-04-04,0,0.2119895743,0.5455914249,0.5319470869,0.4640594299,0.3438834625,0.339785574,0.3300288431,0.3206981602,0.2861159431,,0.2211479119,2003,1,1
2003-04-07,0,0.2119895743,0.5355873555,0.5221883059,0.4548200864,0.3346349308,0.3519810337,0.3362722948,0.3298415974,0.2792115234,,0.2559081652,2003,1,1
2003-04-08,0,0.2119895743,0.5150422953,0.5021481163,0.4359148978,0.3161120466,0.3124262601,0.3073616797,0.3016221992,0.2861632987,,0.2187674606,2003,1,1
2003-04-09,0,0.2119895743,0.5147190437,0.5018328197,0.4356181899,0.3158255545,0.3240062681,0.321067619,0.3203749776,0.2920970192,,0.2338254145,2003,1,1
2003-04-10,0,0.2119895743,0.4892032314,0.4769459488,0.4122698252,0.2936783184,0.3051229298,0.3015714514,0.2998417157,0.2858722553,,0.2356745223,2003,1,1
2003-04-11,0,0.2119895743,0.4680174466,0.4562837767,0.3929918748,0.2759668531,0.2899786679,0.2899862068,0.2884688669,0.287525525,,0.2368902528,2003,1,1
2003-04-14,0,0.2119895743,0.4479483462,0.4367117293,0.3748206955,0.2597292961,0.268747835,0.2638313443,0.2664493978,0.2734048551,,0.2158666411,2003,1,1
2003-04-15,0,0.2119895743,0.4304329465,0.4196308812,0.3590341342,0.2459700766,0.2509298831,0.2456505249,0.2480308285,0.2676169366,,0.2069173287,2003,1,1
2003-04-16,0,0.2119895743,0.4295865829,0.4188055321,0.3582730278,0.2453146881,0.2527937534,0.2539987665,0.2579039458,0.2796534086,,0.2063175661,2003,1,1
2003-04-17,0,0.2119895743,0.4073050478,0.3970777413,0.3382933435,0.2283662302,0.2321527879,0.2309347864,0.2352558486,0.2693368298,,0.1942233762,2003,1,1
2003-04-21,0,0.2119895743,0.4173029074,0.406827013,0.3472446467,0.2358989699,0.2381043254,0.2360401694,0.236463759,0.2696764467,,0.1900497154,2003,1,1
2003-04-22,0,0.2119895743,0.3888547873,0.3790867088,0.3218335039,0.2147650505,0.2280536386,0.2173401787,0.2223001403,0.2496866038,,0.2032802758,2003,1,1
2003-04-23,0,0.2119895743,0.3912093183,0.3813826022,0.3239297339,0.2164794903,0.2203116736,0.2097638474,0.2114770955,0.2477838819,,0.1880023166,2003,1,1
2003-04-24,0,0.2119895743,0.3800205906,0.3704726033,0.3139797331,0.208386961,0.2168465659,0.209413245,0.2080894782,0.2522362497,,0.1910098345,2003,1,1
2003-04-25,0,0.2119895743,0.3912093183,0.3813826022,0.3239297339,0.2164794903,0.2202347282,0.2184198014,0.2214924612,0.2644792404,,0.1851700985,2003,1,1
2003-04-28,0,0.2119895743,0.3921472676,0.3822971954,0.3247651378,0.2171641694,0.225702125,0.2150881262,0.2185333045,0.2493164333,,0.1937464001,2003,1,1
2003-04-29,0,0.2119895743,0.3902691864,0.3804658824,0.3230925867,0.2157942,0.2227992336,0.2117061343,0.2112636168,0.2474650756,,0.1881606751,2003,1,1
2003-04-30,0,0.2119895743,0.4007181341,0.3906547069,0.3324081974,0.2234663339,0.2264987589,0.2166584731,0.2162158206,0.2513653398,,0.1842141975,2003,1,1
2003-05-01,0,0.2119895743,0.4093261817,0.3990486064,0.3401011029,0.2298796843,0.2427225011,0.2279254856,0.2287855247,0.2474419963,,0.2012433064,2003,1,1
2003-05-02,0,0.2119895743,0.387198209,0.3774713918,0.3203594154,0.2135625018,0.2222677013,0.2063923967,0.2102637363,0.2381787688,,0.1930117156,2003,1,1
2003-05-05,0,0.2119895743,0.3988809278,0.3888632233,0.3307684711,0.2221084695,0.2270293136,0.2119663786,0.2126959077,0.2417095248,,0.1863602354,2003,1,1
2003-05-06,0,0.2119895743,0.3912093183,0.3813826022,0.3239297339,0.2164794903,0.2200000682,0.2028894289,0.2054733493,0.2352721858,,0.1819435723,2003,1,1
2003-05-07,0,0.2119895743,0.3958767615,0.385933835,0.3280888647,0.2198963237,0.2255088011,0.2090503479,0.2086792927,0.2385067425,,0.1857646455,2003,1,1
2003-05-08,0,0.2119895743,0.4014048547,0.3913243385,0.3330212985,0.2239748655,0.2284698554,0.2157781007,0.2126706808,0.2466627099,,0.1764692093,2003,1,1
2003-05-09,0,0.2119895743,0.3642782664,0.3551227883,0.3000290182,0.1972308681,0.1987247194,0.1867311128,0.1876779744,0.2368902904,,0.1660381479,2003,1,1
2003-05-12,0,0.2119895743,0.3599968426,0.350948181,0.2962448125,0.1942423082,0.1999498112,0.1822719743,0.1851818646,0.2257927231,,0.1704981843,2003,1,1
2003-05-13,0,0.2119895743,0.369756356,0.3604642466,0.3048771466,0.2010829519,0.2010185557,0.1851440339,0.1842996483,0.2301646669,,0.1619975596,2003,1,1
2003-05-14,0,0.2119895743,0.3719771853,0.3626296985,0.3068445725,0.2026536895,0.2054240441,0.1888367965,0.1893223275,0.2304331789,,0.1647736116,2003,1,1
2003-05-15,0,0.2119895743,0.3528526695,0.3439823075,0.2899398891,0.1892980736,0.1911247571,0.1753057135,0.1755197224,0.2259189302,,0.1583615292,2003,1,1
2003-05-16,0,0.2119895743,0.3307225208,0.3224049275,0.2704863785,0.1743135283,0.1788188537,0.1657284107,0.1662876869,0.2259923666,,0.1600218433,2003,1,1
2003-05-19,0,0.2119895743,0.384342441,0.3746867649,0.3178197112,0.211496538,0.2186267593,0.2063824859,0.2078154556,0.2437476831,,0.173231404,2003,1,1
2003-05-20,0,0.2119895743,0.4025466481,0.3924377204,0.3340409221,0.2248215741,0.2270617348,0.2153705637,0.2157891047,0.2481471531,,0.1710893773,2003,1,1
2003-05-21,0,0.2119895743,0.4007181341,0.3906547069,0.3324081974,0.2234663339,0.2200321581,0.2102127327,0.2101246208,0.249488139,,0.1624927611,2003,1,1
2003-05-22,0,0.2119895743,0.3665278137,0.3573162231,0.3020190309,0.1988088557,0.2028724472,0.1906715627,0.1912232747,0.2379728267,,0.1665979392,2003,1,1
2003-05-23,0,0.2119895743,0.3510485604,0.342223236,0.2883496165,0.1880578673,0.1868553113,0.1781437655,0.1783826061,0.2390450887,,0.156197435,2003,1,1
2003-05-27,0,0.2119895743,0.3717310041,0.3623896555,0.306626425,0.2024793118,0.2128316431,0.1902868974,0.1941741851,0.2216751885,,0.1770817114,2003,1,1
2003-05-28,0,0.2119895743,0.3727148883,0.3633490082,0.3074983539,0.2031766159,0.2049912188,0.1850979358,0.184933583,0.2238490369,,0.1648322412,2003,1,1
2003-05-29,0,0.2119895743,0.3824272889,0.3728193294,0.3161175644,0.2101160652,0.2169597126,0.1945661662,0.1958640051,0.2239242376,,0.1752413373,2003,1,1
2003-05-30,0,0.2119895743,0.3587295289,0.3497124906,0.2951254994,0.1933613705,0.199534482,0.175237238,0.1771259906,0.2125330944,,0.1712380899,2003,1,1
2003-06-02,0,0.2119895743,0.3923814012,0.382525499,0.3249737049,0.2173352339,0.2266859048,0.1942371195,0.1944965292,0.2096197702,,0.1838595066,2003,1,1
2003-06-03,0,0.2119895743,0.3921472676,0.3822971954,0.3247651378,0.2171641694,0.2126778487,0.1851410367,0.1855932935,0.2129953435,,0.1592241246,2003,1,1
2003-06-04,0,0.2119895743,0.3869610478,0.3772401382,0.3201484313,0.213390589,0.2133101264,0.1795310404,0.1831992682,0.2014392395,,0.1634668495,2003,1,1
2003-06-05,0,0.2119895743,0.3919129949,0.3820687562,0.3245564593,0.2169930645,0.2164507741,0.1804327125,0.1815020563,0.1988839532,,0.1618930888,2003,1,1
2003-06-06,0,0.2119895743,0.4016334811,0.3915472758,0.3332254388,0.2241442871,0.2328108424,0.1925474357,0.1932015152,0.1987032981,,0.1802691045,2003,1,1
2003-06-09,0,0.2119895743,0.4216607427,0.4110765548,0.351153303,0.2392188632,0.2379196404,0.2030423384,0.2028748254,0.2108346227,,0.1684364021,2003,1,1
2003-06-10,0,0.2119895743,0.3874352771,0.3777025549,0.3205703296,0.2137344091,0.2091807385,0.1783632936,0.1804747547,0.2051921906,,0.1582390632,2003,1,1
2003-06-11,0,0.2119895743,0.3771137359,0.3676381967,0.3113993945,0.2063069161,0.2090330231,0.1732254239,0.1755072146,0.1954213967,,0.1668044808,2003,1,1
2003-06-12,0,0.2119895743,0.381947085,0.3723510909,0.3156909009,0.2097705557,0.2126942316,0.1752015961,0.1746504774,0.1941557975,,0.1678647825,2003,1,1
2003-06-13,0,0.2119895743,0.387909016,0.3781644938,0.3209918428,0.2140781216,0.2158944722,0.1821323048,0.184122036,0.2026202035,,0.1645384078,2003,1,1
2003-06-16,0,0.2119895743,0.3773567571,0.3678751605,0.3116150436,0.2064804628,0.2066542545,0.1682755122,0.1726871824,0.1895501022,,0.1603145547,2003,1,1
2003-06-17,0,0.2119895743,0.3722232223,0.3628696009,0.3070626061,0.2028280299,0.200754808,0.1648629593,0.1652275961,0.1912174597,,0.1568909496,2003,1,1
2003-06-18,0,0.2119895743,0.3660289082,0.3568297616,0.3015775835,0.1984584272,0.1987592959,0.1636714478,0.1639878535,0.1915690297,,0.158496909,2003,1,1
2003-06-19,0,0.2119895743,0.3670260628,0.357802045,0.3024599555,0.1991590864,0.1989102023,0.1696969951,0.1747958862,0.2029986043,,0.1559766088,2003,1,1
2003-06-20,0,0.2119895743,0.3502731256,0.3414671604,0.2876663285,0.1875258356,0.1881484242,0.1624866145,0.1629920111,0.2045562598,,0.1532334506,2003,1,1
2003-06-23,0,0.2119895743,0.3860107838,0.3763135454,0.319303183,0.2127023862,0.2128314929,0.1856571475,0.1882089682,0.2135038316,,0.158724686,2003,1,1
2003-06-24,0,0.2119895743,0.3900337986,0.3802363567,0.3228830155,0.2156227726,0.2109270251,0.1852932805,0.1862912234,0.2158032936,,0.1531577977,2003,1,1
2003-06-25,0,0.2119895743,0.3914440086,0.3816114483,0.3241387469,0.2166507164,0.219498797,0.1946334152,0.1974117426,0.2206160595,,0.1657392053,2003,1,1
2003-06-26,0,0.2119895743,0.3569491827,0.3479765734,0.2935537037,0.1921266423,0.2004553172,0.1741603032,0.1760650175,0.2089530376,,0.1702311078,2003,1,1
2003-06-27,0,0.2119895743,0.3507902388,0.3419713634,0.2881219761,0.1878805623,0.1922799013,0.1732321198,0.1763515978,0.2197141807,,0.1643481471,2003,1,1
2003-06-30,0,0.2119895743,0.3599968426,0.350948181,0.2962448125,0.1942423082,0.1978945587,0.1783656751,0.1785265024,0.2213332008,,0.1633565019,2003,1,1
2003-07-01,0,0.2119895743,0.3584756309,0.3494649284,0.2949012977,0.1931850821,0.2058933957,0.1796075853,0.1820047501,0.2113014222,,0.1812160238,2003,1,1
2003-07-02,0,0.2119895743,0.3474186003,0.3386839077,0.2851522413,0.1855726348,0.1863685008,0.1630355828,0.1663139349,0.2083827766,,0.1595471083,2003,1,1
2003-07-03,0,0.2119895743,0.3566942303,0.3477279838,0.2933286775,0.1919500945,0.2040701639,0.178156452,0.1785560851,0.2111937133,,0.1798446289,2003,1,1
2003-07-07,0,0.2119895743,0.3734512212,0.3640669829,0.3081510466,0.203699153,0.2102383939,0.1772826754,0.1758424958,0.2011282557,,0.1749578592,2003,1,1
2003-07-08,0,0.2119895743,0.3589833054,0.3499599344,0.295349609,0.1935376419,0.19522484,0.1656903929,0.1666708549,0.2004036071,,0.1652965073,2003,1,1
2003-07-09,0,0.2119895743,0.3448079164,0.3361384184,0.2828546093,0.1837935651,0.1886390012,0.1622454906,0.1622200194,0.2030914874,,0.1630096149,2003,1,1
2003-07-10,0,0.2119895743,0.3515647855,0.3427265735,0.2888045761,0.1884123958,0.1966019973,0.1723482348,0.1706269024,0.2111105929,,0.1709849727,2003,1,1
2003-07-11,0,0.2119895743,0.3326068935,0.3242422062,0.2721382552,0.1755703045,0.1733051651,0.1535958238,0.1553987523,0.2095577349,,0.1494020825,2003,1,1
2003-07-14,0,0.2119895743,0.36176489,0.3526721144,0.2978070106,0.1954741243,0.203037279,0.1728458465,0.1700467614,0.2027447885,,0.1689987183,2003,1,1
2003-07-15,0,0.2119895743,0.3607554307,0.3516878412,0.2969149905,0.1947704229,0.2008434767,0.1725786316,0.1714755294,0.2054492827,,0.1688189853,2003,1,1
2003-07-16,0,0.2119895743,0.3660289082,0.3568297616,0.3015775835,0.1984584272,0.2035853698,0.1772743751,0.177390047,0.2105915209,,0.1685110998,2003,1,1
2003-07-17,0,0.2119895743,0.3773567571,0.3678751605,0.3116150436,0.2064804628,0.2150496954,0.1910327003,0.1893842481,0.2199625279,,0.1767259146,2003,1,1
2003-07-18,0,0.2119895743,0.3494964355,0.3407098618,0.2869820771,0.1869935613,0.1950536348,0.1719357155,0.1704286205,0.2126292266,,0.1748017368,2003,1,1
2003-07-21,0,0.2119895743,0.3665278137,0.3573162231,0.3020190309,0.1988088557,0.2027670923,0.1836801911,0.185562202,0.2243368429,,0.169334486,2003,1,1
2003-07-22,0,0.2119895743,0.3510485604,0.342223236,0.2883496165,0.1880578673,0.1958440286,0.1743082449,0.1739836469,0.2161643205,,0.173182566,2003,1,1
2003-07-23,0,0.2119895743,0.3371527686,0.3286744907,0.2761267887,0.1786166888,0.1836320637,0.1652530811,0.1649241067,0.217021124,,0.1665985714,2003,1,1
2003-07-24,0,0.2119895743,0.3360870656,0.3276354146,0.2751912976,0.1779006663,0.188032283,0.1703699224,0.1714987686,0.2202434469,,0.173844342,2003,1,1
2003-07-25,0,0.2119895743,0.3128740767,0.3050027774,0.2548831484,0.1625819644,0.1749351757,0.1537652909,0.1565871419,0.2063666104,,0.1772087054,2003,1,1
2003-07-28,0,0.2119895743,0.3296424539,0.3213518557,0.26953996,0.173594765,0.1801605279,0.1605866165,0.1615969618,0.2127483802,,0.1691660742,2003,1,1
2003-07-29,0,0.2119895743,0.3379505234,0.3294523144,0.2768272494,0.1791534265,0.1871399006,0.1675498116,0.1688233308,0.2159997233,,0.1714136031,2003,1,1
2003-07-30,0,0.2119895743,0.3427086809,0.3340916122,0.2810082749,0.1823680482,0.181450527,0.1661082261,0.1668553244,0.2227380267,,0.1579243886,2003,1,1
2003-07-31,0,0.2119895743,0.3592369097,0.3502072105,0.2955735817,0.1937138608,0.2040260886,0.1809045983,0.1800911491,0.2166660195,,0.1777067342,2003,1,1
2003-08-01,0,0.2119895743,0.3900337986,0.3802363567,0.3228830155,0.2156227726,0.2142632034,0.1952713478,0.1951847613,0.2296784851,,0.1620931925,2003,1,1
2003-08-04,0,0.2119895743,0.4020903254,0.3919927522,0.3336333899,0.2244830055,0.231591054,0.207405315,0.2068538111,0.2266789956,,0.179206806,2003,1,1
2003-08-05,0,0.2119895743,0.4329600037,0.4220952025,0.3613075764,0.247932066,0.2491591237,0.2319806369,0.2360824261,0.2461125139,,0.1758365415,2003,1,1
2003-08-06,0,0.2119895743,0.4073050478,0.3970777413,0.3382933435,0.2283662302,0.2336947147,0.2161818841,0.2166448538,0.2396785571,,0.1797397904,2003,1,1
2003-08-07,0,0.2119895743,0.3783274369,0.3688216467,0.3124765288,0.2071742842,0.2086675112,0.1928693295,0.1950679579,0.2333759913,,0.1683706658,2003,1,1
2003-08-08,0,0.2119895743,0.36176489,0.3526721144,0.2978070106,0.1954741243,0.1954249706,0.1816619177,0.1811423271,0.2320591639,,0.1630131163,2003,1,1
2003-08-11,0,0.2119895743,0.3657792498,0.3565863304,0.3013566995,0.1982831674,0.1989141524,0.1831179529,0.1845387148,0.2293938296,,0.160642777,2003,1,1
2003-08-12,0,0.2119895743,0.3181567638,0.3101533308,0.2594931395,0.1660220098,0.1668248334,0.1542932943,0.1562394813,0.2219265107,,0.1519296483,2003,1,1
2003-08-13,0,0.2119895743,0.3405999113,0.3320355162,0.2791546152,0.1809405453,0.1811676026,0.1678161942,0.1692485931,0.2267563017,,0.1504626267,2003,1,1
2003-08-14,0,0.2119895743,0.3326068935,0.3242422062,0.2721382552,0.1755703045,0.1777550614,0.1638395041,0.1643914234,0.2238913131,,0.1524030017,2003,1,1
2003-08-15,0,0.2119895743,0.3272034535,0.3189738209,0.2674038068,0.1719758891,0.1658261914,0.1552815757,0.1558207616,0.2263815051,,0.1388964237,2003,1,1
2003-08-18,0,0.2119895743,0.3247523453,0.3165839888,0.2652585107,0.1703548635,0.1664016722,0.1526272937,0.1532132023,0.2192514118,,0.1387144192,2003,1,1
2003-08-19,0,0.2119895743,0.3159390651,0.3079910982,0.2575569994,0.1645745944,0.1630891414,0.148407852,0.1483353686,0.2154185214,,0.1404033172,2003,1,1
2003-08-20,0,0.2119895743,0.3148265984,0.3069064574,0.2565862301,0.1638503086,0.1631856402,0.14972786,0.1464678852,0.2181819805,,0.140501572,2003,1,1
2003-08-21,0,0.2119895743,0.3153831169,0.3074490556,0.2570718252,0.1642124885,0.1663662918,0.1507848142,0.1483218478,0.2148062786,,0.1444798387,2003,1,1
2003-08-22,0,0.2119895743,0.3347515131,0.3263332334,0.2740193148,0.1770049394,0.1834663829,0.1668870359,0.1682639197,0.220609745,,0.1583439403,2003,1,1
2003-08-25,0,0.2119895743,0.3602498855,0.3511949101,0.2964683495,0.1944184049,0.197893648,0.1787200098,0.1788288999,0.2220497129,,0.1589990142,2003,1,1
2003-08-26,0,0.2119895743,0.3592369097,0.3502072105,0.2955735817,0.1937138608,0.1985956446,0.1785078754,0.1783572161,0.2204667484,,0.1621184562,2003,1,1
2003-08-27,0,0.2119895743,0.3500143598,0.3412148551,0.2874383442,0.1873484318,0.1839464029,0.1688779701,0.1685824072,0.2245982695,,0.148974987,2003,1,1
2003-08-28,0,0.2119895743,0.3328755215,0.3245041211,0.2723738096,0.1757497518,0.180303429,0.1623106039,0.1625815361,0.2162691004,,0.157151499,2003,1,1
2003-08-29,0,0.2119895743,0.3368865603,0.3284149336,0.2758930812,0.1784377229,0.1733052672,0.1569483793,0.1590332177,0.2169827001,,0.141429392,2003,1,1
2003-09-02,0,0.2119895743,0.3471581771,0.3384299874,0.2849229732,0.1853948557,0.187994267,0.1624235687,0.1643832209,0.204550016,,0.1516497849,2003,1,1
2003-09-03,0,0.2119895743,0.3579674451,0.3489694243,0.2944525954,0.1928324364,0.1862821624,0.1615305537,0.1617970189,0.2058570144,,0.1386602063,2003,1,1
2003-09-04,0,0.2119895743,0.3390120434,0.3304873147,0.2777595438,0.1798686177,0.1734890811,0.1518583616,0.1518623741,0.2057670677,,0.1342254374,2003,1,1
2003-09-05,0,0.2119895743,0.3244792508,0.316317722,0.2650195797,0.1701746183,0.1703190749,0.1500972026,0.1492842408,0.2067527573,,0.1394729731,2003,1,1
2003-09-08,0,0.2119895743,0.3269317074,0.3187088679,0.2671658928,0.1717958811,0.1659485261,0.1456951288,0.1464284239,0.2047204906,,0.1309408064,2003,1,1
2003-09-09,0,0.2119895743,0.3427086809,0.3340916122,0.2810082749,0.1823680482,0.1729609241,0.1542446662,0.1526224787,0.2119543456,,0.1254336952,2003,1,1
2003-09-10,0,0.2119895743,0.3722232223,0.3628696009,0.3070626061,0.2028280299,0.1968928352,0.175822116,0.1742947498,0.218357586,,0.1355829796,2003,1,1
2003-09-11,0,0.2119895743,0.3531098081,0.3442330273,0.2901666123,0.1894751126,0.1815331448,0.1635152703,0.1622817237,0.2175551595,,0.1307173061,2003,1,1
2003-09-12,0,0.2119895743,0.338216134,0.3297112892,0.2770605002,0.1793322737,0.1771389193,0.1584829827,0.1578196722,0.2137358382,,0.1360287313,2003,1,1
2003-09-15,0,0.2119895743,0.3538803634,0.3449843483,0.2908461166,0.1900060458,0.1757666384,0.1614650783,0.1613309712,0.2231540805,,0.1228735404,2003,1,1
2003-09-16,0,0.2119895743,0.3206402261,0.3125746872,0.2616627435,0.1676485183,0.1622433024,0.144646496,0.1481833455,0.208646051,,0.1280708028,2003,1,1
2003-09-17,0,0.2119895743,0.3239326124,0.3157847504,0.2645413794,0.1698140501,0.1607325196,0.1451632924,0.1452667311,0.2126864879,,0.1218649069,2003,1,1
2003-09-18,0,0.2119895743,0.307819731,0.3000748861,0.2504789244,0.1593155994,0.1566302602,0.1373428351,0.1405435995,0.2015533054,,0.128569424,2003,1,1
2003-09-19,0,0.2119895743,0.3069726757,0.2992490263,0.2497414485,0.1587705651,0.1552250752,0.1382293214,0.140279586,0.2061174758,,0.1262454259,2003,1,1
2003-09-22,0,0.2119895743,0.3632746533,0.3541442117,0.2991415743,0.1965285877,0.1930436208,0.1713338478,0.1683134238,0.2151546169,,0.1374977457,2003,1,1
2003-09-23,0,0.2119895743,0.3587295289,0.3497124906,0.2951254994,0.1933613705,0.1838708106,0.164414853,0.1642880109,0.2157502708,,0.1292417513,2003,1,1
2003-09-24,0,0.2119895743,0.4009471698,0.3908780429,0.3326126676,0.2236358804,0.2140117024,0.1948136437,0.2008477187,0.2296326111,,0.135339393,2003,1,1
2003-09-25,0,0.2119895743,0.4240354299,0.4133922459,0.3532850025,0.2410373982,0.2309372393,0.2118740161,0.2147065607,0.2366299255,,0.1389950699,2003,1,1
2003-09-26,0,0.2119895743,0.4233893372,0.4127622035,0.3527048964,0.2405419579,0.2199915682,0.2069256517,0.2087371336,0.2442342749,,0.1262025978,2003,1,1
2003-09-29,0,0.2119895743,0.4111136457,0.4007916196,0.341700625,0.2312220901,0.2187402382,0.2005106464,0.20259665,0.2335381563,,0.1319573243,2003,1,1
2003-09-30,0,0.2119895743,0.4337983054,0.4229126957,0.3620620586,0.2485846242,0.2390704482,0.2202265167,0.2215510178,0.2400628071,,0.1411798257,2003,1,1
2003-10-01,0,0.2119895743,0.3974972901,0.3875140243,0.3295340633,0.2210883522,0.2128618212,0.190960721,0.1966865105,0.2239276336,,0.1380986681,2003,1,1
2003-10-02,0,0.2119895743,0.3912093183,0.3813826022,0.3239297339,0.2164794903,0.2024018384,0.1829236985,0.1848368417,0.2244167999,,0.1280088401,2003,1,1
2003-10-03,0,0.2119895743,0.3594903674,0.3504543436,0.2957974398,0.1938900448,0.1988029152,0.172928053,0.1687817555,0.2091684074,,0.1525172001,2003,1,1
2003-10-06,0,0.2119895743,0.3597436783,0.3507013338,0.2960211834,0.194066194,0.1850905732,0.1640705202,0.1641055181,0.2130648507,,0.1346958685,2003,1,1
2003-10-07,0,0.2119895743,0.3572039625,0.3482249949,0.2937785929,0.1923031381,0.1910867363,0.1660069304,0.1660990544,0.2073098583,,0.1428679758,2003,1,1
2003-10-08,0,0.2119895743,0.351306734,0.3424749643,0.2885771422,0.1882351393,0.1824852774,0.1615778351,0.1602726981,0.2118380742,,0.1360297879,2003,1,1
2003-10-09,0,0.2119895743,0.3419190103,0.3333216656,0.2803140107,0.1818329655,0.1867689674,0.1619654589,0.1585968407,0.2053478534,,0.1525410027,2003,1,1
2003-10-10,0,0.2119895743,0.3320692959,0.3237180437,0.2716668993,0.1752113969,0.1661282,0.1485555451,0.1479969059,0.2109584411,,0.1280607379,2003,1,1
2003-10-13,0,0.2119895743,0.3072551292,0.2995244119,0.2499873423,0.1589522332,0.1548085538,0.1381469217,0.1372238196,0.2067047297,,0.1307960109,2003,1,1
2003-10-14,0,0.2119895743,0.3021472846,0.294544395,0.2455437395,0.1556786015,0.1536245881,0.1360864676,0.1357914566,0.203869227,,0.1310188649,2003,1,1
2003-10-15,0,0.2119895743,0.311194691,0.3033654047,0.2534190679,0.1614939645,0.1622210708,0.14328007,0.1423711827,0.2052211393,,0.137718088,2003,1,1
2003-10-16,0,0.2119895743,0.2969914275,0.2895175982,0.241065067,0.152399007,0.1492941087,0.1332945499,0.1337759947,0.2051372788,,0.1271620925,2003,1,1
2003-10-17,0,0.2119895743,0.3092285882,0.301448492,0.2517059234,0.160223629,0.1601766197,0.1447651525,0.1471701118,0.2121796716,,0.1354414314,2003,1,1
2003-10-20,0,0.2119895743,0.2926584624,0.2852931189,0.2373064525,0.1496619517,0.1490140978,0.1342351245,0.1352700929,0.207733303,,0.1332035114,2003,1,1
2003-10-21,0,0.2119895743,0.2782762981,0.271271196,0.224865523,0.1407002936,0.1412246614,0.1286734961,0.1287467398,0.2087727555,,0.1331038183,2003,1,1
2003-10-22,0,0.2119895743,0.3106336647,0.3028184143,0.2529301247,0.1611310998,0.1635555422,0.1501560235,0.1474929573,0.2182909868,,0.1402207945,2003,1,1
2003-10-23,0,0.2119895743,0.3109142384,0.3030919685,0.2531746393,0.1613125338,0.1640186422,0.151412064,0.1493856282,0.220289958,,0.142807685,2003,1,1
2003-10-24,0,0.2119895743,0.3117550365,0.3039117317,0.2539074963,0.1618566883,0.1654277513,0.1520323126,0.1504890078,0.2191374279,,0.14509676,2003,1,1
2003-10-27,0,0.2119895743,0.3211904045,0.313111108,0.2621435963,0.1680096587,0.1655247965,0.1537219107,0.1515748311,0.2231648771,,0.1371935069,2003,1,1
2003-10-28,0,0.2119895743,0.286244009,0.2790393051,0.2317511362,0.1456417866,0.1478054343,0.1347710597,0.1350109642,0.2110743964,,0.1398971195,2003,1,1
2003-10-29,0,0.2119895743,0.2747018307,0.2677862962,0.2217819367,0.1385020235,0.1455357432,0.1318631508,0.1314989434,0.2079379264,,0.1468912423,2003,1,1
2003-10-30,0,0.2119895743,0.2717076262,0.2648671297,0.2192015389,0.1366693914,0.1426843684,0.1296288549,0.1280674248,0.2079365675,,0.1445975429,2003,1,1
2003-10-31,0,0.2119895743,0.2647683575,0.2581018028,0.2132305346,0.1324526777,0.1280588647,0.1208762571,0.1197513587,0.215809693,,0.1249486871,2003,1,1
2003-11-03,0,0.2119895743,0.2782762981,0.271271196,0.224865523,0.1407002936,0.142413052,0.129535326,0.1273201942,0.2085381797,,0.136113062,2003,1,1
2003-11-04,0,0.2119895743,0.2782762981,0.271271196,0.224865523,0.1407002936,0.1364569091,0.1270872457,0.1258954961,0.2145599649,,0.1241544179,2003,1,1
2003-11-05,0,0.2119895743,0.287415523,0.2801814769,0.2327649449,0.1463732052,0.1452779987,0.1335779178,0.1319362579,0.2131981932,,0.1278689556,2003,1,1
2003-11-06,0,0.2119895743,0.2838941115,0.2767482685,0.2297186511,0.1441784273,0.1434958829,0.1309240249,0.1309107989,0.2100634246,,0.1265142125,2003,1,1
2003-11-07,0,0.2119895743,0.2894600144,0.282174765,0.2345350668,0.1476526583,0.1426168877,0.1337073205,0.135607941,0.2189970173,,0.1219245227,2003,1,1
2003-11-10,0,0.2119895743,0.3092285882,0.301448492,0.2517059234,0.160223629,0.1505913971,0.1427263366,0.143765355,0.2257874908,,0.1158134854,2003,1,1
2003-11-11,0,0.2119895743,0.3069726757,0.2992490263,0.2497414485,0.1587705651,0.1467437272,0.1406200383,0.1401273427,0.2284054511,,0.1123249195,2003,1,1
2003-11-12,0,0.2119895743,0.2841883528,0.2770351391,0.2299730688,0.1443613863,0.139200844,0.1301630654,0.133361357,0.2169245598,,0.1168215588,2003,1,1
2003-11-13,0,0.2119895743,0.2758955571,0.2689501092,0.2228113523,0.1392348842,0.1330495291,0.1257223662,0.1258202537,0.2182055508,,0.1123433888,2003,1,1
2003-11-14,0,0.2119895743,0.2897515372,0.2824589871,0.2347875556,0.1478354064,0.1478093272,0.1390669944,0.1407303499,0.2216437919,,0.1257182119,2003,1,1
2003-11-17,0,0.2119895743,0.3360870656,0.3276354146,0.2751912976,0.1779006663,0.1746088341,0.1635569675,0.1619341549,0.2290204582,,0.1302429486,2003,1,1
2003-11-18,0,0.2119895743,0.3494964355,0.3407098618,0.2869820771,0.1869935613,0.1834597112,0.1748180438,0.1774771158,0.2379711044,,0.1339564902,2003,1,1
2003-11-19,0,0.2119895743,0.3413917916,0.332807616,0.2798505725,0.1814760716,0.1749617657,0.1660991697,0.1671309895,0.2341635172,,0.1295020966,2003,1,1
2003-11-20,0,0.2119895743,0.3589833054,0.3499599344,0.295349609,0.1935376419,0.1953385206,0.1844376627,0.1827225745,0.2377274547,,0.1463006674,2003,1,1
2003-11-21,0,0.2119895743,0.3461151031,0.3374129605,0.2840048461,0.1846834895,0.1792255616,0.1718955845,0.1685763295,0.2391915239,,0.1338510118,2003,1,1
2003-11-24,0,0.2119895743,0.3041394033,0.2964866558,0.2472760135,0.1569524334,0.1556087755,0.1477529032,0.1479661328,0.2275712737,,0.1321187919,2003,1,1
2003-11-25,0,0.2119895743,0.2830104963,0.2758867878,0.2289547632,0.1436294679,0.1426374291,0.1363356092,0.1355264951,0.2252333343,,0.1281324602,2003,1,1
2003-11-26,0,0.2119895743,0.2686995028,0.2619344027,0.2166115599,0.1348362564,0.1377413554,0.1307538339,0.1289559303,0.2207940525,,0.133220681,2003,1,1
2003-11-28,0,0.2119895743,0.271407438,0.2645744651,0.2189429696,0.1364860981,0.1273551258,0.1251075379,0.1238112219,0.2292076598,,0.1116311534,2003,1,1
2003-12-01,0,0.2119895743,0.2847764036,0.27760846,0.2304815988,0.1447272714,0.1389094993,0.1311953711,0.130901072,0.2201873303,,0.115910939,2003,1,1
2003-12-02,0,0.2119895743,0.269904414,0.2631091126,0.2176486909,0.1355695612,0.1297746379,0.1247827779,0.1233398274,0.2226948818,,0.1120042631,2003,1,1
2003-12-03,0,0.2119895743,0.2806479625,0.2735834398,0.2269133501,0.1421651784,0.1382595375,0.1320530971,0.131139358,0.2235721108,,0.1164723514,2003,1,1
2003-12-04,0,0.2119895743,0.2708066146,0.2639887004,0.2184255181,0.1361194786,0.1279133947,0.1237411226,0.1239384597,0.2241670263,,0.1067797916,2003,1,1
2003-12-05,0,0.2119895743,0.2941064199,0.2867048211,0.2385619423,0.1505746685,0.1489135245,0.1417303457,0.1402691185,0.2260885658,,0.1224079557,2003,1,1
2003-12-08,0,0.2119895743,0.2779792601,0.2709816006,0.2246091484,0.1405171813,0.1328299635,0.1283361668,0.1301914164,0.225668531,,0.1117356135,2003,1,1
2003-12-09,0,0.2119895743,0.3095098509,0.3017227175,0.2519509397,0.1604051327,0.1547995121,0.1484812086,0.1505780106,0.2311442212,,0.1190880373,2003,1,1
2003-12-10,0,0.2119895743,0.316216801,0.3082618874,0.2577994073,0.1647556035,0.1582904489,0.1519254622,0.151964308,0.2326356425,,0.1192687112,2003,1,1
2003-12-11,0,0.2119895743,0.2835997266,0.2764612578,0.2294641318,0.1439954575,0.1401127356,0.1334686202,0.1370004736,0.2233631276,,0.1192669037,2003,1,1
2003-12-12,0,0.2119895743,0.2741041095,0.2672035538,0.2212666313,0.1381355444,0.1326696042,0.1275408006,0.1286205058,0.2237433872,,0.1140976217,2003,1,1
2003-12-15,0,0.2119895743,0.2981412748,0.2906386601,0.2420633041,0.153128267,0.1567599287,0.1469844263,0.1474658752,0.223250705,,0.1352395894,2003,1,1
2003-12-16,0,0.2119895743,0.2595930242,0.2530562282,0.2087858263,0.1293353661,0.1287710942,0.1238528821,0.1245743547,0.2219726467,,0.1248580283,2003,1,1
2003-12-17,0,0.2119895743,0.2488177848,0.2425512375,0.1995554256,0.1229194901,0.1189978132,0.1160209329,0.1168741163,0.2226825293,,0.1164790389,2003,1,1
2003-12-18,0,0.2119895743,0.2665856068,0.2598734956,0.2147929613,0.1335528432,0.1308851077,0.1228797912,0.1257336319,0.2150027375,,0.1194695585,2003,1,1
2003-12-19,0,0.2119895743,0.2744030403,0.2674949934,0.2215243326,0.1383187871,0.1329001309,0.1262161639,0.1267751504,0.2197596382,,0.1155997329,2003,1,1
2003-12-22,0,0.2119895743,0.2897515372,0.2824589871,0.2347875556,0.1478354064,0.1327610826,0.1266511412,0.1312319918,0.221916701,,0.09941763228,2003,1,1
2003-12-23,0,0.2119895743,0.27649162,0.2695312359,0.2233255114,0.1396013001,0.1267415577,0.121501888,0.1223449279,0.2210326135,,0.09649729324,2003,1,1
2003-12-24,0,0.2119895743,0.281535015,0.2744482693,0.2276796608,0.1427143787,0.1280253348,0.1235551372,0.1234289934,0.2239103219,,0.0943484438,2003,1,1
2003-12-26,0,0.2119895743,0.3044233987,0.2967635439,0.2475230472,0.157134334,0.1364795437,0.131802474,0.1313691502,0.2278780179,,0.08884326389,2003,1,1
2003-12-29,0,0.2119895743,0.2941064199,0.2867048211,0.2385619423,0.1505746685,0.143877844,0.1313257254,0.1328963398,0.2107408232,,0.1065183844,2003,1,1
2003-12-30,0,0.2119895743,0.3109142384,0.3030919685,0.2531746393,0.1613125338,0.1409685866,0.1322403417,0.1317051741,0.2196751013,,0.09301462614,2003,1,1
2003-12-31,0,0.2119895743,0.3282889125,0.3200321467,0.2683543071,0.1726956347,0.1549125861,0.1427472035,0.1424717324,0.2181649778,,0.09850698253,2003,1,1
2004-01-02,0,0.2000783085,0.3258431977,0.3176475697,0.2662130819,0.1573468058,0.1503949646,0.1335196076,0.1336714507,0.182687986,,0.1154476078,2004,1,1
2004-01-05,0,0.2000783085,0.3055578678,0.2978696224,0.2485100693,0.1449690736,0.1346326052,0.118996049,0.1197072408,0.174625743,,0.111661235,2004,1,1
2004-01-06,0,0.2000783085,0.2835997266,0.2764612578,0.2294641318,0.1320173204,0.1205411441,0.108682925,0.108579246,0.173281836,,0.1056871393,2004,1,1
2004-01-07,0,0.2000783085,0.246332824,0.240128617,0.1974313273,0.1110445431,0.1097478031,0.09959656381,0.1001002969,0.1709526616,,0.1132128307,2004,1,1
2004-01-08,0,0.2000783085,0.2497475663,0.2434576951,0.2003506316,0.1129153036,0.1071231253,0.09710408631,0.09577883166,0.168691342,,0.1081580987,2004,1,1
2004-01-09,0,0.2000783085,0.2841883528,0.2770351391,0.2299730688,0.1323586242,0.1296217774,0.1165952688,0.1150326143,0.1779578324,,0.1152371637,2004,1,1
2004-01-12,0,0.2000783085,0.286244009,0.2790393051,0.2317511362,0.133553071,0.1212283895,0.108973848,0.1109568829,0.1727326221,,0.1058919123,2004,1,1
2004-01-13,0,0.2000783085,0.3209154177,0.3128429973,0.2619032501,0.1543025933,0.1483654567,0.1309865673,0.1314910079,0.1804722575,,0.118099075,2004,1,1
2004-01-14,0,0.2000783085,0.2841883528,0.2770351391,0.2299730688,0.1323586242,0.1229525998,0.1101333493,0.1120516246,0.1729912502,,0.1099320275,2004,1,1
2004-01-15,0,0.2000783085,0.2481972983,0.2419463167,0.1990248825,0.1120647458,0.1158106938,0.1039248834,0.1036877614,0.1718152692,,0.1220432277,2004,1,1
2004-01-16,0,0.2000783085,0.2306261662,0.2248161282,0.1840463141,0.1025677812,0.09862825815,0.090618632,0.09016235967,0.1677040916,,0.1079207066,2004,1,1
2004-01-20,0,0.2000783085,0.2372589013,0.2312823823,0.1896899845,0.1061219406,0.103335393,0.0945004692,0.09400661929,0.1693044306,,0.1101259429,2004,1,1
2004-01-21,0,0.2000783085,0.2094749822,0.2041961022,0.1661364326,0.09147726845,0.09537767435,0.08662170153,0.08782348058,0.1642992927,,0.1155862006,2004,1,1
2004-01-22,0,0.2000783085,0.2213865581,0.2158085005,0.1762060526,0.0976778846,0.09462054913,0.08722415548,0.08774687573,0.1663627141,,0.1085148255,2004,1,1
2004-01-23,0,0.2000783085,0.2255395437,0.219857207,0.1797269298,0.09986702911,0.1025626995,0.09408594664,0.09434770973,0.1704869826,,0.1156417406,2004,1,1
2004-01-26,0,0.2000783085,0.2162516307,0.2108025295,0.1718598601,0.0949907198,0.09382754439,0.08500394599,0.09013152678,0.1620376827,,0.1110535869,2004,1,1
2004-01-27,0,0.2000783085,0.241652128,0.2355653619,0.1934350966,0.108496503,0.1138911735,0.1026289056,0.104896402,0.1721842767,,0.1245748387,2004,1,1
2004-01-28,0,0.2000783085,0.2850702425,0.2778949386,0.2307357362,0.1328705705,0.1394171518,0.1254020445,0.1289826032,0.1833849744,,0.1340711373,2004,1,1
2004-01-29,0,0.2000783085,0.2955507154,0.2881129554,0.239814793,0.1390100441,0.1407150111,0.1266237444,0.1280139015,0.1834417586,,0.132744206,2004,1,1
2004-01-30,0,0.2000783085,0.2806479625,0.2735834398,0.2269133501,0.1303106093,0.1228399628,0.1137677835,0.1155685088,0.1819459895,,0.1199644472,2004,1,1
2004-02-02,0,0.2000783085,0.2946846185,0.2872685428,0.2390634351,0.1384987792,0.1431489146,0.1276447379,0.1282780921,0.182322244,,0.1364503264,2004,1,1
2004-02-03,0,0.2000783085,0.3012912695,0.2937098054,0.2447996884,0.1424167195,0.1352193485,0.1230425273,0.1230120166,0.183013738,,0.1241635926,2004,1,1
2004-02-04,0,0.2000783085,0.316216801,0.3082618874,0.2577994073,0.1514224491,0.1465637094,0.1345389899,0.1313521714,0.190702295,,0.1247490139,2004,1,1
2004-02-05,0,0.2000783085,0.3117550365,0.3039117317,0.2539074963,0.1487076251,0.1388652246,0.1282957646,0.1261326272,0.188537741,,0.1184493115,2004,1,1
2004-02-06,0,0.2000783085,0.2617287511,0.2551384038,0.210619158,0.1195593733,0.1213444388,0.1114359445,0.1126344175,0.1801961939,,0.1260760744,2004,1,1
2004-02-09,0,0.2000783085,0.2735057975,0.2666202357,0.2207509117,0.126213986,0.1162341668,0.1082721509,0.107433473,0.179822284,,0.1120850406,2004,1,1
2004-02-10,0,0.2000783085,0.2598985288,0.2533540724,0.2090479984,0.1185362922,0.1125841221,0.1047458729,0.1058046222,0.1781481967,,0.1142924409,2004,1,1
2004-02-11,0,0.2000783085,0.2429030097,0.2367848563,0.1945024506,0.1091756135,0.1179652497,0.1056552736,0.107295434,0.1730633754,,0.1326532446,2004,1,1
2004-02-12,0,0.2000783085,0.2403993102,0.2343439814,0.1923665379,0.1078176778,0.1039508377,0.09681060867,0.09837838828,0.1740565787,,0.1179025953,2004,1,1
2004-02-13,0,0.2000783085,0.2488177848,0.2425512375,0.1995554256,0.1124049279,0.1160771388,0.10728114,0.1086496544,0.1795611891,,0.1270357491,2004,1,1
2004-02-17,0,0.2000783085,0.2432154257,0.2370894334,0.194769099,0.1093454343,0.1128862724,0.1027270205,0.09830148253,0.1739228018,,0.1281077409,2004,1,1
2004-02-18,0,0.2000783085,0.2491278386,0.2428535134,0.1998205756,0.1125750396,0.1156894362,0.106337889,0.1070835726,0.177846728,,0.1284573557,2004,1,1
2004-02-19,0,0.2000783085,0.2556094109,0.2491725127,0.2053695936,0.1161502566,0.1188400705,0.110071225,0.1097443379,0.1813675318,,0.1266391731,2004,1,1
2004-02-20,0,0.2000783085,0.2629462452,0.2563253724,0.2116648257,0.1202415843,0.1219422102,0.1136203068,0.1137787134,0.1843660561,,0.1280116544,2004,1,1
2004-02-23,0,0.2000783085,0.2705060698,0.2636956883,0.2181667139,0.1245071931,0.1234320648,0.1158706942,0.115742804,0.1867565636,,0.1246761074,2004,1,1
2004-02-24,0,0.2000783085,0.2586757119,0.2521619182,0.2079987788,0.1178543924,0.1287574357,0.120236835,0.1195035773,0.1895781423,,0.1416570653,2004,1,1
2004-02-25,0,0.2000783085,0.2284042033,0.2226499455,0.182158561,0.1013853788,0.1007459313,0.09779796448,0.09858627821,0.183479426,,0.1240943278,2004,1,1
2004-02-26,0,0.2000783085,0.2252207121,0.2195463805,0.1794564439,0.09969846017,0.1030947899,0.09956235887,0.09885762037,0.184153805,,0.1278485215,2004,1,1
2004-02-27,0,0.2000783085,0.2162516307,0.2108025295,0.1718598601,0.0949907198,0.1005265273,0.09744472726,0.09636454344,0.1839975553,,0.1289169611,2004,1,1
2004-03-01,1,0.2000783085,0.2127070111,0.2073469415,0.1688643803,0.09314832219,0.09752274183,0.09291846865,0.09224559415,0.1775195435,,0.1255913191,2004,1,1
2004-03-02,0,0.2000783085,0.2261768876,0.2204785488,0.1802677211,0.1002042504,0.1081766507,0.1028534502,0.1020161665,0.1836106565,,0.1300113381,2004,1,1
2004-03-03,1,0.2000783085,0.2162516307,0.2108025295,0.1718598601,0.0949907198,0.09754949964,0.09441466192,0.09385622323,0.1813003003,,0.1236365445,2004,1,1
2004-03-04,1,0.2000783085,0.2114152778,0.2060876559,0.1677737241,0.09247944625,0.08919182262,0.08755467261,0.08772799842,0.17866169,,0.1138158254,2004,1,1
2004-03-05,1,0.2000783085,0.2139972761,0.2086047972,0.1699543094,0.09381778646,0.1028648556,0.09726834062,0.09651326385,0.1794158627,,0.1321914706,2004,1,1
2004-03-08,0,0.2000783085,0.2553020583,0.2488728683,0.2051061986,0.1159798956,0.1188779111,0.1136792174,0.1169729931,0.1901030138,,0.1287587491,2004,1,1
2004-03-09,0,0.2000783085,0.2797596851,0.272717417,0.2261461884,0.1297985738,0.1238214275,0.1193918559,0.1217684501,0.1937553824,,0.1193858861,2004,1,1
2004-03-10,0,0.2000783085,0.3379505234,0.3294523144,0.2768272494,0.1649304412,0.1569151079,0.1515330884,0.1620574676,0.2100260369,,0.1253160905,2004,1,1
2004-03-11,0,0.2000783085,0.3881456631,0.3783952467,0.3212024208,0.1980273962,0.1944548453,0.1864702564,0.1920849143,0.2240220816,,0.140972624,2004,1,1
2004-03-12,0,0.2000783085,0.3280177657,0.3197677776,0.268116846,0.1586979241,0.1555866462,0.1507990062,0.1531295038,0.2111547331,,0.1337345422,2004,1,1
2004-03-15,0,0.2000783085,0.3988809278,0.3888632233,0.3307684711,0.2054709734,0.1907680757,0.1843502854,0.1907909579,0.2239951027,,0.1318787524,2004,1,1
2004-03-16,0,0.2000783085,0.3802618999,0.370707899,0.3141940244,0.1926454498,0.1867180316,0.1789294576,0.1790819159,0.2204680697,,0.1390828171,2004,1,1
2004-03-17,0,0.2000783085,0.3228375653,0.3147170824,0.2635836502,0.1554871429,0.1514881105,0.1469514182,0.1488612653,0.2094210124,,0.1331748785,2004,1,1
2004-03-18,0,0.2000783085,0.3342163094,0.3258114035,0.2735497802,0.1625755163,0.1602234038,0.1540378239,0.1537576108,0.2107824969,,0.1344301965,2004,1,1
2004-03-19,0,0.2000783085,0.3505317692,0.3417193467,0.287894221,0.1729710476,0.1634550149,0.1624331165,0.1685849017,0.2220433091,,0.1297092746,2004,1,1
2004-03-22,0,0.2000783085,0.4091021474,0.3988301438,0.3399006751,0.2126840462,0.200523386,0.1980205131,0.1996635826,0.2358253729,,0.1363436632,2004,1,1
2004-03-23,0,0.2000783085,0.3881456631,0.3783952467,0.3212024208,0.1980273962,0.1845207151,0.1859224206,0.1863376834,0.2359595921,,0.1316171675,2004,1,1
2004-03-24,0,0.2000783085,0.3672749944,0.3580447679,0.3026802686,0.1839321779,0.1768939632,0.1792022635,0.1801880686,0.2351200069,,0.1353650294,2004,1,1
2004-03-25,0,0.2000783085,0.3164943318,0.3085324767,0.2580416554,0.1515919627,0.1531044141,0.1544363512,0.1554392369,0.2233607678,,0.1363894331,2004,1,1
2004-03-26,0,0.2000783085,0.3010056448,0.2934313298,0.2445514638,0.1422464768,0.1397303105,0.143611807,0.1437220197,0.2219904659,,0.1312522303,2004,1,1
2004-03-29,0,0.2000783085,0.2767894248,0.2698215786,0.2235824308,0.128091648,0.1297515861,0.1308400239,0.1306176373,0.2111968345,,0.1320181543,2004,1,1
2004-03-30,0,0.2000783085,0.2702053262,0.2634024826,0.2179077629,0.1243365225,0.1200512186,0.1222532126,0.123914254,0.2078289121,,0.1237542817,2004,1,1
2004-03-31,0,0.2000783085,0.2838941115,0.2767482685,0.2297186511,0.132187974,0.1295743778,0.1299332474,0.1303469235,0.2087806712,,0.1258428049,2004,1,1
2004-04-01,0,0.2000783085,0.2812394835,0.2741601416,0.2274243329,0.1306519851,0.1174552544,0.1188538614,0.1239440785,0.2031349246,,0.1106374279,2004,1,1
2004-04-02,0,0.2000783085,0.2506762049,0.2443630393,0.2011451017,0.1134257982,0.1202430624,0.1183153967,0.1114785916,0.1995195717,,0.1318590002,2004,1,1
2004-04-05,0,0.2000783085,0.2296745587,0.2238884093,0.1832376621,0.1020608858,0.09906855656,0.1001669134,0.1019558119,0.1930770327,,0.1174550417,2004,1,1
2004-04-06,0,0.2000783085,0.2407126953,0.2346495025,0.1926337896,0.1079873567,0.1061021848,0.1070079738,0.1023684124,0.1970093853,,0.1190957139,2004,1,1
2004-04-07,0,0.2000783085,0.2543792177,0.2479731724,0.2043154999,0.1154688745,0.1115438155,0.1124713289,0.1112364568,0.1999406795,,0.1174079096,2004,1,1
2004-04-08,0,0.2000783085,0.2696033934,0.262815637,0.21738955,0.1239951725,0.1311540863,0.1289247437,0.1260543917,0.2050338757,,0.136058088,2004,1,1
2004-04-12,1,0.2000783085,0.2394584359,0.2334267177,0.1915643388,0.1073087532,0.1010543928,0.1038682687,0.1025430316,0.1984425478,,0.1141744546,2004,1,1
2004-04-13,0,0.2000783085,0.2990021351,0.2914779706,0.2428108785,0.1410544999,0.1422706974,0.1420828199,0.1470009936,0.214701072,,0.1303954132,2004,1,1
2004-04-14,0,0.2000783085,0.2500572398,0.2437596005,0.200615537,0.1130854554,0.1166392149,0.1203674728,0.1199096869,0.2110311861,,0.1290462365,2004,1,1
2004-04-15,0,0.2000783085,0.2537633401,0.2473727414,0.2037879413,0.1151282471,0.1207691722,0.1251000184,0.1257067355,0.2149812469,,0.1332989722,2004,1,1
2004-04-16,0,0.2000783085,0.2287219568,0.2229597219,0.1824284315,0.101554217,0.1058310445,0.1105026132,0.1103343408,0.2079226647,,0.1269002212,2004,1,1
2004-04-19,0,0.2000783085,0.2438398909,0.2376982301,0.1953021656,0.1096851265,0.1084989118,0.1132681674,0.1131741896,0.2086532872,,0.122327373,2004,1,1
2004-04-20,0,0.2000783085,0.2818304035,0.2747362577,0.2279348881,0.1309933349,0.1367387848,0.1423051406,0.1477039706,0.2256001438,,0.1346869406,2004,1,1
2004-04-21,0,0.2000783085,0.2494377659,0.243155666,0.2000856444,0.1127451649,0.115249703,0.1222099612,0.1234409776,0.2183289303,,0.1281057032,2004,1,1
2004-04-22,0,0.2000783085,0.2181801928,0.2126826558,0.1734912556,0.09599742922,0.1057203902,0.1100359465,0.1143294931,0.2079023912,,0.1351687999,2004,1,1
2004-04-23,0,0.2000783085,0.1987495126,0.1937401235,0.1571071741,0.08599190279,0.08933296316,0.09615601589,0.0976009642,0.2051019004,,0.124302676,2004,1,1
2004-04-26,0,0.2000783085,0.2233055073,0.217679264,0.1778322863,0.0986876438,0.1060504995,0.1110561991,0.1128576587,0.209490126,,0.1325919032,2004,1,1
2004-04-27,0,0.2000783085,0.2328426705,0.226976994,0.1859308719,0.1037513879,0.1076660402,0.1126196911,0.1135960683,0.2095743499,,0.1266678595,2004,1,1
2004-04-28,0,0.2000783085,0.2705060698,0.2636956883,0.2181667139,0.1245071931,0.127423192,0.1336247963,0.1364701261,0.2223118147,,0.1301912086,2004,1,1
2004-04-29,0,0.2000783085,0.2797596851,0.272717417,0.2261461884,0.1297985738,0.1394663676,0.1466859214,0.1477173528,0.231191449,,0.1414521038,2004,1,1
2004-04-30,0,0.2000783085,0.2969914275,0.2895175982,0.241065067,0.13986208,0.1406832485,0.1510366324,0.1551523788,0.2374573124,,0.1354406953,2004,1,1
2004-05-03,0,0.2000783085,0.2803520619,0.2732949525,0.2266577722,0.1301399611,0.1284697725,0.1372740537,0.1394040438,0.2282767145,,0.1300299962,2004,1,1
2004-05-04,0,0.2000783085,0.2782762981,0.271271196,0.224865523,0.1289451055,0.1367233629,0.1444324402,0.1452213796,0.230814036,,0.1421971615,2004,1,1
2004-05-05,0,0.2000783085,0.2546869615,0.248273198,0.2045791516,0.1156392044,0.1169705453,0.1258132514,0.125809075,0.2237005687,,0.1308911218,2004,1,1
2004-05-06,0,0.2000783085,0.2929482943,0.2855756935,0.2375577158,0.1374759411,0.1458481641,0.1534552347,0.151126227,0.2346247249,,0.1432261469,2004,1,1
2004-05-07,0,0.2000783085,0.3233853474,0.3152511683,0.2640627042,0.155825396,0.1665824993,0.1774848741,0.1776529897,0.2503712065,,0.1541791564,2004,1,1
2004-05-10,0,0.2000783085,0.3662784212,0.357073051,0.3017983533,0.183271261,0.1846384818,0.1978789615,0.1967224173,0.2605298997,,0.1522729187,2004,1,1
2004-05-11,0,0.2000783085,0.3352861987,0.3268545586,0.274488464,0.1632487633,0.1628470982,0.1759176539,0.169792653,0.2518856048,,0.145147172,2004,1,1
2004-05-12,0,0.2000783085,0.3236590411,0.315518019,0.2643020862,0.1559945131,0.1725754738,0.1812740588,0.1808404348,0.2490304762,,0.1675962686,2004,1,1
2004-05-13,0,0.2000783085,0.3429716328,0.3343479964,0.2812394906,0.1681196008,0.1748263486,0.1855694965,0.1813910078,0.2526519507,,0.1588131277,2004,1,1
2004-05-14,0,0.2000783085,0.3326068935,0.3242422062,0.2721382552,0.1615649662,0.1677323503,0.1795004003,0.1782417697,0.2519468441,,0.1557185632,2004,1,1
2004-05-17,0,0.2000783085,0.37099157,0.361668659,0.3059712779,0.1864065999,0.194503609,0.2061916843,0.195368385,0.2620098753,,0.1640494391,2004,1,1
2004-05-18,0,0.2000783085,0.3551616022,0.3462336072,0.2919762706,0.1759718819,0.1706486735,0.1843520095,0.1786351825,0.2554459503,,0.1492000713,2004,1,1
2004-05-19,0,0.2000783085,0.3448079164,0.3361384184,0.2828546093,0.16929246,0.1807739065,0.1938623544,0.1897685547,0.2601508171,,0.1644902592,2004,1,1
2004-05-20,0,0.2000783085,0.3379505234,0.3294523144,0.2768272494,0.1649304412,0.1613981884,0.1765550484,0.1731898782,0.2552686062,,0.1470028307,2004,1,1
2004-05-21,0,0.2000783085,0.333143973,0.3247658639,0.2726092267,0.1619019038,0.1634415965,0.1775951497,0.1729280716,0.254621055,,0.1505958891,2004,1,1
2004-05-24,0,0.2000783085,0.322014659,0.313914752,0.2628641293,0.1549795649,0.1597700572,0.172807488,0.1660723011,0.2513791045,,0.1504293453,2004,1,1
2004-05-25,0,0.2000783085,0.260509138,0.2539493708,0.2095720758,0.1188772896,0.1328331781,0.1438380348,0.1458720834,0.2378450313,,0.1587050727,2004,1,1
2004-05-26,0,0.2000783085,0.2608142422,0.2542468248,0.2098339807,0.1190477997,0.1177275868,0.130281941,0.1319127463,0.232937422,,0.1357365407,2004,1,1
2004-05-27,0,0.2000783085,0.2394584359,0.2334267177,0.1915643388,0.1073087532,0.1132435061,0.1244271261,0.1234609119,0.2288586841,,0.1423042775,2004,1,1
2004-05-28,0,0.2000783085,0.246332824,0.240128617,0.1974313273,0.1110445431,0.1082769596,0.1206126895,0.1202115566,0.2282575545,,0.1304590585,2004,1,1
2004-06-01,0,0.2000783085,0.2708066146,0.2639887004,0.2184255181,0.1246778323,0.1267995459,0.1374362107,0.1365729611,0.2325321497,,0.1359157956,2004,1,1
2004-06-02,0,0.2000783085,0.2641615186,0.2575101776,0.2127089885,0.1209238616,0.1212717901,0.1316958647,0.1289935402,0.2293795355,,0.1295941834,2004,1,1
2004-06-03,0,0.2000783085,0.2923684264,0.2850103453,0.2370550339,0.1371349827,0.1343752183,0.1464928396,0.1456055591,0.2383828877,,0.1310427671,2004,1,1
2004-06-04,0,0.2000783085,0.2850702425,0.2778949386,0.2307357362,0.1328705705,0.1377894399,0.1466633287,0.1371080454,0.2335006948,,0.1402988694,2004,1,1
2004-06-07,0,0.2000783085,0.2429030097,0.2367848563,0.1945024506,0.1091756135,0.1135413333,0.1211244096,0.1213990215,0.219425955,,0.1371425602,2004,1,1
2004-06-08,0,0.2000783085,0.2309431462,0.2251251512,0.1843157348,0.1027367958,0.1037163502,0.1124639278,0.11039367,0.2172740727,,0.1295056052,2004,1,1
2004-06-09,0,0.2000783085,0.2429030097,0.2367848563,0.1945024506,0.1091756135,0.1098438198,0.1206699941,0.1197120144,0.2255382508,,0.1278416063,2004,1,1
2004-06-10,0,0.2000783085,0.2318934151,0.2260515661,0.1851236024,0.1032439849,0.09725095829,0.1085370563,0.1058558434,0.2201075964,,0.116529787,2004,1,1
2004-06-14,0,0.2000783085,0.2638578957,0.2572141667,0.2124480781,0.1207532791,0.1192703457,0.1310195909,0.1291928703,0.2315239513,,0.1227665512,2004,1,1
2004-06-15,0,0.2000783085,0.2322099466,0.2263601522,0.1853927591,0.1034130957,0.1072144523,0.1181549449,0.1121928392,0.2252792785,,0.1247152261,2004,1,1
2004-06-16,0,0.2000783085,0.2239443286,0.2183020449,0.1783739065,0.09902446741,0.09273274011,0.1057624392,0.1035026042,0.2231631962,,0.1105675467,2004,1,1
2004-06-17,0,0.2000783085,0.2353690044,0.2294399175,0.188080605,0.1051054678,0.1013875774,0.1141271621,0.1108982679,0.2263474428,,0.1134783296,2004,1,1
2004-06-18,0,0.2000783085,0.2303090747,0.2245069967,0.1837768282,0.1023987913,0.1024465541,0.1145931462,0.1125891306,0.2258449304,,0.1167779647,2004,1,1
2004-06-21,0,0.2000783085,0.2388305897,0.2328146274,0.1910291718,0.1069695654,0.1045169255,0.1178071718,0.1171536906,0.2293508161,,0.1142246918,2004,1,1
2004-06-22,0,0.2000783085,0.2085036456,0.2032491676,0.1653172225,0.09097670475,0.09170058247,0.1047220801,0.1052742745,0.2241230598,,0.1110728631,2004,1,1
2004-06-23,0,0.2000783085,0.1977702963,0.192785516,0.156284639,0.08549565574,0.08752445443,0.09886336807,0.1015767596,0.2176269093,,0.1134619732,2004,1,1
2004-06-24,0,0.2000783085,0.2245827311,0.218924418,0.1789152933,0.09936140677,0.09504216511,0.1069855511,0.1071998102,0.2213428513,,0.1080390197,2004,1,1
2004-06-25,0,0.2000783085,0.2366294024,0.2306686819,0.1891538075,0.1057830325,0.1055037635,0.1177013875,0.1193092897,0.2271881514,,0.113456372,2004,1,1
2004-06-28,0,0.2000783085,0.2638578957,0.2572141667,0.2124480781,0.1207532791,0.1186306656,0.1307299039,0.130756229,0.2320291363,,0.1141201228,2004,1,1
2004-06-29,0,0.2000783085,0.2453989021,0.239218126,0.1966334782,0.1105346435,0.1031544187,0.1160310739,0.1172197755,0.2267911655,,0.1058559203,2004,1,1
2004-06-30,1,0.2000783085,0.2094749822,0.2041961022,0.1661364326,0.09147726845,0.09263870879,0.1047544785,0.1044825406,0.2219175863,,0.1113597896,2004,1,1
2004-07-01,0,0.2000783085,0.2369442104,0.2309755891,0.1894219316,0.1059524762,0.1100685892,0.1244564115,0.1265582579,0.2356427702,,0.1210615795,2004,1,2
2004-07-02,0,0.2000783085,0.2331588625,0.2272852492,0.1861998275,0.1039205689,0.09985142434,0.1157091347,0.1157730674,0.2343783023,,0.1102376263,2004,1,2
2004-07-06,0,0.2000783085,0.2693022346,0.2625220268,0.2171303144,0.1238245105,0.1190971658,0.1362292262,0.134514927,0.2443857227,,0.1127750004,2004,1,2
2004-07-07,0,0.2000783085,0.2559166327,0.2494720296,0.2056329026,0.1163206276,0.1096921703,0.1268708249,0.1281136595,0.2409265321,,0.1092557859,2004,1,2
2004-07-08,0,0.2000783085,0.2677944018,0.2610519892,0.2158327481,0.1229712682,0.1209234712,0.1392780644,0.1386012789,0.2485118536,,0.1147857783,2004,1,2
2004-07-09,0,0.2000783085,0.2549945752,0.2485730967,0.2048427179,0.1158095448,0.1065541457,0.1255563075,0.122619532,0.2442832486,,0.1033198994,2004,1,2
2004-07-12,0,0.2000783085,0.2293571348,0.2235789541,0.1829679824,0.1018919708,0.1010490743,0.1198865028,0.1184571095,0.2437256394,,0.1104548801,2004,1,2
2004-07-13,0,0.2000783085,0.2133523287,0.2079760497,0.1694094373,0.09348298172,0.08527025659,0.1049229611,0.1035157564,0.2402897136,,0.09877278813,2004,1,2
2004-07-14,0,0.2000783085,0.1905707339,0.1857669113,0.1502465925,0.08187023521,0.08855903173,0.1082069783,0.1047877106,0.2444282511,,0.1188154271,2004,1,2
2004-07-15,0,0.2000783085,0.2213865581,0.2158085005,0.1762060526,0.0976778846,0.09700350794,0.1187287253,0.1200832028,0.2508595828,,0.1114097362,2004,1,2
2004-07-16,0,0.2000783085,0.2094749822,0.2041961022,0.1661364326,0.09147726845,0.0977440301,0.1193918922,0.1164353346,0.2523103868,,0.1212656333,2004,1,2
2004-07-19,0,0.2000783085,0.235999436,0.2300545263,0.1886173469,0.1054442077,0.1040487705,0.1272784555,0.1274252007,0.2565550396,,0.1148954365,2004,1,2
2004-07-20,0,0.2000783085,0.203960655,0.1988203173,0.1614896501,0.0886455917,0.09612555452,0.1156898506,0.116499316,0.246192148,,0.1257441336,2004,1,2
2004-07-21,0,0.2000783085,0.2741041095,0.2672035538,0.2212666313,0.1265553874,0.132853979,0.1565879232,0.1636668124,0.2665651621,,0.1321924134,2004,1,2
2004-07-22,0,0.2000783085,0.2540713438,0.2476730202,0.2040517631,0.1152985554,0.1237156725,0.1469955708,0.1487581666,0.2634247035,,0.1360396234,2004,1,2
2004-07-23,0,0.2000783085,0.2767894248,0.2698215786,0.2235824308,0.128091648,0.1267687092,0.1532515129,0.1570608852,0.2702732594,,0.1265620775,2004,1,2
2004-07-26,0,0.2000783085,0.3001478552,0.2925950113,0.2438061187,0.1417356712,0.1421843498,0.1685839939,0.1711325096,0.2742364058,,0.1318579165,2004,1,2
2004-07-27,0,0.2000783085,0.2782762981,0.271271196,0.224865523,0.1289451055,0.1292553417,0.1532580195,0.1564195859,0.2652005017,,0.1290540051,2004,1,2
2004-07-28,0,0.2000783085,0.2662830731,0.2595785459,0.2145327882,0.1221180894,0.1306812085,0.1532412305,0.1533952806,0.2635776639,,0.1378051981,2004,1,2
2004-07-29,0,0.2000783085,0.251912602,0.2455684233,0.2022032398,0.1141066347,0.1165753635,0.1389413617,0.1366984793,0.258135857,,0.1282138204,2004,1,2
2004-07-30,0,0.2000783085,0.2407126953,0.2346495025,0.1926337896,0.1079873567,0.1071739247,0.1294577897,0.1300121089,0.2548521919,,0.1231825222,2004,1,2
2004-08-02,0,0.2000783085,0.2422778118,0.2361753458,0.1939689252,0.1088360233,0.115536848,0.136554655,0.1351821982,0.2551968966,,0.132892795,2004,1,2
2004-08-03,0,0.2000783085,0.2626420813,0.2560288345,0.211403551,0.120071026,0.1154073873,0.1394965045,0.1423491981,0.260942041,,0.1208557355,2004,1,2
2004-08-04,0,0.2000783085,0.2680961894,0.2613462121,0.2160924026,0.1231418788,0.1231674163,0.1467934472,0.1455570934,0.2626094334,,0.1241777314,2004,1,2
2004-08-05,0,0.2000783085,0.3285599367,0.3202963962,0.2685916787,0.1590355322,0.1545311585,0.1824457232,0.1914823169,0.2800707052,,0.1279937087,2004,1,2
2004-08-06,0,0.2000783085,0.3554174128,0.346483033,0.2922019621,0.1761383518,0.1741582573,0.2063581128,0.2057269057,0.294447287,,0.1374654243,2004,1,2
2004-08-09,0,0.2000783085,0.3437594634,0.3351161501,0.2819323351,0.1686223679,0.15280279,0.186393899,0.1880255445,0.2902774217,,0.1220425042,2004,1,2
2004-08-10,0,0.2000783085,0.3049908876,0.2973168309,0.248016739,0.1446288884,0.1375368032,0.1667536942,0.173496303,0.2783227152,,0.1249960046,2004,1,2
2004-08-11,0,0.2000783085,0.3209154177,0.3128429973,0.2619032501,0.1543025933,0.1558619933,0.184543324,0.1831238518,0.2829856937,,0.1368626017,2004,1,2
2004-08-12,0,0.2000783085,0.3487183338,0.3399511877,0.2862967256,0.171801862,0.1686582334,0.2011493206,0.2000629797,0.2935129126,,0.1370874456,2004,1,2
2004-08-13,0,0.2000783085,0.3192619943,0.3112309209,0.2604585039,0.1532865895,0.1434552619,0.1767389815,0.1766852364,0.2884710265,,0.1240500679,2004,1,2
2004-08-16,0,0.2000783085,0.307819731,0.3000748861,0.2504789244,0.1463292677,0.1446604115,0.1738263854,0.1782525407,0.2807622569,,0.1317359349,2004,1,2
2004-08-17,0,0.2000783085,0.2920782153,0.2847274012,0.2368034851,0.1369644592,0.13474086,0.1624710369,0.1594908559,0.2749984941,,0.1292470869,2004,1,2
2004-08-18,0,0.2000783085,0.2686995028,0.2619344027,0.2166115599,0.1234831962,0.1251874016,0.1497874896,0.1554793999,0.2658260418,,0.1295730998,2004,1,2
2004-08-19,0,0.2000783085,0.2903340298,0.2830268925,0.23529212,0.1359412656,0.1302852853,0.1560596102,0.157700118,0.2687060951,,0.1221964988,2004,1,2
2004-08-20,0,0.2000783085,0.2617287511,0.2551384038,0.210619158,0.1195593733,0.1159796815,0.140068151,0.145201331,0.2612785007,,0.1196671501,2004,1,2
2004-08-23,0,0.2000783085,0.258063507,0.2515650651,0.2074736398,0.1175134926,0.110082741,0.1353755352,0.1380214027,0.2623142035,,0.1122907772,2004,1,2
2004-08-24,0,0.2000783085,0.2410259601,0.2349549064,0.1929009668,0.108157054,0.1079723694,0.1325742829,0.1322021656,0.2613910222,,0.1182101169,2004,1,2
2004-08-25,0,0.2000783085,0.2299918721,0.224197757,0.1835072774,0.102229826,0.1044177622,0.1270889006,0.1287582341,0.2558318095,,0.1197255546,2004,1,2
2004-08-26,0,0.2000783085,0.2277683689,0.2220300739,0.1816186312,0.1010477804,0.09337810889,0.1168016788,0.1172005578,0.2535540145,,0.106901264,2004,1,2
2004-08-27,0,0.2000783085,0.2213865581,0.2158085005,0.1762060526,0.0976778846,0.09100068684,0.1136334716,0.1143627496,0.2509513216,,0.1045666228,2004,1,2
2004-08-30,0,0.2000783085,0.2444638652,0.2383065487,0.1958349238,0.1100248849,0.1034120197,0.1282687711,0.1309316743,0.2598586952,,0.1072459124,2004,1,2
2004-08-31,0,0.2000783085,0.2397721802,0.2337325887,0.1918318123,0.1074783758,0.1047713162,0.1279656193,0.1295893788,0.2563663695,,0.1107336588,2004,1,2
2004-09-01,0,0.2000783085,0.2277683689,0.2220300739,0.1816186312,0.1010477804,0.1004493557,0.1231496733,0.1239182555,0.2544297348,,0.1108774292,2004,1,2
2004-09-02,0,0.2000783085,0.2075315317,0.2023014762,0.1644976511,0.09047649985,0.08972889211,0.1097290615,0.1158787949,0.2440528212,,0.1100812996,2004,1,2
2004-09-03,0,0.2000783085,0.1954829953,0.1905557007,0.1543645255,0.08433944579,0.08485262415,0.1059023998,0.1067934965,0.2465128658,,0.1108010997,2004,1,2
2004-09-07,0,0.2000783085,0.2007059736,0.1956474187,0.1587515084,0.08698567033,0.08828386826,0.1077070039,0.1068116465,0.2424109628,,0.1123373127,2004,1,2
2004-09-08,0,0.2000783085,0.2003800826,0.1953297171,0.1584775239,0.08681992623,0.08590757183,0.1061510093,0.1060740911,0.2438815372,,0.1074442473,2004,1,2
2004-09-09,0,0.2000783085,0.1987495126,0.1937401235,0.1571071741,0.08599190279,0.08488814258,0.1054180235,0.1061948484,0.2445130973,,0.1060301053,2004,1,2
2004-09-10,0,0.2000783085,0.1905707339,0.1857669113,0.1502465925,0.08187023521,0.08422966346,0.1033718077,0.1034291529,0.2408272481,,0.1107107277,2004,1,2
2004-09-13,0,0.2000783085,0.1711383536,0.1668231623,0.1340357175,0.07228557217,0.07294086287,0.09149008691,0.09042694994,0.2360821982,,0.1050596376,2004,1,2
2004-09-14,0,0.2000783085,0.184000585,0.1793619367,0.1447513055,0.07859708656,0.0720882113,0.09063914715,0.092058414,0.23410407,,0.09442330689,2004,1,2
2004-09-15,0,0.2000783085,0.2191431515,0.213621431,0.1743062569,0.09650123077,0.09037468181,0.1106195809,0.1105238152,0.2437924095,,0.09878895073,2004,1,2
2004-09-16,0,0.2000783085,0.2110921181,0.2057726141,0.1675009494,0.09231232095,0.08302878369,0.1028338639,0.1041396319,0.2400020349,,0.09240131227,2004,1,2
2004-09-17,0,0.2000783085,0.1994019616,0.1943761762,0.1576553977,0.08632297172,0.08054253854,0.0992262066,0.09816239028,0.2365997052,,0.09251753438,2004,1,2
2004-09-20,0,0.2000783085,0.2123842144,0.2070322532,0.1685917834,0.09298104746,0.08841346565,0.1084083398,0.1047814046,0.242886504,,0.09570777106,2004,1,2
2004-09-21,0,0.2000783085,0.1872883492,0.1825670417,0.1474994018,0.08023081046,0.07952922872,0.09839817453,0.09660791017,0.2381532566,,0.09960460974,2004,1,2
2004-09-22,0,0.2000783085,0.2223464961,0.2167443336,0.1770194243,0.09818262914,0.09387105509,0.1159286108,0.1164098861,0.2503521261,,0.1000660675,2004,1,2
2004-09-23,0,0.2000783085,0.2242635823,0.2186132826,0.1786446292,0.09919292273,0.0887797124,0.1125632182,0.116100022,0.2532116875,,0.09390791937,2004,1,2
2004-09-24,0,0.2000783085,0.2075315317,0.2023014762,0.1644976511,0.09047649985,0.0838701748,0.1062525564,0.1058414822,0.2488804336,,0.09470689596,2004,1,2
2004-09-27,0,0.2000783085,0.2185012778,0.2129956771,0.1737629751,0.09616533049,0.08906063618,0.1131143819,0.1117836852,0.2547762497,,0.09378860833,2004,1,2
2004-09-28,0,0.2000783085,0.1928648989,0.1880034089,0.1521688023,0.08302107308,0.08242223764,0.1048262317,0.1050397126,0.2501218587,,0.09941429959,2004,1,2
2004-09-29,0,0.2000783085,0.1724598055,0.1681113767,0.1351339814,0.07292819076,0.06958634422,0.09061070986,0.09273746573,0.2432686065,,0.09316853547,2004,1,2
2004-09-30,0,0.2000783085,0.1767515155,0.1722951496,0.1387050523,0.07502439781,0.07346125177,0.09469394872,0.09341763818,0.2448472698,,0.09695318687,2004,1,2
2004-10-01,0,0.2000783085,0.1572505865,0.1532847856,0.1225314285,0.06561155622,0.06801510097,0.08533373039,0.08779572239,0.2312974295,,0.101817084,2004,1,2
2004-10-04,0,0.2000783085,0.1790601506,0.1745457281,0.1406286742,0.07615782483,0.07564866697,0.09280231945,0.09086735147,0.2315954624,,0.09973525056,2004,1,2
2004-10-05,0,0.2000783085,0.1967904406,0.1918302861,0.1554618757,0.08499984261,0.07899481209,0.09628327285,0.0966271462,0.2316174968,,0.09324952856,2004,1,2
2004-10-06,0,0.2000783085,0.174771351,0.1703647847,0.1370565885,0.07405547925,0.07024320634,0.08609257509,0.08985734158,0.2248661752,,0.09271045106,2004,1,2
2004-10-07,0,0.2000783085,0.2146418501,0.2092331811,0.1704989934,0.09415273454,0.08766778456,0.1057091746,0.1098104889,0.2363348745,,0.09382938216,2004,1,2
2004-10-08,0,0.2000783085,0.2322099466,0.2263601522,0.1853927591,0.1034130957,0.1023324491,0.1216954562,0.1225896143,0.2455160047,,0.1039281249,2004,1,2
2004-10-11,0,0.2000783085,0.2213865581,0.2158085005,0.1762060526,0.0976778846,0.08738246953,0.1066615493,0.1054103793,0.2392467916,,0.09218013764,2004,1,2
2004-10-12,0,0.2000783085,0.2322099466,0.2263601522,0.1853927591,0.1034130957,0.1037544005,0.1228954178,0.1181969517,0.2455998126,,0.1074937587,2004,1,2
2004-10-13,0,0.2000783085,0.2438398909,0.2376982301,0.1953021656,0.1096851265,0.1107428279,0.1320410678,0.1344312349,0.253523881,,0.1127413823,2004,1,2
2004-10-14,0,0.2000783085,0.2747018307,0.2677862962,0.2217819367,0.1268967756,0.1220220616,0.1455822843,0.1492641113,0.2612876796,,0.1116737003,2004,1,2
2004-10-15,0,0.2000783085,0.2318934151,0.2260515661,0.1851236024,0.1032439849,0.1055159639,0.1276321763,0.1267469212,0.2545962263,,0.1152501065,2004,1,2
2004-10-18,0,0.2000783085,0.2213865581,0.2158085005,0.1762060526,0.0976778846,0.1003539456,0.1215293122,0.1222297487,0.2508043309,,0.1169318125,2004,1,2
2004-10-19,0,0.2000783085,0.2347381098,0.2288248576,0.1875435843,0.1047668143,0.108100651,0.1314023722,0.1351273361,0.2586328521,,0.1195525919,2004,1,2
2004-10-20,0,0.2000783085,0.225858269,0.2201679299,0.1799973556,0.1000356259,0.1030504078,0.1270099305,0.1267453552,0.2592507325,,0.1183628575,2004,1,2
2004-10-21,0,0.2000783085,0.2159298652,0.2104888455,0.1715877847,0.09482305338,0.09810652201,0.1203152616,0.120491214,0.2533375969,,0.1183253457,2004,1,2
2004-10-22,0,0.2000783085,0.2394584359,0.2334267177,0.1915643388,0.1073087532,0.1059216442,0.1314401248,0.137132281,0.2632002272,,0.1144005863,2004,1,2
2004-10-25,0,0.2000783085,0.2791667685,0.2721393555,0.225634231,0.1294571972,0.122351472,0.1480941137,0.1489317141,0.2663955047,,0.1128503213,2004,1,2
2004-10-26,0,0.2000783085,0.2735057975,0.2666202357,0.2207509117,0.126213986,0.1249731106,0.1453929902,0.1507230634,0.2550312957,,0.1185140836,2004,1,2
2004-10-27,0,0.2000783085,0.2531469439,0.2467718052,0.2032600439,0.1147876637,0.1187058704,0.1355620711,0.1410569088,0.2450561995,,0.1241531431,2004,1,2
2004-10-28,0,0.2000783085,0.2429030097,0.2367848563,0.1945024506,0.1091756135,0.1090827955,0.1259461303,0.1292742518,0.2410617943,,0.1185347229,2004,1,2
2004-10-29,0,0.2000783085,0.269904414,0.2631091126,0.2176486909,0.1241658375,0.1174492472,0.1340524352,0.1365830954,0.24214277,,0.1145141587,2004,1,2
2004-11-01,0,0.2000783085,0.269904414,0.2631091126,0.2176486909,0.1241658375,0.1183647645,0.1340090968,0.1341394387,0.2402109715,,0.1152709416,2004,1,2
2004-11-02,0,0.2000783085,0.2671902634,0.2604629949,0.2153130283,0.1226299737,0.1237154294,0.138390401,0.1394921111,0.2409391586,,0.1224528232,2004,1,2
2004-11-03,0,0.2000783085,0.1997280761,0.1946940954,0.1579294681,0.08648857667,0.1011438993,0.113481787,0.1035661807,0.2288161839,,0.1409273099,2004,1,2
2004-11-04,0,0.2000783085,0.1974437481,0.1924671746,0.1560104093,0.08533033613,0.09411148747,0.1039444223,0.1057781302,0.2174587255,,0.1342576816,2004,1,2
2004-11-05,0,0.2000783085,0.193192388,0.1883226664,0.1524433359,0.08318568967,0.09317905518,0.101533159,0.09848383745,0.2129629138,,0.1376076532,2004,1,2
2004-11-08,0,0.2000783085,0.1918820542,0.187045269,0.1513450958,0.08252753788,0.08577358724,0.09562718602,0.09224330406,0.2125517631,,0.1276581215,2004,1,2
2004-11-09,0,0.2000783085,0.1856451032,0.1809651083,0.1461254329,0.07941321799,0.08313063085,0.09368715205,0.09213719063,0.2136642899,,0.1256454809,2004,1,2
2004-11-10,0,0.2000783085,0.1681638493,0.1639234787,0.1315658549,0.07084391712,0.0738591612,0.0850002754,0.08510366945,0.2114300193,,0.1167595682,2004,1,2
2004-11-11,0,0.2000783085,0.166841404,0.1626343004,0.130468782,0.0702051125,0.07283914626,0.08254102701,0.08277716467,0.2059395726,,0.1136923075,2004,1,2
2004-11-12,0,0.2000783085,0.1764215692,0.171973501,0.1384302815,0.07486274328,0.0781186698,0.08571127251,0.08681066899,0.2016049893,,0.1136861046,2004,1,2
2004-11-15,0,0.2000783085,0.1780709541,0.1735814069,0.1398042223,0.07567167805,0.07220331421,0.08026280936,0.08099626945,0.1985271456,,0.1038806901,2004,1,2
2004-11-16,0,0.2000783085,0.1724598055,0.1681113767,0.1351339814,0.07292819076,0.07280126544,0.08214533017,0.08170507193,0.2040216193,,0.1071760668,2004,1,2
2004-11-17,0,0.2000783085,0.1724598055,0.1681113767,0.1351339814,0.07292819076,0.07789588489,0.08530230399,0.08373160371,0.2012728004,,0.1162707054,2004,1,2
2004-11-18,0,0.2000783085,0.164857365,0.1607001736,0.1288240429,0.0692491963,0.06757069095,0.07607147891,0.07589567805,0.1980721811,,0.104289405,2004,1,2
2004-11-19,0,0.2000783085,0.1820255889,0.1774365989,0.1431022414,0.07761970872,0.08026822114,0.08978675089,0.09235786744,0.2088027554,,0.1117286945,2004,1,2
2004-11-22,0,0.2000783085,0.1645266582,0.1603777867,0.1285500299,0.06909014846,0.07158961776,0.08088510986,0.08236435704,0.2039096153,,0.1108157198,2004,1,2
2004-11-23,0,0.2000783085,0.1546054968,0.1507062578,0.120348335,0.06435674899,0.06730629539,0.07664987298,0.07690841738,0.2021687877,,0.1109148385,2004,1,2
2004-11-24,0,0.2000783085,0.1562585789,0.1523177406,0.1217123792,0.065140348,0.06344043964,0.07292012376,0.07370556712,0.1996323316,,0.1011912044,2004,1,2
2004-11-26,0,0.2000783085,0.158242685,0.1542519199,0.12335092,0.06608353929,0.06569159539,0.07517500614,0.07580503623,0.201050352,,0.1028951301,2004,1,2
2004-11-29,0,0.2000783085,0.175431533,0.1710083632,0.1376060311,0.07437818189,0.07927640295,0.08839412081,0.08846157782,0.207553384,,0.1129988455,2004,1,2
2004-11-30,0,0.2000783085,0.1734506327,0.1690772832,0.1359578642,0.07341089714,0.07178771949,0.08181038124,0.08078912298,0.2055338882,,0.1028672114,2004,1,2
2004-12-01,0,0.2000783085,0.1645266582,0.1603777867,0.1285500299,0.06909014846,0.07261302386,0.08008913457,0.08135436875,0.1983682285,,0.1103668098,2004,1,2
2004-12-02,0,0.2000783085,0.164857365,0.1607001736,0.1288240429,0.0692491963,0.07110974516,0.07873061791,0.07859456786,0.1976647151,,0.1088093957,2004,1,2
2004-12-03,0,0.2000783085,0.1641959439,0.1600553924,0.1282760503,0.0689311791,0.07270642709,0.08028378156,0.07998053559,0.1988284041,,0.1119078134,2004,1,2
2004-12-06,0,0.2000783085,0.1717991271,0.1674673157,0.1345848121,0.07260673898,0.07179458315,0.07985998578,0.08033717185,0.1989385957,,0.1000203647,2004,1,2
2004-12-07,0,0.2000783085,0.1876168393,0.1828872736,0.1477741705,0.08039450111,0.08132089926,0.09048839423,0.09430548415,0.2077923052,,0.10456228,2004,1,2
2004-12-08,0,0.2000783085,0.1717991271,0.1674673157,0.1345848121,0.07260673898,0.06978543991,0.0790342422,0.08156380497,0.2015847067,,0.0957216822,2004,1,2
2004-12-09,0,0.2000783085,0.1615500498,0.1574760668,0.1260854973,0.06766229014,0.07519203988,0.08280152364,0.08318768685,0.2011649981,,0.1145527294,2004,1,2
2004-12-10,0,0.2000783085,0.157581277,0.1536071548,0.1228045442,0.06576879829,0.06670790375,0.07532312168,0.07569728473,0.1986999549,,0.1040598064,2004,1,2
2004-12-13,0,0.2000783085,0.1503097338,0.1465186059,0.1168085176,0.06232991346,0.06682435381,0.07369159345,0.07380198964,0.1933014061,,0.1098420483,2004,1,2
2004-12-14,0,0.2000783085,0.1565892366,0.1526400776,0.1219853453,0.06529733072,0.06494202773,0.07168623029,0.07302913709,0.1905380759,,0.1017822096,2004,1,2
2004-12-15,0,0.2000783085,0.1440405184,0.1404071916,0.111655301,0.0593963397,0.06145654347,0.06835505208,0.06822486347,0.1897432391,,0.103948111,2004,1,2
2004-12-16,0,0.2000783085,0.1414054644,0.1378384725,0.1094939373,0.0581719007,0.06236092508,0.06924370418,0.06883681565,0.1907786783,,0.1054867992,2004,1,2
2004-12-17,0,0.2000783085,0.1309051349,0.1276025281,0.1009092034,0.05334279985,0.05978315837,0.06798816919,0.06405104863,0.1952213095,,0.1119365524,2004,1,2
2004-12-20,0,0.2000783085,0.1269888093,0.1237848306,0.09771913949,0.05156207417,0.05721084434,0.06563943543,0.06425629898,0.1946244223,,0.1105210958,2004,1,2
2004-12-21,0,0.2000783085,0.1179111014,0.1149357758,0.09035055277,0.04747678325,0.05102715499,0.0587619222,0.05928226049,0.1879477289,,0.1066806904,2004,1,2
2004-12-22,0,0.2000783085,0.1146933745,0.111799112,0.08774754233,0.04604280675,0.04928100996,0.05682634873,0.05625012641,0.186101208,,0.1051886508,2004,1,2
2004-12-23,0,0.2000783085,0.1076683926,0.104951133,0.08208143405,0.04293767933,0.04540966601,0.05314042076,0.05190354987,0.1847414833,,0.1013378991,2004,1,2
2004-12-27,0,0.2000783085,0.1371311174,0.1336717387,0.1059939027,0.05619648298,0.05891138247,0.06615256192,0.0657904781,0.1898377821,,0.1024953725,2004,1,2
2004-12-28,0,0.2000783085,0.1325407829,0.1291969873,0.102243456,0.05408978734,0.05297185318,0.06005575791,0.06132896484,0.184736048,,0.09352455065,2004,1,2
2004-12-29,0,0.2000783085,0.1201716394,0.117139369,0.09218205707,0.04848859956,0.04587273378,0.05335158834,0.05379050951,0.1820624525,,0.08805505826,2004,1,2
2004-12-30,0,0.2000783085,0.1509703573,0.1471626026,0.1173524297,0.06264072365,0.0575114885,0.06464551492,0.0652472483,0.1864968693,,0.08641559737,2004,1,2
2004-12-31,0,0.2000783085,0.1751014573,0.1706865889,0.1373313036,0.07421679653,0.07071008102,0.0769068347,0.07744988599,0.1912288978,,0.09231089809,2004,1,2
2005-01-03,0,0.1842480399,0.2010317891,0.1959650468,0.1590254632,0.07485258746,0.07966047895,0.08259988431,0.08218317987,0.1254857632,,0.1092585527,2005,2,2
2005-01-04,0,0.1842480399,0.1977702963,0.192785516,0.156284639,0.07326806636,0.07931817262,0.08462526377,0.08702332833,0.130120838,,0.1152221733,2005,2,2
2005-01-05,0,0.1842480399,0.2013575287,0.196282601,0.159299388,0.07501148511,0.07798349165,0.08488038103,0.08654399312,0.1311617931,,0.1136211224,2005,2,2
2005-01-06,0,0.1842480399,0.1846585402,0.1800033493,0.1453009711,0.06701581735,0.07164340113,0.07808986897,0.07671340954,0.1248382567,,0.1157510587,2005,2,2
2005-01-07,0,0.1842480399,0.1816962644,0.1771155551,0.1428273936,0.06562925276,0.07119116485,0.0779383924,0.07731539084,0.1253031127,,0.1174339522,2005,2,2
2005-01-10,0,0.1842480399,0.1731203833,0.1687553399,0.1356832203,0.06166872709,0.06529531289,0.07175152908,0.07265927843,0.1185151227,,0.1123443087,2005,2,2
2005-01-11,0,0.1842480399,0.1717991271,0.1674673157,0.1345848121,0.06106560716,0.06173554562,0.0696287922,0.06869482104,0.1172329776,,0.1043096054,2005,2,2
2005-01-12,0,0.1842480399,0.1509703573,0.1471626026,0.1173524297,0.05180554479,0.05826660464,0.06563666991,0.06397624934,0.1145955035,,0.1125006733,2005,2,2
2005-01-13,0,0.1842480399,0.1602270651,0.1561863692,0.1249911501,0.05586349759,0.05802364942,0.06680787406,0.06890568967,0.116049205,,0.1062625005,2005,2,2
2005-01-14,0,0.1842480399,0.1466785315,0.1429788003,0.1138218449,0.04995515488,0.05291286301,0.06106896865,0.05984768287,0.1099138074,,0.1058538766,2005,2,2
2005-01-18,0,0.1842480399,0.1479984941,0.1442655386,0.1149069254,0.05052215416,0.05556530338,0.06217754915,0.06429593601,0.1097624816,,0.1100427075,2005,2,2
2005-01-19,0,0.1842480399,0.1714687518,0.1671452502,0.1343102552,0.06091509337,0.06139191103,0.06955138347,0.074425847,0.1174133678,,0.1050027291,2005,2,2
2005-01-20,0,0.1842480399,0.1928648989,0.1880034089,0.1521688023,0.07090692989,0.07073101344,0.0795965776,0.08123858837,0.1275320339,,0.1039536842,2005,2,2
2005-01-21,0,0.1842480399,0.2101221024,0.2048269658,0.1666823664,0.07933102914,0.07942195897,0.08905364355,0.09289340621,0.1370424229,,0.1066273701,2005,2,2
2005-01-24,0,0.1842480399,0.2194639393,0.2139341628,0.1745778183,0.08402939414,0.08204926573,0.09206725612,0.09469508206,0.1395810455,,0.1060287153,2005,2,2
2005-01-25,0,0.1842480399,0.2003800826,0.1953297171,0.1584775239,0.07453503296,0.07350157312,0.08341084185,0.08320487925,0.1319467198,,0.1045349637,2005,2,2
2005-01-26,0,0.1842480399,0.1800490001,0.1755097117,0.1414531719,0.06486233296,0.06499252709,0.07470420366,0.07192618719,0.1240305715,,0.1043336706,2005,2,2
2005-01-27,0,0.1842480399,0.1734506327,0.1690772832,0.1359578642,0.06181977166,0.0611140881,0.070739897,0.07109136918,0.1199410126,,0.1017468169,2005,2,2
2005-01-28,0,0.1842480399,0.1734506327,0.1690772832,0.1359578642,0.06181977166,0.06285510192,0.07245345632,0.07171047094,0.1220610967,,0.1035995523,2005,2,2
2005-01-31,0,0.1842480399,0.1595655856,0.1555415335,0.1244442289,0.05557047737,0.0570774639,0.06589691178,0.06154772964,0.1150006589,,0.1031946528,2005,2,2
2005-02-01,0,0.1842480399,0.1335231685,0.1301546356,0.1030453603,0.04440572464,0.04648226234,0.0546003029,0.05477496929,0.103059217,,0.1017176412,2005,2,2
2005-02-02,0,0.1842480399,0.121466188,0.1184013085,0.09323194404,0.03948186878,0.04112003815,0.04893335069,0.04837681075,0.09660750977,,0.09940444572,2005,2,2
2005-02-03,0,0.1842480399,0.125686517,0.1225153375,0.09665981024,0.04118769383,0.04182270227,0.05004078789,0.04912466594,0.09797477663,,0.09596955061,2005,2,2
2005-02-04,0,0.1842480399,0.1070338036,0.1043325349,0.08157075892,0.03379307874,0.03706958638,0.04402934892,0.04555524943,0.09076883858,,0.09807305996,2005,2,2
2005-02-07,0,0.1842480399,0.1237362863,0.1206142269,0.09507480618,0.04039705507,0.03925081554,0.0465973171,0.04765473394,0.09239995019,,0.08984339283,2005,2,2
2005-02-08,0,0.1842480399,0.1195251198,0.1165091354,0.09165800676,0.03870371173,0.03797194147,0.04523002531,0.04584226047,0.09093698863,,0.08859652593,2005,2,2
2005-02-09,0,0.1842480399,0.1325407829,0.1291969873,0.102243456,0.04399872406,0.04428842672,0.05247580879,0.05587448203,0.1003310165,,0.09153167529,2005,2,2
2005-02-10,0,0.1842480399,0.1166223153,0.1136794568,0.08930740686,0.03754755108,0.0395970746,0.04730689061,0.04716172677,0.09490428018,,0.0938672584,2005,2,2
2005-02-11,0,0.1842480399,0.1140515656,0.1111734728,0.08722891622,0.03653121196,0.04113363102,0.04786339422,0.04890809125,0.09506251715,,0.1004070125,2005,2,2
2005-02-14,0,0.1842480399,0.1169443044,0.1139933342,0.08956795434,0.03767534985,0.03579065726,0.04285762233,0.04366473428,0.08761398842,,0.08778998735,2005,2,2
2005-02-15,0,0.1842480399,0.1089396914,0.1061903973,0.08310507768,0.03453143033,0.03600366591,0.04263140495,0.04327434111,0.08798875126,,0.09292984892,2005,2,2
2005-02-16,0,0.1842480399,0.1035567645,0.100943118,0.07877617245,0.03245622376,0.03465708298,0.04122653648,0.04112854255,0.08664385952,,0.09363513971,2005,2,2
2005-02-17,0,0.1842480399,0.125036003,0.1218812076,0.09613093563,0.04092351798,0.04081337601,0.04842832164,0.05163153655,0.09512985337,,0.0899401251,2005,2,2
2005-02-18,0,0.1842480399,0.1060832767,0.1034059607,0.08080620513,0.03342631296,0.0324518012,0.0398081348,0.04048920435,0.0850140527,,0.08275987888,2005,2,2
2005-02-22,0,0.1842480399,0.1701470275,0.1658567713,0.1332122269,0.06031411263,0.06535739778,0.0744612662,0.07560945251,0.1246084419,,0.104122178,2005,2,2
2005-02-23,0,0.1842480399,0.145359186,0.1416926649,0.1127379524,0.04939027811,0.05177900795,0.06023962657,0.06043475276,0.1092941345,,0.09965402098,2005,2,2
2005-02-24,0,0.1842480399,0.1185563115,0.1155647322,0.09087307113,0.03831683774,0.04265700329,0.05028402309,0.05146620939,0.09880290647,,0.1019348145,2005,2,2
2005-02-25,0,0.1842480399,0.1159787597,0.1130521141,0.08878679624,0.03729245546,0.04218408533,0.04871295192,0.05024014,0.09578352848,,0.104080693,2005,2,2
2005-02-28,0,0.1842480399,0.1351620451,0.1317522451,0.104384041,0.04508700007,0.05108830872,0.05826115476,0.05834756728,0.1069131719,,0.1087849317,2005,2,2
2005-03-01,0,0.1842480399,0.13385079,0.1304740074,0.1033128815,0.04454168661,0.04573599856,0.05263613642,0.05352403429,0.09904939565,,0.09824421602,2005,2,2
2005-03-02,0,0.1842480399,0.1489888349,0.1452309527,0.1157214839,0.05094878277,0.05689479886,0.0633535214,0.06266439943,0.111047391,,0.1083611408,2005,2,2
2005-03-03,0,0.1842480399,0.1632037632,0.1590881735,0.1274543185,0.05718790849,0.06278888017,0.06893306923,0.06777529085,0.1160343737,,0.1102330757,2005,2,2
2005-03-04,0,0.1842480399,0.1305782644,0.127283889,0.1006426995,0.04318874061,0.05087848693,0.05596050884,0.05246284335,0.1024477102,,0.1143980884,2005,2,2
2005-03-07,0,0.1842480399,0.1410763156,0.1375176101,0.1092241527,0.04756936547,0.05097419754,0.05620963206,0.05490623907,0.101389575,,0.1072966934,2005,2,2
2005-03-08,0,0.1842480399,0.1456889612,0.142014139,0.1130088112,0.04953129706,0.05295077952,0.05864295315,0.05754456425,0.104490201,,0.1081149587,2005,2,2
2005-03-09,0,0.1842480399,0.1555973022,0.1516731045,0.1211666021,0.05382245118,0.05849086288,0.06551448047,0.06527271206,0.1134437696,,0.1097780225,2005,2,2
2005-03-10,0,0.1842480399,0.148658688,0.1449091155,0.1154498948,0.0508064426,0.05587647045,0.06272925199,0.06123259016,0.1106209984,,0.1100858984,2005,2,2
2005-03-11,0,0.1842480399,0.1589041234,0.1548967149,0.1238974836,0.05527793332,0.06119642334,0.06890323907,0.06935717052,0.1179733167,,0.1123642395,2005,2,2
2005-03-14,0,0.1842480399,0.145359186,0.1416926649,0.1127379524,0.04939027811,0.05215390254,0.05944680031,0.05974581342,0.1071124032,,0.1070807014,2005,2,2
2005-03-15,0,0.1842480399,0.1704774907,0.1661789222,0.1334867027,0.060464196,0.06254276495,0.07078684553,0.07431699959,0.1191902577,,0.1082201166,2005,2,2
2005-03-16,0,0.1842480399,0.1816962644,0.1771155551,0.1428273936,0.06562925276,0.07084665778,0.08014564193,0.07968943815,0.1301156769,,0.1136597721,2005,2,2
2005-03-17,0,0.1842480399,0.1751014573,0.1706865889,0.1373313036,0.06257656608,0.06360144641,0.07299220892,0.0730243342,0.1223172466,,0.1075365607,2005,2,2
2005-03-18,0,0.1842480399,0.1701470275,0.1658567713,0.1332122269,0.06031411263,0.06607759932,0.07578549796,0.0755950575,0.1267868327,,0.1139342642,2005,2,2
2005-03-21,0,0.1842480399,0.1856451032,0.1809651083,0.1461254329,0.0674797199,0.06918639782,0.07965679375,0.08076011495,0.1299535886,,0.1105914985,2005,2,2
2005-03-22,0,0.1842480399,0.2072073231,0.2019854128,0.1642243823,0.07788503976,0.08583162271,0.09758970576,0.09916752985,0.14896629,,0.1232107052,2005,2,2
2005-03-23,0,0.1842480399,0.2003800826,0.1953297171,0.1584775239,0.07453503296,0.07731200137,0.08939182346,0.08970650806,0.1407663238,,0.1166014832,2005,2,2
2005-03-24,0,0.1842480399,0.1793898065,0.1748670943,0.1409035025,0.06455625527,0.06994683513,0.08188551022,0.08022060029,0.1348263834,,0.1179564201,2005,2,2
2005-03-28,0,0.1842480399,0.1902427538,0.1854471758,0.1499719295,0.06965562227,0.06985002147,0.08178145051,0.08089557353,0.1331162117,,0.1107677978,2005,2,2
2005-03-29,0,0.1842480399,0.21431961,0.2089190348,0.1702266751,0.08143001642,0.08922632973,0.1018264291,0.1013155111,0.1533854716,,0.1242373529,2005,2,2
2005-03-30,0,0.1842480399,0.1866312082,0.1819264215,0.1469498376,0.06794446604,0.0692880709,0.08001167107,0.08428297564,0.1304605386,,0.1121025704,2005,2,2
2005-03-31,0,0.1842480399,0.1990757736,0.1940581854,0.1573812995,0.07390089492,0.06991288043,0.08120026601,0.08257039572,0.1306515842,,0.1055625109,2005,2,2
2005-04-01,0,0.1842480399,0.2013575287,0.196282601,0.159299388,0.07501148511,0.08669288954,0.0978673855,0.09682440843,0.1496880722,,0.1295861552,2005,2,2
2005-04-04,0,0.1842480399,0.2020087782,0.1969174857,0.1598471457,0.07532951982,0.08081731578,0.09217461297,0.09199991359,0.1431740616,,0.1231333633,2005,2,2
2005-04-05,0,0.1842480399,0.1879452749,0.1832074525,0.1480489297,0.06856542582,0.06842267803,0.07949356633,0.08073283878,0.1299507884,,0.1120275412,2005,2,2
2005-04-06,0,0.1842480399,0.1704774907,0.1661789222,0.1334867027,0.060464196,0.06362781909,0.07413813583,0.07301996486,0.1254031264,,0.1138053283,2005,2,2
2005-04-07,0,0.1842480399,0.143381458,0.139764722,0.1111144575,0.04854699293,0.05125823274,0.06106416739,0.06287709314,0.1120134954,,0.1110814602,2005,2,2
2005-04-08,0,0.1842480399,0.1529528373,0.149095189,0.1189856704,0.05266691632,0.05205030769,0.06351239138,0.06854316523,0.1154375139,,0.1002545093,2005,2,2
2005-04-11,0,0.1842480399,0.131886269,0.1285589551,0.1017094121,0.04372813185,0.04415630706,0.05519357336,0.05526932541,0.1072255483,,0.09710131484,2005,2,2
2005-04-12,0,0.1842480399,0.1098949778,0.1071216131,0.08387478158,0.03490299493,0.04428203832,0.05439505533,0.05368556784,0.1088696039,,0.1206344189,2005,2,2
2005-04-13,0,0.1842480399,0.1757615773,0.1713301072,0.1378807703,0.0628800113,0.06926211751,0.08193716205,0.08449223173,0.13608874,,0.1184146309,2005,2,2
2005-04-14,0,0.1842480399,0.215608004,0.2101750682,0.1713156599,0.08207823951,0.08398447197,0.09941199022,0.106921665,0.1527590945,,0.1172773019,2005,2,2
2005-04-15,0,0.1842480399,0.3125945476,0.304730241,0.2546394075,0.1364540069,0.1368425233,0.1543307533,0.1619878633,0.1975400654,,0.1286913437,2005,2,2
2005-04-18,0,0.1842480399,0.2785732536,0.2715607112,0.2251218498,0.1160873801,0.1133822199,0.1311749382,0.1355445715,0.1794561247,,0.1229396683,2005,2,2
2005-04-19,0,0.1842480399,0.2293571348,0.2235789541,0.1829679824,0.08911231094,0.09149497672,0.1077048213,0.1061014589,0.1605438368,,0.1204055408,2005,2,2
2005-04-20,0,0.1842480399,0.2891683754,0.2818904297,0.2342824994,0.1222747073,0.1247260954,0.1437949908,0.1511578003,0.1915467408,,0.1274282947,2005,2,2
2005-04-21,0,0.1842480399,0.2117383474,0.20640261,0.1680464549,0.08013691077,0.09471367975,0.109398715,0.1074399817,0.1638337995,,0.1398624514,2005,2,2
2005-04-22,0,0.1842480399,0.2425904716,0.2364801603,0.194235726,0.09608611857,0.112836841,0.1278934569,0.1256305204,0.1793025829,,0.1473582212,2005,2,2
2005-04-25,0,0.1842480399,0.2185012778,0.2129956771,0.1737629751,0.08354070824,0.08802459124,0.102813516,0.1023137522,0.1556085279,,0.132630824,2005,2,2
2005-04-26,0,0.1842480399,0.2277683689,0.2220300739,0.1816186312,0.08828854756,0.1013064882,0.1178887979,0.1168175569,0.1720683451,,0.1443384483,2005,2,2
2005-04-27,0,0.1842480399,0.2264953992,0.2207890636,0.1805380259,0.08763059582,0.1009805489,0.1167298248,0.1151771127,0.1703818511,,0.1457875034,2005,2,2
2005-04-28,0,0.1842480399,0.287415523,0.2801814769,0.2327649449,0.1212415061,0.1258284048,0.1445314509,0.1465828021,0.1922759391,,0.1388475559,2005,2,2
2005-04-29,0,0.1842480399,0.2403993102,0.2343439814,0.1923665379,0.09491745966,0.111427628,0.126743003,0.1226130418,0.1786109555,,0.1489898036,2005,2,2
2005-05-02,0,0.1842480399,0.2344224896,0.2285171593,0.18727497,0.0917579103,0.09795964285,0.1128589608,0.1109372635,0.1643838273,,0.138593303,2005,2,2
2005-05-03,0,0.1842480399,0.215608004,0.2101750682,0.1713156599,0.08207823951,0.09080960943,0.1054990571,0.103817815,0.1589342061,,0.1375852629,2005,2,2
2005-05-04,0,0.1842480399,0.1935198133,0.1886418618,0.152717851,0.07122063506,0.08142764738,0.09470002937,0.09416943886,0.1489205778,,0.1375134795,2005,2,2
2005-05-05,0,0.1842480399,0.1977702963,0.192785516,0.156284639,0.07326806636,0.08343160406,0.09683345181,0.0947167488,0.150829754,,0.1382159002,2005,2,2
2005-05-06,0,0.1842480399,0.2000541166,0.1950119425,0.1582035103,0.07437637667,0.07788776658,0.09229803941,0.09242350714,0.146127067,,0.1248848131,2005,2,2
2005-05-09,0,0.1842480399,0.1902427538,0.1854471758,0.1499719295,0.06965562227,0.07400767596,0.08728758323,0.08804173964,0.1407955557,,0.1250751003,2005,2,2
2005-05-10,0,0.1842480399,0.2277683689,0.2220300739,0.1816186312,0.08828854756,0.0921500755,0.1074772783,0.1073824479,0.1598290959,,0.1276074779,2005,2,2
2005-05-11,0,0.1842480399,0.213029716,0.2076615405,0.1691369317,0.08078290135,0.09106534374,0.1050630486,0.1031014479,0.1582903523,,0.1360702572,2005,2,2
2005-05-12,0,0.1842480399,0.2653746829,0.2586929279,0.213751739,0.1085714571,0.1097590869,0.1262444716,0.1313840075,0.1752979707,,0.1293724281,2005,2,2
2005-05-13,0,0.1842480399,0.271407438,0.2645744651,0.2189429696,0.1119806499,0.1223493805,0.1386292764,0.1378145691,0.1869813808,,0.1427076017,2005,2,2
2005-05-16,0,0.1842480399,0.251912602,0.2455684233,0.2022032398,0.1011205684,0.09944759954,0.1147193672,0.1213609768,0.1641922854,,0.1291037112,2005,2,2
2005-05-17,0,0.1842480399,0.216894873,0.2114296165,0.1724038615,0.08272755429,0.09164100935,0.1053425823,0.1065734587,0.1577935414,,0.1371621772,2005,2,2
2005-05-18,0,0.1842480399,0.1863025584,0.1816060342,0.1466750433,0.06778945742,0.07599040765,0.08806231988,0.08709818762,0.1412670967,,0.1331121305,2005,2,2
2005-05-19,0,0.1842480399,0.1760915896,0.1716518199,0.1381555206,0.06303188854,0.06725831238,0.07890202782,0.07815065388,0.1314464174,,0.1259357149,2005,2,2
2005-05-20,0,0.1842480399,0.1701470275,0.1658567713,0.1332122269,0.06031411263,0.0610279479,0.0730785969,0.07366737488,0.1255508095,,0.1144640397,2005,2,2
2005-05-23,0,0.1842480399,0.1638652227,0.1597329917,0.1280021048,0.05748349929,0.05908819927,0.07028820403,0.07141117987,0.1221968179,,0.1133238236,2005,2,2
2005-05-24,0,0.1842480399,0.1552666849,0.1513508071,0.1208937925,0.05367757464,0.05524737966,0.06680234246,0.0646133014,0.1194065224,,0.1077083153,2005,2,2
2005-05-25,0,0.1842480399,0.1516310871,0.1478067034,0.1178965967,0.05209216022,0.05585618792,0.06751636373,0.06633518167,0.1209819381,,0.1102406531,2005,2,2
2005-05-26,0,0.1842480399,0.1404181844,0.1368760477,0.1086848505,0.04729128711,0.04916067513,0.06000044903,0.05765145933,0.1121140351,,0.1056725768,2005,2,2
2005-05-27,0,0.1842480399,0.1374595381,0.1339918904,0.1062625656,0.04604688377,0.0439276158,0.05453195538,0.05456674453,0.1049977235,,0.09737337092,2005,2,2
2005-05-31,0,0.1842480399,0.1751014573,0.1706865889,0.1373313036,0.06257656608,0.05936412799,0.07144545014,0.07259990356,0.1228483781,,0.09946723644,2005,2,2
2005-06-01,0,0.1842480399,0.1443701183,0.1407284946,0.1119258445,0.04896802724,0.05318050431,0.06368726414,0.06456152312,0.1160180227,,0.1061522871,2005,2,2
2005-06-02,0,0.1842480399,0.1273146389,0.1241024542,0.09798429522,0.04185086339,0.04272973484,0.05280629444,0.05338906239,0.1036200329,,0.09787103536,2005,2,2
2005-06-03,0,0.1842480399,0.1374595381,0.1339918904,0.1062625656,0.04604688377,0.0502052352,0.06116363545,0.06111528455,0.1142483993,,0.1053852691,2005,2,2
2005-06-06,0,0.1842480399,0.1417346672,0.1381593877,0.1097638096,0.04784799905,0.04875003259,0.05995230893,0.05971905048,0.1122247614,,0.100774256,2005,2,2
2005-06-07,0,0.1842480399,0.145359186,0.1416926649,0.1127379524,0.04939027811,0.05535383051,0.06652361549,0.06529362768,0.1202139445,,0.1108428552,2005,2,2
2005-06-08,0,0.1842480399,0.1555973022,0.1516731045,0.1211666021,0.05382245118,0.05619248551,0.06784778729,0.06723115901,0.1207877034,,0.1054463123,2005,2,2
2005-06-09,0,0.1842480399,0.1351620451,0.1317522451,0.104384041,0.04508700007,0.04922114646,0.06000419194,0.06009600561,0.1128943877,,0.1074852558,2005,2,2
2005-06-10,0,0.1842480399,0.1312320932,0.1279212528,0.1011758241,0.04345813637,0.04776857287,0.05885936217,0.05826827753,0.1123300201,,0.1068708005,2005,2,2
2005-06-13,0,0.1842480399,0.1211423652,0.1180856426,0.09296925158,0.03935177027,0.04529088542,0.05585497574,0.05521793325,0.1093799974,,0.1097355147,2005,2,2
2005-06-14,0,0.1842480399,0.125686517,0.1225153375,0.09665981024,0.04118769383,0.04355110834,0.05395081669,0.05401156872,0.105816637,,0.1015080313,2005,2,2
2005-06-15,0,0.1842480399,0.1150145018,0.1121121489,0.08800710721,0.03691107265,0.04157229728,0.05161019311,0.05043567592,0.1039394489,,0.1035599197,2005,2,2
2005-06-16,0,0.1842480399,0.1051344113,0.1024810067,0.08004342947,0.03306116801,0.03509197482,0.04457445136,0.04437916791,0.09488019397,,0.09726188848,2005,2,2
2005-06-17,0,0.1842480399,0.1156571957,0.1127386512,0.08852673524,0.03716515938,0.04158730424,0.05103134777,0.0472533397,0.1023379541,,0.1021120855,2005,2,2
2005-06-20,0,0.1842480399,0.115335776,0.1124253291,0.08826683854,0.03703803165,0.04018398927,0.04962600722,0.04788392461,0.1003937901,,0.09848721025,2005,2,2
2005-06-21,0,0.1842480399,0.1029270673,0.1003292902,0.07827070918,0.03221552596,0.03375069481,0.04283053842,0.04146952422,0.09218762371,,0.09421698271,2005,2,2
2005-06-22,0,0.1842480399,0.1019840162,0.09941000606,0.07751408578,0.03185586042,0.03493126384,0.04400136148,0.04227189873,0.09407447128,,0.09675938484,2005,2,2
2005-06-23,0,0.1842480399,0.1368027642,0.1333516528,0.105725339,0.04577191151,0.05067587745,0.06228970852,0.06329005045,0.116526155,,0.1046693418,2005,2,2
2005-06-24,0,0.1842480399,0.1384451937,0.1349527298,0.1070691408,0.04646041256,0.0485447869,0.0612014442,0.06329620382,0.1159391419,,0.09992787657,2005,2,2
2005-06-27,0,0.1842480399,0.1496492239,0.1458747202,0.1162648669,0.05123385324,0.05019384775,0.06293064492,0.06411613643,0.1165026559,,0.09512979356,2005,2,2
2005-06-28,0,0.1842480399,0.1188791165,0.1158794053,0.09113456298,0.0384456314,0.03963714773,0.05056015769,0.05247860152,0.1028420126,,0.09549257321,2005,2,2
2005-06-29,0,0.1842480399,0.125036003,0.1218812076,0.09613093563,0.04092351798,0.04011942231,0.05151183941,0.05365757332,0.1037059203,,0.09179913501,2005,2,2
2005-06-30,0,0.1842480399,0.13385079,0.1304740074,0.1033128815,0.04454168661,0.0477787887,0.06033951159,0.06165245241,0.1154579751,,0.09898247336,2005,2,2
2005-07-01,0,0.1842480399,0.1130899862,0.11023612,0.08645225243,0.0361528839,0.03714310178,0.04856457957,0.0478833607,0.1016378482,,0.09249100054,2005,2,2
2005-07-05,0,0.1842480399,0.1221141973,0.1190329952,0.09375776423,0.03974254951,0.04313789739,0.0541210319,0.05608291161,0.1072970015,,0.09930662624,2005,2,2
2005-07-06,0,0.1842480399,0.1414054644,0.1378384725,0.1094939373,0.04770861305,0.05000411589,0.06260521465,0.06484127098,0.1172310249,,0.09956747739,2005,2,2
2005-07-07,0,0.1842480399,0.148658688,0.1449091155,0.1154498948,0.0508064426,0.06056450447,0.07278821997,0.07077233097,0.12871777,,0.118258321,2005,2,2
2005-07-08,0,0.1842480399,0.1146933745,0.111799112,0.08774754233,0.03678428278,0.04270460988,0.05292086906,0.05447457143,0.1060411751,,0.1110333963,2005,2,2
2005-07-11,0,0.1842480399,0.1092579499,0.1065006365,0.08336145979,0.03465510916,0.03722989573,0.04673864516,0.04829292136,0.09735501282,,0.103883219,2005,2,2
2005-07-12,0,0.1842480399,0.09885393757,0.09635881651,0.07500601016,0.0306690731,0.03583722816,0.04493826784,0.04452514321,0.09606512985,,0.1084722604,2005,2,2
2005-07-13,0,0.1842480399,0.09543606891,0.09302709789,0.07227310958,0.02938546686,0.03143545564,0.04024736365,0.04021695891,0.08927716317,,0.1001067685,2005,2,2
2005-07-14,0,0.1842480399,0.0945087598,0.0921231637,0.07153269991,0.02903943283,0.03398640048,0.04256577473,0.04107864912,0.09266403708,,0.1027628293,2005,2,2
2005-07-15,0,0.1842480399,0.07999323268,0.07797360892,0.06000475627,0.02374821738,0.02619896775,0.03427462637,0.0334750115,0.08181177159,,0.09512104635,2005,2,2
2005-07-18,0,0.1842480399,0.09327570026,0.0909211871,0.07054887422,0.02858078059,0.03100564057,0.03997699569,0.03808169979,0.08946468729,,0.09573671995,2005,2,2
2005-07-19,0,0.1842480399,0.08356089215,0.08145130567,0.06282696106,0.02502664654,0.02794050543,0.03615341469,0.03437486955,0.08431478267,,0.09596827005,2005,2,2
2005-07-20,0,0.1842480399,0.0770548718,0.07510934871,0.0576861084,0.0227062638,0.02827798167,0.03616641616,0.03494126982,0.08517675388,,0.106226389,2005,2,2
2005-07-21,0,0.1842480399,0.09947825808,0.09696740139,0.07550586716,0.03090493008,0.03436896497,0.04345485243,0.04393822961,0.0937270084,,0.09996241317,2005,2,2
2005-07-22,0,0.1842480399,0.08566192244,0.08349936004,0.06449247486,0.02578630426,0.02889087694,0.03696218119,0.03728265295,0.08500004923,,0.09891624255,2005,2,2
2005-07-25,0,0.1842480399,0.1035567645,0.100943118,0.07877617245,0.03245622376,0.03728135869,0.04620369583,0.04568391716,0.09686769801,,0.1044858639,2005,2,2
2005-07-26,0,0.1842480399,0.100103438,0.09757682425,0.07600661274,0.03114154044,0.03270558036,0.04137263394,0.0413563256,0.08997509824,,0.09617624697,2005,2,2
2005-07-27,0,0.1842480399,0.08088098883,0.07883897845,0.06070631069,0.0240649742,0.02704484032,0.03487340996,0.03454381223,0.08225119901,,0.09589727476,2005,2,2
2005-07-28,0,0.1842480399,0.08566192244,0.08349936004,0.06449247486,0.02578630426,0.02889494619,0.03639553459,0.03638145947,0.08333724099,,0.09652290615,2005,2,2
2005-07-29,0,0.1842480399,0.1185563115,0.1155647322,0.09087307113,0.03831683774,0.04146994499,0.05033339019,0.05054123291,0.1002167638,,0.09940792311,2005,2,2
2005-08-01,0,0.1842480399,0.1351620451,0.1317522451,0.104384041,0.04508700007,0.04361199278,0.05283555233,0.05325939638,0.1015345169,,0.09165186462,2005,2,2
2005-08-02,0,0.1842480399,0.1243859229,0.121247501,0.09560259828,0.04065997071,0.0417699898,0.05019647639,0.05055293818,0.09861942875,,0.09465484562,2005,2,2
2005-08-03,0,0.1842480399,0.1269888093,0.1237848306,0.09771913949,0.04171791901,0.03975335662,0.04798354644,0.04950138892,0.0948762082,,0.08881105094,2005,2,2
2005-08-04,0,0.1842480399,0.1496492239,0.1458747202,0.1162648669,0.05123385324,0.05113030059,0.06047626874,0.0591849384,0.1098446321,,0.09379091384,2005,2,2
2005-08-05,0,0.1842480399,0.1483285741,0.1445873104,0.115178375,0.05066423294,0.05377545328,0.06401309489,0.0633042817,0.115565527,,0.09994409677,2005,2,2
2005-08-08,0,0.1842480399,0.1724598055,0.1681113767,0.1351339814,0.06136695481,0.06131375723,0.07200287855,0.07188462115,0.122622245,,0.09707047295,2005,2,2
2005-08-09,0,0.1842480399,0.1456889612,0.142014139,0.1130088112,0.04953129706,0.05040264764,0.06018974482,0.0582322983,0.1104862573,,0.0957632561,2005,2,2
2005-08-10,0,0.1842480399,0.1450294531,0.1413712322,0.1124671711,0.04924939325,0.05711938245,0.06678680031,0.06448291185,0.1191519885,,0.1117507795,2005,2,2
2005-08-11,0,0.1842480399,0.1463486349,0.1426572076,0.1135507583,0.04981373581,0.05289828419,0.06223184093,0.06180624954,0.1126423253,,0.1049531159,2005,2,2
2005-08-12,0,0.1842480399,0.1569199061,0.1529624262,0.1222583619,0.05440318545,0.05657471924,0.06687658866,0.06611838271,0.1180400598,,0.1039218279,2005,2,2
2005-08-15,0,0.1842480399,0.1410763156,0.1375176101,0.1092241527,0.04756936547,0.05057397982,0.05998543732,0.05971007656,0.1105352718,,0.1031495959,2005,2,2
2005-08-16,0,0.1842480399,0.1826841045,0.1780785568,0.1436519362,0.06609057559,0.06825671957,0.07972200447,0.08162954785,0.131317754,,0.1062551214,2005,2,2
2005-08-17,0,0.1842480399,0.175431533,0.1710083632,0.1376060311,0.06272823705,0.06164125463,0.07329813645,0.07396656471,0.124691549,,0.09851103158,2005,2,2
2005-08-18,0,0.1842480399,0.1793898065,0.1748670943,0.1409035025,0.06455625527,0.06184232186,0.07360233851,0.07422983899,0.1246013524,,0.09649679638,2005,2,2
2005-08-19,0,0.1842480399,0.1793898065,0.1748670943,0.1409035025,0.06455625527,0.06283859878,0.0742311745,0.07229772115,0.1250371482,,0.09667185222,2005,2,2
2005-08-22,0,0.1842480399,0.1793898065,0.1748670943,0.1409035025,0.06455625527,0.06779179649,0.07901489018,0.07826434969,0.130726359,,0.1048734827,2005,2,2
2005-08-23,0,0.1842480399,0.1767515155,0.1722951496,0.1387050523,0.06333595066,0.0684088739,0.07992049525,0.07841688623,0.1324693542,,0.1095643942,2005,2,2
2005-08-24,0,0.1842480399,0.203960655,0.1988203173,0.1614896501,0.07628551946,0.08196116813,0.0949756742,0.09399700115,0.1474617371,,0.1151841321,2005,2,2
2005-08-25,0,0.1842480399,0.1895866175,0.1848075334,0.1494225624,0.06934368528,0.06533334025,0.07814988049,0.07752145654,0.1296518298,,0.102985511,2005,2,2
2005-08-26,0,0.1842480399,0.1892584623,0.1844876275,0.1491478593,0.06918785188,0.06540863868,0.07940708797,0.08287286816,0.1322725295,,0.1023735247,2005,2,2
2005-08-29,0,0.1842480399,0.1826841045,0.1780785568,0.1436519362,0.06609057559,0.06758514802,0.080139346,0.08313696146,0.1327837346,,0.1067011211,2005,2,2
2005-08-30,0,0.1842480399,0.1869598053,0.1822467575,0.147224624,0.06809956748,0.06964317706,0.08315256302,0.08193635802,0.1366050918,,0.1059031579,2005,2,2
2005-08-31,0,0.1842480399,0.1522919161,0.1484509011,0.1184410123,0.052379285,0.0585966096,0.06976295259,0.07138912065,0.1232687435,,0.1104970535,2005,2,2
2005-09-01,0,0.1842480399,0.1704774907,0.1661789222,0.1334867027,0.060464196,0.07171076171,0.08278167528,0.08161112187,0.1365236724,,0.1255499158,2005,2,2
2005-09-02,0,0.1842480399,0.1843295869,0.1796826666,0.1450261403,0.06686137203,0.0698178788,0.08157315293,0.08147388915,0.1335619906,,0.1166995389,2005,2,2
2005-09-06,0,0.1842480399,0.1632037632,0.1590881735,0.1274543185,0.05718790849,0.06171867303,0.07160570989,0.0728192346,0.1227412645,,0.1169799888,2005,2,2
2005-09-07,0,0.1842480399,0.1496492239,0.1458747202,0.1162648669,0.05123385324,0.0533169736,0.063117653,0.06347939713,0.1137670369,,0.110835123,2005,2,2
2005-09-08,0,0.1842480399,0.1632037632,0.1590881735,0.1274543185,0.05718790849,0.05893883412,0.06927237371,0.06826442612,0.1201993841,,0.1091555225,2005,2,2
2005-09-09,0,0.1842480399,0.131886269,0.1285589551,0.1017094121,0.04372813185,0.04508827341,0.05413663048,0.05497373372,0.1036323004,,0.09940877706,2005,2,2
2005-09-12,0,0.1842480399,0.1211423652,0.1180856426,0.09296925158,0.03935177027,0.03737320004,0.04651500315,0.0466253208,0.09468719341,,0.08980668777,2005,2,2
2005-09-13,0,0.1842480399,0.145359186,0.1416926649,0.1127379524,0.04939027811,0.04933192591,0.05954495352,0.05980226894,0.1101116183,,0.09518023063,2005,2,2
2005-09-14,0,0.1842480399,0.1625422857,0.1584433383,0.1269066767,0.05689277902,0.05510063127,0.06600729178,0.0673111039,0.1166889947,,0.09516099118,2005,2,2
2005-09-15,0,0.1842480399,0.148658688,0.1449091155,0.1154498948,0.0508064426,0.05075691808,0.06160149218,0.06103404741,0.1129696967,,0.09625693243,2005,2,2
2005-09-16,0,0.1842480399,0.1073510086,0.1046417466,0.08182599998,0.03391569235,0.03903615696,0.04834932995,0.04499541491,0.09978580939,,0.1045130571,2005,2,2
2005-09-19,0,0.1842480399,0.1371311174,0.1336717387,0.1059939027,0.04590932603,0.04811189507,0.05834186491,0.05755358183,0.1097787322,,0.1022514225,2005,2,2
2005-09-20,0,0.1842480399,0.1536138434,0.1497395601,0.1195305645,0.05295505139,0.05929216438,0.07084140706,0.07098388245,0.1247972654,,0.1124456172,2005,2,2
2005-09-21,0,0.1842480399,0.1915543153,0.1867257683,0.1510704933,0.07028056882,0.07027175469,0.0837674725,0.08574267281,0.1366523838,,0.1075811292,2005,2,2
2005-09-22,0,0.1842480399,0.1764215692,0.171973501,0.1384302815,0.06318386843,0.06755880183,0.08029210192,0.08012331923,0.1340568241,,0.1121898804,2005,2,2
2005-09-23,0,0.1842480399,0.1641959439,0.1600553924,0.1282760503,0.05763146685,0.06060150295,0.07318448763,0.07339698817,0.1270756227,,0.1078937048,2005,2,2
2005-09-26,0,0.1842480399,0.166841404,0.1626343004,0.130468782,0.0588192953,0.06499446735,0.07737240213,0.07548230522,0.1316454805,,0.1134197995,2005,2,2
2005-09-27,0,0.1842480399,0.157581277,0.1536071548,0.1228045442,0.05469428463,0.05804541152,0.07047029693,0.06965021818,0.1245514786,,0.1082454971,2005,2,2
2005-09-28,0,0.1842480399,0.1532833302,0.1494173646,0.1192580883,0.05281092106,0.05720660689,0.06945165479,0.06727491977,0.1237622169,,0.1104776721,2005,2,2
2005-09-29,0,0.1842480399,0.1404181844,0.1368760477,0.1086848505,0.04729128711,0.05537674022,0.06625956558,0.06569204535,0.1203934672,,0.1174097105,2005,2,2
2005-09-30,0,0.1842480399,0.1299247915,0.1266468725,0.1001100459,0.04291994759,0.05012649996,0.06053037046,0.0593693087,0.1140706081,,0.11682604,2005,2,2
2005-10-03,0,0.1842480399,0.1476684488,0.1439438007,0.1146355468,0.05038020661,0.0535447695,0.06473682926,0.06448311176,0.1175547426,,0.1087592175,2005,2,2
2005-10-04,0,0.1842480399,0.1721294785,0.1677893581,0.1348593878,0.06121622775,0.0666340606,0.07980412697,0.08261448633,0.1345181157,,0.1124803224,2005,2,2
2005-10-05,0,0.1842480399,0.2162516307,0.2108025295,0.1718598601,0.08240276145,0.08247625585,0.09850425562,0.1059502912,0.1521505022,,0.1101846506,2005,2,2
2005-10-06,0,0.1842480399,0.2293571348,0.2235789541,0.1829679824,0.08911231094,0.09875328623,0.1151636379,0.1158760118,0.1687691673,,0.1255573604,2005,2,2
2005-10-07,0,0.1842480399,0.2175377281,0.2120563262,0.1729476609,0.08305261598,0.08694316921,0.1029490875,0.1016383536,0.1568813642,,0.1196850667,2005,2,2
2005-10-10,0,0.1842480399,0.2478868661,0.2416436721,0.19875949,0.09893400073,0.09942025998,0.1174268951,0.1224155575,0.169697401,,0.1198976004,2005,2,2
2005-10-11,0,0.1842480399,0.2503667861,0.244061382,0.2008803605,0.1002787153,0.1009987658,0.1193596122,0.1201961144,0.1716462429,,0.1203636461,2005,2,2
2005-10-12,0,0.1842480399,0.2683978999,0.2616403598,0.2163520153,0.1102744412,0.115253405,0.1353050197,0.136540774,0.1867236125,,0.1286601075,2005,2,2
2005-10-13,0,0.1842480399,0.2758955571,0.2689501092,0.2228113523,0.114545481,0.1134381264,0.133902221,0.1346624832,0.184525843,,0.1216589323,2005,2,2
2005-10-14,0,0.1842480399,0.2264953992,0.2207890636,0.1805380259,0.08763059582,0.09514245258,0.1128740981,0.1100265744,0.1677665864,,0.1277336074,2005,2,2
2005-10-17,0,0.1842480399,0.2201052152,0.2145593346,0.1751207806,0.08435551122,0.08466222659,0.1018165494,0.1016894954,0.1562010479,,0.1192876697,2005,2,2
2005-10-18,0,0.1842480399,0.2410259601,0.2349549064,0.1929009668,0.09525111634,0.09051625513,0.1102963073,0.117128115,0.1645319134,,0.1149042727,2005,2,2
2005-10-19,0,0.1842480399,0.1820255889,0.1774365989,0.1431022414,0.06578293007,0.07740808072,0.09292112188,0.09618475833,0.1505820739,,0.1310229932,2005,2,2
2005-10-20,0,0.1842480399,0.2650716034,0.2583974465,0.2134911959,0.1084013369,0.1190771792,0.1385732973,0.1432913135,0.1901225472,,0.1380359751,2005,2,2
2005-10-21,0,0.1842480399,0.2656775656,0.2589882176,0.2140121379,0.1087415769,0.116177201,0.1348046918,0.1346063777,0.185583209,,0.136276515,2005,2,2
2005-10-24,0,0.1842480399,0.2223464961,0.2167443336,0.1770194243,0.08549894659,0.09216200078,0.1075664048,0.1135508109,0.1607778267,,0.1328842573,2005,2,2
2005-10-25,0,0.1842480399,0.215608004,0.2101750682,0.1713156599,0.08207823951,0.09209650323,0.1078314772,0.1084411367,0.1623387917,,0.1378599048,2005,2,2
2005-10-26,0,0.1842480399,0.2175377281,0.2120563262,0.1729476609,0.08305261598,0.0924944118,0.1089158809,0.1088610871,0.1637822358,,0.1359210672,2005,2,2
2005-10-27,0,0.1842480399,0.2623377522,0.2557321356,0.2111421596,0.1068717779,0.1083546719,0.1274536141,0.131803789,0.1788903519,,0.1286233,2005,2,2
2005-10-28,0,0.1842480399,0.2065586523,0.2013530392,0.1636777297,0.07756452705,0.08693308792,0.102600439,0.105353931,0.1578636836,,0.1326956213,2005,2,2
2005-10-31,0,0.1842480399,0.2407126953,0.2346495025,0.1926337896,0.09508426319,0.1014860054,0.1163942634,0.1152800843,0.1672824586,,0.1322699928,2005,2,2
2005-11-01,0,0.1842480399,0.225858269,0.2201679299,0.1799973556,0.08730197816,0.08961174035,0.1042921734,0.1021416151,0.1560995463,,0.1254059215,2005,2,2
2005-11-02,0,0.1842480399,0.1813668963,0.1767944689,0.1425525461,0.06547567283,0.07044494416,0.08317480897,0.08827788526,0.1367714692,,0.1236148792,2005,2,2
2005-11-03,0,0.1842480399,0.1655187528,0.1613449226,0.129372166,0.05822447706,0.0647031119,0.07665186636,0.07556923113,0.1305700892,,0.1242244177,2005,2,2
2005-11-04,0,0.1842480399,0.1711383536,0.1668231623,0.1340357175,0.0607646867,0.06446942124,0.07676427542,0.07675428518,0.1301658358,,0.1183378455,2005,2,2
2005-11-07,0,0.1842480399,0.1688249799,0.1645679787,0.1321145492,0.05971486651,0.06173999011,0.0739437315,0.07376559977,0.1269591611,,0.1120171634,2005,2,2
2005-11-08,0,0.1842480399,0.1681638493,0.1639234787,0.1315658549,0.05941590043,0.05969729827,0.07196146732,0.07211720587,0.1246598215,,0.1084497382,2005,2,2
2005-11-09,0,0.1842480399,0.1589041234,0.1548967149,0.1238974836,0.05527793332,0.05954523335,0.07148129272,0.07060802492,0.1251457347,,0.1135234817,2005,2,2
2005-11-10,0,0.1842480399,0.1292716835,0.1260102119,0.099577871,0.04265176033,0.05120734472,0.06167436945,0.06146964149,0.115784633,,0.1219334288,2005,2,2
2005-11-11,0,0.1842480399,0.1204950897,0.1174546717,0.09244430706,0.03909205889,0.04730029845,0.05724118656,0.05640349981,0.1107267404,,0.122736838,2005,2,2
2005-11-14,0,0.1842480399,0.1384451937,0.1349527298,0.1070691408,0.04646041256,0.04910591747,0.05942165679,0.05945138681,0.1111083987,,0.1126950614,2005,2,2
2005-11-15,0,0.1842480399,0.140089204,0.1365553496,0.1084153344,0.04715245704,0.05457312509,0.06535862752,0.06481455479,0.1191730528,,0.1212689821,2005,2,2
2005-11-16,0,0.1842480399,0.1410763156,0.1375176101,0.1092241527,0.04756936547,0.04955445638,0.06016944543,0.06017903934,0.1120029802,,0.11134702,2005,2,2
2005-11-17,0,0.1842480399,0.1083036922,0.1055704241,0.08259287665,0.03428460272,0.04143995855,0.05043359464,0.05039927063,0.1022591087,,0.1186010413,2005,2,2
2005-11-18,0,0.1842480399,0.1041872454,0.10155771,0.07928246296,0.0326976545,0.03856158431,0.04707426465,0.04541108292,0.09755452246,,0.1135444204,2005,2,2
2005-11-21,0,0.1842480399,0.09481762592,0.09242424409,0.07177926324,0.02915458341,0.03300265463,0.04084059422,0.04096198496,0.08905330544,,0.1072620809,2005,2,2
2005-11-22,0,0.1842480399,0.08808016233,0.0858566295,0.06641257162,0.02666682724,0.03101042203,0.03834917195,0.03841123194,0.08577366318,,0.1061073117,2005,2,2
2005-11-23,0,0.1842480399,0.09916598966,0.09666300348,0.07525582699,0.03078690722,0.03553495494,0.04252307457,0.04280000523,0.08984329562,,0.1079336298,2005,2,2
2005-11-25,0,0.1842480399,0.09667575511,0.09423553592,0.07326364676,0.02984955197,0.02976286671,0.03669656318,0.03695286375,0.08118050603,,0.09348038765,2005,2,2
2005-11-28,0,0.1842480399,0.1273146389,0.1241024542,0.09798429522,0.04185086339,0.04342418504,0.05140913957,0.0539086511,0.0994106529,,0.09758094707,2005,2,2
2005-11-29,0,0.1842480399,0.1289452691,0.1256920179,0.09931196544,0.0425178948,0.04481676422,0.05295784088,0.05293406998,0.1014972613,,0.09929853528,2005,2,2
2005-11-30,0,0.1842480399,0.1345062659,0.1311129783,0.1038482482,0.04481405097,0.04746367327,0.05632999151,0.05743253812,0.1060509738,,0.09982136104,2005,2,2
2005-12-01,0,0.1842480399,0.1079859543,0.1052606926,0.08233705998,0.03416145473,0.03885223222,0.04637459067,0.04506739869,0.0947352776,,0.1025924716,2005,2,2
2005-12-02,0,0.1842480399,0.1007294654,0.0981870736,0.07650823737,0.03137890105,0.03276088344,0.04014139957,0.03995480733,0.08640622372,,0.09568620864,2005,2,2
2005-12-05,0,0.1842480399,0.1195251198,0.1165091354,0.09165800676,0.03870371173,0.03878307637,0.04666484522,0.0460001744,0.09371463277,,0.09391530313,2005,2,2
2005-12-06,0,0.1842480399,0.1169443044,0.1139933342,0.08956795434,0.03767534985,0.04259885819,0.05019642723,0.04823820959,0.09890678475,,0.1035725867,2005,2,2
2005-12-07,0,0.1842480399,0.1384451937,0.1349527298,0.1070691408,0.04646041256,0.04938846846,0.05784886564,0.05756169254,0.1071086779,,0.101605707,2005,2,2
2005-12-08,0,0.1842480399,0.1394314184,0.1359141245,0.1078765771,0.04687521698,0.05190773222,0.06042072158,0.05926422271,0.1104849007,,0.1059839511,2005,2,2
2005-12-09,0,0.1842480399,0.1224383814,0.1193490136,0.09402088991,0.03987313097,0.04381672312,0.05208088404,0.05102780617,0.101414779,,0.1047122183,2005,2,2
2005-12-12,0,0.1842480399,0.115335776,0.1124253291,0.08826683854,0.03703803165,0.04173501202,0.04988415418,0.04812017019,0.09931771436,,0.1065903025,2005,2,2
2005-12-13,0,0.1842480399,0.1038719077,0.1012503192,0.07902921488,0.03257684771,0.03788791952,0.04524207264,0.04507399028,0.09356147528,,0.106286102,2005,2,2
2005-12-14,0,0.1842480399,0.08445958825,0.08232734145,0.06353905666,0.0253509707,0.02876820623,0.03553917903,0.03546863108,0.08122429983,,0.1002188833,2005,2,2
2005-12-15,0,0.1842480399,0.09204656279,0.08972303473,0.06956899194,0.0281252672,0.03064008197,0.03784275988,0.03778032205,0.08409374719,,0.09655344931,2005,2,2
2005-12-16,0,0.1842480399,0.09051580816,0.08823087004,0.06834980552,0.02756032744,0.03096765599,0.03848298694,0.03824672711,0.08576539151,,0.0977837163,2005,2,2
2005-12-19,0,0.1842480399,0.1124497045,0.1096119703,0.08593533951,0.03590152187,0.03872124722,0.04718778378,0.04829527051,0.09625257335,,0.09772465299,2005,2,2
2005-12-20,0,0.1842480399,0.1063999363,0.1037146405,0.08106086035,0.03354838866,0.03745074127,0.04576597868,0.04522602248,0.09501214791,,0.09891342129,2005,2,2
2005-12-21,0,0.1842480399,0.0945087598,0.0921231637,0.07153269991,0.02903943283,0.03326280365,0.04123566891,0.03994829182,0.0898819969,,0.1001930635,2005,2,2
2005-12-22,0,0.1842480399,0.07881399601,0.07682410997,0.05907359266,0.02332885895,0.02562440459,0.03271202998,0.03197618364,0.07809331494,,0.09486503633,2005,2,2
2005-12-23,0,0.1842480399,0.07822631022,0.07625124467,0.05860985257,0.02312046528,0.02395273447,0.03093592716,0.03044689463,0.07512450888,,0.0894214931,2005,2,2
2005-12-27,0,0.1842480399,0.1185563115,0.1155647322,0.09087307113,0.03831683774,0.04157750522,0.05058280293,0.05255064576,0.1007281942,,0.09800309596,2005,2,2
2005-12-28,0,0.1842480399,0.1114904653,0.1086768997,0.08516128643,0.03552577166,0.03572762577,0.04439474595,0.04371109916,0.09257032873,,0.0905592907,2005,2,2
2005-12-29,0,0.1842480399,0.1198483157,0.1168241899,0.09191995662,0.03883299762,0.03913446522,0.04850762335,0.0499029916,0.09799126891,,0.0900110558,2005,2,2
2005-12-30,0,0.1842480399,0.1348341181,0.1314325752,0.1041160918,0.04495045262,0.04522488963,0.05558756823,0.05513954415,0.1065619524,,0.09210540453,2005,2,2
2006-01-03,0,0.1690647482,0.1048184986,0.1021730552,0.07978957141,0.0258709086,0.03162720406,0.03534175859,0.03380780738,0.05056732993,,0.1203163192,2006,2,3
2006-01-04,0,0.1690647482,0.112129799,0.1093001249,0.08567714522,0.02836271019,0.03019324313,0.03436808142,0.03392964861,0.04994457107,,0.1058312277,2006,2,3
2006-01-05,0,0.1690647482,0.1102137446,0.1074323479,0.08413171902,0.02770242656,0.02953504243,0.03369403254,0.03311409598,0.04915658151,,0.1059936522,2006,2,3
2006-01-06,0,0.1690647482,0.1004163465,0.09788184633,0.07625731577,0.02440695782,0.02867499085,0.03182589587,0.03016411488,0.04628025538,,0.1173448134,2006,2,3
2006-01-09,0,0.1690647482,0.1045027762,0.1018652892,0.07953591552,0.02576500116,0.02739171277,0.03091428206,0.03051878073,0.04557881071,,0.1066254611,2006,2,3
2006-01-10,0,0.1690647482,0.09605544936,0.09363086579,0.07276790734,0.02298387657,0.02424907617,0.02773443079,0.02702691364,0.04180995264,,0.09681424979,2006,2,3
2006-01-11,0,0.1690647482,0.09854210329,0.09605484193,0.07475641787,0.02379201862,0.02459057286,0.02803429484,0.02760575065,0.04217460832,,0.09430905599,2006,2,3
2006-01-12,0,0.1690647482,0.106716779,0.1040234991,0.081315712,0.02651064231,0.02783456231,0.03153783247,0.03084034172,0.04642858708,,0.09683481249,2006,2,3
2006-01-13,0,0.1690647482,0.1076683926,0.104951133,0.08208143405,0.02683325383,0.02713526509,0.03111548987,0.03072616753,0.04615024489,,0.08964515274,2006,2,3
2006-01-17,0,0.1690647482,0.1295981913,0.1263284972,0.09984389815,0.03461868383,0.03493722067,0.03928143472,0.03803377948,0.05573388235,,0.09241389589,2006,2,3
2006-01-18,0,0.1690647482,0.140747222,0.1371968015,0.1089544568,0.03883297789,0.0438551315,0.04771917715,0.04539189374,0.06461893195,,0.1131604249,2006,2,3
2006-01-19,0,0.1690647482,0.131886269,0.1285589551,0.1017094121,0.03546952444,0.03806347745,0.04211481405,0.04066304613,0.05863753141,,0.1083585586,2006,2,3
2006-01-20,0,0.1690647482,0.2165733001,0.21111612,0.1721318858,0.07210388982,0.07261682241,0.07854530544,0.08139663223,0.09814783139,,0.1111601661,2006,2,3
2006-01-23,0,0.1690647482,0.196136855,0.1911931268,0.1549132465,0.06233509212,0.06117472503,0.06728417591,0.06757645028,0.08681908492,,0.1066031667,2006,2,3
2006-01-24,0,0.1690647482,0.1757615773,0.1713301072,0.1378807703,0.05318984769,0.05326537964,0.05921619228,0.05924954026,0.07826198896,,0.1061310709,2006,2,3
2006-01-25,0,0.1690647482,0.1612193024,0.1571536411,0.1258118493,0.04701992156,0.05019014071,0.05555355053,0.05487685641,0.0739271349,,0.1089697801,2006,2,3
2006-01-26,0,0.1690647482,0.1463486349,0.1426572076,0.1135507583,0.04101526818,0.04389866807,0.04880138389,0.04754373681,0.06643270883,,0.1091972553,2006,2,3
2006-01-27,0,0.1690647482,0.1315591383,0.1282400622,0.1014425607,0.03534743358,0.0376669894,0.04187475549,0.04124994264,0.05846382799,,0.1072269622,2006,2,3
2006-01-30,0,0.1690647482,0.145359186,0.1416926649,0.1127379524,0.04062662184,0.03937597118,0.0443479686,0.04418728631,0.0618077397,,0.09869110889,2006,2,3
2006-01-31,0,0.1690647482,0.1638652227,0.1597329917,0.1280021048,0.04812053756,0.04808979581,0.05359128257,0.05409014404,0.07206837876,,0.1032308641,2006,2,3
2006-02-01,0,0.1690647482,0.1443701183,0.1407284946,0.1119258445,0.04023948084,0.03966318226,0.04465897835,0.04475867427,0.06212689237,,0.09679057009,2006,2,3
2006-02-02,0,0.1690647482,0.1731203833,0.1687553399,0.1356832203,0.05204726246,0.05098801758,0.05728149969,0.05907957333,0.07644327628,,0.09704677905,2006,2,3
2006-02-03,0,0.1690647482,0.1641959439,0.1600553924,0.1282760503,0.04825879271,0.05422134534,0.05983806522,0.05813821744,0.07843818953,,0.117039497,2006,2,3
2006-02-06,0,0.1690647482,0.166841404,0.1626343004,0.130468782,0.04937019674,0.04906852394,0.05556708013,0.05550078313,0.07468570495,,0.1051281905,2006,2,3
2006-02-07,0,0.1690647482,0.1849874445,0.1803239842,0.1455757971,0.05725798728,0.05871520959,0.06603887048,0.06630204452,0.08596975806,,0.1108220752,2006,2,3
2006-02-08,0,0.1690647482,0.1598963236,0.1558639496,0.1247176679,0.04647326225,0.05491800858,0.05986325416,0.05748480865,0.07800996194,,0.1324345915,2006,2,3
2006-02-09,0,0.1690647482,0.1694860412,0.1652124114,0.1326633416,0.0504910241,0.05538836619,0.06126380758,0.05977518318,0.08012122652,,0.1260790138,2006,2,3
2006-02-10,0,0.1690647482,0.1612193024,0.1571536411,0.1258118493,0.04701992156,0.05335919641,0.05878601889,0.05690557125,0.07721514259,,0.1283851618,2006,2,3
2006-02-13,0,0.1690647482,0.1770814278,0.1726167651,0.1389798324,0.05376448772,0.05614286495,0.06257837609,0.06185428308,0.0819010857,,0.1210290938,2006,2,3
2006-02-14,0,0.1690647482,0.140747222,0.1371968015,0.1089544568,0.03883297789,0.0446070753,0.04924542497,0.04816468783,0.06661791554,,0.1293273253,2006,2,3
2006-02-15,0,0.1690647482,0.1427225903,0.1391224405,0.1105739445,0.03959761372,0.04268895756,0.04754006089,0.04694623091,0.06501593531,,0.1171967903,2006,2,3
2006-02-16,0,0.1690647482,0.1156571957,0.1127386512,0.08852673524,0.02959171477,0.03183057238,0.03608599173,0.03609233596,0.05193786152,,0.1124332406,2006,2,3
2006-02-17,0,0.1690647482,0.1328681639,0.1295161245,0.1025106466,0.03583687527,0.03566485201,0.0406914834,0.04108893737,0.0577081031,,0.100751943,2006,2,3
2006-02-21,0,0.1690647482,0.1460187778,0.1423356536,0.1132797468,0.04088555266,0.04290898004,0.04787591932,0.04777471819,0.06550260728,,0.1078239489,2006,2,3
2006-02-22,0,0.1690647482,0.1286189493,0.1253739161,0.09904618243,0.03425676261,0.03588350365,0.04037588747,0.03997448183,0.05696852871,,0.1032573337,2006,2,3
2006-02-23,0,0.1690647482,0.1282927252,0.1250559078,0.09878052293,0.03413648774,0.03735457974,0.0417259271,0.04079396541,0.05832655523,,0.1098835083,2006,2,3
2006-02-24,0,0.1690647482,0.1150145018,0.1121121489,0.08800710721,0.02936649321,0.03037282162,0.03484905571,0.03457355416,0.05071380448,,0.1026959141,2006,2,3
2006-02-27,0,0.1690647482,0.119202053,0.1161942068,0.09139620854,0.03084431077,0.03212391664,0.0366059584,0.0361453011,0.05271280237,,0.1034267745,2006,2,3
2006-02-28,0,0.1690647482,0.1437109646,0.1400859337,0.1113848383,0.03998222726,0.04432444981,0.04928372143,0.04830901357,0.06690150711,,0.1153352838,2006,2,3
2006-03-01,0,0.1690647482,0.1175886987,0.1146214949,0.09008952836,0.03027204941,0.03254363397,0.03696637461,0.03650165854,0.05303134154,,0.1088812958,2006,2,3
2006-03-02,0,0.1690647482,0.1234116372,0.120297755,0.09481111711,0.03235452843,0.03458723421,0.03910971543,0.03810492033,0.05552020737,,0.1078522534,2006,2,3
2006-03-03,0,0.1690647482,0.1312320932,0.1279212528,0.1011758241,0.03522552295,0.04042976475,0.04490828841,0.04277095274,0.06180434674,,0.1212994637,2006,2,3
2006-03-06,0,0.1690647482,0.1569199061,0.1529624262,0.1222583619,0.04525229825,0.04888171149,0.0542313166,0.05339242338,0.07248002976,,0.1191761908,2006,2,3
2006-03-07,0,0.1690647482,0.1542749276,0.1503840075,0.1200756886,0.0441776276,0.04550130113,0.05144299036,0.05025354781,0.06990299617,,0.111141349,2006,2,3
2006-03-08,0,0.1690647482,0.1430519996,0.1394435572,0.1108441592,0.03972564891,0.04325006304,0.04857481935,0.04728743906,0.06635745745,,0.1146914113,2006,2,3
2006-03-09,0,0.1690647482,0.1549360828,0.1510285246,0.1206210365,0.04444534801,0.04706525576,0.05332799447,0.05299512515,0.07201636338,,0.1136507828,2006,2,3
2006-03-10,0,0.1690647482,0.1276405689,0.1244201757,0.09824957836,0.03389648815,0.03734495873,0.04236090872,0.04161899971,0.05935254493,,0.1129763834,2006,2,3
2006-03-13,0,0.1690647482,0.112129799,0.1093001249,0.08567714522,0.02836271019,0.02959487827,0.03461473272,0.03398801753,0.0507317767,,0.1014292753,2006,2,3
2006-03-14,0,0.1690647482,0.09235347403,0.09002220901,0.06981358848,0.02179717038,0.02413432531,0.02802247087,0.02817956814,0.04231115813,,0.1047629571,2006,2,3
2006-03-15,0,0.1690647482,0.1114904653,0.1086768997,0.08516128643,0.02814181984,0.02957096661,0.03361915804,0.03377161437,0.04903486385,,0.0994795837,2006,2,3
2006-03-16,0,0.1690647482,0.131886269,0.1285589551,0.1017094121,0.03546952444,0.03553099383,0.03979473834,0.03978139916,0.05628565825,,0.09611210163,2006,2,3
2006-03-17,0,0.1690647482,0.1364744793,0.1330316336,0.1054568755,0.03719754772,0.03546199723,0.04001485323,0.04057619789,0.05678484154,,0.08839174086,2006,2,3
2006-03-20,0,0.1690647482,0.125686517,0.1225153375,0.09665981024,0.0331809124,0.03238604335,0.03692126356,0.03751450552,0.05322314974,,0.08872913468,2006,2,3
2006-03-21,0,0.1690647482,0.1201716394,0.117139369,0.09218205707,0.03118997061,0.03352289923,0.0380177451,0.03755346436,0.05426233603,,0.09936836942,2006,2,3
2006-03-22,0,0.1690647482,0.1070338036,0.1043325349,0.08157075892,0.02661797683,0.02726327663,0.03149438856,0.03192489716,0.04671305817,,0.09360393312,2006,2,3
2006-03-23,0,0.1690647482,0.1057668018,0.1030974608,0.08055174748,0.02618985804,0.02682694788,0.0312066507,0.0310756446,0.04646148153,,0.09318334831,2006,2,3
2006-03-24,0,0.1690647482,0.1063999363,0.1037146405,0.08106086035,0.02640351081,0.02743600675,0.03175257673,0.03153220344,0.04703812231,,0.09503088448,2006,2,3
2006-03-27,0,0.1690647482,0.1150145018,0.1121121489,0.08800710721,0.02936649321,0.02910996721,0.03385786851,0.03382408259,0.04980089739,,0.09086266601,2006,2,3
2006-03-28,0,0.1690647482,0.1188791165,0.1158794053,0.09113456298,0.03072947386,0.03298124631,0.03787340915,0.03747095275,0.05431521168,,0.09871351748,2006,2,3
2006-03-29,0,0.1690647482,0.09885393757,0.09635881651,0.07500601016,0.02389398471,0.02603642885,0.03023619836,0.02971286671,0.0451234029,,0.09973304986,2006,2,3
2006-03-30,0,0.1690647482,0.1185563115,0.1155647322,0.09087307113,0.03061482898,0.03372422227,0.03820060311,0.03730107808,0.05441176337,,0.1050186968,2006,2,3
2006-03-31,0,0.1690647482,0.1127697673,0.109923969,0.08619370895,0.02858439327,0.03039206856,0.03501476181,0.03435946727,0.0509344273,,0.1013566898,2006,2,3
2006-04-03,0,0.1690647482,0.1185563115,0.1155647322,0.09087307113,0.03061482898,0.0341741983,0.0386750159,0.03757528302,0.05493421845,,0.1094182483,2006,2,3
2006-04-04,0,0.1690647482,0.1048184986,0.1021730552,0.07978957141,0.0258709086,0.02865725095,0.03269689899,0.0321616596,0.04787228593,,0.1052369396,2006,2,3
2006-04-05,0,0.1690647482,0.1045027762,0.1018652892,0.07953591552,0.02576500116,0.02744100534,0.03145808267,0.03108975695,0.04648570631,,0.100375275,2006,2,3
2006-04-06,0,0.1690647482,0.1146933745,0.111799112,0.08774754233,0.02925417562,0.03129117767,0.03545666512,0.03483010128,0.0511803655,,0.1009126168,2006,2,3
2006-04-07,0,0.1690647482,0.1410763156,0.1375176101,0.1092241527,0.03895999002,0.04276316005,0.04766499284,0.0474868234,0.06513620616,,0.1091742175,2006,2,3
2006-04-10,0,0.1690647482,0.1387738735,0.1352731343,0.1073381918,0.0380745194,0.03913813348,0.04439263232,0.0442473088,0.06187391776,,0.1008850824,2006,2,3
2006-04-11,0,0.1690647482,0.1655187528,0.1613449226,0.129372166,0.04881330706,0.05187319294,0.05776488626,0.05794159532,0.07653902515,,0.1081911433,2006,2,3
2006-04-12,0,0.1690647482,0.157581277,0.1536071548,0.1228045442,0.04552253643,0.04404387732,0.05051104489,0.05120343266,0.06931980782,,0.09803133082,2006,2,3
2006-04-13,0,0.1690647482,0.1450294531,0.1413712322,0.1124671711,0.04049740717,0.04223955792,0.04823980066,0.04784126003,0.06643836387,,0.1037563837,2006,2,3
2006-04-17,0,0.1690647482,0.1516310871,0.1478067034,0.1178965967,0.04311312684,0.04554801627,0.05155712589,0.05092216829,0.06999681089,,0.1051541908,2006,2,3
2006-04-18,0,0.1690647482,0.1130899862,0.11023612,0.08645225243,0.02869553135,0.03202306691,0.03621584017,0.03629140606,0.05198447196,,0.1086511457,2006,2,3
2006-04-19,0,0.1690647482,0.1105326781,0.1077432453,0.08438883934,0.02781197573,0.02927693708,0.03363391542,0.03347309687,0.04921854941,,0.100785522,2006,2,3
2006-04-20,0,0.1690647482,0.1208186654,0.1177700966,0.09270670558,0.03142136514,0.03453628236,0.03864486945,0.03797953607,0.05472429221,,0.1086165511,2006,2,3
2006-04-21,0,0.1690647482,0.119202053,0.1161942068,0.09139620854,0.03084431077,0.03431505162,0.03836652656,0.03728592434,0.05435656857,,0.1104601329,2006,2,3
2006-04-24,0,0.1690647482,0.1243859229,0.121247501,0.09560259828,0.03270757207,0.0340332841,0.03865777091,0.0381903497,0.05511765358,,0.1031261704,2006,2,3
2006-04-25,0,0.1690647482,0.1243859229,0.121247501,0.09560259828,0.03270757207,0.0349478651,0.03977536234,0.03925703022,0.0564310612,,0.1049299319,2006,2,3
2006-04-26,0,0.1690647482,0.1247109081,0.1215643008,0.0958666993,0.03282562753,0.03432807986,0.039291772,0.03870144704,0.05600336132,,0.1031010568,2006,2,3
2006-04-27,0,0.1690647482,0.1273146389,0.1241024542,0.09798429522,0.03377676403,0.03899159935,0.04297458852,0.04156663788,0.0594067717,,0.1182907272,2006,2,3
2006-04-28,0,0.1690647482,0.119202053,0.1161942068,0.09139620854,0.03084431077,0.03311127508,0.03734320825,0.03695240674,0.05336037883,,0.1081019844,2006,2,3
2006-05-01,0,0.1690647482,0.1503097338,0.1465186059,0.1168085176,0.04258473961,0.04538606452,0.05038992023,0.05044647196,0.06821568826,,0.1117074267,2006,2,3
2006-05-02,0,0.1690647482,0.1322134842,0.1288779305,0.1019763776,0.03559179521,0.03839989342,0.04272351652,0.04114167724,0.05944250959,,0.110533182,2006,2,3
2006-05-03,0,0.1690647482,0.1322134842,0.1288779305,0.1019763776,0.03559179521,0.03773867316,0.04252521563,0.04187911147,0.05949643164,,0.1089014046,2006,2,3
2006-05-04,0,0.1690647482,0.1279665981,0.1247379939,0.09851498792,0.03401639615,0.03408777403,0.03893705613,0.03889281467,0.0556270971,,0.09734002174,2006,2,3
2006-05-05,1,0.1690647482,0.1201716394,0.117139369,0.09218205707,0.03118997061,0.03402994372,0.03773546046,0.03614904992,0.05349912356,,0.1059608828,2006,2,3
2006-05-08,1,0.1690647482,0.1325407829,0.1291969873,0.102243456,0.03571424559,0.03359996315,0.03832207675,0.03846281748,0.05498748881,,0.09163764843,2006,2,3
2006-05-09,1,0.1690647482,0.1322134842,0.1288779305,0.1019763776,0.03559179521,0.03336727863,0.03799642853,0.03832056492,0.05457472502,,0.0886946727,2006,2,3
2006-05-10,1,0.1690647482,0.1253612063,0.1221982202,0.09639530628,0.033062298,0.03349269721,0.03774030351,0.03710077683,0.05393036676,,0.09339291829,2006,2,3
2006-05-11,0,0.1690647482,0.148658688,0.1449091155,0.1154498948,0.04192791673,0.04470840881,0.04968081602,0.04975985161,0.06743098673,,0.1050606017,2006,2,3
2006-05-12,0,0.1690647482,0.2046106443,0.1994539749,0.1620368835,0.06631250321,0.06715858848,0.07389862916,0.07431672307,0.09378889209,,0.105817619,2006,2,3
2006-05-15,1,0.1690647482,0.1843295869,0.1796826666,0.1450261403,0.05696392932,0.05810271336,0.0646804587,0.06461154537,0.08422448956,,0.1073149128,2006,2,3
2006-05-16,1,0.1690647482,0.1770814278,0.1726167651,0.1389798324,0.05376448772,0.05467920554,0.06152336186,0.06152082488,0.08107201907,,0.1074210714,2006,2,3
2006-05-17,0,0.1690647482,0.2696033934,0.262815637,0.21738955,0.1003368758,0.1029666918,0.1118459873,0.1129543029,0.1318641037,,0.1214706879,2006,2,3
2006-05-18,0,0.1690647482,0.2912067932,0.2838778003,0.2360482856,0.1130829633,0.1117244345,0.1221105829,0.1235199022,0.1423539598,,0.1193359466,2006,2,3
2006-05-19,0,0.1690647482,0.2967035618,0.2892369393,0.2408152099,0.116445539,0.1188415588,0.1268517324,0.1255638025,0.1456562723,,0.1275771689,2006,2,3
2006-05-22,0,0.1690647482,0.3120350135,0.3041847045,0.2541515692,0.1260859924,0.1296899002,0.1387926103,0.1363025514,0.1571021155,,0.1343641402,2006,2,3
2006-05-23,0,0.1690647482,0.3269317074,0.3187088679,0.2671658928,0.1358289066,0.1418061714,0.1518759504,0.1507418597,0.1693329044,,0.1433033171,2006,2,3
2006-05-24,0,0.1690647482,0.3018621037,0.2942663519,0.2452958387,0.1196460101,0.1280371306,0.1363935094,0.133469842,0.1543852033,,0.1477195026,2006,2,3
2006-05-25,0,0.1690647482,0.246332824,0.240128617,0.1974313273,0.08742422437,0.09448143954,0.1017831256,0.09853177087,0.121349839,,0.1437486521,2006,2,3
2006-05-26,0,0.1690647482,0.2068830298,0.201669267,0.163951075,0.06739666854,0.07103785416,0.07859154718,0.07699056228,0.09876376074,,0.1342664706,2006,2,3
2006-05-30,0,0.1690647482,0.3376847634,0.3291931941,0.2765938845,0.1430969415,0.1390813661,0.1493226737,0.1537983503,0.1675044638,,0.1333698892,2006,2,3
2006-05-31,0,0.1690647482,0.2750005106,0.2680774914,0.2220394692,0.1034518055,0.1045491626,0.1130223565,0.1128475813,0.1328836249,,0.1299294556,2006,2,3
2006-06-01,0,0.1690647482,0.2152860475,0.2098611982,0.1710434861,0.07147071969,0.07373596453,0.08120505439,0.08231921679,0.1014191271,,0.1224576352,2006,2,3
2006-06-02,1,0.1690647482,0.2088275114,0.2035648971,0.1655903332,0.06833031088,0.07126312144,0.07838538729,0.07744338764,0.09839833373,,0.1223597807,2006,2,3
2006-06-05,0,0.1690647482,0.2812394835,0.2741601416,0.2274243329,0.1071099191,0.1076034315,0.1168668678,0.119935889,0.1368771364,,0.1272061906,2006,2,3
2006-06-06,0,0.1690647482,0.3012912695,0.2937098054,0.2447996884,0.1192897066,0.1201435038,0.1294329541,0.1300593061,0.1486405992,,0.1318106153,2006,2,3
2006-06-07,0,0.1690647482,0.3142694543,0.3063632495,0.256100166,0.1275235575,0.1281978425,0.1389569436,0.1406109262,0.1580379328,,0.1344667019,2006,2,3
2006-06-08,0,0.1690647482,0.329372029,0.32108819,0.269303042,0.1374608736,0.1468577539,0.1555626788,0.1534344439,0.1720037008,,0.1539085697,2006,2,3
2006-06-09,0,0.1690647482,0.3231115586,0.314984225,0.2638232575,0.1332946015,0.1377683028,0.1485963666,0.1478843812,0.1667128128,,0.1501975238,2006,2,3
2006-06-12,0,0.1690647482,0.3949476875,0.3850278902,0.3272605785,0.185272641,0.1813975016,0.1946130534,0.1991255385,0.2090042191,,0.1501329205,2006,2,3
2006-06-13,0,0.1690647482,0.4558884153,0.4444550321,0.3819993119,0.2370334214,0.2310852838,0.2454752748,0.2489846,0.2534223021,,0.1581575198,2006,2,3
2006-06-14,0,0.1690647482,0.4064032509,0.396198376,0.3374870468,0.1944419072,0.1867124,0.2015535114,0.2046895903,0.2158288587,,0.1496920464,2006,2,3
2006-06-15,0,0.1690647482,0.2586757119,0.2521619182,0.2079987788,0.09416929255,0.1022584138,0.1121750437,0.1128160807,0.1323491983,,0.1499592215,2006,2,3
2006-06-16,0,0.1690647482,0.2987153291,0.2911983441,0.2425617941,0.1176885033,0.1173874165,0.1301178569,0.1319535731,0.1507333544,,0.1406383633,2006,2,3
2006-06-19,0,0.1690647482,0.3151049324,0.3071778293,0.2568290833,0.1280632235,0.1315243803,0.1451626014,0.1467455387,0.1647488463,,0.1463736992,2006,2,3
2006-06-20,0,0.1690647482,0.2824207807,0.2753118451,0.2284450659,0.1078095156,0.1090457291,0.1226223039,0.1228610898,0.1440542204,,0.1372809916,2006,2,3
2006-06-21,0,0.1690647482,0.2469548162,0.2407350047,0.1979628315,0.08775856968,0.09338488878,0.1047504075,0.1049027054,0.1260039746,,0.140804587,2006,2,3
2006-06-22,0,0.1690647482,0.258063507,0.2515650651,0.2074736398,0.0938292361,0.09335893507,0.1066815461,0.1079457031,0.1290087833,,0.1292087076,2006,2,3
2006-06-23,0,0.1690647482,0.2583696757,0.2518635562,0.2077362532,0.09399922892,0.09639034479,0.1093112752,0.1092204065,0.131192022,,0.1325109407,2006,2,3
2006-06-26,0,0.1690647482,0.2500572398,0.2437596005,0.200615537,0.08943501818,0.08600412718,0.09910400827,0.1010033592,0.1218022353,,0.1193125907,2006,2,3
2006-06-27,0,0.1690647482,0.2738050385,0.2669119776,0.2210088329,0.1027578916,0.1015271978,0.1160771619,0.1187896043,0.1384671619,,0.1240482349,2006,2,3
2006-06-28,0,0.1690647482,0.2553020583,0.2488728683,0.2051061986,0.09230252421,0.09107149409,0.1042998549,0.1055514061,0.1267330318,,0.1205243895,2006,2,3
2006-06-29,0,0.1690647482,0.1665107587,0.1623119728,0.1301945835,0.0492307527,0.05391882336,0.06221311225,0.06307686449,0.08228919426,,0.1257134581,2006,2,3
2006-06-30,0,0.1690647482,0.1681638493,0.1639234787,0.1315658549,0.04992944225,0.05102947178,0.05993022876,0.06023726079,0.08041944069,,0.1158670259,2006,2,3
2006-07-03,0,0.1690647482,0.1671720365,0.1629566155,0.1307430091,0.04950978802,0.04977548157,0.0583805585,0.05932734234,0.07869286078,,0.1134618997,2006,2,3
2006-07-05,0,0.1690647482,0.2033103451,0.1981863475,0.1609422803,0.06569547292,0.06755902578,0.07720669461,0.07669763026,0.09842948258,,0.1190367366,2006,2,3
2006-07-06,0,0.1690647482,0.1869598053,0.1822467575,0.147224624,0.05814328998,0.05776571193,0.06723247463,0.06807961444,0.08834017054,,0.1119219176,2006,2,3
2006-07-07,0,0.1690647482,0.1974437481,0.1924671746,0.1560104093,0.06294180625,0.06451330224,0.07475984353,0.07439686208,0.09626854314,,0.1148124663,2006,2,3
2006-07-10,0,0.1690647482,0.1990757736,0.1940581854,0.1573812995,0.06370289162,0.0650279668,0.07512992114,0.07430694769,0.09658494375,,0.1154128501,2006,2,3
2006-07-11,0,0.1690647482,0.1701470275,0.1658567713,0.1332122269,0.05077268508,0.05441536099,0.06318682931,0.0624835193,0.0835987447,,0.1177193698,2006,2,3
2006-07-12,0,0.1690647482,0.21431961,0.2089190348,0.1702266751,0.07099693913,0.07387514423,0.084990304,0.08535355005,0.1068184239,,0.1195300662,2006,2,3
2006-07-13,0,0.1690647482,0.3139907277,0.3060914951,0.2558570282,0.1273437781,0.1236900932,0.1394930534,0.1427619942,0.1607848078,,0.1220177044,2006,2,3
2006-07-14,0,0.1690647482,0.3211904045,0.313111108,0.2621435963,0.1320294769,0.1272280843,0.1441592076,0.1469872527,0.1655580641,,0.1206907786,2006,2,3
2006-07-17,0,0.1690647482,0.3371527686,0.3286744907,0.2761267887,0.1427326655,0.1314572842,0.1498451154,0.154205201,0.1715939053,,0.1158060812,2006,2,3
2006-07-18,0,0.1690647482,0.3125945476,0.304730241,0.2546394075,0.1264451947,0.1259603485,0.1414395041,0.1419887071,0.1622854115,,0.124854699,2006,2,3
2006-07-19,0,0.1690647482,0.2478868661,0.2416436721,0.19875949,0.08826068201,0.09583563206,0.1071316501,0.1063176154,0.1281537549,,0.1349059296,2006,2,3
2006-07-20,0,0.1690647482,0.2680961894,0.2613462121,0.2160924026,0.09947515988,0.1012938094,0.1150510527,0.116264573,0.1370106458,,0.1281800271,2006,2,3
2006-07-21,0,0.1690647482,0.3030019104,0.295377631,0.2462867681,0.1203590575,0.1158575089,0.1323045331,0.1365128586,0.1545099467,,0.1232957202,2006,2,3
2006-07-24,0,0.1690647482,0.2299918721,0.224197757,0.1835072774,0.07884892816,0.08216224722,0.09351944907,0.09529241576,0.1152715323,,0.1265140976,2006,2,3
2006-07-25,0,0.1690647482,0.225858269,0.2201679299,0.1799973556,0.07674284136,0.08133420492,0.09189926322,0.09186996299,0.113267764,,0.1280789314,2006,2,3
2006-07-26,0,0.1690647482,0.2185012778,0.2129956771,0.1737629751,0.07305674462,0.07534395533,0.08607147135,0.08643699851,0.1077365409,,0.1203239336,2006,2,3
2006-07-27,0,0.1690647482,0.2287219568,0.2229597219,0.1824284315,0.07819920939,0.08220867995,0.09291771302,0.09229687136,0.1143571963,,0.1254135087,2006,2,3
2006-07-28,0,0.1690647482,0.2091512904,0.2038805421,0.1658634034,0.06848630452,0.07062636563,0.08003886233,0.08058761334,0.1011436678,,0.12136014,2006,2,3
2006-07-31,0,0.1690647482,0.2290396008,0.2232693915,0.1826982388,0.07836149935,0.0752100836,0.08580157671,0.08575140978,0.1076790317,,0.1133631533,2006,2,3
2006-08-01,0,0.1690647482,0.2322099466,0.2263601522,0.1853927591,0.0799894898,0.07945073986,0.09044097548,0.08910360351,0.1122929157,,0.1152923712,2006,2,3
2006-08-02,0,0.1690647482,0.2094749822,0.2041961022,0.1661364326,0.06864240787,0.06834663808,0.07817203804,0.07784759076,0.09959395711,,0.1126216027,2006,2,3
2006-08-03,0,0.1690647482,0.2133523287,0.2079760497,0.1694094373,0.07052410694,0.07297881831,0.08200977136,0.08087424354,0.1029196001,,0.1173241975,2006,2,3
2006-08-04,0,0.1690647482,0.2094749822,0.2041961022,0.1661364326,0.06864240787,0.07511049294,0.08371082775,0.08137186293,0.1042102371,,0.1291509181,2006,2,3
2006-08-07,0,0.1690647482,0.2378879307,0.2318956252,0.1902258758,0.08294258442,0.0813004862,0.09180018465,0.09109899172,0.1134518461,,0.1193596119,2006,2,3
2006-08-08,0,0.1690647482,0.2378879307,0.2318956252,0.1902258758,0.08294258442,0.08623713258,0.09653853667,0.09572197396,0.1177360721,,0.1275081639,2006,2,3
2006-08-09,0,0.1690647482,0.2369442104,0.2309755891,0.1894219316,0.08244842095,0.09015372656,0.1002605585,0.09789289375,0.1210337272,,0.13851819,2006,2,3
2006-08-10,0,0.1690647482,0.2133523287,0.2079760497,0.1694094373,0.07052410694,0.07438531345,0.08457228098,0.08357345719,0.1059231835,,0.1304244451,2006,2,3
2006-08-11,0,0.1690647482,0.2081796934,0.202933354,0.1650440716,0.06801865386,0.06878030723,0.07983524696,0.07932685219,0.1017868363,,0.1207276546,2006,2,3
2006-08-14,0,0.1690647482,0.2068830298,0.201669267,0.163951075,0.06739666854,0.07236408362,0.08263241804,0.0803677425,0.1039767105,,0.1293707383,2006,2,3
2006-08-15,0,0.1690647482,0.1793898065,0.1748670943,0.1409035025,0.05477540452,0.06224069662,0.07012507522,0.06512620035,0.09010858547,,0.135541697,2006,2,3
2006-08-16,0,0.1690647482,0.1460187778,0.1423356536,0.1132797468,0.04088555266,0.04566541919,0.05257569133,0.04929240387,0.07140613869,,0.1268644762,2006,2,3
2006-08-17,0,0.1690647482,0.1404181844,0.1368760477,0.1086848505,0.03870613735,0.04131087818,0.04821674629,0.04670725485,0.06683220872,,0.1190668935,2006,2,3
2006-08-18,0,0.1690647482,0.1208186654,0.1177700966,0.09270670558,0.03142136514,0.03503376147,0.04096717485,0.03922389963,0.05827022872,,0.1198775389,2006,2,3
2006-08-21,0,0.1690647482,0.1397602816,0.1362347082,0.1081459097,0.0384529723,0.04081431093,0.04771956557,0.0446170285,0.06630654169,,0.1145311597,2006,2,3
2006-08-22,0,0.1690647482,0.1387738735,0.1352731343,0.1073381918,0.0380745194,0.03947733392,0.04652051006,0.04538924945,0.0651328961,,0.1072931048,2006,2,3
2006-08-23,0,0.1690647482,0.1456889612,0.142014139,0.1130088112,0.04075600377,0.04330409,0.05061199253,0.04946676559,0.06963566648,,0.1099636111,2006,2,3
2006-08-24,0,0.1690647482,0.1456889612,0.142014139,0.1130088112,0.04075600377,0.04096015796,0.0486831327,0.0480215049,0.06791685661,,0.1034431998,2006,2,3
2006-08-25,0,0.1690647482,0.1427225903,0.1391224405,0.1105739445,0.03959761372,0.03940730807,0.04701871644,0.04651928334,0.06607835885,,0.1003916992,2006,2,3
2006-08-28,0,0.1690647482,0.1384451937,0.1349527298,0.1070691408,0.03794871492,0.03934937433,0.04625591781,0.04593614407,0.06477103263,,0.1034702737,2006,2,3
2006-08-29,0,0.1690647482,0.1417346672,0.1381593877,0.1097638096,0.03921452781,0.04078991669,0.0476575353,0.04685386474,0.06626662249,,0.1046690389,2006,2,3
2006-08-30,0,0.1690647482,0.1397602816,0.1362347082,0.1081459097,0.0384529723,0.03754952665,0.04467837789,0.04407521646,0.0633046348,,0.09623074598,2006,2,3
2006-08-31,0,0.1690647482,0.1427225903,0.1391224405,0.1105739445,0.03959761372,0.03718792366,0.04459926337,0.04469384225,0.06346226846,,0.09193009226,2006,2,3
2006-09-01,0,0.1690647482,0.1312320932,0.1279212528,0.1011758241,0.03522552295,0.03647926866,0.04269800046,0.04122843567,0.06049810889,,0.1006790193,2006,2,3
2006-09-05,0,0.1690647482,0.1532833302,0.1494173646,0.1192580883,0.04377723953,0.04196403258,0.04881628739,0.04855076739,0.06770901421,,0.09349409045,2006,2,3
2006-09-06,0,0.1690647482,0.1899147148,0.185127383,0.1496972526,0.05947993188,0.05735058297,0.06555100978,0.06423218969,0.0860766031,,0.0951320365,2006,2,3
2006-09-07,0,0.1690647482,0.1945017009,0.18959907,0.1535412804,0.06157942208,0.06228050582,0.07065285295,0.06885929351,0.09124914058,,0.1042656308,2006,2,3
2006-09-08,0,0.1690647482,0.1708079329,0.1665010528,0.1337611998,0.05105492287,0.04899980774,0.05726061026,0.05669665349,0.07746596108,,0.09695766756,2006,2,3
2006-09-11,0,0.1690647482,0.1651880634,0.1610225525,0.1290980885,0.04867445502,0.05016035413,0.05773451169,0.05628724707,0.07742068456,,0.1023625134,2006,2,3
2006-09-12,0,0.1690647482,0.1299247915,0.1266468725,0.1001100459,0.03473968876,0.03685671831,0.04287898352,0.04238124881,0.06053992569,,0.1028447017,2006,2,3
2006-09-13,0,0.1690647482,0.1060832767,0.1034059607,0.08080620513,0.02629658263,0.02758348379,0.03292438037,0.03252889106,0.04896631553,,0.09852314385,2006,2,3
2006-09-14,0,0.1690647482,0.1179111014,0.1149357758,0.09035055277,0.03038611645,0.02979868529,0.0356690126,0.03536260615,0.05253448427,,0.09006029477,2006,2,3
2006-09-15,0,0.1690647482,0.1247109081,0.1215643008,0.0958666993,0.03282562753,0.03436504135,0.03993917919,0.03828864012,0.05705730361,,0.09596487012,2006,2,3
2006-09-18,0,0.1690647482,0.1253612063,0.1221982202,0.09639530628,0.033062298,0.03252902935,0.03832742122,0.03832483981,0.05549596536,,0.08799187999,2006,2,3
2006-09-19,0,0.1690647482,0.131886269,0.1285589551,0.1017094121,0.03546952444,0.03588693185,0.04189212569,0.04137043029,0.05953888736,,0.09071862615,2006,2,3
2006-09-20,0,0.1690647482,0.1127697673,0.109923969,0.08619370895,0.02858439327,0.02927721834,0.0345254221,0.03332386893,0.05079250528,,0.09022240901,2006,2,3
2006-09-21,0,0.1690647482,0.140747222,0.1371968015,0.1089544568,0.03883297789,0.04002921835,0.04605838743,0.04554322265,0.06410233875,,0.09577656256,2006,2,3
2006-09-22,0,0.1690647482,0.1519614897,0.1481287906,0.1181687738,0.04324562786,0.04162811,0.04851930302,0.04854084976,0.06739746694,,0.08946299478,2006,2,3
2006-09-25,0,0.1690647482,0.1364744793,0.1330316336,0.1054568755,0.03719754772,0.04071762521,0.04595661161,0.04481639809,0.06344584657,,0.1043419203,2006,2,3
2006-09-26,0,0.1690647482,0.1172664326,0.1143073473,0.08982866186,0.03015817556,0.03084466969,0.03568298641,0.03628941822,0.0518885452,,0.09559507512,2006,2,3
2006-09-27,0,0.1690647482,0.1188791165,0.1158794053,0.09113456298,0.03072947386,0.03099222198,0.03584931703,0.03581728021,0.05211474574,,0.0939882013,2006,2,3
2006-09-28,0,0.1690647482,0.1234116372,0.120297755,0.09481111711,0.03235452843,0.03230666229,0.0373103564,0.03726772806,0.05387720125,,0.09184338116,2006,2,3
2006-09-29,0,0.1690647482,0.131886269,0.1285589551,0.1017094121,0.03546952444,0.03330504773,0.03879643063,0.03942091792,0.05594671108,,0.08650148317,2006,2,3
2006-10-02,0,0.1690647482,0.1513007093,0.1474846404,0.1176244817,0.04298078719,0.04043990535,0.04649003434,0.04762386242,0.06479482288,,0.08286825756,2006,2,3
2006-10-03,0,0.1690647482,0.1404181844,0.1368760477,0.1086848505,0.03870613735,0.03906487196,0.04442305712,0.04423322458,0.06200167709,,0.0907436229,2006,2,3
2006-10-04,0,0.1690647482,0.1279665981,0.1247379939,0.09851498792,0.03401639615,0.0354662449,0.03964919257,0.04043161091,0.05599969221,,0.09506542457,2006,2,3
2006-10-05,0,0.1690647482,0.131886269,0.1285589551,0.1017094121,0.03546952444,0.03429292522,0.03881393362,0.03957758678,0.05538361362,,0.08891092676,2006,2,3
2006-10-06,0,0.1690647482,0.1182336394,0.1152501886,0.09061173404,0.03050037641,0.03071131144,0.0350649607,0.03509072762,0.05094302217,,0.09135355441,2006,2,3
2006-10-09,0,0.1690647482,0.1221141973,0.1190329952,0.09375776423,0.03188643454,0.03130840708,0.03580515779,0.03622474865,0.05191602694,,0.08825396073,2006,2,3
2006-10-10,0,0.1690647482,0.1169443044,0.1139933342,0.08956795434,0.03004449522,0.02890244855,0.03338346084,0.0340833368,0.04915599032,,0.08396436783,2006,2,3
2006-10-11,0,0.1690647482,0.1201716394,0.117139369,0.09218205707,0.03118997061,0.03227949902,0.036546446,0.03585032934,0.05254111676,,0.08996808061,2006,2,3
2006-10-12,0,0.1690647482,0.1032418172,0.1006361079,0.07852333682,0.02534342397,0.02569826137,0.02941404859,0.02944889928,0.04399544598,,0.08695388815,2006,2,3
2006-10-13,0,0.1690647482,0.09266063506,0.09032162684,0.0700584352,0.0218948846,0.02150298565,0.02509548565,0.02536632354,0.03880341075,,0.08263316444,2006,2,3
2006-10-16,0,0.1690647482,0.1032418172,0.1006361079,0.07852333682,0.02534342397,0.02463570549,0.02832536577,0.02855962388,0.04275435632,,0.08264203932,2006,2,3
2006-10-17,0,0.1690647482,0.1237362863,0.1206142269,0.09507480618,0.03247202221,0.03342796015,0.03715291552,0.03656553082,0.05295635184,,0.09095132537,2006,2,3
2006-10-18,0,0.1690647482,0.1111710398,0.1083655225,0.08490362415,0.02803167266,0.03038977872,0.03377989833,0.03265080829,0.04881234674,,0.09644712281,2006,2,3
2006-10-19,0,0.1690647482,0.09729697404,0.09484109648,0.07376031812,0.02338625816,0.02342475548,0.02703664765,0.02690485256,0.04112549539,,0.08744462413,2006,2,3
2006-10-20,0,0.1690647482,0.08899153386,0.08674502389,0.06713706091,0.02073657541,0.02105123811,0.02453535728,0.02423353408,0.03801360852,,0.08738418833,2006,2,3
2006-10-23,0,0.1690647482,0.1029270673,0.1003292902,0.07827070918,0.0252385442,0.02723416125,0.03034584419,0.02984289427,0.04466277215,,0.0956863699,2006,2,3
2006-10-24,0,0.1690647482,0.09358360132,0.0912213265,0.07079446404,0.02218931634,0.02209159873,0.0253607631,0.02564694643,0.03891561492,,0.08639237682,2006,2,3
2006-10-25,0,0.1690647482,0.08990530973,0.08763576257,0.06786392588,0.02102322679,0.02108655773,0.02415615967,0.02445430551,0.03732283775,,0.08131828352,2006,2,3
2006-10-26,0,0.1690647482,0.08686881514,0.08467582319,0.06545034046,0.02007536116,0.02131791253,0.02405056272,0.02360019049,0.03692288918,,0.08753684763,2006,2,3
2006-10-27,0,0.1690647482,0.09420013263,0.0918223163,0.07128637812,0.0223866759,0.02339524171,0.02657543871,0.02652023492,0.04026246069,,0.08843896702,2006,2,3
2006-10-30,0,0.1690647482,0.106716779,0.1040234991,0.081315712,0.02651064231,0.02672451501,0.03018532585,0.02997751751,0.04477313386,,0.08559734499,2006,2,3
2006-10-31,0,0.1690647482,0.1035567645,0.100943118,0.07877617245,0.02544850983,0.02657582891,0.02990779372,0.0294459729,0.0443184307,,0.09023771074,2006,2,3
2006-11-01,0,0.1690647482,0.1166223153,0.1136794568,0.08930740686,0.02993100868,0.0315764626,0.0353515275,0.03540937287,0.05087611424,,0.09453725838,2006,2,3
2006-11-02,0,0.1690647482,0.1137308866,0.1108608732,0.08696985715,0.02891839916,0.02908088397,0.0331564399,0.03284936431,0.04859063788,,0.08875206053,2006,2,3
2006-11-03,0,0.1690647482,0.1054505128,0.1027891424,0.08029748855,0.02608333732,0.02950122658,0.03311289174,0.03198707827,0.04808560815,,0.1025232351,2006,2,3
2006-11-06,0,0.1690647482,0.1054505128,0.1027891424,0.08029748855,0.02608333732,0.02813259611,0.03128731259,0.03098941625,0.04579296448,,0.09934472889,2006,2,3
2006-11-07,0,0.1690647482,0.1032418172,0.1006361079,0.07852333682,0.02534342397,0.0269578327,0.02997547207,0.02957843712,0.04419771312,,0.0977603055,2006,2,3
2006-11-08,0,0.1690647482,0.09266063506,0.09032162684,0.0700584352,0.0218948846,0.02654935606,0.02886690242,0.02738145902,0.0423092117,,0.1156194834,2006,2,3
2006-11-09,0,0.1690647482,0.1007294654,0.0981870736,0.07650823737,0.0245101791,0.02723606525,0.0302937988,0.02972358678,0.04452565357,,0.1088269882,2006,2,3
2006-11-10,0,0.1690647482,0.09389174596,0.0915217034,0.07104029908,0.02228788912,0.02336582989,0.02665530619,0.02629537438,0.04041616712,,0.09901208524,2006,2,3
2006-11-13,0,0.1690647482,0.09605544936,0.09363086579,0.07276790734,0.02298387657,0.02492774714,0.02798255,0.02742217256,0.04182285833,,0.101982513,2006,2,3
2006-11-14,0,0.1690647482,0.085060179,0.08291278881,0.06401520471,0.01951716677,0.02310589477,0.02542062689,0.02428614555,0.03821092596,,0.1121301291,2006,2,3
2006-11-15,0,0.1690647482,0.07940297469,0.0773982358,0.05953856406,0.01780225332,0.01930359535,0.02183617834,0.02145290006,0.03405157219,,0.09796503517,2006,2,3
2006-11-16,0,0.1690647482,0.0750177591,0.07312361211,0.05608176258,0.01650567856,0.01902260305,0.02125686241,0.02028383337,0.03308443566,,0.1040668047,2006,2,3
2006-11-17,0,0.1690647482,0.07185101909,0.07003674305,0.05359299758,0.01558741151,0.01723106101,0.01959549477,0.01880755181,0.0311244159,,0.09938561177,2006,2,3
2006-11-20,0,0.1690647482,0.06957552104,0.06781864142,0.05180869723,0.01493703515,0.01646327631,0.01882185734,0.01823745252,0.03014449087,,0.09865774404,2006,2,3
2006-11-21,0,0.1690647482,0.06760431769,0.06589716191,0.05026580245,0.01438008661,0.01427151587,0.01682335165,0.01675300452,0.02781391796,,0.08565568196,2006,2,3
2006-11-22,0,0.1690647482,0.0744388107,0.07255926534,0.05562628311,0.01633666268,0.01697582617,0.01945574634,0.01906642471,0.03108632253,,0.08890421609,2006,2,3
2006-11-24,0,0.1690647482,0.09204656279,0.08972303473,0.06956899194,0.02169967142,0.02313562383,0.02581437095,0.02424174954,0.03903338168,,0.09250736611,2006,2,3
2006-11-27,0,0.1690647482,0.1423932312,0.1388013726,0.110303814,0.03946974827,0.03985265086,0.04361012971,0.04501762245,0.06028483784,,0.09456091334,2006,2,3
2006-11-28,0,0.1690647482,0.1201716394,0.117139369,0.09218205707,0.03118997061,0.03139582174,0.03497407133,0.03557778452,0.05042225371,,0.09216583972,2006,2,3
2006-11-29,0,0.1690647482,0.09512672947,0.09272555598,0.07202606687,0.02268431777,0.0251271697,0.02766033536,0.02724786124,0.04112093834,,0.1012228518,2006,2,3
2006-11-30,0,0.1690647482,0.09760792218,0.09514420699,0.07400900024,0.02348738216,0.02616157352,0.02865550365,0.02801791411,0.04227963092,,0.1044139685,2006,2,3
2006-12-01,0,0.1690647482,0.121466188,0.1184013085,0.09323194404,0.03165352058,0.03558475922,0.03789249969,0.03703496258,0.0529162951,,0.111074138,2006,2,3
2006-12-04,0,0.1690647482,0.1076683926,0.104951133,0.08208143405,0.02683325383,0.02888568854,0.03119664825,0.03115405448,0.04524461605,,0.1045331817,2006,2,3
2006-12-05,0,0.1690647482,0.1089396914,0.1061903973,0.08310507768,0.0272662318,0.02851596342,0.03074143456,0.03029738866,0.04470997184,,0.10175583,2006,2,3
2006-12-06,0,0.1690647482,0.1108517769,0.1080543039,0.08464614142,0.02792172453,0.02791140577,0.03045949631,0.03044303496,0.04461751262,,0.09450541734,2006,2,3
2006-12-07,0,0.1690647482,0.1546054968,0.1507062578,0.120348335,0.0443114085,0.04432377817,0.04655354772,0.04708275339,0.06283473651,,0.09741305987,2006,2,3
2006-12-08,0,0.1690647482,0.1348341181,0.1314325752,0.1041160918,0.03657640147,0.03712260396,0.03952017455,0.03955650654,0.0550073887,,0.09403862008,2006,2,3
2006-12-11,0,0.1690647482,0.09143349592,0.08912542293,0.06908055437,0.02150532028,0.02150144173,0.02417351622,0.0243385284,0.03711858035,,0.08498158958,2006,2,3
2006-12-12,0,0.1690647482,0.08960045328,0.08733859179,0.0676213757,0.02092745879,0.02202628733,0.02457105872,0.02422757311,0.03746423875,,0.08968206026,2006,2,3
2006-12-13,0,0.1690647482,0.07559808959,0.07368930635,0.05653854201,0.0166756061,0.01811604817,0.02050138374,0.01974714653,0.03229675257,,0.09230038521,2006,2,3
2006-12-14,0,0.1690647482,0.06957552104,0.06781864142,0.05180869723,0.01493703515,0.01605321238,0.01811616943,0.0182601499,0.02909233299,,0.09014123616,2006,2,3
2006-12-15,0,0.1690647482,0.07185101909,0.07003674305,0.05359299758,0.01558741151,0.01623114804,0.01840758722,0.01811700355,0.02956704053,,0.08536758872,2006,2,3
2006-12-18,0,0.1690647482,0.08808016233,0.0858566295,0.06641257162,0.0204518855,0.02171123557,0.02398258502,0.02374674595,0.0365792206,,0.09026898455,2006,2,3
2006-12-19,0,0.1690647482,0.07910832459,0.07711101615,0.0593059251,0.01771423244,0.0197617532,0.0218120299,0.02125617386,0.03370996649,,0.09473489692,2006,2,3
2006-12-20,0,0.1690647482,0.07793295641,0.07596528885,0.05837844755,0.0173644032,0.0178514621,0.02021873733,0.02015252848,0.03199422642,,0.08682521657,2006,2,3
2006-12-21,0,0.1690647482,0.08596322233,0.08379306313,0.06473152752,0.01979527273,0.02103190177,0.02350082452,0.02329456419,0.03609746403,,0.09089005205,2006,2,3
2006-12-22,0,0.1690647482,0.1118100521,0.1089884343,0.08541912716,0.02825216578,0.0275749779,0.03077844516,0.03186562176,0.04538364063,,0.08669726265,2006,2,3
2006-12-26,0,0.1690647482,0.108621605,0.1058803261,0.08284888293,0.02715768502,0.02582301332,0.02882586071,0.03015544237,0.04299958689,,0.08278763778,2006,2,3
2006-12-27,0,0.1690647482,0.08929586079,0.08704167838,0.06737908696,0.02083190825,0.02041943508,0.02296532942,0.02351446947,0.03558454169,,0.07924386914,2006,2,3
2006-12-28,0,0.1690647482,0.100103438,0.09757682425,0.07600661274,0.02430394507,0.02359562772,0.02633039614,0.02677876774,0.03982141855,,0.07933808742,2006,2,3
2006-12-29,0,0.1690647482,0.1182336394,0.1152501886,0.09061173404,0.03050037641,0.03034826726,0.03318517676,0.03354225147,0.04797870987,,0.08348902108,2006,2,3
2007-01-03,0,0.1583559988,0.13385079,0.1304740074,0.1033128815,0.03451181974,0.03778939635,0.03868008537,0.03725854521,0.04827585401,,0.1046336479,2007,3,3
2007-01-04,0,0.1583559988,0.1166223153,0.1136794568,0.08930740686,0.02841673773,0.03060380682,0.03194432914,0.03099212644,0.04105372582,,0.1031994207,2007,3,3
2007-01-05,0,0.1583559988,0.1371311174,0.1336717387,0.1059939027,0.03572056988,0.03634882826,0.03851316533,0.03833779188,0.0489449732,,0.09788734944,2007,3,3
2007-01-08,0,0.1583559988,0.1325407829,0.1291969873,0.102243456,0.03403341015,0.03573837453,0.03733917015,0.03655826552,0.0472776352,,0.1020173326,2007,3,3
2007-01-09,0,0.1583559988,0.1295981913,0.1263284972,0.09984389815,0.03296775306,0.03482453954,0.03650739993,0.03567465155,0.04635033047,,0.1033316713,2007,3,3
2007-01-10,0,0.1583559988,0.115335776,0.1124253291,0.08826683854,0.0279787035,0.02941317712,0.03116684394,0.03058185526,0.04043945638,,0.09805615838,2007,3,3
2007-01-11,0,0.1583559988,0.09636548733,0.09393308881,0.07301565995,0.021798298,0.02288847814,0.02462106749,0.02419622748,0.0329600553,,0.09473123377,2007,3,3
2007-01-12,0,0.1583559988,0.07472811127,0.07284126945,0.05585385969,0.01539839688,0.01581685578,0.01743313049,0.017503858,0.02449699016,,0.08907204777,2007,3,3
2007-01-16,0,0.1583559988,0.09235347403,0.09002220901,0.06981358848,0.02055865451,0.02091513591,0.02266041958,0.02251650997,0.03080445711,,0.08875847713,2007,3,3
2007-01-17,0,0.1583559988,0.08777691358,0.08556102626,0.06617160901,0.01917373559,0.01939060691,0.02118557931,0.02113386719,0.02910519612,,0.08575413166,2007,3,3
2007-01-18,0,0.1583559988,0.09574564271,0.09332886832,0.07252039015,0.02160522432,0.02161466018,0.02363436158,0.02379327519,0.03211126078,,0.08357825604,2007,3,3
2007-01-19,0,0.1583559988,0.08206901545,0.07999704735,0.06164589176,0.01749044288,0.0171449096,0.01917644802,0.0194251066,0.02690690527,,0.07858780392,2007,3,3
2007-01-22,0,0.1583559988,0.09327570026,0.0909211871,0.07054887422,0.02084149995,0.02143262269,0.02339514098,0.02319480066,0.03169994925,,0.08619429916,2007,3,3
2007-01-23,0,0.1583559988,0.0802888372,0.07826175909,0.06023830691,0.01697554105,0.01756030992,0.01938871106,0.01918997525,0.02690151423,,0.08595139567,2007,3,3
2007-01-24,0,0.1583559988,0.06732426802,0.06562417674,0.05004681691,0.01337317364,0.01366244055,0.01524435133,0.01530795654,0.02183251699,,0.08236734896,2007,3,3
2007-01-25,0,0.1583559988,0.1073510086,0.1046417466,0.08182599998,0.02531355481,0.02641790906,0.02834215773,0.02824660555,0.03733038439,,0.09133320827,2007,3,3
2007-01-26,0,0.1583559988,0.1045027762,0.1018652892,0.07953591552,0.02438523518,0.02535925071,0.02740124728,0.02708852792,0.03631202203,,0.09233772528,2007,3,3
2007-01-29,0,0.1583559988,0.1146933745,0.111799112,0.08774754233,0.02776087525,0.02854805937,0.03067192103,0.03045506702,0.04011678696,,0.09270008115,2007,3,3
2007-01-30,0,0.1583559988,0.09916598966,0.09666300348,0.07525582699,0.02267766393,0.02317610145,0.02517679091,0.02503583229,0.03381224066,,0.09063840873,2007,3,3
2007-01-31,0,0.1583559988,0.08266486367,0.08057787079,0.06211744821,0.01766386265,0.01950127053,0.02085865177,0.02018404657,0.02824509668,,0.09993070819,2007,3,3
2007-02-01,0,0.1583559988,0.07940297469,0.0773982358,0.05953856406,0.01672111236,0.01762939284,0.01904502394,0.0186011068,0.02627634192,,0.0936304155,2007,3,3
2007-02-02,1,0.1583559988,0.07271039695,0.07087444517,0.05426775076,0.01483794883,0.01518749568,0.01672276568,0.01656503118,0.02361598324,,0.08823071166,2007,3,3
2007-02-05,1,0.1583559988,0.08656667031,0.08438129628,0.0652104616,0.01881273176,0.01868337499,0.02037584289,0.02045680308,0.02817123972,,0.08240574316,2007,3,3
2007-02-06,1,0.1583559988,0.08960045328,0.08733859179,0.0676213757,0.01972181868,0.01969714213,0.02137683403,0.02141077368,0.02933643345,,0.0817915531,2007,3,3
2007-02-07,1,0.1583559988,0.07969794461,0.07768576727,0.05977150822,0.0168056976,0.01691356323,0.01851718982,0.01840990096,0.02586557927,,0.07836554322,2007,3,3
2007-02-08,1,0.1583559988,0.08326191738,0.08115986957,0.06259016808,0.01783817296,0.0182216707,0.01983124474,0.01954091729,0.02739235805,,0.08046083339,2007,3,3
2007-02-09,0,0.1583559988,0.1035567645,0.100943118,0.07877617245,0.02407951478,0.02574607305,0.02731714513,0.02670061713,0.03592834041,,0.09224239931,2007,3,3
2007-02-12,0,0.1583559988,0.1198483157,0.1168241899,0.09191995662,0.02952559231,0.02907014782,0.03139524251,0.03173817554,0.04122820163,,0.08552172034,2007,3,3
2007-02-13,1,0.1583559988,0.0802888372,0.07826175909,0.06023830691,0.01697554105,0.01780296519,0.01947515141,0.01922153823,0.02690031875,,0.08800862626,2007,3,3
2007-02-14,1,0.1583559988,0.0770548718,0.07510934871,0.0576861084,0.01605252799,0.0168229931,0.01829144963,0.01808396732,0.02541295662,,0.08797864025,2007,3,3
2007-02-15,1,0.1583559988,0.07676284156,0.07482468333,0.05745595838,0.01596996956,0.01590794364,0.01758637356,0.01767772303,0.0248018214,,0.0821470354,2007,3,3
2007-02-16,1,0.1583559988,0.0709949236,0.06920224103,0.05292130104,0.01436645523,0.01441312129,0.01608502876,0.01601593745,0.02294935518,,0.07784671198,2007,3,3
2007-02-20,1,0.1583559988,0.07734723549,0.07539433921,0.05791657415,0.01613531226,0.01692735249,0.01837484173,0.01807190917,0.02550202256,,0.08443340233,2007,3,3
2007-02-21,1,0.1583559988,0.07617978835,0.07425633457,0.05699661081,0.01580553083,0.01624136447,0.01782633388,0.01755278664,0.02495899655,,0.08253140966,2007,3,3
2007-02-22,1,0.1583559988,0.07559808959,0.07368930635,0.05653854201,0.0156419973,0.01668057225,0.01815627175,0.01766907935,0.02519765912,,0.08747178856,2007,3,3
2007-02-23,1,0.1583559988,0.08747393839,0.08526568975,0.06593091544,0.01908315506,0.01912454385,0.02108030762,0.02109179253,0.02907255902,,0.08321928557,2007,3,3
2007-02-26,1,0.1583559988,0.1051344113,0.1024810067,0.08004342947,0.02459008489,0.0257904174,0.0274759171,0.02687321446,0.03623645177,,0.09177314149,2007,3,3
2007-02-27,0,0.1583559988,0.3282889125,0.3200321467,0.2683543071,0.1341733226,0.1406783016,0.1389263405,0.1377712213,0.1483080651,,0.1339555579,2007,3,3
2007-02-28,0,0.1583559988,0.2438398909,0.2376982301,0.1953021656,0.08361189035,0.09052554923,0.09070307314,0.08796639846,0.1018750389,,0.1370710959,2007,3,3
2007-03-01,0,0.1583559988,0.2562237235,0.249771419,0.2058961253,0.09028913081,0.1028572605,0.1013001666,0.09588364695,0.111094307,,0.1603154528,2007,3,3
2007-03-02,0,0.1583559988,0.3363537488,0.3278954346,0.2754253708,0.1396442819,0.1435202935,0.1440830449,0.1430850688,0.1541414399,,0.1526184563,2007,3,3
2007-03-05,0,0.1583559988,0.3627719583,0.3536540576,0.2986971551,0.15840054,0.1655225625,0.1660908189,0.1630724849,0.174321,,0.1621173109,2007,3,3
2007-03-06,0,0.1583559988,0.260509138,0.2539493708,0.2095720758,0.09265681269,0.1047386785,0.104564466,0.09869101337,0.1147261671,,0.1672122605,2007,3,3
2007-03-07,0,0.1583559988,0.2382022687,0.2322020745,0.1904937135,0.08065240229,0.08506333158,0.08825327916,0.08604701006,0.1006203913,,0.1504855019,2007,3,3
2007-03-08,0,0.1583559988,0.2078556553,0.2026174567,0.164770881,0.06556609939,0.072282914,0.07427868913,0.07042059774,0.085786622,,0.149994752,2007,3,3
2007-03-09,0,0.1583559988,0.2013575287,0.196282601,0.159299388,0.06251750959,0.0683332735,0.0707801307,0.06776950442,0.08246718855,,0.1479936261,2007,3,3
2007-03-12,0,0.1583559988,0.1980967735,0.1931037884,0.1565588434,0.06101152251,0.0650647285,0.06800763427,0.06586884517,0.08003807724,,0.140825859,2007,3,3
2007-03-13,0,0.1583559988,0.3233853474,0.3152511683,0.2640627042,0.1309039393,0.1354486354,0.1381771535,0.1363793042,0.1490147313,,0.147454169,2007,3,3
2007-03-14,0,0.1583559988,0.2992887937,0.2917574534,0.2430598558,0.1154526686,0.1232685233,0.1244699344,0.121144094,0.1350588469,,0.156376362,2007,3,3
2007-03-15,0,0.1583559988,0.2747018307,0.2677862962,0.2217819367,0.1007107595,0.1028749692,0.106603872,0.1056488511,0.1192473987,,0.1451537324,2007,3,3
2007-03-16,0,0.1583559988,0.2853639078,0.2781812482,0.2309897461,0.1069790601,0.1103075165,0.1139859959,0.1126594275,0.126246985,,0.1481626661,2007,3,3
2007-03-19,0,0.1583559988,0.2175377281,0.2120563262,0.1729476609,0.07022642746,0.07517526414,0.07816885799,0.07581860389,0.09031511247,,0.1478882711,2007,3,3
2007-03-20,0,0.1583559988,0.1744412147,0.1700429514,0.1367818864,0.050556855,0.05273561644,0.05649105098,0.05587572602,0.06856950282,,0.1347167935,2007,3,3
2007-03-21,0,0.1583559988,0.1387738735,0.1352731343,0.1073381918,0.03633169382,0.04186407054,0.04342153443,0.04135385953,0.05328746382,,0.1438097701,2007,3,3
2007-03-22,0,0.1583559988,0.1632037632,0.1590881735,0.1274543185,0.04587701908,0.04826115425,0.05068403139,0.04975929439,0.0619590601,,0.1323005808,2007,3,3
2007-03-23,0,0.1583559988,0.1638652227,0.1597329917,0.1280021048,0.04614741546,0.04703437475,0.04982944317,0.04956168283,0.06141007566,,0.1255555621,2007,3,3
2007-03-26,0,0.1583559988,0.1708079329,0.1665010528,0.1337611998,0.04902372694,0.05328469369,0.05515866514,0.05349311737,0.06624900119,,0.1363628845,2007,3,3
2007-03-27,0,0.1583559988,0.1813668963,0.1767944689,0.1425525461,0.05353257234,0.05448534218,0.05753176953,0.05729797852,0.06965466719,,0.1279900669,2007,3,3
2007-03-28,0,0.1583559988,0.2299918721,0.224197757,0.1835072774,0.07643107574,0.07898695112,0.08153951741,0.07983519076,0.09398250378,,0.1320671518,2007,3,3
2007-03-29,0,0.1583559988,0.2350536149,0.2291324438,0.1878121294,0.07902114937,0.08224608539,0.08439348305,0.08235455776,0.0966431814,,0.1334253228,2007,3,3
2007-03-30,0,0.1583559988,0.2191431515,0.213621431,0.1743062569,0.07101291892,0.07785982446,0.07933564738,0.07612027291,0.09078127545,,0.1452998538,2007,3,3
2007-04-02,0,0.1583559988,0.215608004,0.2101750682,0.1713156599,0.06928625214,0.07061722965,0.07385852326,0.07297175245,0.08657028828,,0.1280455387,2007,3,3
2007-04-03,0,0.1583559988,0.1807080317,0.1761521715,0.1420028547,0.05324646427,0.057363848,0.05924023316,0.05684574812,0.07058569552,,0.1335211367,2007,3,3
2007-04-04,0,0.1583559988,0.1734506327,0.1690772832,0.1359578642,0.05013695706,0.05124975164,0.05413398057,0.05344000019,0.0659885414,,0.1217995104,2007,3,3
2007-04-05,0,0.1583559988,0.1731203833,0.1687553399,0.1356832203,0.04999728507,0.04996270682,0.05301400285,0.05304506713,0.06504012605,,0.1130805417,2007,3,3
2007-04-09,0,0.1583559988,0.1701470275,0.1658567713,0.1332122269,0.04874690883,0.04819949846,0.05138890422,0.05110003719,0.06343817854,,0.1047477689,2007,3,3
2007-04-10,0,0.1583559988,0.1549360828,0.1510285246,0.1206210365,0.04255057049,0.04071802259,0.04440085058,0.04505116867,0.05630585566,,0.09742216618,2007,3,3
2007-04-11,0,0.1583559988,0.1816962644,0.1771155551,0.1428273936,0.05367583685,0.05300460703,0.05653366357,0.05695760339,0.06901706445,,0.1007111588,2007,3,3
2007-04-12,0,0.1583559988,0.1559279338,0.1519954159,0.1214394646,0.04294443479,0.04453438619,0.04735011338,0.04678649722,0.05863217101,,0.1074553616,2007,3,3
2007-04-13,0,0.1583559988,0.1391026154,0.1355935996,0.1076073375,0.03645445388,0.03703917767,0.03995741239,0.03969680657,0.05078975224,,0.1021736249,2007,3,3
2007-04-16,0,0.1583559988,0.131886269,0.1285589551,0.1017094121,0.03379530539,0.03455351036,0.0368515861,0.03654372547,0.04712333449,,0.09998265252,2007,3,3
2007-04-17,0,0.1583559988,0.1371311174,0.1336717387,0.1059939027,0.03572056988,0.03585360275,0.03816108142,0.03799955475,0.04868728301,,0.09867713114,2007,3,3
2007-04-18,0,0.1583559988,0.1463486349,0.1426572076,0.1135507583,0.0391996271,0.04012912254,0.04205553184,0.04155623884,0.05271533713,,0.1011488333,2007,3,3
2007-04-19,0,0.1583559988,0.1503097338,0.1465186059,0.1168085176,0.04073213982,0.04184230738,0.04374494394,0.0428929493,0.05452252643,,0.101272951,2007,3,3
2007-04-20,0,0.1583559988,0.1348341181,0.1314325752,0.1041160918,0.03487254293,0.03844018824,0.03916178441,0.03718848309,0.04870940986,,0.1141803912,2007,3,3
2007-04-23,0,0.1583559988,0.166841404,0.1626343004,0.130468782,0.04737187183,0.04681790746,0.04858352962,0.04837603257,0.05998908025,,0.1020157892,2007,3,3
2007-04-24,0,0.1583559988,0.1694860412,0.1652124114,0.1326633416,0.04847069116,0.04921985032,0.05055743119,0.04983739927,0.06176751248,,0.1059881419,2007,3,3
2007-04-25,0,0.1583559988,0.1724598055,0.1681113767,0.1351339814,0.04971838382,0.0526383314,0.0523927449,0.05075544499,0.06292416877,,0.1140223848,2007,3,3
2007-04-26,0,0.1583559988,0.1585734008,0.1545743141,0.1236241787,0.04400187951,0.04340273861,0.04468747149,0.04463370772,0.05563680529,,0.1022313876,2007,3,3
2007-04-27,0,0.1583559988,0.1473384394,0.1436220977,0.11436424,0.0395804625,0.04040503298,0.04164664058,0.04085671916,0.0520725885,,0.1017729862,2007,3,3
2007-04-30,0,0.1583559988,0.2055850192,0.2004038682,0.16285747,0.06449363561,0.06241445844,0.0638563068,0.06512184476,0.07625911792,,0.1001348059,2007,3,3
2007-05-01,0,0.1583559988,0.1823548691,0.1777575997,0.1433770892,0.0539627854,0.05623032298,0.05683185356,0.05575145109,0.06798399884,,0.1092536237,2007,3,3
2007-05-02,0,0.1583559988,0.1681638493,0.1639234787,0.1315658549,0.04792006654,0.04786310369,0.04912730308,0.04913906266,0.060340296,,0.09872353951,2007,3,3
2007-05-03,0,0.1583559988,0.1684944229,0.1642457367,0.1318401894,0.04805749562,0.04696743527,0.04814750578,0.04824630684,0.05942369697,,0.0965145372,2007,3,3
2007-05-04,0,0.1583559988,0.1625422857,0.1584433383,0.1269066767,0.04560724782,0.045439973,0.04624623193,0.0460702438,0.05711171269,,0.0971857766,2007,3,3
2007-05-07,0,0.1583559988,0.1704774907,0.1661789222,0.1334867027,0.04888524298,0.04449051779,0.04645415971,0.04806473094,0.05835646981,,0.08750306908,2007,3,3
2007-05-08,0,0.1583559988,0.1724598055,0.1681113767,0.1351339814,0.04971838382,0.04758895248,0.04899229272,0.04943336364,0.06056245027,,0.08884609587,2007,3,3
2007-05-09,0,0.1583559988,0.1615500498,0.1574760668,0.1260854973,0.04520376815,0.04868939907,0.04842149632,0.04681242003,0.05856281742,,0.1098516408,2007,3,3
2007-05-10,0,0.1583559988,0.185316299,0.1806445707,0.1458506179,0.05526091899,0.05704947744,0.0577608944,0.05701767513,0.06907186375,,0.1098352316,2007,3,3
2007-05-11,0,0.1583559988,0.1638652227,0.1597329917,0.1280021048,0.04614741546,0.0455681634,0.04689556236,0.04753273884,0.0580387212,,0.1019938402,2007,3,3
2007-05-14,0,0.1583559988,0.1971171294,0.1921487644,0.1557361547,0.06056216577,0.06204736192,0.06196146136,0.06127700786,0.07330248035,,0.1108319762,2007,3,3
2007-05-15,0,0.1583559988,0.1987495126,0.1937401235,0.1571071741,0.06131172286,0.06308425504,0.06291453749,0.06207676681,0.07423068002,,0.1132186872,2007,3,3
2007-05-16,0,0.1583559988,0.1820255889,0.1774365989,0.1431022414,0.0538192413,0.05374967565,0.05415677252,0.05429746981,0.06545862705,,0.1041304996,2007,3,3
2007-05-17,0,0.1583559988,0.1823548691,0.1777575997,0.1433770892,0.0539627854,0.05265816444,0.05374551342,0.05414408915,0.06541406731,,0.09968974456,2007,3,3
2007-05-18,0,0.1583559988,0.157581277,0.1536071548,0.1228045442,0.0436041266,0.04441752479,0.0448625136,0.0440144894,0.05534545147,,0.1033345237,2007,3,3
2007-05-21,0,0.1583559988,0.175431533,0.1710083632,0.1376060311,0.05097806977,0.04878542931,0.04977448087,0.05046771485,0.06128241776,,0.09523424387,2007,3,3
2007-05-22,0,0.1583559988,0.1675026554,0.1632789174,0.1310172641,0.04764566427,0.04529420532,0.04673851214,0.04754729569,0.0581832846,,0.08956543902,2007,3,3
2007-05-23,0,0.1583559988,0.1734506327,0.1690772832,0.1359578642,0.05013695706,0.04966058665,0.05039681468,0.0501953227,0.06160855091,,0.09535455526,2007,3,3
2007-05-24,0,0.1583559988,0.2010317891,0.1959650468,0.1590254632,0.06236635295,0.06460340908,0.06456266254,0.06378003968,0.07591302615,,0.109159207,2007,3,3
2007-05-25,0,0.1583559988,0.1767515155,0.1722951496,0.1387050523,0.05154172429,0.05116868477,0.05241508078,0.05230321862,0.06390244404,,0.1009565035,2007,3,3
2007-05-29,0,0.1583559988,0.1830132943,0.1783994696,0.1439267819,0.05425029139,0.05397955879,0.0547344008,0.05476111091,0.06620522571,,0.1027109839,2007,3,3
2007-05-30,0,0.1583559988,0.1598963236,0.1558639496,0.1247176679,0.04453446098,0.04725020806,0.04706878179,0.04623507613,0.05725040206,,0.11118315,2007,3,3
2007-05-31,0,0.1583559988,0.1671720365,0.1629566155,0.1307430091,0.04750869168,0.04674734745,0.04766772838,0.04804519081,0.05877573532,,0.1019688893,2007,3,3
2007-06-01,0,0.1583559988,0.158242685,0.1542519199,0.12335092,0.04386913441,0.04426987855,0.04473251078,0.04427241297,0.05527526778,,0.09966045882,2007,3,3
2007-06-04,0,0.1583559988,0.1751014573,0.1706865889,0.1373313036,0.05083751902,0.05032912615,0.05061081783,0.05058909467,0.06170693366,,0.09897017447,2007,3,3
2007-06-05,0,0.1583559988,0.1863025584,0.1816060342,0.1466750433,0.05569610247,0.05500022079,0.05542671401,0.05555144174,0.06690686257,,0.09995460101,2007,3,3
2007-06-06,0,0.1583559988,0.2264953992,0.2207890636,0.1805380259,0.07466509011,0.07151473585,0.07253256736,0.07352948834,0.08523957702,,0.09755918669,2007,3,3
2007-06-07,0,0.1583559988,0.293238038,0.2858581822,0.2378089241,0.1117303138,0.1136214017,0.1128171963,0.1127883628,0.1241271353,,0.121080842,2007,3,3
2007-06-08,0,0.1583559988,0.2255395437,0.219857207,0.1797269298,0.07418558841,0.07685941845,0.07691847034,0.07625980356,0.08858789171,,0.1207010398,2007,3,3
2007-06-11,0,0.1583559988,0.2213865581,0.2158085005,0.1762060526,0.07211854076,0.07243893153,0.07330372747,0.0734212142,0.08547505991,,0.1144889059,2007,3,3
2007-06-12,0,0.1583559988,0.2818304035,0.2747362577,0.2279348881,0.1048807587,0.1062472027,0.1059592492,0.1056642327,0.1176477435,,0.1231669742,2007,3,3
2007-06-13,0,0.1583559988,0.2220266193,0.2164324891,0.1767483565,0.07243539323,0.07808903607,0.07683282903,0.0746439951,0.08769860153,,0.1316362185,2007,3,3
2007-06-14,0,0.1583559988,0.1866312082,0.1819264215,0.1469498376,0.05584143585,0.05616464441,0.05726320611,0.05740807884,0.06888903201,,0.1142381402,2007,3,3
2007-06-15,0,0.1583559988,0.1964636823,0.19151174,0.1551875728,0.06026322706,0.06269189104,0.06222801177,0.06018788154,0.07333125743,,0.118642827,2007,3,3
2007-06-18,0,0.1583559988,0.1793898065,0.1748670943,0.1409035025,0.05267594009,0.05222505097,0.05349228758,0.05353701592,0.06506738889,,0.1101354787,2007,3,3
2007-06-19,0,0.1583559988,0.1605578092,0.1565087915,0.1252646749,0.04480170824,0.04541007682,0.04668234828,0.04639103265,0.05760078427,,0.1083967194,2007,3,3
2007-06-20,0,0.1583559988,0.2201052152,0.2145593346,0.1751207806,0.07148611337,0.07142971122,0.07278341216,0.07384156119,0.08513829,,0.108344759,2007,3,3
2007-06-21,0,0.1583559988,0.2052603094,0.2000873167,0.1625839769,0.06434090188,0.06614181002,0.06679967249,0.06639110457,0.07849777198,,0.1143253176,2007,3,3
2007-06-22,0,0.1583559988,0.2540713438,0.2476730202,0.2040517631,0.08911106202,0.09001344303,0.09052733157,0.09060845202,0.1026843634,,0.1185582488,2007,3,3
2007-06-25,0,0.1583559988,0.2812394835,0.2741601416,0.2274243329,0.1045318847,0.1072514486,0.1068389317,0.106027719,0.1182836676,,0.1286866097,2007,3,3
2007-06-26,0,0.1583559988,0.3437594634,0.3351161501,0.2819323351,0.1447720399,0.1395173674,0.1405450608,0.1442697909,0.1521598222,,0.1246428411,2007,3,3
2007-06-27,0,0.1583559988,0.2472656248,0.2410380159,0.1982284643,0.08543466655,0.08726176382,0.08820558697,0.08870739606,0.1003470054,,0.1257815029,2007,3,3
2007-06-28,0,0.1583559988,0.2475763082,0.2413409051,0.1984940172,0.08560089322,0.08834067751,0.08909816077,0.08833259371,0.1010538219,,0.1282133743,2007,3,3
2007-06-29,0,0.1583559988,0.2686995028,0.2619344027,0.2166115599,0.09726452778,0.1030051476,0.101918978,0.099808562,0.112844592,,0.1378780852,2007,3,3
2007-07-02,0,0.1583559988,0.2432154257,0.2370894334,0.194769099,0.08328161713,0.08284779893,0.08360940886,0.08426544153,0.09601502206,,0.1237406223,2007,3,4
2007-07-03,0,0.1583559988,0.2280863406,0.2223400628,0.1818886274,0.07546629911,0.07346565172,0.07492725045,0.07535505447,0.08764792131,,0.1180109271,2007,3,4
2007-07-05,0,0.1583559988,0.2457103336,0.239521744,0.1968995066,0.08460482539,0.08242425403,0.08347239734,0.08436528127,0.09621023649,,0.1180836632,2007,3,4
2007-07-06,1,0.1583559988,0.2217066398,0.2161205446,0.1764772325,0.07227691398,0.07233621954,0.07299842186,0.07306547949,0.08514409218,,0.118039076,2007,3,4
2007-07-09,1,0.1583559988,0.2356842782,0.2297472784,0.188349011,0.07934664534,0.07377058719,0.07567941369,0.07788380547,0.08906167996,,0.1011585798,2007,3,4
2007-07-10,0,0.1583559988,0.307819731,0.3000748861,0.2504789244,0.1208073474,0.1164252492,0.1168571992,0.1186528991,0.1292364545,,0.1129173378,2007,3,4
2007-07-11,1,0.1583559988,0.2809437796,0.2738718458,0.2271688789,0.1043575218,0.09862635531,0.0997871785,0.1029137019,0.1129735501,,0.1088186209,2007,3,4
2007-07-12,1,0.1583559988,0.2475763082,0.2413409051,0.1984940172,0.08560089322,0.08608502735,0.08450328642,0.08518968428,0.09614070081,,0.1173777484,2007,3,4
2007-07-13,1,0.1583559988,0.2353690044,0.2294399175,0.188080605,0.07918384982,0.07710268151,0.07669940639,0.07780713033,0.08893166119,,0.1109474949,2007,3,4
2007-07-16,1,0.1583559988,0.2491278386,0.2428535134,0.1998205756,0.08643330573,0.0825599,0.08217120387,0.08400571544,0.09473136661,,0.1080619645,2007,3,4
2007-07-17,1,0.1583559988,0.2503667861,0.244061382,0.2008803605,0.08710075652,0.08091843904,0.08141280945,0.0842757064,0.09453826735,,0.1016834469,2007,3,4
2007-07-18,1,0.1583559988,0.2617287511,0.2551384038,0.210619158,0.09333605226,0.09183974742,0.09052505554,0.09119125501,0.1025250082,,0.111396412,2007,3,4
2007-07-19,1,0.1583559988,0.2378879307,0.2318956252,0.1902258758,0.08048885513,0.07832698851,0.07802580453,0.07789938309,0.09032018775,,0.1070328932,2007,3,4
2007-07-20,1,0.1583559988,0.2900428853,0.2827430391,0.235039915,0.109789762,0.1076156452,0.1062021228,0.1074629829,0.1180773132,,0.1153023914,2007,3,4
2007-07-23,1,0.1583559988,0.2859507472,0.2787533886,0.2314974081,0.107329564,0.1058201184,0.1039973585,0.1040632808,0.115717272,,0.1180246002,2007,3,4
2007-07-24,1,0.1583559988,0.3347515131,0.3263332334,0.2740193148,0.1385480226,0.1440083159,0.1403853993,0.1382833018,0.149371343,,0.1416656892,2007,3,4
2007-07-25,1,0.1583559988,0.3225633947,0.3144497671,0.2633439065,0.1303601054,0.1338067428,0.131349499,0.1296488828,0.141338585,,0.1408647791,2007,3,4
2007-07-26,0,0.1583559988,0.3897982713,0.380006695,0.3226733326,0.1789567554,0.1904638949,0.1869953114,0.182248472,0.1920716019,,0.1692041949,2007,3,4
2007-07-27,0,0.1583559988,0.4628747507,0.4512683584,0.3883271034,0.2419458923,0.2411910239,0.2428050676,0.2448700889,0.2455592697,,0.1668858034,2007,3,4
2007-07-30,0,0.1583559988,0.3928492748,0.3829817226,0.3253905258,0.1813669221,0.1872042834,0.1868931307,0.1847619438,0.1935093991,,0.1691876483,2007,3,4
2007-07-31,0,0.1583559988,0.4501507674,0.4388595568,0.3768105158,0.2301657568,0.2397394061,0.2377324117,0.2345647107,0.238777917,,0.1848558681,2007,3,4
2007-08-01,0,0.1583559988,0.4531308953,0.4417658309,0.3795046681,0.2328931462,0.2384779327,0.2360921848,0.2343134022,0.2377321975,,0.1830292021,2007,3,4
2007-08-02,0,0.1583559988,0.4009471698,0.3908780429,0.3326126676,0.1878538367,0.1937979782,0.1928210291,0.1908657897,0.1987703034,,0.1755871437,2007,3,4
2007-08-03,0,0.1583559988,0.481336821,0.4692738195,0.4051003506,0.259674741,0.262798263,0.2654796717,0.266320771,0.2655854619,,0.1850189909,2007,3,4
2007-08-06,0,0.1583559988,0.4383734493,0.4273743007,0.3661824851,0.2195746643,0.2330119196,0.2299486705,0.2253862397,0.2310072803,,0.1992787081,2007,3,4
2007-08-07,0,0.1583559988,0.4086536547,0.3983928054,0.3394994739,0.1941497023,0.2073290451,0.2033060537,0.1988111174,0.2066528894,,0.1979346208,2007,3,4
2007-08-08,1,0.1583559988,0.4061775158,0.3959782561,0.3372852457,0.192113688,0.2045748932,0.1969698039,0.1925551115,0.2001157895,,0.1992932036,2007,3,4
2007-08-09,0,0.1583559988,0.5043433811,0.4917126697,0.4261066939,0.2828472998,0.2959535869,0.2898211542,0.2836998352,0.2838224689,,0.2189385882,2007,3,4
2007-08-10,0,0.1583559988,0.5333289775,0.5199853524,0.4527374125,0.3137965152,0.320423954,0.3155882001,0.3123599119,0.3077424643,,0.2197667793,2007,3,4
2007-08-13,0,0.1583559988,0.5058487373,0.4931809339,0.427485209,0.2844060267,0.2900926063,0.286933606,0.2819986358,0.2829144395,,0.2141129485,2007,3,4
2007-08-14,0,0.1583559988,0.523789682,0.5106803687,0.4439527144,0.3033916063,0.3030741543,0.3061894827,0.3073294551,0.3022379433,,0.2097355571,2007,3,4
2007-08-15,0,0.1583559988,0.5669104723,0.5527447523,0.483823398,0.3521721934,0.3535028556,0.357666687,0.3571984422,0.3476179185,,0.2218287142,2007,3,4
2007-08-16,0,0.1583559988,0.5690250238,0.5548076965,0.485789289,0.354680811,0.3694349494,0.3659321129,0.3600374532,0.3513397285,,0.2481252499,2007,3,4
2007-08-17,0,0.1583559988,0.5577171669,0.5437760463,0.4752881645,0.3413933569,0.3638868787,0.3515096073,0.3397438798,0.3356029377,,0.2700716672,2007,3,4
2007-08-20,0,0.1583559988,0.5018170037,0.4892485578,0.4237943038,0.2802431823,0.289775353,0.2875709699,0.2829820216,0.2832148119,,0.2459107475,2007,3,4
2007-08-21,0,0.1583559988,0.4829624033,0.47085924,0.4065808033,0.2612723821,0.2691644365,0.2684590262,0.2645445742,0.2668000043,,0.2406679604,2007,3,4
2007-08-22,0,0.1583559988,0.4373388896,0.4263654112,0.3652503442,0.2186584915,0.2319724967,0.2290595896,0.2215202337,0.2302572735,,0.2403980849,2007,3,4
2007-08-23,0,0.1583559988,0.4316987742,0.4208652822,0.3601727469,0.2137037136,0.2247310402,0.2233709962,0.2173528958,0.2257943964,,0.2266769496,2007,3,4
2007-08-24,0,0.1583559988,0.3893267736,0.37954694,0.3222536104,0.1785859357,0.1780413406,0.1797942063,0.1813351729,0.1883484318,,0.1843197426,2007,3,4
2007-08-27,0,0.1583559988,0.4337983054,0.4229126957,0.3620620586,0.2155402618,0.2115904149,0.2143119316,0.2157974103,0.2205727782,,0.1812150024,2007,3,4
2007-08-28,0,0.1583559988,0.5013090767,0.4887531516,0.4233295676,0.2797214125,0.2721267342,0.2785479379,0.2830507297,0.2795116953,,0.1876624962,2007,3,4
2007-08-29,0,0.1583559988,0.4558884153,0.4444550321,0.3819993119,0.2354340096,0.2351107609,0.2360404956,0.2375112877,0.2392608287,,0.1895424021,2007,3,4
2007-08-30,0,0.1583559988,0.4795204942,0.4675023754,0.4034468662,0.2578966957,0.2554867927,0.2561935055,0.2565164054,0.2575297515,,0.1899521131,2007,3,4
2007-08-31,0,0.1583559988,0.4473451542,0.4361234911,0.3742759161,0.2276156608,0.2328923233,0.2304436053,0.2260385439,0.2326714523,,0.198613294,2007,3,4
2007-09-04,0,0.1583559988,0.4350520768,0.4241353485,0.363190759,0.2166414323,0.2202502729,0.2162493304,0.2151675432,0.2196843379,,0.1965508516,2007,3,4
2007-09-05,0,0.1583559988,0.4706518164,0.4588529734,0.3953836684,0.2493214078,0.2457138729,0.2440400408,0.2435523084,0.2462213799,,0.1911670687,2007,3,4
2007-09-06,0,0.1583559988,0.4594002685,0.4478799035,0.3851787939,0.2386939823,0.232390501,0.2319166897,0.2332617747,0.2359693365,,0.1827341885,2007,3,4
2007-09-07,0,0.1583559988,0.5001205345,0.4875939109,0.4222423118,0.2785028123,0.277486212,0.2766185729,0.2729897141,0.2751622403,,0.1948661034,2007,3,4
2007-09-10,0,0.1583559988,0.5190523449,0.5060595106,0.4395975722,0.2983047884,0.2911908364,0.2913823719,0.2930379915,0.2892876017,,0.1900123375,2007,3,4
2007-09-11,0,0.1583559988,0.4833224794,0.471210421,0.4069088105,0.261627078,0.2480157094,0.2495546786,0.2545241126,0.2532198715,,0.1733419844,2007,3,4
2007-09-12,0,0.1583559988,0.4776934754,0.4657205123,0.4017843759,0.2561156855,0.2435354959,0.2444484149,0.2485514109,0.2483616365,,0.1705944314,2007,3,4
2007-09-13,0,0.1583559988,0.4740070246,0.4621252009,0.3984321235,0.2525449022,0.2417388053,0.2401286794,0.2423882356,0.243634148,,0.1707588113,2007,3,4
2007-09-14,0,0.1583559988,0.4769596705,0.4650048463,0.4011168578,0.2554024734,0.2433470429,0.2420117248,0.2450324609,0.2455481221,,0.1648865038,2007,3,4
2007-09-17,0,0.1583559988,0.5043433811,0.4917126697,0.4261066939,0.2828472998,0.2587200188,0.2607369277,0.2681898092,0.2646295998,,0.1516741754,2007,3,4
2007-09-18,0,0.1583559988,0.3805030669,0.3709430561,0.3144082026,0.1717269972,0.1783364338,0.1719895429,0.1702137827,0.178177992,,0.1689237697,2007,3,4
2007-09-19,0,0.1583559988,0.3727148883,0.3633490082,0.3074983539,0.1657990964,0.1667083619,0.1615579615,0.160433259,0.1695110295,,0.1531662595,2007,3,4
2007-09-20,0,0.1583559988,0.38290695,0.373287039,0.3165437982,0.1735804877,0.1632080987,0.1630638514,0.1683745823,0.173645922,,0.1397496074,2007,3,4
2007-09-21,0,0.1583559988,0.3466369372,0.3379217635,0.2844641388,0.1467915251,0.1487690325,0.1464937877,0.144665275,0.1559554735,,0.1505219905,2007,3,4
2007-09-24,0,0.1583559988,0.3561839859,0.3472304737,0.2928783712,0.1536017164,0.1512429541,0.1503592604,0.1513955593,0.1605283895,,0.1457919529,2007,3,4
2007-09-25,0,0.1583559988,0.3360870656,0.3276354146,0.2751912976,0.1394614928,0.1378269735,0.1385325313,0.1376274822,0.1496817188,,0.1385660345,2007,3,4
2007-09-26,0,0.1583559988,0.3095098509,0.3017227175,0.2519509397,0.1218831207,0.1228689363,0.1231424043,0.1213449769,0.1345162723,,0.1388375858,2007,3,4
2007-09-27,0,0.1583559988,0.2914974131,0.2841611427,0.2363001235,0.1106710187,0.1104276685,0.1109697461,0.1093368396,0.1229860886,,0.1362597171,2007,3,4
2007-09-28,0,0.1583559988,0.3198137252,0.3117688544,0.2609405264,0.1285495313,0.1243164484,0.1254215828,0.1262222166,0.137642378,,0.1304747489,2007,3,4
2007-10-01,0,0.1583559988,0.3153831169,0.3074490556,0.2570718252,0.1256601966,0.1246354133,0.1226987003,0.1232144054,0.1337870936,,0.1339598116,2007,3,4
2007-10-02,0,0.1583559988,0.333143973,0.3247658639,0.2726092267,0.1374528041,0.1271127736,0.1275282733,0.1312228054,0.1402825093,,0.1212491165,2007,3,4
2007-10-03,0,0.1583559988,0.3413917916,0.332807616,0.2798505725,0.1431217541,0.1362579692,0.1354947234,0.1379262138,0.1471065114,,0.1228932105,2007,3,4
2007-10-04,0,0.1583559988,0.3318002457,0.3234557174,0.2714310272,0.1365409019,0.1242809574,0.1257232256,0.1300235585,0.1390887382,,0.1132213501,2007,3,4
2007-10-05,0,0.1583559988,0.2888765912,0.2816059529,0.2340298282,0.1090857154,0.1090835472,0.1069042797,0.1060543475,0.1182647719,,0.1257326216,2007,3,4
2007-10-08,0,0.1583559988,0.304707189,0.297040232,0.2477699228,0.1188391424,0.1104619714,0.1112497644,0.1133699375,0.1244361834,,0.1138796333,2007,3,4
2007-10-09,0,0.1583559988,0.2653746829,0.2586929279,0.213751739,0.09538093006,0.09424170352,0.0933065959,0.09324980662,0.1053479706,,0.118947194,2007,3,4
2007-10-10,1,0.1583559988,0.2818304035,0.2747362577,0.2279348881,0.1048807587,0.1002930538,0.09996839065,0.100930159,0.1125814635,,0.1133145662,2007,3,4
2007-10-11,1,0.1583559988,0.3434969846,0.3348602269,0.281701486,0.1445885834,0.146338733,0.1406922763,0.1396457976,0.1496584209,,0.135562932,2007,3,4
2007-10-12,1,0.1583559988,0.3123148692,0.3044575591,0.2543955559,0.1236795018,0.1146085548,0.1139536427,0.1180834207,0.1267523192,,0.117036962,2007,3,4
2007-10-15,1,0.1583559988,0.3531098081,0.3442330273,0.2901666123,0.1513902981,0.1496873585,0.1454764752,0.1463472137,0.1549945137,,0.1332902006,2007,3,4
2007-10-16,1,0.1583559988,0.3724691151,0.3631093628,0.307280526,0.1656139356,0.1555794152,0.1547864282,0.1582047677,0.1657041885,,0.1256930958,2007,3,4
2007-10-17,1,0.1583559988,0.3344840128,0.3260724174,0.2737846279,0.1383654503,0.1440308773,0.1399896754,0.1370539464,0.1488649025,,0.1469622231,2007,3,4
2007-10-18,1,0.1583559988,0.3334122749,0.325027461,0.27284453,0.1376352737,0.1348157245,0.1346590908,0.1342617015,0.1459362771,,0.1305363592,2007,3,4
2007-10-19,0,0.1583559988,0.4387863504,0.4277769572,0.3665545761,0.2199409524,0.2355162257,0.2288584914,0.2228832045,0.228896304,,0.1872959903,2007,3,4
2007-10-22,0,0.1583559988,0.4104443254,0.4001389433,0.3411015961,0.1956298632,0.1972451028,0.1958544285,0.1954652414,0.2020172721,,0.170303721,2007,3,4
2007-10-23,1,0.1583559988,0.381947085,0.3723510909,0.3156909009,0.1728390403,0.1786226612,0.1756811713,0.1725035959,0.1825324433,,0.1733973419,2007,3,4
2007-10-24,1,0.1583559988,0.3912093183,0.3813826022,0.3239297339,0.1800691314,0.1900260323,0.1855869149,0.181368717,0.1907520039,,0.1814073015,2007,3,4
2007-10-25,1,0.1583559988,0.3998006484,0.389760054,0.3315892363,0.1869274234,0.194037567,0.1893512463,0.1864094039,0.1945309089,,0.1806385655,2007,3,4
2007-10-26,1,0.1583559988,0.3610080088,0.3519341173,0.2971381616,0.1571076195,0.1622759888,0.1581148814,0.1546124393,0.1659752234,,0.1640263258,2007,3,4
2007-10-29,1,0.1583559988,0.3687655856,0.3594981839,0.3039997947,0.1628378074,0.156660319,0.1551016837,0.1566899086,0.1653030025,,0.1495691848,2007,3,4
2007-10-30,1,0.1583559988,0.3974972901,0.3875140243,0.3295340633,0.1850742361,0.1779693698,0.1764285506,0.1774891265,0.1852580995,,0.1504062335,2007,3,4
2007-10-31,1,0.1583559988,0.3342163094,0.3258114035,0.2735497802,0.138182869,0.1445901088,0.1405457857,0.137061917,0.1492905542,,0.1598491699,2007,3,4
2007-11-01,1,0.1583559988,0.4439067116,0.4327703071,0.3711719788,0.224513518,0.2232226584,0.2200341916,0.2198433545,0.2239385102,,0.1641700735,2007,3,4
2007-11-02,1,0.1583559988,0.4398165703,0.4287816178,0.3674831356,0.2208564533,0.2218531258,0.2179663904,0.2169322224,0.2216037482,,0.1691711293,2007,3,4
2007-11-05,1,0.1583559988,0.4655515728,0.4538789231,0.3907544384,0.2444693828,0.2464998364,0.2425987359,0.2395316669,0.2436688658,,0.1799224984,2007,3,4
2007-11-06,1,0.1583559988,0.4048199554,0.3946544675,0.3360718646,0.1910027102,0.195330398,0.1915767978,0.1890870968,0.1971645306,,0.1778727096,2007,3,4
2007-11-07,0,0.1583559988,0.5045110292,0.4918761866,0.4262601914,0.2830206309,0.2857949853,0.2833923013,0.2815715803,0.2803247862,,0.1930016889,2007,3,4
2007-11-08,0,0.1583559988,0.4989271458,0.4864299473,0.4211509335,0.2772825294,0.280493759,0.2803711659,0.2785883005,0.2781370586,,0.1961904573,2007,3,4
2007-11-09,0,0.1583559988,0.5363359181,0.5229185015,0.4555106591,0.3171214111,0.3167881599,0.3198071466,0.3180337487,0.3142342368,,0.2014159498,2007,3,4
2007-11-12,0,0.1583559988,0.572422736,0.5581225273,0.4889502565,0.3587348015,0.3473535611,0.3546906994,0.3594641152,0.3473859226,,0.1958640779,2007,3,4
2007-11-13,0,0.1583559988,0.4615279727,0.4499549228,0.3871064423,0.2406822361,0.2493349991,0.2484591522,0.2444854571,0.2487967539,,0.203889754,2007,3,4
2007-11-14,0,0.1583559988,0.495144799,0.482740889,0.4176939588,0.2734366495,0.2755191613,0.2751890802,0.2735972491,0.273627234,,0.199688802,2007,3,4
2007-11-15,0,0.1583559988,0.5296758375,0.5164219057,0.449370878,0.3097862316,0.3104975572,0.3131751425,0.311868335,0.3081681348,,0.2049025019,2007,3,4
2007-11-16,0,0.1583559988,0.4872555862,0.4750463898,0.4104934744,0.2655205691,0.263741726,0.2701644336,0.2699585523,0.2713153762,,0.1929569018,2007,3,4
2007-11-19,0,0.1583559988,0.496353508,0.4839197817,0.4187983498,0.2746620791,0.2687736165,0.2809597836,0.2837156249,0.2828836045,,0.1888286696,2007,3,4
2007-11-20,0,0.1583559988,0.4762240984,0.4642874582,0.4004478504,0.2546887577,0.2606466962,0.2682865972,0.2653621689,0.2689327006,,0.1946338936,2007,3,4
2007-11-21,0,0.1583559988,0.5103182637,0.4975403725,0.4315810591,0.2890651317,0.2886700863,0.3036877229,0.3020195672,0.3029826214,,0.1943254343,2007,3,4
2007-11-23,0,0.1583559988,0.4893796876,0.4771180489,0.4124308031,0.2676379086,0.2660474739,0.2766073344,0.2747186989,0.2780507502,,0.1886199935,2007,3,4
2007-11-26,0,0.1583559988,0.5423961124,0.5288300785,0.4611059555,0.3238884877,0.3191247808,0.3354270375,0.3391957033,0.3318321488,,0.1952480806,2007,3,4
2007-11-27,0,0.1583559988,0.5009700137,0.4884224472,0.4230193677,0.2793734414,0.2782501534,0.2919547222,0.2919720707,0.2923798567,,0.1941862958,2007,3,4
2007-11-28,0,0.1583559988,0.4617207315,0.4501429092,0.3872811261,0.2408628531,0.2479348218,0.2506083161,0.247811778,0.2517886901,,0.1979028104,2007,3,4
2007-11-29,0,0.1583559988,0.4590118982,0.4475011508,0.3848270469,0.2383321387,0.2351757854,0.2413627871,0.2425002658,0.2457210158,,0.1842895169,2007,3,4
2007-11-30,0,0.1583559988,0.4369242573,0.4259610676,0.3648768257,0.2182919453,0.2304186564,0.2299529646,0.2233748661,0.2318052256,,0.2043521427,2007,3,4
2007-12-03,0,0.1583559988,0.4519420586,0.4406064537,0.3784296792,0.2318028211,0.2251335582,0.2320468546,0.2336564992,0.2380000697,,0.1805470001,2007,3,4
2007-12-04,0,0.1583559988,0.4554959255,0.4440722653,0.3816441365,0.2350713457,0.2331278085,0.2413312333,0.2394796884,0.2460443907,,0.1839195654,2007,3,4
2007-12-05,0,0.1583559988,0.4297983902,0.4190120802,0.3584634841,0.212049382,0.2159445185,0.2186196795,0.2130589438,0.2234304656,,0.1847269088,2007,3,4
2007-12-06,1,0.1583559988,0.3949476875,0.3850278902,0.3272605785,0.183035309,0.1846013694,0.1861323765,0.1858742828,0.1938430154,,0.1770082759,2007,3,4
2007-12-07,1,0.1583559988,0.3923814012,0.382525499,0.3249737049,0.1809961231,0.173423193,0.1782166599,0.1802007662,0.1886178854,,0.1566072121,2007,3,4
2007-12-10,1,0.1583559988,0.3897982713,0.380006695,0.3226733326,0.1789567554,0.1735502239,0.1758127419,0.1775324547,0.1854502777,,0.1567979123,2007,3,4
2007-12-11,1,0.1583559988,0.4515448082,0.4402190478,0.3780705403,0.2314391726,0.2353072147,0.2389231773,0.2395787704,0.2419674764,,0.1800992165,2007,3,4
2007-12-12,1,0.1583559988,0.4285257283,0.4177710197,0.3573192612,0.2109457445,0.2331931557,0.2291318204,0.2185536159,0.2288550643,,0.220216067,2007,3,4
2007-12-13,1,0.1583559988,0.4304329465,0.4196308812,0.3590341342,0.2126009336,0.2217689941,0.2227446003,0.2177736654,0.2260407416,,0.205069723,2007,3,4
2007-12-14,1,0.1583559988,0.4451242852,0.4339576871,0.3722708043,0.2256090973,0.2339096219,0.2384361281,0.2335453902,0.2411654038,,0.2063437113,2007,3,4
2007-12-17,1,0.1583559988,0.4695254626,0.4577544829,0.3943608449,0.2482448992,0.248259791,0.2588557294,0.2590389339,0.262057211,,0.1992785669,2007,3,4
2007-12-18,1,0.1583559988,0.432119652,0.4212757116,0.3605514053,0.2140711274,0.2257125899,0.2328216923,0.2262299521,0.2362997848,,0.2072218748,2007,3,4
2007-12-19,1,0.1583559988,0.4113364785,0.4010089114,0.3419000784,0.1963697555,0.1986065185,0.2096018165,0.2080193557,0.217597726,,0.1797810307,2007,3,4
2007-12-20,1,0.1583559988,0.3860107838,0.3763135454,0.319303183,0.1759903898,0.1813635276,0.1905563083,0.1867834521,0.1993386191,,0.1804161844,2007,3,4
2007-12-21,1,0.1583559988,0.3326068935,0.3242422062,0.2721382552,0.1370879317,0.1453862969,0.1517081265,0.1460447728,0.1621756706,,0.178060543,2007,3,4
2007-12-24,1,0.1583559988,0.3360870656,0.3276354146,0.2751912976,0.1394614928,0.1418752653,0.1482389666,0.1455006493,0.1597805297,,0.1677726124,2007,3,4
2007-12-26,1,0.1583559988,0.3376847634,0.3291931941,0.2765938845,0.1405585124,0.139677407,0.146569552,0.1459757347,0.1588218479,,0.157194898,2007,3,4
2007-12-27,1,0.1583559988,0.3783274369,0.3688216467,0.3124765288,0.170059205,0.166701843,0.1760592341,0.1768924178,0.187281072,,0.1555985744,2007,3,4
2007-12-28,1,0.1583559988,0.3897982713,0.380006695,0.3226733326,0.1789567554,0.1763811881,0.1857686809,0.1856941763,0.1961074329,,0.1556328297,2007,3,4
2007-12-31,1,0.1583559988,0.4291626303,0.4183921065,0.3578918412,0.2114976332,0.1987222263,0.2116462864,0.2169374192,0.2219899504,,0.1449201785,2007,3,4
2008-01-02,1,0.1601123596,0.4430926034,0.4319763892,0.3704374516,0.2249712304,0.2242864806,0.235801939,0.2363481095,0.2431585065,,0.165184617,2008,3,4
2008-01-03,1,0.1601123596,0.4289504637,0.4181852082,0.3577010918,0.2143120541,0.2073735368,0.2221865732,0.226200888,0.236142988,,0.1538275261,2008,3,4
2008-01-04,1,0.1601123596,0.4584285447,0.4469322444,0.3842987659,0.2368672467,0.2367390695,0.2557790258,0.2560199653,0.2624812129,,0.1725087841,2008,3,4
2008-01-07,1,0.1601123596,0.4554959255,0.4440722653,0.3816441365,0.2345647735,0.2325159935,0.2526370732,0.2540040168,0.2612731888,,0.1712732313,2008,3,4
2008-01-08,1,0.1601123596,0.4861879413,0.4740051088,0.4095200802,0.2593308143,0.2636776568,0.2857405728,0.283731178,0.2863028899,,0.1927952536,2008,3,4
2008-01-09,1,0.1601123596,0.4619133567,0.4503307653,0.387455697,0.2396205018,0.2436534721,0.262960723,0.2610125926,0.2663500517,,0.1914417539,2008,3,4
2008-01-10,1,0.1601123596,0.4487509184,0.4374944061,0.3755456715,0.2293189339,0.2372921548,0.2531803803,0.2489929256,0.2547208877,,0.2021022693,2008,3,4
2008-01-11,1,0.1601123596,0.4533286254,0.4419586616,0.3796834929,0.2328716388,0.2397331213,0.2585556521,0.2549813914,0.2608897089,,0.2029247014,2008,3,4
2008-01-14,1,0.1601123596,0.4375460615,0.4265674424,0.3654369876,0.2207557045,0.2243263722,0.2421909271,0.2402622608,0.2484862311,,0.1945128419,2008,3,4
2008-01-15,1,0.1601123596,0.4465392643,0.4353375815,0.3735481928,0.2276138399,0.2374062271,0.2598564951,0.2545414601,0.2615767837,,0.2014594436,2008,3,4
2008-01-16,0,0.1601123596,0.4668816888,0.4551761223,0.3919611677,0.2435785009,0.2494869501,0.2758414743,0.2727698882,0.2785999998,,0.199325287,2008,3,4
2008-01-17,0,0.1601123596,0.5357372086,0.522334482,0.4549583207,0.3026247862,0.303855749,0.339433071,0.3395066284,0.3373979209,,0.2039184335,2008,3,4
2008-01-18,0,0.1601123596,0.515848906,0.5029348785,0.4366553741,0.2847330277,0.2907568752,0.3286594195,0.3258631995,0.3266362045,,0.2128704272,2008,3,4
2008-01-22,0,0.1601123596,0.5713823129,0.5571074779,0.4879820488,0.3365344713,0.3598757044,0.3925076498,0.3797720869,0.3685764189,,0.2892066479,2008,3,4
2008-01-23,0,0.1601123596,0.5439986449,0.5303933345,0.4625869159,0.3102687822,0.3350155115,0.3588730607,0.3455325216,0.3369996711,,0.3029854665,2008,3,4
2008-01-24,0,0.1601123596,0.5253509699,0.5122032851,0.4453891244,0.2931925626,0.3040035521,0.3308882024,0.3251523376,0.3221382576,,0.2741318104,2008,3,4
2008-01-25,0,0.1601123596,0.5448686441,0.5312420151,0.4633911541,0.3110811623,0.3264069571,0.3559996896,0.347922021,0.341499317,,0.2871481539,2008,3,4
2008-01-28,0,0.1601123596,0.5253509699,0.5122032851,0.4453891244,0.2931925626,0.308112,0.3322399682,0.3243132875,0.3201416846,,0.2837645042,2008,3,4
2008-01-29,0,0.1601123596,0.5180951578,0.5051258675,0.4387182076,0.2867183897,0.2918647743,0.3181742568,0.3155719208,0.3144231663,,0.2477629928,2008,3,4
2008-01-30,0,0.1601123596,0.522848679,0.5097624964,0.4430872358,0.290949238,0.3012935963,0.3279145005,0.3225373662,0.3198252564,,0.2456026664,2008,3,4
2008-01-31,0,0.1601123596,0.499609692,0.4870956636,0.4217750978,0.2706406747,0.2872830618,0.3053977034,0.2965603398,0.2948120935,,0.2625397292,2008,3,4
2008-02-01,0,0.1601123596,0.4599819305,0.4484471616,0.385705667,0.2380922137,0.2442436559,0.2622679843,0.2592045917,0.2641570277,,0.23485329,2008,3,4
2008-02-04,0,0.1601123596,0.4960086594,0.4835834393,0.4184832309,0.2675767292,0.2654523324,0.2897625612,0.2914553704,0.2939876124,,0.2222425006,2008,3,4
2008-02-05,0,0.1601123596,0.5324203215,0.5190990016,0.4518997691,0.2995912377,0.3081268531,0.3365872311,0.3321081255,0.3286398903,,0.2495654222,2008,3,4
2008-02-06,0,0.1601123596,0.5432714184,0.5296839304,0.4619147878,0.3095908077,0.3124912188,0.3455846129,0.3445066922,0.3407288769,,0.2382601769,2008,3,4
2008-02-07,0,0.1601123596,0.5234763648,0.5103747527,0.4436645222,0.2915109111,0.2965789204,0.3268507887,0.3244295774,0.3230360474,,0.2318688197,2008,3,4
2008-02-08,0,0.1601123596,0.5289085527,0.5156734657,0.4486641648,0.2964013291,0.2986328388,0.3320017767,0.3310939763,0.3299259281,,0.2298677319,2008,3,4
2008-02-11,0,0.1601123596,0.522534278,0.5094558244,0.4427981119,0.2906681665,0.2922504729,0.3239779901,0.3234980194,0.3230519388,,0.2294208359,2008,3,4
2008-02-12,1,0.1601123596,0.5018170037,0.4892485578,0.4237943038,0.2725296033,0.2792701594,0.3060562311,0.3025014325,0.3036067889,,0.2323583656,2008,3,4
2008-02-13,1,0.1601123596,0.4762240984,0.4642874582,0.4004478504,0.2511264378,0.257456794,0.2813653816,0.2779576583,0.2821679165,,0.2271139055,2008,3,4
2008-02-14,1,0.1601123596,0.4881424499,0.475911356,0.4113022361,0.2609591811,0.261303719,0.2901262795,0.2903760404,0.2945382953,,0.2148566412,2008,3,4
2008-02-15,1,0.1601123596,0.4787909944,0.4667909045,0.4027829725,0.2532246843,0.2516254095,0.2813022354,0.2824840331,0.288559198,,0.2061947426,2008,3,4
2008-02-19,1,0.1601123596,0.4890266897,0.4767737654,0.4121087761,0.2616979377,0.2685039237,0.2934040385,0.2896863772,0.2923455026,,0.2241468826,2008,3,4
2008-02-20,1,0.1601123596,0.4672607294,0.4555457834,0.3923051179,0.2438820482,0.2530949783,0.2764121173,0.2713916477,0.2761950177,,0.2261872056,2008,3,4
2008-02-21,1,0.1601123596,0.4806115962,0.4685665144,0.4044400591,0.2547193314,0.2611001549,0.287889754,0.2846417941,0.2886037726,,0.2234661042,2008,3,4
2008-02-22,1,0.1601123596,0.4607558502,0.4492019178,0.3864068033,0.2387039024,0.247148432,0.2712865025,0.2668164026,0.2725784805,,0.2170676767,2008,3,4
2008-02-25,1,0.1601123596,0.4402278095,0.4291826549,0.3678538598,0.2227882206,0.2293776288,0.2503738199,0.247002208,0.2548388274,,0.2058795318,2008,3,4
2008-02-26,1,0.1601123596,0.4162052504,0.405756639,0.3462607974,0.2049534681,0.2111903739,0.2303082627,0.2271032788,0.2372604017,,0.2002003298,2008,3,4
2008-02-27,1,0.1601123596,0.4331697934,0.4222997846,0.3614963752,0.2174615977,0.220293821,0.2405544245,0.2391873133,0.2483496636,,0.1915472711,2008,3,4
2008-02-28,1,0.1601123596,0.4503502922,0.4390541364,0.3769908331,0.2305565801,0.2310103601,0.2548692703,0.2547772586,0.2631119204,,0.1868206527,2008,3,4
2008-02-29,0,0.1601123596,0.5053478367,0.4926923748,0.4270264591,0.27556839,0.2767842304,0.306501363,0.3061923101,0.3080230308,,0.1963607528,2008,3,4
2008-03-03,0,0.1601123596,0.5009700137,0.4884224472,0.4230193677,0.271803806,0.2661310412,0.2992837945,0.3028239502,0.3070572918,,0.1826910977,2008,3,4
2008-03-04,0,0.1601123596,0.4877880049,0.4755656624,0.4109789848,0.2606634145,0.2628454176,0.2944040011,0.2933901994,0.2980569285,,0.1918875807,2008,3,4
2008-03-05,0,0.1601123596,0.4710263809,0.4592182728,0.3957238659,0.2469099969,0.2491386004,0.2785897408,0.2776176092,0.284063104,,0.1921815338,2008,3,4
2008-03-06,0,0.1601123596,0.5217467359,0.508687644,0.4420739818,0.2899648846,0.2874823907,0.324760766,0.3266732047,0.3278914103,,0.1949419793,2008,3,4
2008-03-07,0,0.1601123596,0.520798763,0.5077629799,0.4412025197,0.2891198009,0.2935329307,0.3317071586,0.3295742598,0.3301527377,,0.2075716682,2008,3,4
2008-03-10,0,0.1601123596,0.5491756073,0.5354434832,0.4673750489,0.315123875,0.3060666156,0.353307849,0.3592190238,0.3586400234,,0.1932194415,2008,3,4
2008-03-11,0,0.1601123596,0.5023240499,0.4897431057,0.4242582905,0.2729646816,0.2868041146,0.3131216673,0.3054415871,0.3054592078,,0.2310884645,2008,3,4
2008-03-12,0,0.1601123596,0.5164925087,0.5035626454,0.4372463099,0.2853009718,0.2871808414,0.3210003382,0.3203612482,0.3211477609,,0.2146639212,2008,3,4
2008-03-13,0,0.1601123596,0.5176153434,0.5046578562,0.4382774795,0.2862935567,0.2987719851,0.3273398207,0.320588334,0.3188266888,,0.2392202383,2008,3,4
2008-03-14,0,0.1601123596,0.5733294698,0.5590071519,0.4897942552,0.3384580775,0.346896261,0.3804184126,0.3762305068,0.3667828433,,0.2466742975,2008,3,4
2008-03-17,0,0.1601123596,0.586901403,0.5722486271,0.5024496751,0.3520791859,0.3641054253,0.3991368403,0.3925872938,0.3809146618,,0.2664979682,2008,3,4
2008-03-18,0,0.1601123596,0.4925380353,0.4801984432,0.4153132603,0.2646443343,0.2820727565,0.3032137953,0.2936058594,0.2935079526,,0.2616305185,2008,3,4
2008-03-19,0,0.1601123596,0.5556431411,0.5417527405,0.4733652318,0.3212608082,0.330111588,0.3613668253,0.3570248204,0.349994617,,0.2592856486,2008,3,4
2008-03-20,0,0.1601123596,0.5066816934,0.4939933689,0.4282481936,0.2767219164,0.2896421852,0.3140349261,0.3071844538,0.306098188,,0.256317676,2008,3,4
2008-03-24,0,0.1601123596,0.4914889179,0.4791752167,0.4143555444,0.2637618694,0.2749343512,0.293140484,0.2870826305,0.2875088752,,0.2471625487,2008,3,4
2008-03-25,0,0.1601123596,0.4913136933,0.4790043167,0.4141956092,0.2636146575,0.2662820745,0.2873483773,0.2861463917,0.2882253009,,0.2233175409,2008,3,4
2008-03-26,0,0.1601123596,0.4975573279,0.4850939101,0.4198985912,0.2688917398,0.2681725949,0.2945347573,0.2954067867,0.2979304419,,0.2106268643,2008,3,4
2008-03-27,0,0.1601123596,0.4941047895,0.4817265378,0.4167439634,0.2659656218,0.2674044563,0.2939479953,0.2934514775,0.2963208355,,0.2095157751,2008,3,4
2008-03-28,0,0.1601123596,0.4911383839,0.4788333342,0.4140356033,0.2634674254,0.2620316081,0.2929636862,0.2942554944,0.2986475645,,0.199460185,2008,3,4
2008-03-31,0,0.1601123596,0.4893796876,0.4771180489,0.4124308031,0.2619932176,0.256471844,0.2875132588,0.2910800489,0.296419375,,0.1880688348,2008,3,4
2008-04-01,0,0.1601123596,0.4329600037,0.4220952025,0.3613075764,0.217304388,0.2263323997,0.2413059689,0.2365028511,0.2437004291,,0.209555291,2008,3,4
2008-04-02,0,0.1601123596,0.4483498616,0.4371032911,0.3751833728,0.229009189,0.2303320886,0.2474483533,0.2469039981,0.2539436919,,0.1982063852,2008,3,4
2008-04-03,0,0.1601123596,0.4439067116,0.4327703071,0.3711719788,0.2255938187,0.2269437333,0.2431888452,0.2426303649,0.250002127,,0.1961864921,2008,3,4
2008-04-04,0,0.1601123596,0.4281005481,0.4173563979,0.3569370709,0.213680748,0.2162320905,0.2326971323,0.231470399,0.2404624236,,0.1948315077,2008,3,4
2008-04-07,0,0.1601123596,0.4274617379,0.4167334518,0.3563629261,0.2132069337,0.2179116444,0.2331788905,0.2306515424,0.2392543047,,0.1995693666,2008,3,4
2008-04-08,0,0.1601123596,0.4261807363,0.4154842648,0.3552118706,0.2122585663,0.2098698853,0.2281313153,0.2294928342,0.2399758901,,0.1802622228,2008,3,4
2008-04-09,0,0.1601123596,0.435677215,0.424744972,0.363753666,0.2193455534,0.2191131022,0.2383705237,0.2387195935,0.2478554696,,0.1833289703,2008,3,4
2008-04-10,0,0.1601123596,0.4179598925,0.4074676695,0.3478336427,0.2062281848,0.2072979915,0.2259175685,0.2254961083,0.2362627111,,0.1832021555,2008,3,4
2008-04-11,0,0.1601123596,0.4489512175,0.43768974,0.3757266268,0.22947372,0.2343324638,0.256857997,0.2541813724,0.2618434214,,0.1943732894,2008,3,4
2008-04-14,0,0.1601123596,0.4560845244,0.4446462832,0.3821767893,0.2350258382,0.2263746349,0.2549017065,0.2601175804,0.2700127873,,0.1721210336,2008,3,4
2008-04-15,0,0.1601123596,0.4350520768,0.4241353485,0.363190759,0.2188749944,0.2172010487,0.2425876985,0.2437239676,0.254496656,,0.1769838196,2008,3,4
2008-04-16,0,0.1601123596,0.3848198394,0.3751522697,0.3182441436,0.1828677274,0.1879381066,0.2033571472,0.2006439303,0.2133553911,,0.1802919392,2008,3,4
2008-04-17,0,0.1601123596,0.3809849986,0.3714129782,0.3148362416,0.1802596367,0.1821496055,0.1983939744,0.1974409437,0.2111712892,,0.1691620952,2008,3,4
2008-04-18,0,0.1601123596,0.3751644121,0.3657374639,0.3096701203,0.1763375994,0.1829206449,0.194419355,0.1904815763,0.203308669,,0.1735838957,2008,3,4
2008-04-21,0,0.1601123596,0.3841035419,0.3744538177,0.3176073369,0.1823791081,0.1791090738,0.1940402027,0.1959364181,0.2098648537,,0.1570574102,2008,3,4
2008-04-22,0,0.1601123596,0.3928492748,0.3829817226,0.3253905258,0.188391334,0.1863076742,0.201761531,0.2029808694,0.2160882168,,0.1569682971,2008,3,4
2008-04-23,0,0.1601123596,0.3783274369,0.3688216467,0.3124765288,0.1784634694,0.1774810762,0.1932592621,0.19387363,0.2081896762,,0.1533929017,2008,3,4
2008-04-24,0,0.1601123596,0.3734512212,0.3640669829,0.3081510466,0.1751915459,0.180489791,0.1926065412,0.1896769628,0.2026688087,,0.1668637333,2008,3,4
2008-04-25,0,0.1601123596,0.36176489,0.3526721144,0.2978070106,0.1674736276,0.1720993165,0.1821556749,0.1795542669,0.193126433,,0.163747621,2008,3,4
2008-04-28,0,0.1601123596,0.3630233663,0.3538991936,0.2989194108,0.1682964637,0.1637061382,0.1772787945,0.1799248896,0.1954419316,,0.1481791764,2008,3,4
2008-04-29,0,0.1601123596,0.3778423949,0.3683486939,0.3120460235,0.178136633,0.1738385946,0.1879166673,0.1904123429,0.2047897068,,0.1488979269,2008,3,4
2008-04-30,0,0.1601123596,0.3909745356,0.3811536662,0.3237206511,0.1870940096,0.1884285665,0.2015264227,0.200907065,0.2130751244,,0.160431254,2008,3,4
2008-05-01,0,0.1601123596,0.3434969846,0.3348602269,0.281701486,0.1557502195,0.1553573719,0.1649834637,0.1655265106,0.1806028689,,0.1465816687,2008,3,4
2008-05-02,0,0.1601123596,0.3247523453,0.3165839888,0.2652585107,0.1441394518,0.1482103289,0.1559388044,0.153680097,0.1691780394,,0.1520320685,2008,3,4
2008-05-05,0,0.1601123596,0.3440218196,0.3353719539,0.2821630927,0.1560813413,0.1546009658,0.165203915,0.1661091271,0.181799518,,0.1453485887,2008,3,4
2008-05-06,0,0.1601123596,0.3255707025,0.3173818868,0.2659746025,0.1446377164,0.1486157958,0.1554257688,0.1533681337,0.1684423503,,0.1553057331,2008,3,4
2008-05-07,0,0.1601123596,0.3652794963,0.3560990426,0.3009145887,0.1697765821,0.1711910471,0.1824591204,0.1819848822,0.1956722083,,0.154023715,2008,3,4
2008-05-08,0,0.1601123596,0.3569491827,0.3479765734,0.2935537037,0.1643432196,0.1620249914,0.1756462395,0.1771455813,0.1927044985,,0.1469314691,2008,3,4
2008-05-09,0,0.1601123596,0.3572039625,0.3482249949,0.2937785929,0.164508114,0.1604263598,0.1751627992,0.1775980764,0.1937440157,,0.1400938535,2008,3,4
2008-05-12,0,0.1601123596,0.3139907277,0.3060914951,0.2558570282,0.1376591421,0.1386754857,0.1495175653,0.1491598679,0.1663186642,,0.1440563605,2008,3,4
2008-05-13,0,0.1601123596,0.3192619943,0.3112309209,0.2604585039,0.1408166802,0.1383582752,0.1503587839,0.1519158535,0.1696157348,,0.1338130822,2008,3,4
2008-05-14,0,0.1601123596,0.3103529419,0.3025447149,0.2526854998,0.1354985526,0.1368115358,0.1470063844,0.1463401739,0.1636152486,,0.1389990862,2008,3,4
2008-05-15,1,0.1601123596,0.2708066146,0.2639887004,0.2184255181,0.1129556159,0.1134304259,0.1220318505,0.1219519635,0.1404970743,,0.1338161633,2008,3,4
2008-05-16,1,0.1601123596,0.2758955571,0.2689501092,0.2228113523,0.1157617356,0.1160701994,0.1244398915,0.1243521449,0.142756377,,0.1332111717,2008,3,4
2008-05-19,1,0.1601123596,0.2917878872,0.2844443431,0.2365518567,0.1247031976,0.1274135081,0.1338605482,0.1324238704,0.1493200466,,0.1404563909,2008,3,4
2008-05-20,1,0.1601123596,0.3081017945,0.3003498919,0.2507245388,0.1341690341,0.1350483761,0.143586409,0.1431210019,0.1601324518,,0.1381401138,2008,3,4
2008-05-21,0,0.1601123596,0.3358202595,0.327375275,0.2749571338,0.1509447358,0.1538028721,0.1649485351,0.1636239823,0.1792324772,,0.146857287,2008,3,4
2008-05-22,1,0.1601123596,0.3211904045,0.313111108,0.2621435963,0.1419797871,0.1400291167,0.1532335629,0.15454383,0.1723782888,,0.1374754466,2008,3,4
2008-05-23,0,0.1601123596,0.3607554307,0.3516878412,0.2969149905,0.1668150413,0.1666586602,0.1818149437,0.1822028553,0.1974580447,,0.1458576543,2008,3,4
2008-05-27,0,0.1601123596,0.3630233663,0.3538991936,0.2989194108,0.1682964637,0.1637511871,0.1785128198,0.1813787777,0.196968427,,0.1360823451,2008,3,4
2008-05-28,1,0.1601123596,0.3484586786,0.3396980158,0.2860680534,0.1588939165,0.1600359167,0.171670482,0.1712233391,0.1864151411,,0.1436283632,2008,3,4
2008-05-29,1,0.1601123596,0.3236590411,0.315518019,0.2643020862,0.1434749984,0.1436275482,0.1549099877,0.1550273815,0.1718750398,,0.1382604051,2008,3,4
2008-05-30,1,0.1601123596,0.3151049324,0.3071778293,0.2568290833,0.1383239123,0.1351081278,0.1472311124,0.1491510253,0.1672986681,,0.1318133044,2008,3,4
2008-06-02,1,0.1601123596,0.3677724468,0.3585298135,0.3031205744,0.1714195327,0.1690739014,0.1821422145,0.183650897,0.1982256009,,0.1378536703,2008,3,4
2008-06-03,1,0.1601123596,0.3778423949,0.3683486939,0.3120460235,0.178136633,0.1780570712,0.1914814284,0.1917409251,0.2052407012,,0.1458775841,2008,3,4
2008-06-04,1,0.1601123596,0.3912093183,0.3813826022,0.3239297339,0.1872562232,0.1834615162,0.1980118538,0.2003290101,0.2134693594,,0.140249572,2008,3,4
2008-06-05,1,0.1601123596,0.3368865603,0.3284149336,0.2758930812,0.1516080067,0.1523737179,0.1613198887,0.1611572526,0.1763979372,,0.1424411437,2008,3,4
2008-06-06,1,0.1601123596,0.4509480542,0.4396370832,0.377531103,0.2310201406,0.2290828576,0.2443484745,0.2458543101,0.2524468658,,0.1563973231,2008,3,4
2008-06-09,1,0.1601123596,0.4420722248,0.4309813185,0.3695170237,0.224192291,0.2214035642,0.2364100516,0.238206819,0.2460691372,,0.1559235701,2008,3,4
2008-06-10,1,0.1601123596,0.4432963178,0.4321750513,0.3706212388,0.2251269281,0.2223476337,0.2387455972,0.2404650422,0.2485548707,,0.1573168995,2008,3,4
2008-06-11,1,0.1601123596,0.4619133567,0.4503307653,0.387455697,0.2396205018,0.2307177333,0.2535562277,0.2591647887,0.2668432197,,0.1519390766,2008,3,4
2008-06-12,1,0.1601123596,0.4463374861,0.4351408061,0.3733660083,0.2274586433,0.2270395362,0.2456045683,0.2461142401,0.2538565057,,0.1640129142,2008,3,4
2008-06-13,1,0.1601123596,0.4009471698,0.3908780429,0.3326126676,0.1940492849,0.1952354529,0.2104177997,0.2099493524,0.2216205743,,0.1608439192,2008,3,4
2008-06-16,1,0.1601123596,0.3947151259,0.3848011183,0.3270532762,0.1896871702,0.1876175521,0.2038938989,0.2052520775,0.2182347577,,0.1536625639,2008,3,4
2008-06-17,1,0.1601123596,0.3988809278,0.3888632233,0.3307684711,0.1925972047,0.190134029,0.2077101552,0.2093859721,0.2222447364,,0.1523861379,2008,3,4
2008-06-18,1,0.1601123596,0.4236048303,0.4129723432,0.3528983705,0.2103586622,0.2095753941,0.2286343043,0.2292330879,0.2397944236,,0.1602256969,2008,3,4
2008-06-19,1,0.1601123596,0.4091021474,0.3988301438,0.3399006751,0.1998372048,0.1970375736,0.2166238746,0.2184582565,0.2308592182,,0.1530843865,2008,3,4
2008-06-20,1,0.1601123596,0.4369242573,0.4259610676,0.3648768257,0.2202859483,0.2165289469,0.2407475177,0.2431709125,0.25368795,,0.1549058978,2008,3,4
2008-06-23,1,0.1601123596,0.432119652,0.4212757116,0.3605514053,0.2166752975,0.2056475771,0.2327698925,0.2393803965,0.2522280199,,0.1428745415,2008,3,4
2008-06-24,1,0.1601123596,0.4274617379,0.4167334518,0.3563629261,0.2132069337,0.2125505119,0.2361716896,0.2368230508,0.2478205736,,0.1593077821,2008,3,4
2008-06-25,1,0.1601123596,0.3991110576,0.3890876256,0.3309738227,0.1927586453,0.1943887383,0.215857237,0.2151666695,0.2283477739,,0.1607701095,2008,3,4
2008-06-26,1,0.1601123596,0.4582338298,0.446742352,0.38412245,0.2367139613,0.2398954566,0.2683974184,0.266997018,0.2746327077,,0.1774002234,2008,3,4
2008-06-27,1,0.1601123596,0.4485504598,0.4372989166,0.3753645808,0.229164085,0.2260850771,0.2585478391,0.2608149503,0.2713995849,,0.167090221,2008,3,4
2008-06-30,1,0.1601123596,0.4586231244,0.4471220051,0.3844749676,0.237020484,0.2333658754,0.2644276011,0.266931839,0.2761225459,,0.1689689738,2008,3,4
2008-07-01,1,0.1601123596,0.4527350817,0.4413798253,0.3791467248,0.2324092016,0.2364238766,0.2632652936,0.2612794561,0.26924913,,0.1829289089,2008,3,4
2008-07-02,0,0.1601123596,0.4947985267,0.4824031594,0.4173776306,0.2665519789,0.2645793621,0.2985160331,0.3003218195,0.3046517758,,0.1811503582,2008,3,4
2008-07-03,0,0.1601123596,0.4743776486,0.4624866605,0.3987690139,0.2496236421,0.2494479059,0.2823689261,0.2828873915,0.2898294662,,0.1789847211,2008,3,4
2008-07-07,0,0.1601123596,0.49236344,0.4800281565,0.4151538595,0.2644973466,0.2679480056,0.3023972517,0.3009905801,0.3050314948,,0.1928697609,2008,3,4
2008-07-08,0,0.1601123596,0.4426848094,0.4315787092,0.3700695754,0.2246597416,0.2304110597,0.258322608,0.2555687436,0.2644634639,,0.1934058753,2008,3,4
2008-07-09,0,0.1601123596,0.4826019045,0.4705076471,0.4062524394,0.2563594463,0.2577889909,0.2931572128,0.2931073752,0.2988019785,,0.1905278893,2008,3,4
2008-07-10,0,0.1601123596,0.4890266897,0.4767737654,0.4121087761,0.2616979377,0.2612149164,0.2954454814,0.2962975335,0.301372746,,0.1885532252,2008,3,4
2008-07-11,0,0.1601123596,0.520798763,0.5077629799,0.4412025197,0.2891198009,0.2956483862,0.3302788478,0.3270645478,0.3265758022,,0.2109718859,2008,3,4
2008-07-14,0,0.1601123596,0.5360367383,0.5226266622,0.4552346413,0.3028997226,0.3043906402,0.3435296218,0.3433128566,0.3418906199,,0.2077485832,2008,3,4
2008-07-15,0,0.1601123596,0.53693329,0.5235012177,0.4560618428,0.303723649,0.3098954324,0.3520814515,0.3491657636,0.3474528651,,0.2203449692,2008,3,4
2008-07-16,0,0.1601123596,0.4802483169,0.468212212,0.4041093495,0.2544206643,0.2625427779,0.2958730215,0.2918166334,0.2965642335,,0.2176146823,2008,3,4
2008-07-17,0,0.1601123596,0.4786083465,0.4666127708,0.4026167689,0.2530750327,0.2616237404,0.2909378016,0.2863611392,0.2908119881,,0.2206775348,2008,3,4
2008-07-18,0,0.1601123596,0.4605625378,0.449013392,0.3862316586,0.2385510257,0.2423881968,0.2713500734,0.2693670537,0.2769062439,,0.2061187506,2008,3,4
2008-07-21,0,0.1601123596,0.4406384959,0.4295831534,0.368224123,0.2231004212,0.2267298546,0.2554842625,0.2537432215,0.2635869158,,0.200098062,2008,3,4
2008-07-22,0,0.1601123596,0.4000302306,0.3899839226,0.3317941469,0.1934041785,0.2022757414,0.225488435,0.2207681688,0.2330120064,,0.200324077,2008,3,4
2008-07-23,0,0.1601123596,0.4030023585,0.3928820919,0.3344479544,0.1954993538,0.1990099439,0.2223434417,0.2205875953,0.2335023715,,0.1876085257,2008,3,4
2008-07-24,0,0.1601123596,0.4485504598,0.4372989166,0.3753645808,0.229164085,0.2311531314,0.261000334,0.2605450159,0.2695747048,,0.1884145264,2008,3,4
2008-07-25,0,0.1601123596,0.4377530887,0.4267693327,0.3656235102,0.2209122342,0.2186189885,0.2499206269,0.2517526269,0.2632640702,,0.1787483261,2008,3,4
2008-07-28,0,0.1601123596,0.4640246893,0.4523898312,0.3893696722,0.2412977755,0.2417059339,0.2763994003,0.2768917662,0.2851613157,,0.1871309365,2008,3,4
2008-07-29,0,0.1601123596,0.4190523095,0.4085329375,0.3488132225,0.207023998,0.2092753576,0.2364474975,0.2358134184,0.2476850424,,0.1809555339,2008,3,4
2008-07-30,0,0.1601123596,0.4007181341,0.3906547069,0.3324081974,0.1938880414,0.1997646757,0.2201121951,0.2171547676,0.2291339161,,0.1875296125,2008,3,4
2008-07-31,0,0.1601123596,0.4383734493,0.4273743007,0.3661824851,0.2213816559,0.2260275272,0.2502929345,0.2479279806,0.2570115442,,0.1915871858,2008,3,4
2008-08-01,0,0.1601123596,0.4306442475,0.419836936,0.3592241749,0.2155732871,0.2166466391,0.243836345,0.2436976868,0.254643525,,0.1849201009,2008,3,4
2008-08-04,0,0.1601123596,0.4495515388,0.4382751808,0.3762690254,0.2299379961,0.2232111862,0.2558787095,0.260401697,0.2713433436,,0.1724685421,2008,3,4
2008-08-05,0,0.1601123596,0.3991110576,0.3890876256,0.3309738227,0.1927586453,0.2038678975,0.221739702,0.2157265193,0.2266520258,,0.2009719529,2008,3,4
2008-08-06,0,0.1601123596,0.3775996596,0.3681120087,0.311830601,0.1779731848,0.1828090236,0.2018880923,0.1994198139,0.2135160239,,0.1849623783,2008,3,4
2008-08-07,0,0.1601123596,0.3993410735,0.3893119168,0.3311790845,0.1929200775,0.1986525299,0.2214405035,0.21841975,0.2312272427,,0.1871938978,2008,3,4
2008-08-08,0,0.1601123596,0.387909016,0.3781644938,0.3209918428,0.1849827305,0.1940485398,0.2100235091,0.2052784413,0.2170358385,,0.1950447303,2008,3,4
2008-08-11,1,0.1601123596,0.3749201504,0.3654992913,0.3094534938,0.1761739678,0.1834928373,0.1972980797,0.1934559033,0.2061999817,,0.1925050654,2008,3,4
2008-08-12,0,0.1601123596,0.3998006484,0.389760054,0.3315892363,0.1932428361,0.1966603121,0.2144035233,0.2127905668,0.2247084869,,0.1800634069,2008,3,4
2008-08-13,0,0.1601123596,0.4084292186,0.3981739513,0.3392987205,0.1993561396,0.2036042319,0.2225631378,0.2204393339,0.2316928998,,0.182300484,2008,3,4
2008-08-14,0,0.1601123596,0.3802618999,0.370707899,0.3141940244,0.1797700065,0.1860666225,0.2023591885,0.1991150342,0.2120805423,,0.1806613805,2008,3,4
2008-08-15,1,0.1601123596,0.361512751,0.3524262662,0.2975841828,0.1673090089,0.1679813159,0.1851946896,0.185035424,0.2007139279,,0.1637433665,2008,3,4
2008-08-18,1,0.1601123596,0.3954125124,0.3854811431,0.3276749538,0.190172704,0.1937779947,0.2131111577,0.2114766567,0.2240545867,,0.1716812655,2008,3,4
2008-08-19,1,0.1601123596,0.4023185662,0.3922153137,0.3338372211,0.1950162551,0.1958440121,0.2191940131,0.2189068817,0.2323780323,,0.1677772132,2008,3,4
2008-08-20,1,0.1601123596,0.3821872579,0.3725852792,0.315904289,0.1810752287,0.1825946067,0.2042744721,0.2037149853,0.2185034483,,0.1653172638,2008,3,4
2008-08-21,1,0.1601123596,0.3675238056,0.3582873736,0.3029004895,0.1712553155,0.1746363635,0.1950249231,0.1933378154,0.2088813397,,0.1649911815,2008,3,4
2008-08-22,1,0.1601123596,0.3416554623,0.3330647005,0.2800823372,0.1545910185,0.1602395181,0.1758722985,0.1728129561,0.1889314735,,0.1692262817,2008,3,4
2008-08-25,1,0.1601123596,0.3951801575,0.3852545726,0.3274678113,0.1900108615,0.1962802288,0.2166592883,0.2133588567,0.2259381009,,0.177677601,2008,3,4
2008-08-26,1,0.1601123596,0.3838645015,0.3742207329,0.3173948501,0.1822161976,0.181353675,0.2034405088,0.2042550281,0.2193471394,,0.1642185167,2008,3,4
2008-08-27,1,0.1601123596,0.3660289082,0.3568297616,0.3015775835,0.1702696476,0.1699128731,0.189009418,0.1895670332,0.2053782124,,0.1610596381,2008,3,4
2008-08-28,1,0.1601123596,0.357713081,0.3487214079,0.2942280275,0.1648378586,0.1648908313,0.1805008305,0.1806602072,0.1963510408,,0.1582192197,2008,3,4
2008-08-29,1,0.1601123596,0.3876722286,0.3779336043,0.3207811528,0.1848201686,0.1836031057,0.201968227,0.2029512631,0.2168645689,,0.156829025,2008,3,4
2008-09-02,1,0.1601123596,0.418178633,0.4076809737,0.3480297679,0.2063873999,0.2112411067,0.2282005922,0.2257263549,0.2354883146,,0.1722756456,2008,3,4
2008-09-03,1,0.1601123596,0.4057255282,0.3955375122,0.3368812152,0.1974296133,0.19637403,0.2159787629,0.2168538998,0.2293139742,,0.1633108052,2008,3,4
2008-09-04,1,0.1601123596,0.460175607,0.4486360422,0.3858811168,0.2382452043,0.2386891733,0.2661871244,0.2665365507,0.2739630077,,0.1765634538,2008,3,4
2008-09-05,1,0.1601123596,0.4408436757,0.4297832434,0.3684091212,0.2232564908,0.2296209097,0.2538767744,0.2506332271,0.259067944,,0.187540474,2008,3,4
2008-09-08,1,0.1601123596,0.432119652,0.4212757116,0.3605514053,0.2166752975,0.2385280393,0.2498228548,0.2375092304,0.2426958364,,0.2408259183,2008,3,4
2008-09-09,1,0.1601123596,0.4869001032,0.4746996846,0.4101693454,0.259923413,0.270130406,0.2945972008,0.2893619299,0.2913243963,,0.2275254239,2008,3,4
2008-09-10,1,0.1601123596,0.4695254626,0.4577544829,0.3943608449,0.2457004291,0.2554920572,0.2788408641,0.2735495357,0.2779304928,,0.2260674367,2008,3,4
2008-09-11,1,0.1601123596,0.4670712557,0.4553609983,0.3921331812,0.2437302836,0.2593400042,0.2750861792,0.2666424413,0.2690629841,,0.2408592343,2008,3,4
2008-09-12,1,0.1601123596,0.490260319,0.477976942,0.4132342896,0.2627307569,0.2715789975,0.287156317,0.2824171179,0.2828737297,,0.2321865968,2008,3,4
2008-09-15,1,0.1601123596,0.5802120773,0.5657220649,0.496206793,0.3453186696,0.3683761512,0.3917883461,0.3791697771,0.3652113431,,0.2952171636,2008,3,4
2008-09-16,1,0.1601123596,0.5619502104,0.5479056278,0.4792158316,0.3273230572,0.3475036434,0.366171668,0.3552911301,0.3438956271,,0.2968384751,2008,3,4
2008-09-17,1,0.1601123596,0.630901697,0.6151845515,0.5437762334,0.3989278892,0.4171993285,0.4500517135,0.440458563,0.4193573228,,0.3229674184,2008,3,4
2008-09-18,1,0.1601123596,0.5971736862,0.5822714159,0.5120565888,0.3626418278,0.3930820984,0.4110664486,0.3947327123,0.3757188066,,0.3610646995,2008,3,4
2008-09-19,1,0.1601123596,0.5848158791,0.5702138237,0.500502231,0.349961587,0.3913665985,0.3891860188,0.3663146041,0.3457617784,,0.4182609568,2008,3,4
2008-09-22,1,0.1601123596,0.6057689279,0.5906583387,0.520114104,0.3716519311,0.3919566258,0.4062879928,0.3954681457,0.3758618481,,0.3689904256,2008,3,4
2008-09-23,1,0.1601123596,0.6258407295,0.6102453951,0.5389990181,0.3933213689,0.4099210482,0.4333644215,0.4245943208,0.403245341,,0.3650126845,2008,3,4
2008-09-24,1,0.1601123596,0.620339536,0.6048768043,0.5338134091,0.3872931052,0.3996094845,0.4236588835,0.4170166224,0.3975752638,,0.3500054009,2008,3,4
2008-09-25,1,0.1601123596,0.5938792682,0.579056952,0.5089728804,0.3592301473,0.3769241698,0.3940681723,0.3844335607,0.3679364152,,0.3444128627,2008,3,4
2008-09-26,1,0.1601123596,0.6155546571,0.6002074216,0.5293090203,0.3821049737,0.390653576,0.4093996894,0.4048654618,0.3859387921,,0.299480387,2008,3,4
2008-09-29,1,0.1601123596,0.7144454414,0.696750024,0.6236220661,0.5005209884,0.5029861886,0.547145494,0.5468193591,0.5134016783,,0.3295876989,2008,3,4
2008-09-30,1,0.1601123596,0.6603368569,0.6439150433,0.5716896381,0.4327249147,0.4519708968,0.4783982557,0.4684812193,0.4405426235,,0.3635766222,2008,3,4
2008-10-01,1,0.1601123596,0.6639228895,0.6474157173,0.5751057347,0.4369851409,0.442395279,0.4737113251,0.471256371,0.4453531797,,0.3389934403,2008,3,4
2008-10-02,1,0.1601123596,0.7049504326,0.6874759994,0.6144458387,0.4880624007,0.4897165059,0.5326856068,0.5325604145,0.5010395384,,0.346072414,2008,3,4
2008-10-03,1,0.1601123596,0.7041448489,0.6866892204,0.6136686077,0.487016742,0.4984634619,0.5423351702,0.5370063354,0.5045563609,,0.3743103417,2008,3,4
2008-10-06,1,0.1601123596,0.7448799415,0.7264855739,0.6532387817,0.5421687177,0.5562632292,0.6118894098,0.6053406066,0.5677291233,,0.4177509392,2008,3,4
2008-10-07,1,0.1601123596,0.7530514651,0.7344722978,0.6612482987,0.5538111797,0.5610358372,0.6335526196,0.6311201163,0.5961014978,,0.4077669882,2008,3,4
2008-10-08,1,0.1601123596,0.7706064752,0.7516353113,0.6785473983,0.5795070371,0.587838353,0.6635862177,0.6604306736,0.6238557976,,0.4319233313,2008,3,4
2008-10-09,1,0.1601123596,0.795270433,0.7757626371,0.7030914595,0.6172364026,0.6252192072,0.714424102,0.7121560789,0.6758382702,,0.4648125129,2008,3,4
2008-10-10,1,0.1601123596,0.8145522363,0.7946397704,0.7225105009,0.6481040407,0.6646946239,0.7482758845,0.7419256558,0.7028155189,,0.5538260828,2008,3,4
2008-10-13,1,0.1601123596,0.7592864716,0.7405672532,0.6673775594,0.5628296453,0.5967967795,0.6491622566,0.6328831542,0.5900239896,,0.5968836304,2008,3,4
2008-10-14,1,0.1601123596,0.7599361912,0.741202429,0.6680171786,0.5637762088,0.5925171124,0.6515895655,0.638100657,0.5971619614,,0.5917624961,2008,3,4
2008-10-15,1,0.1601123596,0.8124808332,0.7926110908,0.7204133216,0.6447290675,0.6552793553,0.737399592,0.733880565,0.6945385077,,0.5729607742,2008,3,4
2008-10-16,1,0.1601123596,0.8074650143,0.7876995145,0.7153465344,0.6366157952,0.6547662923,0.7236553039,0.7161176955,0.6732240649,,0.603814505,2008,3,4
2008-10-17,1,0.1601123596,0.8156599637,0.7957247318,0.7236331793,0.6499147546,0.6621413819,0.7323012,0.727566603,0.6849088517,,0.5793685138,2008,3,4
2008-10-20,1,0.1601123596,0.749550431,0.7310502724,0.6578134886,0.5487986144,0.5680613429,0.6348502076,0.6261689852,0.5893448805,,0.5269420578,2008,3,4
2008-10-21,1,0.1601123596,0.7502477725,0.7317318564,0.6584972543,0.5497940935,0.5636372572,0.6421914738,0.636351529,0.6025468882,,0.4958334664,2008,3,4
2008-10-22,1,0.1601123596,0.8136694516,0.7937751694,0.7216163858,0.6466639554,0.6597300237,0.7361945156,0.7312099152,0.6903448278,,0.5583530541,2008,3,4
2008-10-23,1,0.1601123596,0.8080581619,0.7882802784,0.7159448831,0.6375708853,0.6478205567,0.7241741733,0.7204463113,0.6800173502,,0.5423941377,2008,3,4
2008-10-24,1,0.1601123596,0.8384074114,0.8180189649,0.7468858767,0.6880122577,0.7025614224,0.7772102035,0.7714056902,0.7299017196,,0.6267363884,2008,3,4
2008-10-27,1,0.1601123596,0.8405255673,0.820096504,0.7490723833,0.691649218,0.6963206294,0.7826054146,0.7815946642,0.7436571009,,0.5947312018,2008,3,4
2008-10-28,1,0.1601123596,0.8054112027,0.7856886957,0.7132763859,0.6333177163,0.6561064572,0.7194768957,0.7095286245,0.6650589947,,0.647716769,2008,3,4
2008-10-29,1,0.1601123596,0.8145815422,0.7946684732,0.7225401918,0.648151892,0.6577236984,0.7261203366,0.7224685663,0.6796460881,,0.598627532,2008,3,4
2008-10-30,1,0.1601123596,0.7916563588,0.772225995,0.6994756168,0.6115861683,0.6272403882,0.6892979125,0.6822414758,0.6395414813,,0.5959544631,2008,3,4
2008-10-31,1,0.1601123596,0.7803026206,0.7611183044,0.6881606589,0.5941089952,0.6046577524,0.6698917565,0.6655834571,0.6251220401,,0.5405385017,2008,3,4
2008-11-03,1,0.1601123596,0.7530514651,0.7344722978,0.6612482987,0.5538111797,0.5550667089,0.6293822242,0.6297251451,0.5959367845,,0.486173294,2008,3,4
2008-11-04,1,0.1601123596,0.7206986644,0.7028584104,0.6296812343,0.5088624617,0.5279757908,0.5879947923,0.578793625,0.545549595,,0.4884976543,2008,3,4
2008-11-05,1,0.1601123596,0.7572711277,0.7385970835,0.6653946593,0.5599017102,0.5730517186,0.6431145712,0.6375076272,0.600954055,,0.491828478,2008,3,4
2008-11-06,1,0.1601123596,0.7944300968,0.7749402645,0.7022500788,0.6159188469,0.6201295919,0.7016052753,0.7007229021,0.6630634955,,0.4894331972,2008,3,4
2008-11-07,1,0.1601123596,0.7643532538,0.7455208788,0.6723702878,0.5702455744,0.5735904026,0.6533177618,0.6527996376,0.6182300141,,0.4635088004,2008,3,4
2008-11-10,1,0.1601123596,0.7806579438,0.7614658671,0.68851379,0.594649723,0.60080793,0.6785535869,0.6766300442,0.6393706814,,0.4873766561,2008,3,4
2008-11-11,1,0.1601123596,0.7862825705,0.7669681544,0.6941120125,0.6032627115,0.6069470669,0.6929151043,0.6921820974,0.6565681499,,0.4741503921,2008,3,4
2008-11-12,1,0.1601123596,0.8038049098,0.7841161478,0.7116590991,0.630747972,0.6276358505,0.7229484122,0.7255449769,0.6911224337,,0.4526931856,2008,3,4
2008-11-13,1,0.1601123596,0.7800651845,0.7608860562,0.6879247217,0.5937478899,0.6124932517,0.6872855376,0.6793981942,0.6403519915,,0.525178593,2008,3,4
2008-11-14,1,0.1601123596,0.8033184514,0.7836399294,0.711169616,0.6299714122,0.6370352671,0.7239568396,0.7218530569,0.6846922226,,0.5142150477,2008,3,4
2008-11-17,1,0.1601123596,0.8121816015,0.7923180469,0.7201105984,0.6442427056,0.6413069236,0.7330373491,0.7355225028,0.6996655094,,0.4836320639,2008,3,4
2008-11-18,1,0.1601123596,0.8075588765,0.787791416,0.7154412051,0.6367668552,0.6376684178,0.7237725849,0.7245103941,0.6872027176,,0.4885803584,2008,3,4
2008-11-19,1,0.1601123596,0.8264686833,0.8063144964,0.7346326771,0.6677989588,0.6673833963,0.7623862016,0.76386748,0.7282339011,,0.5021457297,2008,3,4
2008-11-20,0,0.1601123596,0.8423094123,0.8218463832,0.7509169283,0.6947240593,0.6945575685,0.7970413813,0.7984249324,0.765342587,,0.5119075704,2008,3,4
2008-11-21,0,0.1601123596,0.822232783,0.8021636888,0.7303120309,0.6607433618,0.6683785113,0.7653867758,0.763331153,0.7281468497,,0.530125809,2008,3,4
2008-11-24,0,0.1601123596,0.7979600364,0.7783949159,0.7057870342,0.6214688405,0.6361657105,0.7226120946,0.7170044583,0.6796117452,,0.5458254091,2008,3,4
2008-11-25,0,0.1601123596,0.7842323736,0.7649624382,0.6920696131,0.6001115677,0.6107206386,0.7012333714,0.6973850698,0.6624797548,,0.5097702083,2008,3,4
2008-11-26,1,0.1601123596,0.758960413,0.740248497,0.6670566359,0.5623551021,0.5728560431,0.6589096542,0.6552015905,0.6218238646,,0.48730596,2008,3,4
2008-11-28,1,0.1601123596,0.7606288509,0.7418795944,0.6686992644,0.5647867498,0.5541293321,0.6453411766,0.6519636534,0.6215602276,,0.4121348058,2008,3,4
2008-12-01,0,0.1601123596,0.8102464214,0.790422981,0.7181542328,0.6411045129,0.6396858117,0.7367992806,0.738794465,0.7042075436,,0.4502202109,2008,3,4
2008-12-02,0,0.1601123596,0.7919438811,0.7725073406,0.6997630219,0.6120341325,0.607903013,0.7024419134,0.7056236563,0.6719204675,,0.4135977264,2008,3,4
2008-12-03,0,0.1601123596,0.7835411957,0.7642862854,0.6913815401,0.5990522547,0.5980930552,0.6863727346,0.688168777,0.6534387638,,0.4145462737,2008,3,4
2008-12-04,0,0.1601123596,0.7942894425,0.7748026195,0.7021092875,0.6156985402,0.61513169,0.7059599818,0.7074313907,0.6723959083,,0.4295824852,2008,3,4
2008-12-05,0,0.1601123596,0.7804606704,0.7612729018,0.688317726,0.5943494646,0.6022329319,0.6838373209,0.6813093118,0.6446669877,,0.4585449753,2008,3,4
2008-12-08,0,0.1601123596,0.7746408487,0.7555806809,0.6825419624,0.5855467619,0.594387392,0.6660230175,0.6625736739,0.624506381,,0.4601541944,2008,3,4
2008-12-09,0,0.1601123596,0.7763663847,0.7572682842,0.6842527643,0.5881455704,0.5876678259,0.6678548588,0.6691720949,0.6335489343,,0.4338811699,2008,3,4
2008-12-10,0,0.1601123596,0.7626856243,0.7438904255,0.6707258303,0.567796084,0.5664431626,0.6476370942,0.6493319986,0.6158743335,,0.4197003891,2008,3,4
2008-12-11,0,0.1601123596,0.7629122044,0.7441119506,0.6709491922,0.5681283937,0.5701263462,0.6567565568,0.6569840969,0.6242252803,,0.4223010602,2008,3,4
2008-12-12,0,0.1601123596,0.7559425473,0.7372983333,0.6640883797,0.5579782678,0.5634982688,0.6457800837,0.6440973227,0.6111337427,,0.4201227806,2008,3,4
2008-12-15,0,0.1601123596,0.7672766186,0.7483792377,0.6752559297,0.5745602174,0.5676092964,0.65679333,0.6614036506,0.62946082,,0.3830341301,2008,3,4
2008-12-16,1,0.1601123596,0.7465219962,0.7280903848,0.6548462048,0.5444922648,0.5605725898,0.6281227091,0.6205053899,0.5851508003,,0.4442172265,2008,3,4
2008-12-17,1,0.1601123596,0.7329994653,0.7148760773,0.6416387879,0.5255938818,0.5294035267,0.6077428528,0.6066416854,0.5767112445,,0.4060252236,2008,3,4
2008-12-18,1,0.1601123596,0.7183134015,0.7005283264,0.6273684738,0.5056677332,0.5133137119,0.5982119825,0.5954194422,0.5685081894,,0.4065798211,2008,3,4
2008-12-19,1,0.1601123596,0.7027255434,0.6853030664,0.6122997443,0.4851787514,0.4917744249,0.5803739864,0.5780246563,0.5546462356,,0.3910141998,2008,3,4
2008-12-22,1,0.1601123596,0.700194939,0.6828316344,0.6098606152,0.4819151601,0.4917950245,0.582951709,0.5789897582,0.556055571,,0.3959692846,2008,3,4
2008-12-23,1,0.1601123596,0.7033353121,0.6858985892,0.6128877656,0.4859677282,0.4808495764,0.5809153359,0.5849782053,0.564805334,,0.3320291699,2008,3,4
2008-12-24,1,0.1601123596,0.6977653184,0.6804589005,0.6075206579,0.4787980306,0.4610519234,0.5647177139,0.5753257869,0.5584766406,,0.294537512,2008,3,4
2008-12-26,1,0.1601123596,0.6918602416,0.6746923826,0.6018409048,0.4712877386,0.4539796263,0.5555200703,0.5657465153,0.5497162634,,0.2782107414,2008,3,4
2008-12-29,1,0.1601123596,0.695583747,0.6783284697,0.6054211157,0.4760126152,0.4626695363,0.5622909747,0.5706154002,0.552825021,,0.278115714,2008,3,4
2008-12-30,1,0.1601123596,0.6787078294,0.6618500082,0.5892270617,0.4548895041,0.4434957135,0.5353670703,0.5427340733,0.5263470628,,0.2665250243,2008,3,4
2008-12-31,1,0.1601123596,0.6655229304,0.6489777099,0.5766310687,0.4388962738,0.4283306704,0.5152877529,0.5222375375,0.5073250299,,0.2639327331,2008,3,4
2009-01-02,1,0.1862050879,0.6586050664,0.6422245158,0.5700411453,0.4845333132,0.4801744396,0.5617495831,0.5684263074,0.5506425484,,0.3011249765,2009,4,5
2009-01-05,1,0.1862050879,0.6576458576,0.6412881731,0.5691284166,0.4832921796,0.4627482216,0.549481242,0.5607931588,0.5426184919,,0.2894277856,2009,4,5
2009-01-06,1,0.1862050879,0.6530452539,0.6367973507,0.5647541203,0.4773654078,0.4632093736,0.5443841407,0.5512479732,0.536056767,,0.2911997339,2009,4,5
2009-01-07,1,0.1862050879,0.6919326023,0.6747630429,0.6019104416,0.5288184209,0.509787557,0.5979627816,0.6053982529,0.5857245886,,0.2998668008,2009,4,5
2009-01-08,1,0.1862050879,0.6858199673,0.6687942582,0.5960417688,0.5205270488,0.4761245961,0.5715507231,0.5916482082,0.5663327208,,0.2717648766,2009,4,5
2009-01-09,1,0.1862050879,0.6877580032,0.6706866401,0.5979012751,0.523147662,0.5463847304,0.6264936559,0.6189754407,0.6058902964,,0.3487598512,2009,4,5
2009-01-12,1,0.1862050879,0.7087892918,0.6912253658,0.6181523722,0.5520745268,0.5248364552,0.6276145933,0.6429656063,0.6169445566,,0.3136100322,2009,4,5
2009-01-13,1,0.1862050879,0.6910620905,0.6739129911,0.6010740045,0.5276330079,0.5026901614,0.607403019,0.619920877,0.599182733,,0.3078565001,2009,4,5
2009-01-14,0,0.1862050879,0.7290279133,0.7109956704,0.637772347,0.5807475418,0.5666979767,0.6690104343,0.6747959879,0.6535376722,,0.3329566051,2009,4,5
2009-01-15,0,0.1862050879,0.7393559003,0.7210872066,0.647838706,0.5956905567,0.5843174526,0.6809328727,0.6872632253,0.6628668026,,0.3456387792,2009,4,5
2009-01-16,1,0.1862050879,0.7105459276,0.6929411165,0.6198500057,0.554530921,0.5497127604,0.6486877246,0.6504114621,0.6333339408,,0.3296822865,2009,4,5
2009-01-20,0,0.1862050879,0.7667939091,0.7479072474,0.6747791922,0.6363793123,0.6134940915,0.7201537542,0.733103673,0.7031233329,,0.3374183156,2009,4,5
2009-01-21,1,0.1862050879,0.712539478,0.6948883195,0.6217777875,0.557326085,0.5630357828,0.6600431019,0.6606096849,0.6424189786,,0.3510382351,2009,4,5
2009-01-22,1,0.1862050879,0.7180049632,0.7002270295,0.6270695483,0.5650299395,0.5680947231,0.6696481502,0.6692458513,0.6526694584,,0.3549549153,2009,4,5
2009-01-23,1,0.1862050879,0.7178814096,0.700106337,0.6269498142,0.564855128,0.5718134679,0.6690108235,0.6677433606,0.6506365906,,0.3632612473,2009,4,5
2009-01-26,1,0.1862050879,0.7078050995,0.6902640985,0.617201664,0.5507009823,0.5457289848,0.6467004131,0.6509363335,0.6320716994,,0.345518,2009,4,5
2009-01-27,1,0.1862050879,0.6834808581,0.6665103059,0.5937988857,0.5173742538,0.5069474617,0.6110626933,0.6167063104,0.6011807564,,0.3250425726,2009,4,5
2009-01-28,1,0.1862050879,0.6626499739,0.6461730878,0.5738927454,0.4897876671,0.5043082219,0.5880007534,0.5777105097,0.5730037392,,0.3371071819,2009,4,5
2009-01-29,1,0.1862050879,0.6863438661,0.6693058115,0.5965443317,0.5212347136,0.5265051479,0.6217220531,0.6200750081,0.6071098429,,0.3372255279,2009,4,5
2009-01-30,1,0.1862050879,0.7021135233,0.6847053496,0.6117096671,0.5427959286,0.531168592,0.6361340811,0.6442794044,0.6240537958,,0.3230322421,2009,4,5
2009-02-02,1,0.1862050879,0.706682463,0.6891676278,0.6161175939,0.5491365959,0.5328437793,0.6383038927,0.6441952204,0.6265007038,,0.3208561545,2009,4,5
2009-02-03,1,0.1862050879,0.6895280317,0.6724150092,0.5996005366,0.52554775,0.5131644749,0.6144609038,0.6207543541,0.6035956137,,0.3196888651,2009,4,5
2009-02-04,1,0.1862050879,0.6952292027,0.6779822421,0.6050800376,0.5333214415,0.5177035474,0.6195811957,0.6281370255,0.6085937279,,0.3148839319,2009,4,5
2009-02-05,1,0.1862050879,0.6943753507,0.6771484255,0.6042587707,0.5321530055,0.5836899757,0.6531243284,0.6346394823,0.6251137169,,0.4258613124,2009,4,5
2009-02-06,1,0.1862050879,0.6917878215,0.6746216643,0.6017713124,0.5286211603,0.5281646983,0.6032188651,0.6080662378,0.5853272003,,0.3710968258,2009,4,5
2009-02-09,1,0.1862050879,0.693732124,0.6765202975,0.6036402346,0.5312737688,0.5161854238,0.5940456274,0.6024480836,0.5790442161,,0.3555918517,2009,4,5
2009-02-10,1,0.1862050879,0.7141293406,0.6964412599,0.6233161145,0.5595609284,0.5769440351,0.6576257473,0.6549702946,0.6349076946,,0.4025648374,2009,4,5
2009-02-11,1,0.1862050879,0.6999880472,0.682629584,0.6096612887,0.5398605594,0.5316910088,0.6221344948,0.6279249769,0.6071883593,,0.3643266891,2009,4,5
2009-02-12,1,0.1862050879,0.6757181953,0.6589311048,0.5863667341,0.5069909026,0.5162486597,0.6050068663,0.6030459635,0.5900061846,,0.339205952,2009,4,5
2009-02-13,1,0.1862050879,0.6885715031,0.6714809891,0.5986821371,0.5242499468,0.4938194889,0.5972421196,0.6136645355,0.5902024609,,0.3096344447,2009,4,5
2009-02-17,1,0.1862050879,0.7262429399,0.7082747673,0.6350643609,0.5767538161,0.5947989405,0.6864382554,0.67854489,0.6645318469,,0.393718765,2009,4,5
2009-02-18,1,0.1862050879,0.7250673464,0.7071262568,0.6339220659,0.575072565,0.5489076865,0.6581665225,0.6688252377,0.646317676,,0.3420362088,2009,4,5
2009-02-19,1,0.1862050879,0.7167028656,0.6989550954,0.6258079549,0.5631891735,0.544868975,0.656943265,0.6659999616,0.6453652365,,0.3446471297,2009,4,5
2009-02-20,1,0.1862050879,0.7299449864,0.7118916736,0.6386646575,0.5820659828,0.5784161743,0.6829898287,0.6832359363,0.6663052821,,0.3634746356,2009,4,5
2009-02-23,1,0.1862050879,0.747791754,0.7293313796,0.6560898913,0.6080490112,0.5829075584,0.702374019,0.7176032673,0.6897418993,,0.3519444701,2009,4,5
2009-02-24,1,0.1862050879,0.7064835596,0.688973362,0.6159255648,0.5488596892,0.5425261229,0.6529628047,0.6604454618,0.6404156209,,0.3349856551,2009,4,5
2009-02-25,1,0.1862050879,0.7009512866,0.6835702881,0.6105894171,0.5411897044,0.5400617307,0.6521891043,0.6562491471,0.6397776853,,0.3415465379,2009,4,5
2009-02-26,1,0.1862050879,0.7008826811,0.6835032872,0.6105233029,0.5410949758,0.5580497675,0.6685205028,0.6661523825,0.6529840498,,0.3709374108,2009,4,5
2009-02-27,1,0.1862050879,0.7120914728,0.694450725,0.6213444515,0.5566972433,0.5598004642,0.6797129045,0.6785767,0.6667780186,,0.3636692282,2009,4,5
2009-03-02,0,0.1862050879,0.7479433761,0.7294795692,0.6562384417,0.6082723818,0.6087639553,0.7311342152,0.733599188,0.715855182,,0.3877032773,2009,4,5
2009-03-03,0,0.1862050879,0.7389800239,0.7207199024,0.6474716766,0.5951430865,0.5789890357,0.713896388,0.7224167029,0.7037448939,,0.3647768041,2009,4,5
2009-03-04,1,0.1862050879,0.7196634082,0.7018470925,0.6286772138,0.56737935,0.5774463184,0.6992702796,0.6969014282,0.684960846,,0.3860041816,2009,4,5
2009-03-05,0,0.1862050879,0.7348357785,0.7166703394,0.6434283885,0.5891250712,0.6041635883,0.7308699124,0.7267341213,0.715691018,,0.4062063804,2009,4,5
2009-03-06,0,0.1862050879,0.7301163361,0.712059088,0.6388314129,0.5823125084,0.5964174158,0.7238532943,0.7211855481,0.7092547006,,0.4095171485,2009,4,5
2009-03-09,0,0.1862050879,0.7321009099,0.7139981199,0.6407635275,0.5851719599,0.5873056274,0.7219832779,0.7225287336,0.7100647,,0.3949860426,2009,4,5
2009-03-10,0,0.1862050879,0.6988803608,0.6815478265,0.6085943281,0.5383344086,0.5538772158,0.6734342418,0.6703757585,0.6600021938,,0.3841669478,2009,4,5
2009-03-11,0,0.1862050879,0.693517192,0.6763104119,0.6034335804,0.5309801615,0.5378950191,0.6588216356,0.6571163585,0.6475757652,,0.3704415434,2009,4,5
2009-03-12,0,0.1862050879,0.6751620319,0.6583881095,0.5858349019,0.50625168,0.5257120695,0.629879552,0.6274738941,0.6158540572,,0.3684498299,2009,4,5
2009-03-13,0,0.1862050879,0.6843144336,0.6673242186,0.594597989,0.5184965244,0.5218639641,0.6248520032,0.6258590943,0.6122041603,,0.3478258931,2009,4,5
2009-03-16,0,0.1862050879,0.6944466843,0.6772180849,0.6043273737,0.532250564,0.528018793,0.6311655773,0.6353431165,0.6185143469,,0.3422328,2009,4,5
2009-03-17,0,0.1862050879,0.6721127865,0.6554111148,0.5829205845,0.5022099681,0.5043268714,0.5960969274,0.6005260528,0.5834357084,,0.3344310494,2009,4,5
2009-03-18,0,0.1862050879,0.6660253859,0.649468222,0.5771102071,0.4941978285,0.5169474922,0.5912001208,0.5859492062,0.5725611145,,0.358384259,2009,4,5
2009-03-19,0,0.1862050879,0.6940183059,0.6767997612,0.6039154161,0.5316648521,0.5189464962,0.6037014752,0.612937039,0.5894109454,,0.3275678288,2009,4,5
2009-03-20,0,0.1862050879,0.7091160272,0.6915444933,0.6184680591,0.5525309498,0.5237031055,0.6191002095,0.6376347591,0.6073914897,,0.3163546308,2009,4,5
2009-03-23,0,0.1862050879,0.6907709366,0.6736286823,0.6007942971,0.5272368736,0.5441260756,0.5936578931,0.5894028485,0.5682182349,,0.3607108012,2009,4,5
2009-03-24,0,0.1862050879,0.6885715031,0.6714809891,0.5986821371,0.5242499468,0.5195037187,0.5857560341,0.5886476928,0.5675877892,,0.33874003,2009,4,5
2009-03-25,0,0.1862050879,0.6834808581,0.6665103059,0.5937988857,0.5173742538,0.536161991,0.5890065246,0.5826216274,0.5648544125,,0.3612880746,2009,4,5
2009-03-26,1,0.1862050879,0.6685174712,0.6519011056,0.5794876582,0.4974687547,0.5006040966,0.5505667773,0.549740643,0.5311777207,,0.3412964598,2009,4,5
2009-03-27,0,0.1862050879,0.6740445701,0.6572971149,0.5847665877,0.5047683119,0.5004813596,0.5599891453,0.5588059039,0.5427970527,,0.3360810749,2009,4,5
2009-03-30,0,0.1862050879,0.7068149465,0.6892970225,0.6162455056,0.5493210792,0.5468775826,0.6143167206,0.6113530117,0.5933233115,,0.342280501,2009,4,5
2009-03-31,0,0.1862050879,0.6972751561,0.6799802237,0.6070488014,0.5361271788,0.5269695426,0.5935592455,0.5962996707,0.5749848567,,0.3323709962,2009,4,5
2009-04-01,0,0.1862050879,0.6837085783,0.6667326537,0.5940171688,0.517680701,0.5133164053,0.5706996884,0.5744087221,0.5516703551,,0.321398205,2009,4,5
2009-04-02,0,0.1862050879,0.6818785051,0.6649457709,0.5922633561,0.5152209151,0.5404971154,0.5722085222,0.5582011298,0.5433448852,,0.3641708314,2009,4,5
2009-04-03,0,0.1862050879,0.6629902674,0.6465052834,0.5742169759,0.4902312283,0.4787027746,0.5200557884,0.5252352131,0.5031099376,,0.3220155358,2009,4,5
2009-04-06,0,0.1862050879,0.6731617072,0.6564351714,0.5839227998,0.5035981567,0.5024479842,0.5413689396,0.5402481354,0.5202607447,,0.3253713806,2009,4,5
2009-04-07,0,0.1862050879,0.6687648315,0.6521425927,0.5797237324,0.4977941109,0.4935176863,0.5455671934,0.5415855665,0.5279607971,,0.3170491917,2009,4,5
2009-04-08,0,0.1862050879,0.655624487,0.639315015,0.5672057923,0.480682828,0.4636655003,0.5154828892,0.5214111133,0.5025736665,,0.296765287,2009,4,5
2009-04-09,0,0.1862050879,0.6339785551,0.6181874408,0.5466836911,0.4532607407,0.4672347429,0.4903746233,0.4740625291,0.4699936605,,0.3027358954,2009,4,5
2009-04-13,0,0.1862050879,0.6462119136,0.6301273939,0.5582671232,0.4686416992,0.4640905794,0.4897279081,0.4875038753,0.4716213394,,0.2947283192,2009,4,5
2009-04-14,0,0.1862050879,0.6449096338,0.6288562938,0.5570322178,0.4669899167,0.4563203138,0.4925565224,0.4925693215,0.4776210264,,0.2857825985,2009,4,5
2009-04-15,0,0.1862050879,0.6304010737,0.6146959696,0.5433033956,0.448820033,0.432060341,0.4657410297,0.4723927629,0.4541365172,,0.273262545,2009,4,5
2009-04-16,0,0.1862050879,0.6265566911,0.6109441138,0.5396744537,0.4440768277,0.4502351895,0.4678465457,0.4623427224,0.4494971977,,0.2929929629,2009,4,5
2009-04-17,0,0.1862050879,0.6067785248,0.5916434942,0.5210616875,0.420144138,0.4082253396,0.4299130541,0.433896782,0.41935321,,0.2637490361,2009,4,5
2009-04-20,0,0.1862050879,0.6585180708,0.6421395937,0.5699583551,0.4844206711,0.4957454226,0.5233727392,0.5176020859,0.5002523877,,0.3071151984,2009,4,5
2009-04-21,0,0.1862050879,0.6399011887,0.6239678851,0.5522869305,0.4606693775,0.4454428369,0.4731468767,0.4833136826,0.4586878635,,0.2805866397,2009,4,5
2009-04-22,0,0.1862050879,0.6488824212,0.6327340053,0.5608008366,0.4720396812,0.4727031641,0.4958164023,0.494075355,0.4757719602,,0.299453284,2009,4,5
2009-04-23,0,0.1862050879,0.639996883,0.6240612842,0.5523775369,0.4607896649,0.4469997888,0.4695776341,0.4753168915,0.4540040455,,0.279040302,2009,4,5
2009-04-24,0,0.1862050879,0.6368157557,0.6209564944,0.5493667855,0.4568009415,0.4452195655,0.4578038326,0.4609701521,0.4407703823,,0.2797389855,2009,4,5
2009-04-27,0,0.1862050879,0.6508844265,0.6346881471,0.5627015017,0.4745965542,0.4520152074,0.4697338848,0.4755106565,0.4534319634,,0.2595965842,2009,4,5
2009-04-28,0,0.1862050879,0.647505654,0.6313901724,0.5594943631,0.4702860596,0.4533319649,0.4702322806,0.4739124565,0.4531847776,,0.2648996831,2009,4,5
2009-04-29,0,0.1862050879,0.6294969891,0.6138136354,0.5424496471,0.44770189,0.439586975,0.4434062178,0.443178079,0.4255535652,,0.2652035862,2009,4,5
2009-04-30,0,0.1862050879,0.6336828048,0.6178987976,0.5464041211,0.4528926468,0.4466192005,0.4475143006,0.44596065,0.428122252,,0.2695105594,2009,4,5
2009-05-01,0,0.1862050879,0.6214930893,0.6060025354,0.5349001735,0.4378748019,0.4146325561,0.4188585284,0.4265132936,0.4056769554,,0.25254413,2009,4,5
2009-05-04,0,0.1862050879,0.6132848118,0.5979924157,0.5271741704,0.4279305698,0.413673308,0.3957713404,0.4027676595,0.3788254535,,0.25358072,2009,4,5
2009-05-05,0,0.1862050879,0.6001907176,0.5852152774,0.514882886,0.4123461494,0.3803843343,0.3716077791,0.3830124316,0.3618989065,,0.2279957968,2009,4,5
2009-05-06,0,0.1862050879,0.5894521792,0.5747373979,0.5048329369,0.3998194648,0.393109932,0.3667589974,0.364707248,0.3509077756,,0.2403038766,2009,4,5
2009-05-07,0,0.1862050879,0.6011109581,0.5861132102,0.5157453763,0.413430252,0.4064056144,0.3848378213,0.3880834682,0.3678352395,,0.2417608783,2009,4,5
2009-05-08,0,0.1862050879,0.584569292,0.5699732351,0.5002720365,0.3941987425,0.3923314603,0.3577012025,0.3546646807,0.3404750905,,0.2450611139,2009,4,5
2009-05-11,0,0.1862050879,0.5944710401,0.5796343576,0.5095266157,0.4056456623,0.3975493801,0.3728720529,0.3677501166,0.3567439337,,0.2447194973,2009,4,5
2009-05-12,0,0.1862050879,0.5814651735,0.566944654,0.4973754732,0.3906499138,0.3864992416,0.3634194213,0.3628160148,0.3487338695,,0.2443104969,2009,4,5
2009-05-13,0,0.1862050879,0.6035089073,0.5884530525,0.5179937803,0.416263097,0.4069408979,0.3949192078,0.393901498,0.3793611494,,0.2452152163,2009,4,5
2009-05-14,0,0.1862050879,0.5760294955,0.5616413646,0.4923085825,0.3844809077,0.3690533867,0.3579911457,0.3623869974,0.348245594,,0.2305683984,2009,4,5
2009-05-15,0,0.1862050879,0.5974072046,0.5824992692,0.512275268,0.4090772224,0.3905752975,0.3799866237,0.3859632523,0.3675945052,,0.2310267814,2009,4,5
2009-05-18,0,0.1862050879,0.5611364712,0.5471117717,0.4784604832,0.3678728994,0.3782342683,0.347293065,0.3418288847,0.3315722638,,0.2453040956,2009,4,5
2009-05-19,0,0.1862050879,0.5407837486,0.5272572421,0.4596164858,0.3458651408,0.330977234,0.312234683,0.316991381,0.30640689,,0.2217824376,2009,4,5
2009-05-20,0,0.1862050879,0.5441438601,0.5305349912,0.462721143,0.3494442302,0.3562664431,0.3318031587,0.3282016477,0.3201950003,,0.2327568338,2009,4,5
2009-05-21,0,0.1862050879,0.5757736352,0.5613917394,0.4920702479,0.3841919504,0.3810482544,0.3610318556,0.3580522795,0.3474423811,,0.2361407095,2009,4,5
2009-05-22,0,0.1862050879,0.5916165059,0.5768491397,0.5068563128,0.4023258493,0.3742434489,0.3597946386,0.3699747815,0.3498056988,,0.220629281,2009,4,5
2009-05-26,0,0.1862050879,0.5662459506,0.552096453,0.4832058038,0.3735223858,0.3698175557,0.3364575825,0.3405571974,0.322603503,,0.2277385187,2009,4,5
2009-05-27,0,0.1862050879,0.5883624004,0.5736741058,0.5038145413,0.3985609477,0.3772191332,0.3546250011,0.3663460521,0.3425636131,,0.2228082775,2009,4,5
2009-05-28,0,0.1862050879,0.5798348382,0.5653540113,0.4958550375,0.3887935682,0.3873027521,0.3504508496,0.3498037139,0.3335915145,,0.2346300205,2009,4,5
2009-05-29,0,0.1862050879,0.5425422016,0.5289725868,0.4612409384,0.347735532,0.3667645923,0.3191911052,0.3113006065,0.3022188143,,0.2461136596,2009,4,5
2009-06-01,1,0.1862050879,0.558404764,0.5444468322,0.4759258833,0.3648731006,0.3694278918,0.3092691996,0.3046595302,0.2914354841,,0.2417657631,2009,4,5
2009-06-02,1,0.1862050879,0.5527107913,0.5388921314,0.4706481506,0.3586662967,0.3403310131,0.2888672259,0.2940036368,0.2775120394,,0.2207802226,2009,4,5
2009-06-03,0,0.1862050879,0.5715126091,0.5572345961,0.4881032876,0.3793984676,0.369075386,0.3163496889,0.3161782483,0.3005352207,,0.2300000429,2009,4,5
2009-06-04,1,0.1862050879,0.5603200674,0.5463153189,0.4777028113,0.366974871,0.3479811245,0.2950824277,0.2999957317,0.2826103114,,0.2170168855,2009,4,5
2009-06-05,1,0.1862050879,0.5525703417,0.5387551188,0.47051806,0.3585139806,0.3533858919,0.2962122956,0.2939630853,0.2815357347,,0.2192373081,2009,4,5
2009-06-08,1,0.1862050879,0.554669436,0.5408028534,0.4724627943,0.3607943507,0.3575844029,0.3006430789,0.2983220144,0.2853146399,,0.2214076318,2009,4,5
2009-06-09,1,0.1862050879,0.5328750396,0.5195425571,0.4523189276,0.3375249138,0.3226059429,0.2717279971,0.2732476311,0.2624191372,,0.2092928858,2009,4,5
2009-06-10,1,0.1862050879,0.5357372086,0.522334482,0.4549583207,0.3405296926,0.3470319316,0.2875743782,0.2820625262,0.2726242282,,0.2262680837,2009,4,5
2009-06-11,1,0.1862050879,0.5304410102,0.5171682876,0.4500757753,0.3349816627,0.3278911392,0.2719237927,0.272147326,0.2607615748,,0.216717121,2009,4,5
2009-06-12,1,0.1862050879,0.5310515601,0.5177638455,0.4506383228,0.3356185703,0.3146730137,0.2618712373,0.2675736869,0.2536674102,,0.2034458709,2009,4,5
2009-06-15,0,0.1862050879,0.5687616838,0.5545507824,0.4855444075,0.3763225208,0.3626586751,0.309527339,0.3105913584,0.2947461132,,0.2131811605,2009,4,5
2009-06-16,0,0.1862050879,0.592214119,0.5774322375,0.5074151987,0.4030195392,0.3583315405,0.3179368528,0.3378856072,0.3075961489,,0.1993123584,2009,4,5
2009-06-17,0,0.1862050879,0.5781932786,0.5637524306,0.4943247507,0.3869296931,0.3541468562,0.3125473748,0.3241901157,0.3017503063,,0.1972173544,2009,4,5
2009-06-18,0,0.1862050879,0.558267397,0.5443128236,0.4757984724,0.3647226307,0.3334364286,0.2911156956,0.3023674409,0.2827652983,,0.1913578725,2009,4,5
2009-06-19,0,0.1862050879,0.5286010267,0.5153734932,0.4483809522,0.33306645,0.3202083653,0.2750567791,0.2757382627,0.2666749602,,0.1994444855,2009,4,5
2009-06-22,0,0.1862050879,0.5734587272,0.5591332578,0.4899145848,0.381583391,0.3519503127,0.3188609932,0.3315176128,0.3093082985,,0.1947121043,2009,4,5
2009-06-23,0,0.1862050879,0.56571302,0.5515765338,0.4827105803,0.3729307787,0.3307955706,0.302783573,0.3183919916,0.2975856177,,0.1852478809,2009,4,5
2009-06-24,0,0.1862050879,0.5444339914,0.5308180128,0.4629893346,0.3497542701,0.3361453735,0.2972424987,0.2990081025,0.287779602,,0.1999110223,2009,4,5
2009-06-25,0,0.1862050879,0.5023240499,0.4897431057,0.4242582905,0.306396718,0.3012025006,0.2569180706,0.2611748135,0.2503963536,,0.1982099632,2009,4,5
2009-06-26,0,0.1862050879,0.4949717046,0.4825720648,0.4175358295,0.2991595702,0.2798234276,0.2438482923,0.2500940258,0.2419635438,,0.1856550161,2009,4,5
2009-06-29,1,0.1862050879,0.4847585684,0.4726110373,0.4082172812,0.2892670227,0.2724722415,0.2333966132,0.2392915319,0.2316619639,,0.1807308258,2009,4,5
2009-06-30,0,0.1862050879,0.502155121,0.4895783407,0.4241037012,0.3062293423,0.2960940723,0.2546659209,0.2583299369,0.2494885812,,0.1870326584,2009,4,5
2009-07-01,0,0.1862050879,0.4999503297,0.4874279025,0.4220866369,0.3040495487,0.2789541548,0.2415599745,0.2501010595,0.2399489393,,0.1727410412,2009,4,5
2009-07-02,0,0.1862050879,0.5279849485,0.5147725483,0.4478136448,0.332426592,0.3387050988,0.2972539109,0.292051916,0.2856854689,,0.2075672637,2009,4,5
2009-07-06,0,0.1862050879,0.543708002,0.5301098142,0.4623182795,0.3489787631,0.3330489398,0.2966103134,0.2991571785,0.2880492813,,0.1996618559,2009,4,5
2009-07-07,0,0.1862050879,0.5692880684,0.5550643226,0.4860339116,0.3769099626,0.3398959829,0.3162021808,0.3341605203,0.3101052021,,0.1925337954,2009,4,5
2009-07-08,0,0.1862050879,0.5751328134,0.5607665353,0.4914733864,0.3834687945,0.3641602286,0.3332470498,0.339407155,0.3216339221,,0.2042462284,2009,4,5
2009-07-09,0,0.1862050879,0.5548087789,0.5409387875,0.4725919253,0.360946025,0.3338257955,0.3084987722,0.3163270975,0.3022330096,,0.194944809,2009,4,5
2009-07-10,0,0.1862050879,0.5439986449,0.5303933345,0.4625869159,0.3492891102,0.3195805216,0.298422232,0.3084950545,0.2947838944,,0.1828088945,2009,4,5
2009-07-13,0,0.1862050879,0.5014784781,0.488918377,0.4234845579,0.3055594378,0.3064884048,0.2702131632,0.2709549984,0.263756277,,0.1954297951,2009,4,5
2009-07-14,0,0.1862050879,0.4787909944,0.4667909045,0.4027829725,0.2835723875,0.2669836832,0.2391520829,0.2445327304,0.2397662408,,0.180993966,2009,4,5
2009-07-15,0,0.1862050879,0.4942783709,0.4818958365,0.4169025047,0.2984821113,0.3193438505,0.259354033,0.2491748619,0.246792167,,0.2170369465,2009,4,5
2009-07-16,0,0.1862050879,0.4860096357,0.4738312065,0.4093575395,0.2904688487,0.2950152628,0.2447265525,0.2414668042,0.2374108406,,0.2064507838,2009,4,5
2009-07-17,0,0.1862050879,0.4661223168,0.4544355422,0.3912721906,0.2716900459,0.2783199989,0.2265737103,0.2180005331,0.2207562949,,0.2058999651,2009,4,5
2009-07-20,0,0.1862050879,0.4672607294,0.4555457834,0.3923051179,0.2727463769,0.2704137735,0.2172685488,0.214676724,0.2126911399,,0.196521493,2009,4,5
2009-07-21,0,0.1862050879,0.4570632438,0.4456007591,0.3830626503,0.2633638049,0.2750110722,0.216318344,0.2082475537,0.20956483,,0.2066560323,2009,4,5
2009-07-22,0,0.1862050879,0.4491514372,0.4378849967,0.3759075193,0.2562069254,0.2551275595,0.2039293551,0.2007452718,0.2010651633,,0.1870415415,2009,4,5
2009-07-23,0,0.1862050879,0.4483498616,0.4371032911,0.3751833728,0.2554877666,0.2612674881,0.197574966,0.1955164333,0.1919140248,,0.1913035015,2009,4,5
2009-07-24,0,0.1862050879,0.4414585007,0.4303828173,0.3689635272,0.2493496962,0.2485470472,0.1878503918,0.1868402923,0.1842013046,,0.1855925892,2009,4,5
2009-07-27,0,0.1862050879,0.4649798706,0.4533213704,0.3902358886,0.2706322264,0.2530581981,0.1922573398,0.1973128834,0.1892368838,,0.1766045483,2009,4,5
2009-07-28,0,0.1862050879,0.4786083465,0.4666127708,0.4026167689,0.2833990829,0.2751153769,0.2087258674,0.2087929292,0.2022389664,,0.1825272254,2009,4,5
2009-07-29,0,0.1862050879,0.4893796876,0.4771180489,0.4124308031,0.2937200752,0.2744584909,0.211195687,0.2157140829,0.2058859311,,0.1773080675,2009,4,5
2009-07-30,0,0.1862050879,0.4856527111,0.4734830966,0.4090321934,0.2901256897,0.2884516813,0.2137713165,0.2075881206,0.2044361041,,0.189275864,2009,4,5
2009-07-31,0,0.1862050879,0.4947985267,0.4824031594,0.4173776306,0.2989902768,0.2732071157,0.2063048814,0.2115888169,0.2010200855,,0.175003612,2009,4,5
2009-08-03,0,0.1862050879,0.4884964276,0.4762565943,0.4116250886,0.2928660065,0.2882812223,0.206460124,0.201167278,0.1964671695,,0.1902693489,2009,4,5
2009-08-04,0,0.1862050879,0.4764081494,0.4644669591,0.4006152348,0.2813160379,0.2595677366,0.1886099562,0.1918577973,0.183818271,,0.1726407422,2009,4,5
2009-08-05,0,0.1862050879,0.4765921103,0.4646463724,0.4007825447,0.2814898783,0.2636591376,0.1925632121,0.1949578197,0.1871450676,,0.1739111727,2009,4,5
2009-08-06,0,0.1862050879,0.4904361405,0.4781484237,0.4133947292,0.2947434371,0.2756278344,0.2037645829,0.207720406,0.1971712593,,0.1719127988,2009,4,5
2009-08-07,0,0.1862050879,0.4740070246,0.4621252009,0.3984321235,0.2790524438,0.2807438591,0.1987135122,0.1928262442,0.1890924231,,0.1870479924,2009,4,5
2009-08-10,0,0.1862050879,0.4782427284,0.4662561893,0.4022840903,0.2830523438,0.2607895777,0.1901978433,0.1935906247,0.1853753626,,0.1705610406,2009,4,5
2009-08-11,0,0.1862050879,0.4960086594,0.4835834393,0.4184832309,0.3001743904,0.2720848872,0.2052131678,0.2121320737,0.2001821986,,0.1699449644,2009,4,5
2009-08-12,0,0.1862050879,0.4865442573,0.4743526258,0.4098449133,0.2909832741,0.280791406,0.2043803383,0.2058480019,0.1961497257,,0.1792785552,2009,4,5
2009-08-13,0,0.1862050879,0.4730785771,0.4612197128,0.3975883137,0.2781798779,0.2663499336,0.191858906,0.1923058522,0.1853833553,,0.1766339783,2009,4,5
2009-08-14,0,0.1862050879,0.4647890455,0.4531352683,0.3900628208,0.2704557565,0.2625835037,0.1926780106,0.1934380203,0.1869192915,,0.1713235076,2009,4,5
2009-08-17,0,0.1862050879,0.5270581656,0.5138685331,0.4469603867,0.3314653663,0.3306226944,0.2521063997,0.2396882153,0.2374559687,,0.1960546041,2009,4,5
2009-08-18,0,0.1862050879,0.4992686082,0.48676299,0.421463176,0.3033773313,0.277649487,0.2142131532,0.2196335058,0.2089591273,,0.1769952747,2009,4,5
2009-08-19,0,0.1862050879,0.500630507,0.4880913103,0.422708787,0.3047210785,0.298183237,0.2222792247,0.2210651,0.2120517375,,0.1892291783,2009,4,5
2009-08-20,0,0.1862050879,0.4800665262,0.4680349136,0.4039438679,0.2847843055,0.2660951613,0.1974266335,0.201277353,0.1921589979,,0.1770541376,2009,4,5
2009-08-21,0,0.1862050879,0.4786083465,0.4666127708,0.4026167689,0.2833990829,0.2756610294,0.1940263794,0.192048567,0.1855212989,,0.1824682884,2009,4,5
2009-08-24,0,0.1862050879,0.4809743944,0.4689203479,0.4047703596,0.2856486405,0.2657609695,0.1897152895,0.1933212277,0.1835672071,,0.1669074055,2009,4,5
2009-08-25,0,0.1862050879,0.4769596705,0.4650048463,0.4011168578,0.281837395,0.2640012119,0.1878807198,0.1905043786,0.1817662982,,0.1687013177,2009,4,5
2009-08-26,0,0.1862050879,0.4775102182,0.465541785,0.4016176619,0.2823583639,0.2563004785,0.1842312122,0.1895659142,0.179829601,,0.1608250559,2009,4,5
2009-08-27,0,0.1862050879,0.4725202219,0.4606751662,0.3970809493,0.2776558537,0.2669390913,0.1886587077,0.189062238,0.1815786204,,0.1713967735,2009,4,5
2009-08-28,0,0.1862050879,0.4740070246,0.4621252009,0.3984321235,0.2790524438,0.2716859254,0.1918681908,0.1902899034,0.183948299,,0.1756792143,2009,4,5
2009-08-31,0,0.1862050879,0.496353508,0.4839197817,0.4187983498,0.3005123054,0.2827711942,0.2054005993,0.2033260519,0.1973033187,,0.1733275533,2009,4,5
2009-09-01,0,0.1862050879,0.5458799982,0.5322285904,0.4643262743,0.3513018776,0.347713448,0.2607328125,0.2594244992,0.2432071873,,0.2008161196,2009,4,5
2009-09-02,0,0.1862050879,0.542249942,0.5286874911,0.4609709024,0.3474242635,0.3102076719,0.2411534854,0.2503420151,0.2323600457,,0.1807849686,2009,4,5
2009-09-03,0,0.1862050879,0.5145572469,0.5016750047,0.4354696876,0.318655197,0.2992905399,0.2268895301,0.2294769746,0.2177719705,,0.185014964,2009,4,5
2009-09-04,0,0.1862050879,0.4831424942,0.471034882,0.4067448515,0.287718657,0.2686006725,0.1991936444,0.2049240759,0.193612562,,0.177555572,2009,4,5
2009-09-08,0,0.1862050879,0.4895560232,0.4772900315,0.4125916778,0.2938907492,0.2798169228,0.2026345698,0.1999062378,0.1946396792,,0.180768554,2009,4,5
2009-09-09,0,0.1862050879,0.4657419462,0.454064585,0.3909271283,0.2713376006,0.2468353714,0.1789341987,0.1844557922,0.1758431205,,0.1585404396,2009,4,5
2009-09-10,0,0.1862050879,0.4507489056,0.4394428703,0.3773510996,0.2576433907,0.2427854581,0.1711765558,0.1743228579,0.1673379941,,0.1632244572,2009,4,5
2009-09-11,0,0.1862050879,0.4624905276,0.4508936471,0.3879788197,0.2683350873,0.240103801,0.171797777,0.178573286,0.1694109923,,0.1555080303,2009,4,5
2009-09-14,0,0.1862050879,0.4568677366,0.4454100945,0.3828856755,0.2631856666,0.2658242349,0.1828984066,0.1791017415,0.174571968,,0.179500159,2009,4,5
2009-09-15,0,0.1862050879,0.4481491637,0.4369075685,0.3750020838,0.2553078744,0.2433482701,0.1690254552,0.1705678574,0.1646028398,,0.1690386311,2009,4,5
2009-09-16,0,0.1862050879,0.4535262576,0.4421513968,0.3798622377,0.2601511385,0.2457399541,0.1652294241,0.1684580297,0.1599321541,,0.1679950482,2009,4,5
2009-09-17,0,0.1862050879,0.4527350817,0.4413798253,0.3791467248,0.2594354279,0.2473970038,0.1670819847,0.168717423,0.1615429134,,0.1664404088,2009,4,5
2009-09-18,0,0.1862050879,0.4580390187,0.4465523657,0.3839460553,0.2642538697,0.2392200749,0.1637902015,0.1684377869,0.1602746489,,0.1598106307,2009,4,5
2009-09-21,0,0.1862050879,0.4607558502,0.4492019178,0.3864068033,0.2667406579,0.2526292243,0.1723539415,0.1729976402,0.1664981017,,0.1614730709,2009,4,5
2009-09-22,0,0.1862050879,0.4412536883,0.4301830853,0.3687788325,0.2491684939,0.2289159052,0.1561357187,0.1577133155,0.1534957413,,0.1546271592,2009,4,5
2009-09-23,0,0.1862050879,0.4495515388,0.4382751808,0.3762690254,0.2565662961,0.2482022487,0.1706050644,0.1712097882,0.1651423944,,0.1649117199,2009,4,5
2009-09-24,0,0.1862050879,0.4775102182,0.465541785,0.4016176619,0.2823583639,0.2669153588,0.1890350988,0.1929311033,0.1822842036,,0.1665779257,2009,4,5
2009-09-25,0,0.1862050879,0.4893796876,0.4771180489,0.4124308031,0.2937200752,0.267062121,0.1934982622,0.200224429,0.1879512452,,0.1632890589,2009,4,5
2009-09-28,0,0.1862050879,0.4762240984,0.4642874582,0.4004478504,0.2811421718,0.2562351106,0.1787660073,0.1868984014,0.1735732578,,0.1603520606,2009,4,5
2009-09-29,0,0.1862050879,0.4818796544,0.4698032407,0.4055946563,0.2865119386,0.2573545697,0.1819262422,0.1903153291,0.1771495897,,0.1581872017,2009,4,5
2009-09-30,0,0.1862050879,0.4893796876,0.4771180489,0.4124308031,0.2937200752,0.2745618611,0.1942295994,0.1992361545,0.1866584541,,0.1641246974,2009,4,5
2009-10-01,0,0.1862050879,0.5328750396,0.5195425571,0.4523189276,0.3375249138,0.3590898135,0.2599461927,0.2438733325,0.2381241816,,0.2224653743,2009,4,5
2009-10-02,0,0.1862050879,0.5390135484,0.5255304499,0.4579818746,0.3439881437,0.3293720593,0.2473453294,0.2445337385,0.2333241849,,0.2004373979,2009,4,5
2009-10-05,0,0.1862050879,0.5103182637,0.4975403725,0.4315810591,0.3143765868,0.3053115124,0.2226234464,0.2215609139,0.2109654694,,0.1998532319,2009,4,5
2009-10-06,0,0.1862050879,0.4909630074,0.4786622862,0.4138755429,0.2952545443,0.2938427632,0.2075256673,0.202216592,0.1962399894,,0.2023282047,2009,4,5
2009-10-07,0,0.1862050879,0.4725202219,0.4606751662,0.3970809493,0.2776558537,0.2571938947,0.1849947573,0.1874846708,0.1801717791,,0.1858490356,2009,4,5
2009-10-08,0,0.1862050879,0.4630666914,0.4514555476,0.3885011024,0.2688658145,0.259368463,0.1822809554,0.1805274444,0.1759778201,,0.1728970548,2009,4,5
2009-10-09,0,0.1862050879,0.4420722248,0.4309813185,0.3695170237,0.2498930936,0.2186736556,0.1567336241,0.1652362728,0.157059513,,0.1531493031,2009,4,5
2009-10-12,0,0.1862050879,0.4398165703,0.4287816178,0.3674831356,0.247899019,0.2253949685,0.1590359013,0.161580566,0.1577189521,,0.1547500503,2009,4,5
2009-10-13,0,0.1862050879,0.4394048599,0.4283801215,0.367112024,0.2475359727,0.2210318383,0.1581228051,0.1631118541,0.1578695504,,0.1486838997,2009,4,5
2009-10-14,1,0.1862050879,0.4367167344,0.4257586944,0.3646898945,0.245172545,0.2543336474,0.1683799018,0.1600698177,0.1603631699,,0.1804398369,2009,4,5
2009-10-15,1,0.1862050879,0.412226457,0.4018767604,0.342696792,0.2241899658,0.2077627598,0.1417259004,0.1436970913,0.1412609103,,0.1584533972,2009,4,5
2009-10-16,0,0.1862050879,0.4057255282,0.3955375122,0.3368812152,0.218784075,0.2212014773,0.1511240235,0.1443782872,0.148127185,,0.1726066163,2009,4,5
2009-10-19,1,0.1862050879,0.407079806,0.3968581022,0.3380919377,0.2199046359,0.2155214064,0.1460112824,0.1442067043,0.1438690165,,0.1688732435,2009,4,5
2009-10-20,1,0.1862050879,0.3935499853,0.3836649864,0.3260148703,0.2088409779,0.2051738223,0.1419186813,0.1403666485,0.1413166432,,0.1679940353,2009,4,5
2009-10-21,0,0.1862050879,0.4231736936,0.412551917,0.3525112975,0.2334477055,0.235780766,0.1648725051,0.1615687347,0.1606833263,,0.1716849798,2009,4,5
2009-10-22,1,0.1862050879,0.3886185605,0.3788563656,0.3216232619,0.2048804171,0.2159556349,0.1475379484,0.1421872447,0.1446194376,,0.1784017499,2009,4,5
2009-10-23,0,0.1862050879,0.4242505365,0.4136020091,0.3534781605,0.2343689158,0.2347297331,0.1662148964,0.1653851086,0.1625553194,,0.1758056988,2009,4,5
2009-10-26,0,0.1862050879,0.4655515728,0.4538789231,0.3907544384,0.2711612976,0.2784113109,0.1997560754,0.1956546891,0.1904280922,,0.1919847148,2009,4,5
2009-10-27,0,0.1862050879,0.4753022339,0.463388385,0.3996095758,0.2802722134,0.2617886269,0.1948631909,0.1997313636,0.1902275097,,0.1782554993,2009,4,5
2009-10-28,0,0.1862050879,0.5273674473,0.5141702165,0.4472451109,0.3317859645,0.3065252624,0.2370840382,0.2466983207,0.2279077898,,0.1814527664,2009,4,5
2009-10-29,0,0.1862050879,0.4740070246,0.4621252009,0.3984321235,0.2790524438,0.2742909634,0.2017964158,0.2020119031,0.1943790999,,0.1847642523,2009,4,5
2009-10-30,0,0.1862050879,0.5671757995,0.5530036029,0.4840700162,0.3745559271,0.3499168786,0.2745475677,0.2856077561,0.2594117401,,0.191942097,2009,4,5
2009-11-02,0,0.1862050879,0.5548087789,0.5409387875,0.4725919253,0.360946025,0.3421674436,0.2647887316,0.2705904167,0.2500074396,,0.1863556613,2009,4,5
2009-11-03,0,0.1862050879,0.5409307335,0.5274006232,0.4597522436,0.3460212589,0.3099393068,0.2430571564,0.2555322811,0.2345071129,,0.1750022715,2009,4,5
2009-11-04,0,0.1862050879,0.5244152366,0.5112905481,0.4445281702,0.328732978,0.314305184,0.2425267347,0.2452761277,0.2314828484,,0.1860127318,2009,4,5
2009-11-05,0,0.1862050879,0.4861879413,0.4740051088,0.4095200802,0.2906403622,0.27553464,0.20703514,0.2110159839,0.2006507775,,0.1781822679,2009,4,5
2009-11-06,0,0.1862050879,0.4632585375,0.4516426445,0.3886750238,0.2690426585,0.2567458689,0.1932956933,0.1952947166,0.1892341675,,0.1740550455,2009,4,5
2009-11-09,0,0.1862050879,0.4426848094,0.4315787092,0.3700695754,0.2504361125,0.2419294185,0.1738612677,0.1754292347,0.1702142426,,0.1680308886,2009,4,5
2009-11-10,0,0.1862050879,0.4363012954,0.4253535648,0.3643157065,0.2448083624,0.2247540282,0.1647664654,0.1694533172,0.1643382031,,0.1596820488,2009,4,5
2009-11-11,0,0.1862050879,0.4404332346,0.429382984,0.3680390606,0.2484433243,0.2372765567,0.1706722178,0.1711221894,0.1677684293,,0.1628280955,2009,4,5
2009-11-12,0,0.1862050879,0.4642159483,0.4525763561,0.3895431015,0.2699261498,0.2546256306,0.1881741123,0.1923621488,0.1840673274,,0.1651099743,2009,4,5
2009-11-13,0,0.1862050879,0.4469424798,0.4357308,0.3739122809,0.254227719,0.2374557912,0.175439067,0.1795280104,0.1735275821,,0.1595486912,2009,4,5
2009-11-16,0,0.1862050879,0.4373388896,0.4263654112,0.3652503442,0.2457184776,0.2352617084,0.1681989627,0.1689948115,0.1653466551,,0.1623141338,2009,4,5
2009-11-17,0,0.1862050879,0.4272485533,0.4165255615,0.3561713419,0.236943665,0.213620322,0.1561508204,0.162058188,0.1570913691,,0.1526079013,2009,4,5
2009-11-18,0,0.1862050879,0.4102209594,0.3999211319,0.3409017101,0.22251503,0.1999556203,0.1482117074,0.1543232208,0.150931729,,0.1473732685,2009,4,5
2009-11-19,0,0.1862050879,0.431909255,0.4210705377,0.3603621089,0.2409757635,0.2442801874,0.1806159958,0.1772042209,0.1766631661,,0.1714396213,2009,4,5
2009-11-20,0,0.1862050879,0.4225260959,0.4119204081,0.3519299643,0.2328946177,0.2163632604,0.1667238267,0.1686857129,0.168375304,,0.1565292686,2009,4,5
2009-11-23,0,0.1862050879,0.3995709294,0.3895360521,0.3313842155,0.2137285294,0.2220073173,0.162963941,0.1544195992,0.1611500778,,0.1717264615,2009,4,5
2009-11-24,0,0.1862050879,0.3833859728,0.3737541266,0.3169695175,0.2007196008,0.1980044677,0.1485742945,0.1469476315,0.1506064497,,0.1632341532,2009,4,5
2009-11-25,0,0.1862050879,0.3836253198,0.3739875103,0.3171822507,0.2009089922,0.183795592,0.1404781751,0.1436994477,0.1452966688,,0.1514322299,2009,4,5
2009-11-27,0,0.1862050879,0.4736359817,0.4617633332,0.3980948824,0.2787035527,0.3096947948,0.2283265968,0.2056673581,0.2137702467,,0.2159741097,2009,4,5
2009-11-30,0,0.1862050879,0.4693373482,0.4575710223,0.3941900483,0.2746790544,0.2833171915,0.2124546712,0.2037528465,0.2034742457,,0.2044221809,2009,4,5
2009-12-01,0,0.1862050879,0.4166446983,0.4061851639,0.34665465,0.227902893,0.2394391936,0.1768715847,0.1649968867,0.172960139,,0.1975387487,2009,4,5
2009-12-02,0,0.1862050879,0.3986507068,0.3886387323,0.3305630502,0.2129778157,0.2160666887,0.1629838446,0.1568703023,0.1628528126,,0.1877318992,2009,4,5
2009-12-03,0,0.1862050879,0.4283131806,0.4175637501,0.3571281991,0.2378615431,0.2464124313,0.1872615661,0.1799150634,0.1834184312,,0.1948493683,2009,4,5
2009-12-04,0,0.1862050879,0.4016334811,0.3915472758,0.3332254388,0.2154160372,0.2406248069,0.1790668051,0.1654070593,0.174292163,,0.1962315923,2009,4,5
2009-12-07,0,0.1862050879,0.4205761619,0.4100189226,0.3501801185,0.2312333972,0.2212636469,0.1721725693,0.1720080781,0.1731398171,,0.1713642444,2009,4,5
2009-12-08,0,0.1862050879,0.4535262576,0.4421513968,0.3798622377,0.2601511385,0.2591535932,0.2032340903,0.1985613543,0.1992935418,,0.1825718917,2009,4,5
2009-12-09,0,0.1862050879,0.4325400897,0.4216857122,0.3609297069,0.2415242755,0.2309215407,0.1835348698,0.1841132582,0.1840529844,,0.1736242006,2009,4,5
2009-12-10,0,0.1862050879,0.425324141,0.4146489455,0.3544423724,0.2352892489,0.2267279792,0.1785840057,0.1745938553,0.1791888303,,0.1720256553,2009,4,5
2009-12-11,0,0.1862050879,0.4093261817,0.3990486064,0.3401011029,0.2217698271,0.20397518,0.1628057457,0.1640103419,0.1668859444,,0.152559158,2009,4,5
2009-12-14,0,0.1862050879,0.3993410735,0.3893119168,0.3311790845,0.213540888,0.2069106263,0.1613843706,0.1574485657,0.1637739088,,0.1591256935,2009,4,5
2009-12-15,0,0.1862050879,0.407079806,0.3968581022,0.3380919377,0.2199046359,0.2016167285,0.1618191196,0.1633534201,0.1663408068,,0.1481150116,2009,4,5
2009-12-16,0,0.1862050879,0.385058315,0.3753848042,0.3184561804,0.2020447617,0.1874606189,0.1513174046,0.151328611,0.1571742127,,0.1466453605,2009,4,5
2009-12-17,0,0.1862050879,0.42937467,0.4185988811,0.3580824865,0.2387785765,0.2205382232,0.1808902098,0.1802680227,0.1840536313,,0.1511905757,2009,4,5
2009-12-18,0,0.1862050879,0.4113364785,0.4010089114,0.3419000784,0.2234458801,0.2114734597,0.1717431061,0.1700577586,0.1751756638,,0.1543983132,2009,4,5
2009-12-21,0,0.1862050879,0.3838645015,0.3742207329,0.3173948501,0.2010983417,0.1895456853,0.15274893,0.1520802408,0.1581588677,,0.1498264071,2009,4,5
2009-12-22,0,0.1862050879,0.3605027566,0.3514414717,0.2966917495,0.1830197024,0.1616502135,0.1336369768,0.1368984767,0.1429092638,,0.1371153445,2009,4,5
2009-12-23,0,0.1862050879,0.3647791352,0.3556111628,0.3004719988,0.1862666954,0.1657843839,0.1363863604,0.1391433658,0.1451207814,,0.136694048,2009,4,5
2009-12-24,0,0.1862050879,0.3587295289,0.3497124906,0.2951254994,0.1816814165,0.1566768128,0.1295116946,0.1347899809,0.1393991106,,0.1278752723,2009,4,5
2009-12-28,0,0.1862050879,0.3702508852,0.3609464438,0.3053151496,0.1904617975,0.1661589202,0.1359662392,0.1399504226,0.1447540129,,0.1259091515,2009,4,5
2009-12-29,0,0.1862050879,0.3722232223,0.3628696009,0.3070626061,0.1919851561,0.1515699132,0.1287362058,0.1397598395,0.1408126392,,0.1126788334,2009,4,5
2009-12-30,0,0.1862050879,0.37099157,0.361668659,0.3059712779,0.1910331767,0.1513653619,0.1291060041,0.1394885894,0.1412868948,,0.1053704242,2009,4,5
2009-12-31,0,0.1862050879,0.4113364785,0.4010089114,0.3419000784,0.2234458801,0.1790439535,0.1535628692,0.1706584227,0.1640337908,,0.1081307639,2009,4,5
2010-01-04,1,0.1904059041,0.3729604929,0.3635884894,0.3077160463,0.1849263921,0.1818712719,0.1396694511,0.1360922803,0.1440037545,,0.1371504652,2010,4,5
2010-01-05,1,0.1904059041,0.3556730759,0.3467323151,0.2924275389,0.1728874199,0.1460611095,0.1186399441,0.1218734652,0.1283736243,,0.1241643538,2010,4,5
2010-01-06,1,0.1904059041,0.3507902388,0.3419713634,0.2881219761,0.1695570684,0.1356486965,0.1127984189,0.1165075541,0.1241399375,,0.1190282188,2010,4,5
2010-01-07,1,0.1904059041,0.3481988491,0.339444674,0.2858392437,0.1678019574,0.1469401559,0.1181007319,0.1209929314,0.1272439196,,0.1201853262,2010,4,5
2010-01-08,1,0.1904059041,0.3233853474,0.3152511683,0.2640627042,0.1514217937,0.1324547588,0.1079039865,0.109800064,0.1182612044,,0.1179142878,2010,4,5
2010-01-11,1,0.1904059041,0.3072551292,0.2995244119,0.2499873423,0.1411770266,0.1232821653,0.1018024436,0.1015399973,0.1129705677,,0.1076577956,2010,4,5
2010-01-12,1,0.1904059041,0.3266598115,0.318443769,0.2669278656,0.1535398289,0.1411495382,0.1164739122,0.1123069189,0.1263910594,,0.1162039675,2010,4,5
2010-01-13,1,0.1904059041,0.3156611518,0.3077201362,0.2573144558,0.1464770068,0.1417364878,0.1138685515,0.1124422202,0.1226864084,,0.1229778296,2010,4,5
2010-01-14,1,0.1904059041,0.3095098509,0.3017227175,0.2519509397,0.1425903725,0.1185824489,0.1001927092,0.1031035439,0.1124597316,,0.1116169467,2010,4,5
2010-01-15,1,0.1904059041,0.3173262212,0.3093435598,0.2587678999,0.1475368494,0.140342676,0.1169366911,0.1181288375,0.1269548099,,0.1221055534,2010,4,5
2010-01-19,1,0.1904059041,0.3081017945,0.3003498919,0.2507245388,0.1417070425,0.1256780563,0.104683684,0.1119341286,0.1158958627,,0.1159520449,2010,4,5
2010-01-20,1,0.1904059041,0.338216134,0.3297112892,0.2770605002,0.1611200532,0.1585395695,0.1289322691,0.1268996324,0.1367939027,,0.1286318798,2010,4,5
2010-01-21,1,0.1904059041,0.4242505365,0.4136020091,0.3534781605,0.2230250142,0.2032583208,0.1692348616,0.1796919164,0.174488477,,0.1336482972,2010,4,5
2010-01-22,0,0.1904059041,0.5179352896,0.5049699318,0.4385713568,0.3027966473,0.2638047851,0.2247136135,0.2397366525,0.2245611986,,0.1454699361,2010,4,5
2010-01-25,0,0.1904059041,0.4858312256,0.4736572025,0.4091949106,0.2738695985,0.2413697164,0.2061250157,0.2071068941,0.2085324885,,0.1460814156,2010,4,5
2010-01-26,0,0.1904059041,0.47008912,0.4583041964,0.3948726584,0.2603091576,0.2334454504,0.2023565746,0.2075563741,0.2059684972,,0.1494057161,2010,4,5
2010-01-27,0,0.1904059041,0.4424807092,0.4313796712,0.3698854677,0.2374712376,0.2228001081,0.1916385733,0.1966179917,0.1956587821,,0.1522376716,2010,4,5
2010-01-28,0,0.1904059041,0.4543155121,0.4429210961,0.38057615,0.2471167557,0.2360324789,0.2066079851,0.212678773,0.2095814616,,0.1578941473,2010,4,5
2010-01-29,0,0.1904059041,0.4714005219,0.4595831595,0.3960637093,0.2614236063,0.2532776346,0.2247377959,0.2296591882,0.2260265712,,0.1647562174,2010,4,5
2010-02-01,0,0.1904059041,0.4310664283,0.4202486351,0.359603907,0.2283685945,0.2243755258,0.1962339115,0.1968538657,0.2001743426,,0.1636233766,2010,4,5
2010-02-02,0,0.1904059041,0.4068544298,0.396638332,0.3378904231,0.2096914511,0.2055057567,0.1778510821,0.182388528,0.1834498646,,0.1613542061,2010,4,5
2010-02-03,0,0.1904059041,0.4095500822,0.3992669386,0.3403014222,0.2117292917,0.2001285918,0.1775237806,0.1783583877,0.1848288515,,0.157390533,2010,4,5
2010-02-04,0,0.1904059041,0.4975573279,0.4850939101,0.4198985912,0.2842338604,0.2590143502,0.2379115106,0.2524436548,0.240585619,,0.1621098231,2010,4,5
2010-02-05,0,0.1904059041,0.498071772,0.485595667,0.4203688685,0.2846937983,0.2722604421,0.2456072838,0.2505868791,0.245353936,,0.1707692211,2010,4,5
2010-02-08,0,0.1904059041,0.5048460352,0.4922029377,0.4265669393,0.2907919132,0.2537263295,0.2390725709,0.2521640401,0.2439459383,,0.1615879329,2010,4,5
2010-02-09,0,0.1904059041,0.4961811338,0.4837516593,0.4186408329,0.2830056557,0.281844642,0.2495692324,0.2452712176,0.2468656227,,0.1828977591,2010,4,5
2010-02-10,0,0.1904059041,0.4856527111,0.4734830966,0.4090321934,0.2737135706,0.2569802972,0.2345935045,0.2384548091,0.2368910281,,0.1767148924,2010,4,5
2010-02-11,0,0.1904059041,0.4588175496,0.4473116153,0.3846510378,0.2508424316,0.2465335301,0.22054019,0.2236075566,0.2227595795,,0.1789620694,2010,4,5
2010-02-12,0,0.1904059041,0.4340075938,0.4231167893,0.3622504451,0.2306955561,0.2401829397,0.214952035,0.2078867673,0.2172850545,,0.1821116406,2010,4,5
2010-02-16,0,0.1904059041,0.4238201945,0.4131823574,0.3530917392,0.2226899116,0.2400531914,0.2067470252,0.2001099011,0.2073971378,,0.1888030125,2010,4,5
2010-02-17,0,0.1904059041,0.412226457,0.4018767604,0.342696792,0.2137627466,0.2019480265,0.1809940681,0.1772185591,0.1884890848,,0.1681692995,2010,4,5
2010-02-18,0,0.1904059041,0.387198209,0.3774713918,0.3203594154,0.19513843,0.1831892611,0.1652254004,0.1695891159,0.1747032848,,0.1626259817,2010,4,5
2010-02-19,0,0.1904059041,0.3724691151,0.3631093628,0.307280526,0.1845787855,0.1840755894,0.1640216724,0.1624195086,0.1724740869,,0.164910408,2010,4,5
2010-02-22,0,0.1904059041,0.3704979576,0.3611873551,0.3055340021,0.1831875756,0.1690999614,0.1550371214,0.1550186277,0.1663576619,,0.1515046195,2010,4,5
2010-02-23,0,0.1904059041,0.4043664144,0.39421221,0.3356665842,0.2078196729,0.1939173659,0.1787520157,0.1832307412,0.1881226615,,0.1493805768,2010,4,5
2010-02-24,0,0.1904059041,0.3785697437,0.3690579145,0.3126916116,0.1889171865,0.1724887979,0.159758406,0.1639763072,0.171278209,,0.1442536956,2010,4,5
2010-02-25,0,0.1904059041,0.374431074,0.3650224074,0.3090197919,0.1859686115,0.2079701981,0.1819101396,0.1703425959,0.186366496,,0.1742734181,2010,4,5
2010-02-26,0,0.1904059041,0.3594903674,0.3504543436,0.2957974398,0.1755123355,0.171613129,0.1585678408,0.1568304499,0.1694801221,,0.158843409,2010,4,5
2010-03-01,0,0.1904059041,0.353366799,0.3444836032,0.2903932208,0.1713106165,0.1635946051,0.1495014022,0.1483157032,0.1608319399,,0.1552591897,2010,4,5
2010-03-02,0,0.1904059041,0.3481988491,0.339444674,0.2858392437,0.1678019574,0.1627327269,0.1478689239,0.1423435593,0.1589441794,,0.1531721641,2010,4,5
2010-03-03,0,0.1904059041,0.3421823828,0.3335784596,0.2805455465,0.1637598616,0.1595624046,0.1455025233,0.1417190854,0.1568867127,,0.1508936685,2010,4,5
2010-03-04,0,0.1904059041,0.3392770567,0.3307457076,0.2779923376,0.1618242432,0.1400365938,0.1324883388,0.1348035516,0.1471990772,,0.1283067748,2010,4,5
2010-03-05,0,0.1904059041,0.3035709391,0.2959324184,0.2467815955,0.1388805669,0.1407944073,0.1258015746,0.1216890259,0.1374473109,,0.1387632074,2010,4,5
2010-03-08,0,0.1904059041,0.3139907277,0.3060914951,0.2558570282,0.1454170973,0.1181441112,0.1129461341,0.1161501296,0.1291970126,,0.1225533217,2010,4,5
2010-03-09,0,0.1904059041,0.3176032091,0.3096136203,0.2590097501,0.1477134798,0.1397751645,0.1265019112,0.1256776666,0.1390889162,,0.1327060281,2010,4,5
2010-03-10,0,0.1904059041,0.3352861987,0.3268545586,0.274488464,0.1591825798,0.1358985,0.124477477,0.1280462838,0.1383713902,,0.1235562476,2010,4,5
2010-03-11,0,0.1904059041,0.3214652966,0.3133791263,0.2623838784,0.1501859034,0.1365908063,0.122964308,0.1249368327,0.1358206352,,0.1270710233,2010,4,5
2010-03-12,0,0.1904059041,0.3081017945,0.3003498919,0.2507245388,0.1417070425,0.1268736049,0.1164665176,0.1164009635,0.1304814795,,0.1190065893,2010,4,5
2010-03-15,0,0.1904059041,0.3198137252,0.3117688544,0.2609405264,0.1491263995,0.1329501892,0.1213798512,0.122917211,0.1349964332,,0.1209081612,2010,4,5
2010-03-16,0,0.1904059041,0.311194691,0.3033654047,0.2534190679,0.143650434,0.1280050489,0.115649296,0.1174288101,0.1291435078,,0.1182365161,2010,4,5
2010-03-17,0,0.1904059041,0.2888765912,0.2816059529,0.2340298282,0.1298790117,0.1218644742,0.1089445234,0.1083118976,0.1220241085,,0.1191960758,2010,4,5
2010-03-18,0,0.1904059041,0.2803520619,0.2732949525,0.2266577722,0.1247710505,0.1063866427,0.09943651231,0.1013338302,0.1148380751,,0.1086893268,2010,4,5
2010-03-19,0,0.1904059041,0.2906250869,0.2833106609,0.2355442712,0.1309370029,0.1380220682,0.1212521032,0.1167824632,0.1322805645,,0.1298985359,2010,4,5
2010-03-22,0,0.1904059041,0.2877080324,0.2804666603,0.2330181333,0.1291738908,0.131527452,0.1159556679,0.1144492857,0.1276735244,,0.1297779312,2010,4,5
2010-03-23,0,0.1904059041,0.2723075847,0.2654520519,0.2197183901,0.1200263027,0.1171197195,0.1045915791,0.1045534446,0.1175743831,,0.1252210924,2010,4,5
2010-03-24,0,0.1904059041,0.3072551292,0.2995244119,0.2499873423,0.1411770266,0.1514766542,0.1294846158,0.1251113205,0.138697199,,0.1404222483,2010,4,5
2010-03-25,0,0.1904059041,0.3307225208,0.3224049275,0.2704863785,0.1561859469,0.163530172,0.139513456,0.1349928716,0.1479259149,,0.1445741534,2010,4,5
2010-03-26,0,0.1904059041,0.313432687,0.3055474137,0.2553702979,0.1450637562,0.1455415992,0.1283125697,0.1262496843,0.139325378,,0.137566039,2010,4,5
2010-03-29,0,0.1904059041,0.3083837093,0.3006247527,0.2509700435,0.1418837107,0.1378614546,0.1217872333,0.1176442744,0.1335355573,,0.1299597114,2010,4,5
2010-03-30,0,0.1904059041,0.2952621439,0.2878316087,0.2395644296,0.1337599014,0.1269227266,0.1144964824,0.1136924251,0.1275807566,,0.1268720111,2010,4,5
2010-03-31,0,0.1904059041,0.3083837093,0.3006247527,0.2509700435,0.1418837107,0.1333285562,0.1208881507,0.1184851312,0.1339082376,,0.1242382565,2010,4,5
2010-04-01,0,0.1904059041,0.3049908876,0.2973168309,0.248016739,0.1397637654,0.1400115301,0.1228599143,0.1165980285,0.1340758627,,0.1281703243,2010,4,5
2010-04-05,0,0.1904059041,0.2920782153,0.2847274012,0.2368034851,0.13181895,0.1231614946,0.1097772775,0.1072883579,0.1227436049,,0.1212766771,2010,4,5
2010-04-06,0,0.1904059041,0.2686995028,0.2619344027,0.2166115599,0.1179217961,0.11079869,0.1003921419,0.09948278222,0.1142094565,,0.1188501805,2010,4,5
2010-04-07,0,0.1904059041,0.2803520619,0.2732949525,0.2266577722,0.1247710505,0.1282394267,0.1137531577,0.1106474876,0.1257595403,,0.1281331663,2010,4,5
2010-04-08,0,0.1904059041,0.276193674,0.2692407558,0.2230684937,0.1223092718,0.1239037126,0.1101917607,0.1083195412,0.1225634953,,0.1283845827,2010,4,5
2010-04-09,1,0.1904059041,0.2659803725,0.2592834335,0.2142724963,0.1163453782,0.1054102942,0.09680484809,0.09846776493,0.111334879,,0.1165724988,2010,4,5
2010-04-12,1,0.1904059041,0.2488177848,0.2425512375,0.1995554256,0.1065832963,0.09202225325,0.08725288282,0.08868155194,0.1030332682,,0.1108316598,2010,4,5
2010-04-13,1,0.1904059041,0.2677944018,0.2610519892,0.2158327481,0.1173961504,0.1114823501,0.1006383013,0.1007018625,0.1142678448,,0.1182554553,2010,4,5
2010-04-14,1,0.1904059041,0.2491278386,0.2428535134,0.1998205756,0.1067568037,0.1004112773,0.09003854439,0.09131220457,0.1037393668,,0.1129356264,2010,4,5
2010-04-15,1,0.1904059041,0.2583696757,0.2518635562,0.2077362532,0.1119765711,0.09291932784,0.0861917535,0.08902691039,0.1015333598,,0.1026983742,2010,4,5
2010-04-16,1,0.1904059041,0.3296424539,0.3213518557,0.26953996,0.1554805034,0.1596464294,0.1361415116,0.136138966,0.1449886908,,0.1337490634,2010,4,5
2010-04-19,1,0.1904059041,0.3012912695,0.2937098054,0.2447996884,0.1374675839,0.1372438634,0.1199450724,0.1202116854,0.1312207407,,0.1320015599,2010,4,5
2010-04-20,1,0.1904059041,0.2534552067,0.2470723364,0.2035240349,0.1091893029,0.1197653762,0.1037563642,0.09833801075,0.1150876927,,0.1365873885,2010,4,5
2010-04-21,1,0.1904059041,0.271407438,0.2645744651,0.2189429696,0.1194999073,0.1229150297,0.1077880951,0.10633093,0.119699342,,0.1329946088,2010,4,5
2010-04-22,1,0.1904059041,0.2758955571,0.2689501092,0.2228113523,0.1221335353,0.1417606714,0.1184452217,0.112942117,0.1271775601,,0.1482233215,2010,4,5
2010-04-23,1,0.1904059041,0.2803520619,0.2732949525,0.2266577722,0.1247710505,0.1223778035,0.106010517,0.1070427926,0.1178750411,,0.131761344,2010,4,5
2010-04-26,1,0.1904059041,0.3049908876,0.2973168309,0.248016739,0.1397637654,0.1253809672,0.1110054046,0.11363259,0.1239338646,,0.1243734385,2010,4,5
2010-04-27,1,0.1904059041,0.435677215,0.424744972,0.363753666,0.2320222171,0.2262323359,0.1902833105,0.1941402815,0.192797517,,0.1496879474,2010,4,5
2010-04-28,1,0.1904059041,0.3977282436,0.3877392292,0.3297400776,0.202868066,0.1930681541,0.1646367453,0.1651102218,0.1712357369,,0.1455036051,2010,4,5
2010-04-29,1,0.1904059041,0.3318002457,0.3234557174,0.2714310272,0.1568912914,0.1534503176,0.1318350591,0.1303006981,0.1417120049,,0.1386829499,2010,4,5
2010-04-30,1,0.1904059041,0.4194883099,0.408958103,0.3492042621,0.2193316975,0.1947038918,0.1704081042,0.1837378644,0.1783501387,,0.1403359684,2010,4,5
2010-05-03,1,0.1904059041,0.376627313,0.3671638984,0.3109677996,0.1875304663,0.1800836711,0.153274732,0.1560688719,0.1609113296,,0.144728493,2010,4,5
2010-05-04,1,0.1904059041,0.4564763536,0.4450284062,0.3825314175,0.2489010492,0.238593717,0.2058203885,0.205389453,0.2079557067,,0.1541634992,2010,4,5
2010-05-05,1,0.1904059041,0.4767759445,0.4648256621,0.4009497468,0.2660204392,0.2509536465,0.2187163789,0.2177268788,0.219948734,,0.1599384684,2010,4,5
2010-05-06,1,0.1904059041,0.5936421148,0.5788255565,0.5087509932,0.3783381291,0.4816664196,0.39467018,0.3727234266,0.3534803242,,0.3529797238,2010,4,5
2010-05-07,1,0.1904059041,0.6733225528,0.6565922052,0.5840765104,0.4703749887,0.4918453112,0.4244799386,0.421031494,0.3879688944,,0.3327262191,2010,4,5
2010-05-10,1,0.1904059041,0.5413712129,0.5278303034,0.4601591067,0.3250422419,0.431833567,0.338621412,0.2877677908,0.3041077589,,0.372121759,2010,4,5
2010-05-11,1,0.1904059041,0.5336312038,0.5202801604,0.4530160599,0.3175867076,0.3858707341,0.31225959,0.291619186,0.2880825839,,0.3465126239,2010,4,5
2010-05-12,1,0.1904059041,0.4877880049,0.4755656624,0.4109789848,0.2755833197,0.3221360628,0.2611055921,0.2504406981,0.247645609,,0.3232180433,2010,4,5
2010-05-13,1,0.1904059041,0.5076780423,0.4949651742,0.4291610451,0.2933643223,0.3186620944,0.2689286645,0.2575844826,0.2582656312,,0.2813527055,2010,4,5
2010-05-14,1,0.1904059041,0.5743616041,0.5600141239,0.4907552064,0.3580664188,0.3796694855,0.3258163094,0.3084787842,0.306904126,,0.2883225431,2010,4,5
2010-05-17,1,0.1904059041,0.5691565813,0.5549360439,0.4859116311,0.352718837,0.3614518733,0.3139322005,0.3097325508,0.2988408759,,0.2574525435,2010,4,5
2010-05-18,1,0.1904059041,0.6023702055,0.5873419395,0.5169259227,0.3877598435,0.3806261999,0.3392833615,0.3439893543,0.3231311741,,0.2562996493,2010,4,5
2010-05-19,1,0.1904059041,0.6217021665,0.6062065709,0.5350971803,0.4091879537,0.3972079993,0.35651643,0.3571086207,0.3384005584,,0.263962975,2010,4,5
2010-05-20,0,0.1904059041,0.7084618978,0.6909055963,0.6178360828,0.5155416675,0.4882872343,0.4551364616,0.4487516359,0.4260528323,,0.2914961022,2010,4,5
2010-05-21,0,0.1904059041,0.6663595751,0.6497944689,0.5774289258,0.4617715646,0.4627652045,0.4218656321,0.4211387072,0.3939229749,,0.3023941214,2010,4,5
2010-05-24,0,0.1904059041,0.6508844265,0.6346881471,0.5627015017,0.4430480387,0.4155398081,0.3973794203,0.4007074322,0.3804914122,,0.2803526527,2010,4,5
2010-05-25,0,0.1904059041,0.6141523267,0.5988389677,0.5279899447,0.4007265138,0.4426828083,0.4087663584,0.3896818661,0.3826013948,,0.321769144,2010,4,5
2010-05-26,0,0.1904059041,0.6185444281,0.6031250092,0.5321228794,0.4056342947,0.4179841208,0.397502928,0.3912066773,0.3780393568,,0.3067706265,2010,4,5
2010-05-27,0,0.1904059041,0.5534120404,0.539576221,0.4712977446,0.336858455,0.3847749625,0.3460740891,0.3221293991,0.3270833727,,0.3113446649,2010,4,5
2010-05-28,0,0.1904059041,0.5848158791,0.5702138237,0.500502231,0.3689667196,0.3643340853,0.3454540867,0.345171506,0.3344158383,,0.2808392838,2010,4,5
2010-06-01,0,0.1904059041,0.6239884101,0.6084377022,0.5372521318,0.4117740679,0.4234887428,0.4003828277,0.3902293964,0.3798256242,,0.3036432548,2010,4,5
2010-06-02,1,0.1904059041,0.5601837415,0.5461823248,0.4775763073,0.3436224071,0.359372792,0.3338091622,0.3323174833,0.3215431264,,0.2797360988,2010,4,5
2010-06-03,1,0.1904059041,0.5503121546,0.536552204,0.4684270331,0.3337907622,0.3344676008,0.3146881589,0.3104511897,0.3072472594,,0.2657368492,2010,4,5
2010-06-04,0,0.1904059041,0.6233673263,0.6078315869,0.5366665884,0.4110704192,0.4278218623,0.40780063,0.3954201508,0.3868150446,,0.2960305239,2010,4,5
2010-06-07,0,0.1904059041,0.6343722496,0.6185716756,0.5470558809,0.4236609733,0.3981384031,0.3980037014,0.4067265543,0.3859948276,,0.2764805372,2010,4,5
2010-06-08,0,0.1904059041,0.6040760635,0.5890064702,0.5185257654,0.389619434,0.3714410803,0.3691530078,0.3718093274,0.3601622409,,0.2475614489,2010,4,5
2010-06-09,0,0.1904059041,0.6044156624,0.5893378438,0.5188443413,0.3899903515,0.3846912707,0.3812665498,0.3783498441,0.3696607488,,0.2537478533,2010,4,5
2010-06-10,1,0.1904059041,0.5655796113,0.5514463824,0.4825866208,0.3490741678,0.3839568494,0.3572830174,0.341638989,0.3405984288,,0.2697124193,2010,4,5
2010-06-11,1,0.1904059041,0.5406367114,0.5271138099,0.4594806844,0.3243300667,0.3216916461,0.3109662001,0.3086181906,0.3066668497,,0.2373152272,2010,4,5
2010-06-14,1,0.1904059041,0.5375292986,0.5240826053,0.4566118473,0.3213279694,0.3252041002,0.3139005613,0.3079656175,0.3087421083,,0.2408558401,2010,4,5
2010-06-15,1,0.1904059041,0.4939311418,0.4815571745,0.4165853682,0.2810044339,0.2943132782,0.2759418178,0.272255599,0.2731711472,,0.2375604549,2010,4,5
2010-06-16,1,0.1904059041,0.4947985267,0.4824031594,0.4173776306,0.2817749163,0.281941333,0.2685303522,0.2624328615,0.2686534345,,0.2258616685,2010,4,5
2010-06-17,1,0.1904059041,0.4793382755,0.46732466,0.4032810241,0.268227983,0.2569506742,0.249942855,0.2493815567,0.2545838441,,0.2002849522,2010,4,5
2010-06-18,1,0.1904059041,0.4586231244,0.4471220051,0.3844749676,0.2506808848,0.2241253608,0.2257609175,0.2282347146,0.236309468,,0.184839171,2010,4,5
2010-06-21,1,0.1904059041,0.4762240984,0.4642874582,0.4004478504,0.2655463887,0.2833764481,0.2679903178,0.2590050283,0.2667655065,,0.2146820804,2010,4,5
2010-06-22,1,0.1904059041,0.5137469377,0.5008846384,0.4347260461,0.2989231788,0.2902663291,0.2864372793,0.2917803615,0.287497239,,0.2060447823,2010,4,5
2010-06-23,1,0.1904059041,0.5114657511,0.4986596066,0.4326333168,0.2968262736,0.2793699961,0.2808755298,0.2838810271,0.2845904878,,0.1992487293,2010,4,5
2010-06-24,0,0.1904059041,0.554250992,0.5403946462,0.4720750424,0.3376917754,0.3038374991,0.3121337832,0.3215514549,0.3146308347,,0.1995941137,2010,4,5
2010-06-25,1,0.1904059041,0.536784076,0.5233556643,0.4559241584,0.3206106079,0.2995804337,0.3047108467,0.3084191223,0.3066301983,,0.1997483601,2010,4,5
2010-06-28,0,0.1904059041,0.543708002,0.5301098142,0.4623182795,0.3273145561,0.2777534598,0.292724984,0.3057925381,0.3004929106,,0.1800219053,2010,4,5
2010-06-29,0,0.1904059041,0.6088948903,0.593708644,0.5230488454,0.3949049349,0.3950163765,0.3990526639,0.3968985176,0.3868280112,,0.2320449966,2010,4,5
2010-06-30,0,0.1904059041,0.6133934597,0.598098438,0.5272763284,0.3998826533,0.3651755684,0.3855631868,0.3932024918,0.3816339639,,0.2198748469,2010,4,5
2010-07-01,0,0.1904059041,0.5943528291,0.5795190162,0.5094159963,0.3790995433,0.3644558153,0.3848128226,0.387509135,0.3799874826,,0.2270734405,2010,4,6
2010-07-02,0,0.1904059041,0.5595010146,0.5455162847,0.4769428318,0.3429365469,0.3280652001,0.3580086658,0.3617875205,0.3597648208,,0.2200824496,2010,4,6
2010-07-06,0,0.1904059041,0.5529915299,0.5391660001,0.4709081964,0.3364412618,0.3585997485,0.3738205612,0.3616798148,0.3671643948,,0.2452945965,2010,4,6
2010-07-07,0,0.1904059041,0.5103182637,0.4975403725,0.4315810591,0.2957748741,0.2994211469,0.3099825399,0.3196416328,0.3115662557,,0.2161870165,2010,4,6
2010-07-08,0,0.1904059041,0.4911383839,0.4788333342,0.4140356033,0.2785321748,0.2860855716,0.2930293325,0.2859971172,0.2955463207,,0.2149031958,2010,4,6
2010-07-09,0,0.1904059041,0.4780597579,0.4660777412,0.4021176151,0.2671251674,0.2391268243,0.2555759426,0.2677799866,0.2673744717,,0.1902066823,2010,4,6
2010-07-12,0,0.1904059041,0.467828421,0.4560994282,0.3928203134,0.258394397,0.2465902104,0.2592061242,0.2611541484,0.2685745628,,0.1927874883,2010,4,6
2010-07-13,0,0.1904059041,0.4702767901,0.458487224,0.3950430824,0.2604684746,0.2557951274,0.2579693195,0.2523182946,0.2640116194,,0.1836422663,2010,4,6
2010-07-14,0,0.1904059041,0.4764081494,0.4644669591,0.4006152348,0.2657044389,0.2404635736,0.2485369129,0.2495485834,0.258451324,,0.1716911275,2010,4,6
2010-07-15,0,0.1904059041,0.4809743944,0.4689203479,0.4047703596,0.2696431155,0.2571565981,0.260228067,0.2607982758,0.2666574049,,0.1777363212,2010,4,6
2010-07-16,0,0.1904059041,0.5004606146,0.4879256064,0.422553379,0.2868353655,0.2744302782,0.2892367502,0.2991948762,0.2955795837,,0.185673588,2010,4,6
2010-07-19,0,0.1904059041,0.4956633923,0.4832466892,0.4181677557,0.2825444099,0.2637620814,0.2782947833,0.282183605,0.2862611299,,0.1836946078,2010,4,6
2010-07-20,0,0.1904059041,0.4582338298,0.446742352,0.38412245,0.250357599,0.2670007581,0.2701270574,0.2695066687,0.2739018368,,0.1995302305,2010,4,6
2010-07-21,0,0.1904059041,0.4899083503,0.4776336613,0.4129131337,0.277447401,0.2763151383,0.28745036,0.2951379312,0.2923504854,,0.1988430092,2010,4,6
2010-07-22,0,0.1904059041,0.4715873799,0.4597653958,0.3962334495,0.261582624,0.2725955275,0.2709503815,0.2648284822,0.273551347,,0.2024603053,2010,4,6
2010-07-23,0,0.1904059041,0.4491514372,0.4378849967,0.3759075193,0.2428816875,0.238335117,0.2413462427,0.2463693678,0.2495293309,,0.1894454204,2010,4,6
2010-07-26,0,0.1904059041,0.4340075938,0.4231167893,0.3622504451,0.2306955561,0.2233940584,0.224835637,0.2303649482,0.2344777978,,0.1845668412,2010,4,6
2010-07-27,1,0.1904059041,0.443499931,0.4323736148,0.3708049438,0.2382935371,0.2290716915,0.2298261978,0.2301421313,0.2388343194,,0.1791562504,2010,4,6
2010-07-28,0,0.1904059041,0.4644070939,0.4527627705,0.389716436,0.2555119851,0.2310624278,0.2367775539,0.2416651299,0.2472664976,,0.1712300042,2010,4,6
2010-07-29,0,0.1904059041,0.4621058291,0.4505184725,0.3876301375,0.2535835689,0.2571460987,0.2564154637,0.2566381396,0.2613793885,,0.1854546829,2010,4,6
2010-07-30,0,0.1904059041,0.4497514007,0.4384700889,0.376449621,0.2433716201,0.250786069,0.2509304506,0.2455749289,0.2565817038,,0.1853596159,2010,4,6
2010-08-02,1,0.1904059041,0.4186157217,0.4081071996,0.3484216984,0.218658525,0.2467374344,0.2335343542,0.2135681162,0.2362716599,,0.199191621,2010,4,6
2010-08-03,1,0.1904059041,0.431909255,0.4210705377,0.3603621089,0.2290341057,0.2158562743,0.2173805068,0.2157993585,0.228108792,,0.1779258246,2010,4,6
2010-08-04,1,0.1904059041,0.4229579424,0.4123415259,0.3523176124,0.2220192962,0.2103752528,0.2098099109,0.2082199106,0.2205896129,,0.1761317685,2010,4,6
2010-08-05,1,0.1904059041,0.4205761619,0.4100189226,0.3501801185,0.2201724785,0.2100605857,0.2099227184,0.2017004029,0.2207425077,,0.1684009667,2010,4,6
2010-08-06,1,0.1904059041,0.4126706823,0.4023099406,0.3430945313,0.2141012458,0.2260768231,0.2215734926,0.2075999499,0.2288299168,,0.1774841486,2010,4,6
2010-08-09,1,0.1904059041,0.4214440644,0.41086526,0.3509588585,0.2208444923,0.1997520921,0.2027332621,0.1989530268,0.2157275045,,0.1541835883,2010,4,6
2010-08-10,1,0.1904059041,0.4263945597,0.4156927774,0.3554039781,0.2246985664,0.228107891,0.2246089769,0.2147016093,0.2322849066,,0.172104638,2010,4,6
2010-08-11,0,0.1904059041,0.4854740742,0.4733088714,0.4088693716,0.2735574879,0.278370881,0.27885409,0.2611907959,0.2814179091,,0.1894996667,2010,4,6
2010-08-12,0,0.1904059041,0.4914889179,0.4791752167,0.4143555444,0.2788417711,0.2879539552,0.2893003048,0.2676625423,0.2905940213,,0.1986963286,2010,4,6
2010-08-13,0,0.1904059041,0.5002906238,0.4877598066,0.4223978873,0.2866826535,0.249245628,0.2658113385,0.2622357295,0.2768719026,,0.1761426488,2010,4,6
2010-08-16,0,0.1904059041,0.4979003787,0.4854285005,0.4202121835,0.2845405151,0.2720215557,0.2812461706,0.2723770962,0.286938369,,0.1876300927,2010,4,6
2010-08-17,0,0.1904059041,0.4659321878,0.4542501185,0.3910997066,0.2567945707,0.2601432383,0.2629419745,0.2481256604,0.2681728045,,0.1900181014,2010,4,6
2010-08-18,0,0.1904059041,0.470839154,0.459035677,0.3955538136,0.2609462124,0.2467160893,0.2536233373,0.2491908884,0.2620521341,,0.1781653359,2010,4,6
2010-08-19,0,0.1904059041,0.5036718367,0.4910576744,0.4254918938,0.2897293518,0.2693532712,0.2820863874,0.283776174,0.2891134586,,0.1750633637,2010,4,6
2010-08-20,0,0.1904059041,0.4872555862,0.4750463898,0.4104934744,0.2751164118,0.2470830925,0.2664680242,0.2668673865,0.2778595907,,0.1697584524,2010,4,6
2010-08-23,0,0.1904059041,0.490260319,0.477976942,0.4132342896,0.2777575487,0.2517643479,0.2720322529,0.2744302286,0.2829047912,,0.1690268121,2010,4,6
2010-08-24,0,0.1904059041,0.520323539,0.5072994419,0.4407657254,0.3050190259,0.2861596675,0.3075845842,0.2991128167,0.3138621146,,0.1788871757,2010,4,6
2010-08-25,0,0.1904059041,0.5080094167,0.4952883863,0.4294646974,0.2936662155,0.2811334587,0.3002959118,0.2982184038,0.3065271146,,0.183796496,2010,4,6
2010-08-26,0,0.1904059041,0.5188930701,0.5059041533,0.439451233,0.30368671,0.2740133532,0.3003821813,0.3045094595,0.3096770005,,0.1773776538,2010,4,6
2010-08-27,0,0.1904059041,0.4682063415,0.4564679978,0.3931633255,0.258713923,0.2763805175,0.2871648692,0.2784072772,0.2910108912,,0.1995202352,2010,4,6
2010-08-30,0,0.1904059041,0.5163317418,0.5034058341,0.4370986903,0.3013100548,0.2710014319,0.2973891443,0.3054655794,0.3071180898,,0.1832094314,2010,4,6
2010-08-31,0,0.1904059041,0.4970419871,0.4845912793,0.4194275523,0.2837735655,0.2670279544,0.2920533394,0.2925892743,0.3013689077,,0.182874527,2010,4,6
2010-09-01,0,0.1904059041,0.4574538706,0.4459817105,0.3834162741,0.249710598,0.2615227955,0.2676290521,0.258450574,0.2728238689,,0.1908018498,2010,4,6
2010-09-02,0,0.1904059041,0.443499931,0.4323736148,0.3708049438,0.2382935371,0.2151595565,0.2297888883,0.2346749535,0.2437375701,,0.1713481253,2010,4,6
2010-09-03,0,0.1904059041,0.4030023585,0.3928820919,0.3344479544,0.2067971594,0.2156981157,0.219635239,0.2051165643,0.2297135277,,0.1772704171,2010,4,6
2010-09-07,0,0.1904059041,0.4556922091,0.4442636864,0.381821755,0.2482527153,0.2226210222,0.2355728137,0.2347193623,0.2484787755,,0.1673089514,2010,4,6
2010-09-08,0,0.1904059041,0.4447189185,0.4335623725,0.3719049362,0.2392790671,0.2123659707,0.2239819921,0.2254758428,0.2378010368,,0.1615526715,2010,4,6
2010-09-09,0,0.1904059041,0.435677215,0.424744972,0.363753666,0.2320222171,0.2280905716,0.2314291094,0.2157672606,0.2407642756,,0.1680288316,2010,4,6
2010-09-10,0,0.1904059041,0.418178633,0.4076809737,0.3480297679,0.2183217384,0.1867100874,0.1991378362,0.19904593,0.2159690408,,0.1517352915,2010,4,6
2010-09-13,0,0.1904059041,0.4007181341,0.3906547069,0.3324081974,0.2050907066,0.2038583588,0.2040661809,0.1864441367,0.2150990898,,0.161261019,2010,4,6
2010-09-14,0,0.1904059041,0.4086536547,0.3983928054,0.3394994739,0.2110504763,0.196172344,0.2000652301,0.1961186394,0.2132809206,,0.1544800595,2010,4,6
2010-09-15,0,0.1904059041,0.4205761619,0.4100189226,0.3501801185,0.2201724785,0.1996239515,0.20189387,0.200930974,0.2147230425,,0.1540888509,2010,4,6
2010-09-16,0,0.1904059041,0.412226457,0.4018767604,0.342696792,0.2137627466,0.1817475928,0.1891785065,0.189973461,0.2053354784,,0.1417271483,2010,4,6
2010-09-17,0,0.1904059041,0.4186157217,0.4081071996,0.3484216984,0.218658525,0.1950038904,0.198630611,0.1961748583,0.2123319283,,0.1466945566,2010,4,6
2010-09-20,0,0.1904059041,0.4073050478,0.3970777413,0.3382933435,0.2100313915,0.198736937,0.1933137211,0.1965451281,0.2041642106,,0.1499615292,2010,4,6
2010-09-21,0,0.1904059041,0.4259667636,0.4152756065,0.355019639,0.2243641071,0.1999972738,0.196921768,0.2010077749,0.2087761097,,0.1460214738,2010,4,6
2010-09-22,0,0.1904059041,0.42937467,0.4185988811,0.3580824865,0.2270359138,0.2029524105,0.201451784,0.2053270813,0.2133509966,,0.1473287362,2010,4,6
2010-09-23,0,0.1904059041,0.4570632438,0.4456007591,0.3830626503,0.2493869155,0.2366884963,0.230230761,0.2256862707,0.237262487,,0.1612626801,2010,4,6
2010-09-24,0,0.1904059041,0.4120041562,0.4016599871,0.3424977705,0.2135934592,0.2154353503,0.2021773178,0.191952827,0.2093480755,,0.1645135374,2010,4,6
2010-09-27,0,0.1904059041,0.4300100496,0.4192184843,0.3586538174,0.227535939,0.1853121402,0.1866411552,0.1942575034,0.2015694447,,0.1427897187,2010,4,6
2010-09-28,0,0.1904059041,0.4312773294,0.4204543002,0.3597936176,0.2285350274,0.2217598683,0.2088154228,0.2055729105,0.2158715626,,0.1605863335,2010,4,6
2010-09-29,0,0.1904059041,0.4447189185,0.4335623725,0.3719049362,0.2392790671,0.2038244403,0.1995364377,0.2006455553,0.2113064141,,0.1456615568,2010,4,6
2010-09-30,0,0.1904059041,0.4537237524,0.4423439982,0.3800408668,0.2466293734,0.2376575668,0.2235872667,0.2212906182,0.2289718799,,0.1600617792,2010,4,6
2010-10-01,0,0.1904059041,0.4291626303,0.4183921065,0.3578918412,0.2268691769,0.214122758,0.2041080006,0.1985255979,0.2127234881,,0.1542082384,2010,4,6
2010-10-04,0,0.1904059041,0.4503502922,0.4390541364,0.3769908331,0.2438612262,0.2253240316,0.2170602212,0.2180619947,0.2252046135,,0.1549690971,2010,4,6
2010-10-05,0,0.1904059041,0.4131143546,0.4027425818,0.3434918196,0.2144396043,0.2135083199,0.1965123628,0.1905115348,0.2032893942,,0.1597856588,2010,4,6
2010-10-06,0,0.1904059041,0.407079806,0.3968581022,0.3380919377,0.2098614363,0.1805313109,0.1751995749,0.1779552679,0.1884149169,,0.14464114,2010,4,6
2010-10-07,0,0.1904059041,0.4086536547,0.3983928054,0.3394994739,0.2110504763,0.1959276917,0.1858337055,0.1846016991,0.1961428547,,0.1481321479,2010,4,6
2010-10-08,0,0.1904059041,0.3890908268,0.3793168696,0.3220435921,0.1965165177,0.1801760383,0.1718144879,0.1729154303,0.1837757236,,0.1435968823,2010,4,6
2010-10-11,0,0.1904059041,0.3455926483,0.3369035528,0.2835450721,0.1660454035,0.1449963335,0.1450254199,0.1463502913,0.1614732664,,0.131360257,2010,4,6
2010-10-12,0,0.1904059041,0.3448079164,0.3361384184,0.2828546093,0.1655181832,0.1633739256,0.1558930577,0.1547542282,0.168488966,,0.1393728925,2010,4,6
2010-10-13,0,0.1904059041,0.3484586786,0.3396980158,0.2860680534,0.1679775515,0.1637055816,0.1536519101,0.1498875554,0.1657381096,,0.1407991043,2010,4,6
2010-10-14,0,0.1904059041,0.369013452,0.3597398689,0.3042192653,0.1821432213,0.1683614835,0.1601032043,0.1612403429,0.1727785674,,0.1379590334,2010,4,6
2010-10-15,0,0.1904059041,0.3474186003,0.3386839077,0.2851522413,0.1672751758,0.1732755008,0.1606903473,0.1545779866,0.1711072517,,0.1491508236,2010,4,6
2010-10-18,0,0.1904059041,0.3489778407,0.3402042151,0.2865252831,0.1683286603,0.1644283338,0.153616245,0.1526780548,0.1654671518,,0.1462895665,2010,4,6
2010-10-19,0,0.1904059041,0.387198209,0.3774713918,0.3203594154,0.19513843,0.2054766232,0.1882563021,0.1789312384,0.1951298319,,0.1620299308,2010,4,6
2010-10-20,0,0.1904059041,0.3667770358,0.3575592291,0.3022395723,0.1805753677,0.1783080456,0.1655647812,0.1645083633,0.176026407,,0.1533054892,2010,4,6
2010-10-21,0,0.1904059041,0.3536236422,0.3447340351,0.2906197147,0.1714858831,0.1857222548,0.1683012482,0.1612441223,0.1764535336,,0.1635314726,2010,4,6
2010-10-22,0,0.1904059041,0.3408640557,0.3322930624,0.2793867463,0.1628802417,0.1435459516,0.1402331837,0.1405863297,0.155791295,,0.1411234508,2010,4,6
2010-10-25,0,0.1904059041,0.3682692938,0.3590142692,0.3035604017,0.1816207953,0.1818830357,0.165891957,0.1587840447,0.1752973971,,0.1539335726,2010,4,6
2010-10-26,0,0.1904059041,0.3773567571,0.3678751605,0.3116150436,0.1880506324,0.1722727399,0.1609369913,0.1593822625,0.1727536989,,0.1409713942,2010,4,6
2010-10-27,0,0.1904059041,0.3890908268,0.3793168696,0.3220435921,0.1965165177,0.1898546877,0.1743577358,0.1681978672,0.1836295722,,0.1486275544,2010,4,6
2010-10-28,0,0.1904059041,0.3930829448,0.3832095745,0.3255987172,0.1994393815,0.1853029105,0.1720724356,0.16831689,0.1825031868,,0.1424418056,2010,4,6
2010-10-29,0,0.1904059041,0.4004890078,0.3904312825,0.3322036581,0.2049199374,0.1649249457,0.1597541839,0.1635030046,0.1745836773,,0.1320201483,2010,4,6
2010-11-01,0,0.1904059041,0.4146630368,0.404252762,0.3448789389,0.215622881,0.2070538476,0.1875339976,0.1844642053,0.1947449324,,0.1488873996,2010,4,6
2010-11-02,0,0.1904059041,0.4088779793,0.3986115508,0.3397001388,0.2112202383,0.1936788308,0.1755904827,0.1650863787,0.18454914,,0.14480044,2010,4,6
2010-11-03,0,0.1904059041,0.3610080088,0.3519341173,0.2971381616,0.1765611534,0.1737511813,0.1576916255,0.1544786349,0.1677584229,,0.1454118237,2010,4,6
2010-11-04,0,0.1904059041,0.3339484297,0.3255502177,0.273314795,0.1583014984,0.1844561346,0.1543907776,0.1427233192,0.1595487352,,0.1655491163,2010,4,6
2010-11-05,0,0.1904059041,0.3269317074,0.3187088679,0.2671658928,0.1537162885,0.1418744145,0.127663704,0.1273657179,0.1401266092,,0.1450242066,2010,4,6
2010-11-08,0,0.1904059041,0.3277465233,0.3195033154,0.2678793191,0.154245643,0.1468805316,0.131625057,0.127179037,0.1434417664,,0.1438210746,2010,4,6
2010-11-09,0,0.1904059041,0.3487183338,0.3399511877,0.2862967256,0.1681531133,0.1710282081,0.1506626899,0.1486872231,0.1596898972,,0.1519091727,2010,4,6
2010-11-10,0,0.1904059041,0.3326068935,0.3242422062,0.2721382552,0.1574201592,0.1610300982,0.1420734527,0.1389694276,0.1518935573,,0.1507766996,2010,4,6
2010-11-11,0,0.1904059041,0.3371527686,0.3286744907,0.2761267887,0.1604156493,0.1632462079,0.1453974985,0.1372263021,0.155392645,,0.1441917638,2010,4,6
2010-11-12,0,0.1904059041,0.3867236987,0.3770087013,0.3199372928,0.1947936853,0.1952525382,0.1739902037,0.1684039848,0.181368519,,0.1536941096,2010,4,6
2010-11-15,0,0.1904059041,0.3768706203,0.3674011409,0.3111836753,0.1877038897,0.1734785768,0.1605432999,0.1598665661,0.1718521303,,0.1461790233,2010,4,6
2010-11-16,0,0.1904059041,0.430855401,0.4200428471,0.3594140928,0.2282021278,0.2190344241,0.200753279,0.1984324903,0.2071849977,,0.1563971739,2010,4,6
2010-11-17,0,0.1904059041,0.4131143546,0.4027425818,0.3434918196,0.2144396043,0.1833060237,0.1764885682,0.1788573752,0.189242781,,0.143009104,2010,4,6
2010-11-18,0,0.1904059041,0.3400712277,0.3315200393,0.2786900565,0.1623522957,0.1708342384,0.1563051396,0.1441726959,0.1663256647,,0.1522229673,2010,4,6
2010-11-19,0,0.1904059041,0.3209154177,0.3128429973,0.2619032501,0.1498327827,0.1436627107,0.1368275927,0.1349855487,0.1508217415,,0.1390659142,2010,4,6
2010-11-22,0,0.1904059041,0.329912702,0.3216153491,0.2697767408,0.1556568809,0.1606894776,0.1486948333,0.1425265063,0.1600383231,,0.1469120247,2010,4,6
2010-11-23,0,0.1904059041,0.387198209,0.3774713918,0.3203594154,0.19513843,0.2003218731,0.1845280423,0.1664377871,0.1923549631,,0.1562799155,2010,4,6
2010-11-24,0,0.1904059041,0.3610080088,0.3519341173,0.2971381616,0.1765611534,0.1700431024,0.1574007456,0.1502993391,0.1686265443,,0.148516927,2010,4,6
2010-11-26,0,0.1904059041,0.4231736936,0.412551917,0.3525112975,0.2221869949,0.2111059238,0.1936419941,0.1809077335,0.2010187915,,0.1539414958,2010,4,6
2010-11-29,0,0.1904059041,0.407979989,0.3977358948,0.338896928,0.2105410946,0.2047853633,0.1870264063,0.1817299641,0.1946327568,,0.1565310388,2010,4,6
2010-11-30,0,0.1904059041,0.4505496782,0.4392485807,0.3771710337,0.2440243502,0.2363789692,0.2134129632,0.2003267218,0.2173051711,,0.1636022737,2010,4,6
2010-12-01,0,0.1904059041,0.4041394183,0.3939908613,0.3354637597,0.2076493328,0.221222311,0.1898606055,0.167223325,0.1927063044,,0.17172947,2010,4,6
2010-12-02,0,0.1904059041,0.3566942303,0.3477279838,0.2933286775,0.1735877651,0.1668736812,0.1481422675,0.1474064011,0.1582036629,,0.1550365808,2010,4,6
2010-12-03,0,0.1904059041,0.320089366,0.3120376023,0.2611813696,0.1493029973,0.1453478183,0.1313411546,0.1271721247,0.1433595856,,0.1496522195,2010,4,6
2010-12-06,0,0.1904059041,0.3203648572,0.3123062042,0.2614221006,0.1494795909,0.1356385102,0.1258849716,0.1208648311,0.1397981858,,0.1407966757,2010,4,6
2010-12-07,0,0.1904059041,0.3195379346,0.3114999606,0.2606995712,0.1489497977,0.1585902876,0.1396609957,0.1273539626,0.1493053159,,0.1493577028,2010,4,6
2010-12-08,0,0.1904059041,0.3125945476,0.304730241,0.2546394075,0.1445337609,0.1319268505,0.121845398,0.1212726575,0.1357228447,,0.1284703272,2010,4,6
2010-12-09,0,0.1904059041,0.2987153291,0.2911983441,0.2425617941,0.1358782921,0.1340407504,0.1209562175,0.1128178933,0.1334651737,,0.1342647674,2010,4,6
2010-12-10,0,0.1904059041,0.3089471202,0.3011740665,0.2514607482,0.142237067,0.1319301919,0.1187508304,0.1143196631,0.1316927947,,0.1305902345,2010,4,6
2010-12-13,0,0.1904059041,0.3072551292,0.2995244119,0.2499873423,0.1411770266,0.1312243602,0.1181255855,0.1114370759,0.1310886359,,0.1309530352,2010,4,6
2010-12-14,0,0.1904059041,0.3089471202,0.3011740665,0.2514607482,0.142237067,0.1275614473,0.1158843261,0.1138485635,0.1295284733,,0.1229465007,2010,4,6
2010-12-15,0,0.1904059041,0.3181567638,0.3101533308,0.2594931395,0.1480667487,0.1326364769,0.1212387099,0.119454477,0.1348754913,,0.1227240058,2010,4,6
2010-12-16,0,0.1904059041,0.3027171452,0.2950999929,0.2460391671,0.1383506545,0.1244192867,0.1133948283,0.1138209726,0.1272429196,,0.1201608081,2010,4,6
2010-12-17,0,0.1904059041,0.2650716034,0.2583974465,0.2134911959,0.1158203488,0.09857835533,0.09449393475,0.09520316602,0.1107285685,,0.1111449062,2010,4,6
2010-12-20,0,0.1904059041,0.2741041095,0.2672035538,0.2212666313,0.1210796032,0.111731286,0.1027772583,0.1007192542,0.1171334057,,0.1170371957,2010,4,6
2010-12-21,0,0.1904059041,0.27649162,0.2695312359,0.2233255114,0.1224850075,0.1045237814,0.09688999508,0.09607238488,0.1120496646,,0.1102551412,2010,4,6
2010-12-22,0,0.1904059041,0.2447756676,0.2386105281,0.1961011865,0.1043308155,0.07864346906,0.0778198354,0.08174212904,0.09518759699,,0.09836180956,2010,4,6
2010-12-23,0,0.1904059041,0.2758955571,0.2689501092,0.2228113523,0.1221335353,0.09289485981,0.08933516428,0.09121182102,0.1062294908,,0.09693790468,2010,4,6
2010-12-27,0,0.1904059041,0.3106336647,0.3028184143,0.2529301247,0.1432970747,0.1144679523,0.1050437943,0.1053590048,0.1201337982,,0.1008520564,2010,4,6
2010-12-28,0,0.1904059041,0.3064071815,0.2986976827,0.2492492097,0.1406470579,0.1014452399,0.09638423225,0.09836695067,0.1132904928,,0.0918761206,2010,4,6
2010-12-29,0,0.1904059041,0.2995753333,0.2920368204,0.2433087507,0.1364080311,0.08896387318,0.08786039009,0.09230184441,0.1063381992,,0.08362439277,2010,4,6
2010-12-30,0,0.1904059041,0.3064071815,0.2986976827,0.2492492097,0.1406470579,0.1006124443,0.09625827208,0.09997582337,0.1134314103,,0.08791855475,2010,4,6
2010-12-31,0,0.1904059041,0.3128740767,0.3050027774,0.2548831484,0.1447104272,0.100046451,0.09634285189,0.1009949702,0.1139236173,,0.08443374194,2010,4,6
2011-01-03,0,0.1938846421,0.3089471202,0.3011740665,0.2514607482,0.1452340328,0.1414937087,0.1224769388,0.1156320478,0.1326346788,,0.112248177,2011,5,6
2011-01-04,0,0.1938846421,0.3024322604,0.2948222383,0.2457914826,0.1412151411,0.1249312554,0.111523046,0.1088878237,0.1237194238,,0.1087091905,2011,5,6
2011-01-05,0,0.1938846421,0.2920782153,0.2847274012,0.2368034851,0.1349217964,0.1186067824,0.1056380941,0.1067821323,0.118045663,,0.1090257834,2011,5,6
2011-01-06,0,0.1938846421,0.3030019104,0.295377631,0.2462867681,0.1415647155,0.1168067234,0.105491046,0.1059748988,0.1184698408,,0.1069226194,2011,5,6
2011-01-07,0,0.1938846421,0.2955507154,0.2881129554,0.239814793,0.1370196915,0.132973283,0.1165142624,0.1145826274,0.127602066,,0.1167934065,2011,5,6
2011-01-10,0,0.1938846421,0.3069726757,0.2992490263,0.2497414485,0.1440111762,0.1252545533,0.1123472595,0.1101624343,0.12470056,,0.1070321083,2011,5,6
2011-01-11,0,0.1938846421,0.288292558,0.2810365465,0.2335241497,0.1326492426,0.1138828611,0.1031281623,0.1005509915,0.1162702932,,0.1039074629,2011,5,6
2011-01-12,0,0.1938846421,0.2690009377,0.262228282,0.2168709843,0.1213003557,0.1202062249,0.1043852952,0.09798746075,0.1158317205,,0.1135251443,2011,5,6
2011-01-13,0,0.1938846421,0.2735057975,0.2666202357,0.2207509117,0.1239161233,0.1001350137,0.09172474342,0.09222946604,0.1056192439,,0.1026935066,2011,5,6
2011-01-14,0,0.1938846421,0.2450873467,0.2389143873,0.1963673714,0.1077572207,0.09295481195,0.08432085007,0.08810123528,0.09795302345,,0.1007238812,2011,5,6
2011-01-18,0,0.1938846421,0.2577572061,0.2512664452,0.2072109387,0.1148614447,0.08867108873,0.081659821,0.08379498724,0.0958242053,,0.09396131121,2011,5,6
2011-01-19,0,0.1938846421,0.3004339233,0.2928739188,0.2440546664,0.1399915925,0.1210837753,0.1075467376,0.1123865269,0.1197714969,,0.103368066,2011,5,6
2011-01-20,0,0.1938846421,0.3195379346,0.3114999606,0.2606995712,0.151866244,0.1276107307,0.1132177789,0.1163682367,0.1251201974,,0.1022644382,2011,5,6
2011-01-21,0,0.1938846421,0.3326068935,0.3242422062,0.2721382552,0.1602222711,0.1375482883,0.1199564362,0.1165775306,0.1307170934,,0.1078797114,2011,5,6
2011-01-24,0,0.1938846421,0.31007207,0.3022708701,0.2524407647,0.1459326603,0.1128508179,0.1014141817,0.10862881,0.1144186629,,0.1008906678,2011,5,6
2011-01-25,0,0.1938846421,0.3083837093,0.3006247527,0.2509700435,0.1448846562,0.1273158184,0.1109554492,0.1113859516,0.1222552671,,0.1099075407,2011,5,6
2011-01-26,0,0.1938846421,0.2809437796,0.2738718458,0.2271688789,0.1282806483,0.1100422472,0.09765800902,0.09626889624,0.1102820395,,0.1058201603,2011,5,6
2011-01-27,0,0.1938846421,0.2662830731,0.2595785459,0.2145327882,0.1197322175,0.09703526368,0.08798538796,0.08930292273,0.1016042832,,0.09955609438,2011,5,6
2011-01-28,0,0.1938846421,0.3729604929,0.3635884894,0.3077160463,0.1872705649,0.1647860431,0.1423201101,0.1556495679,0.1507524801,,0.1160169802,2011,5,6
2011-01-31,0,0.1938846421,0.3602498855,0.3511949101,0.2964683495,0.1785424174,0.143907881,0.1259918067,0.1335868442,0.1365324241,,0.1115834297,2011,5,6
2011-02-01,0,0.1938846421,0.3095098509,0.3017227175,0.2519509397,0.1455833329,0.1381509158,0.1157398416,0.119039242,0.1250952337,,0.1196882278,2011,5,6
2011-02-02,0,0.1938846421,0.3001478552,0.2925950113,0.2438061187,0.1398167888,0.1147322756,0.1009878757,0.102536974,0.1132224956,,0.1105013474,2011,5,6
2011-02-03,0,0.1938846421,0.2824207807,0.2753118451,0.2284450659,0.1291541496,0.1240437345,0.1059822583,0.109100612,0.1167616365,,0.117355576,2011,5,6
2011-02-04,0,0.1938846421,0.2595930242,0.2530562282,0.2087858263,0.1159040615,0.1031476464,0.09105661875,0.09292809472,0.1036882062,,0.1072006858,2011,5,6
2011-02-07,0,0.1938846421,0.2702053262,0.2634024826,0.2179077629,0.1219976597,0.1066742111,0.09265394967,0.09462395831,0.1047135366,,0.1066641337,2011,5,6
2011-02-08,0,0.1938846421,0.2559166327,0.2494720296,0.2056329026,0.1138195104,0.09585158029,0.08432067658,0.08742422674,0.09702787326,,0.1004223029,2011,5,6
2011-02-09,0,0.1938846421,0.2577572061,0.2512664452,0.2072109387,0.1148614447,0.1037110226,0.09028459056,0.09036546268,0.1024757086,,0.1046410438,2011,5,6
2011-02-10,0,0.1938846421,0.264465006,0.2578060563,0.2129698074,0.1186874209,0.1099114001,0.09478290067,0.09345864964,0.1064838847,,0.1064481922,2011,5,6
2011-02-11,0,0.1938846421,0.2522213806,0.245869457,0.2024675664,0.1117378452,0.1042145901,0.08952228856,0.0927051735,0.1012887472,,0.1072058699,2011,5,6
2011-02-14,0,0.1938846421,0.2602039002,0.2536517866,0.2093100817,0.1162517455,0.09069795747,0.08076672532,0.08570777817,0.09392789964,,0.09681466343,2011,5,6
2011-02-15,1,0.1938846421,0.2729070154,0.2660364598,0.2202348825,0.1235672417,0.1080699294,0.09358729394,0.09361353162,0.1055140014,,0.1042331999,2011,5,6
2011-02-16,1,0.1938846421,0.2833051685,0.2761740784,0.2292094854,0.1296782647,0.109280891,0.09361021502,0.09390766664,0.1051975214,,0.1026761809,2011,5,6
2011-02-17,1,0.1938846421,0.2794632979,0.2724284555,0.2258902595,0.1274073618,0.1069167859,0.09153654203,0.09531729787,0.1031903398,,0.1008652867,2011,5,6
2011-02-18,1,0.1938846421,0.2747018307,0.2677862962,0.2217819367,0.1246140957,0.09355882321,0.08254327762,0.08548431936,0.09543433287,,0.09231711651,2011,5,6
2011-02-22,0,0.1938846421,0.3912093183,0.3813826022,0.3239297339,0.2001496552,0.2063180169,0.165160575,0.1598976821,0.1668080296,,0.1412835938,2011,5,6
2011-02-23,0,0.1938846421,0.421227278,0.4106538601,0.3507643276,0.2222635105,0.1989289047,0.1648508163,0.1675349946,0.1686019533,,0.136069687,2011,5,6
2011-02-24,0,0.1938846421,0.4032300555,0.3931041235,0.3346513468,0.2088637258,0.1943514096,0.1616833198,0.1621825254,0.1660026553,,0.1404131622,2011,5,6
2011-02-25,0,0.1938846421,0.3523379233,0.3434804109,0.289486076,0.1732074205,0.1563593127,0.1317785813,0.1321894778,0.1400472595,,0.1335900466,2011,5,6
2011-02-28,1,0.1938846421,0.329372029,0.32108819,0.269303042,0.1581360554,0.1500795793,0.1252159498,0.1221905594,0.1336010973,,0.1356959092,2011,5,6
2011-03-01,0,0.1938846421,0.396108679,0.3861599792,0.3282956539,0.2036788645,0.1813075043,0.1541551122,0.1694299797,0.1605630848,,0.1303345967,2011,5,6
2011-03-02,0,0.1938846421,0.3888547873,0.3790867088,0.3218335039,0.198464469,0.171780377,0.1472273429,0.1536738476,0.1548118257,,0.1258884828,2011,5,6
2011-03-03,1,0.1938846421,0.3360870656,0.3276354146,0.2751912976,0.1624799789,0.1587197103,0.1312117237,0.1265205759,0.1385996763,,0.1308503731,2011,5,6
2011-03-04,0,0.1938846421,0.3481988491,0.339444674,0.2858392437,0.1704459569,0.1672397646,0.1398671875,0.1424961319,0.1469024407,,0.1354376423,2011,5,6
2011-03-07,0,0.1938846421,0.387909016,0.3781644938,0.3209918428,0.1977895384,0.1938905722,0.1619137073,0.166455562,0.1663545571,,0.1443208883,2011,5,6
2011-03-08,0,0.1938846421,0.3675238056,0.3582873736,0.3029004895,0.1835133043,0.1794020595,0.1489620994,0.1507682075,0.1546521317,,0.1430054117,2011,5,6
2011-03-09,0,0.1938846421,0.3773567571,0.3678751605,0.3116150436,0.1903353028,0.1725288885,0.1459282466,0.1473030486,0.1529477444,,0.1383591801,2011,5,6
2011-03-10,0,0.1938846421,0.4157652545,0.4053275801,0.3458664969,0.2181512696,0.2109064428,0.1798568466,0.171168467,0.1832336663,,0.1498531167,2011,5,6
2011-03-11,0,0.1938846421,0.3739414474,0.3645449873,0.3085856573,0.1879523482,0.1795233541,0.1549769211,0.1581873416,0.1620129016,,0.1445701609,2011,5,6
2011-03-14,0,0.1938846421,0.3988809278,0.3888632233,0.3307684711,0.205689464,0.1966711386,0.17010532,0.1638956467,0.1755303255,,0.1470597738,2011,5,6
2011-03-15,0,0.1938846421,0.4657419462,0.454064585,0.3909271283,0.2573205904,0.3005158776,0.2473358093,0.2135147925,0.2375057645,,0.2043636034,2011,5,6
2011-03-16,0,0.1938846421,0.5494602276,0.5357211345,0.4676384653,0.3314329775,0.3225172849,0.2777617551,0.2720170803,0.2668330339,,0.2010517437,2011,5,6
2011-03-17,0,0.1938846421,0.5024928643,0.4899077591,0.4244127813,0.2884631798,0.3013494619,0.2542370522,0.2226407872,0.2454235014,,0.2070932858,2011,5,6
2011-03-18,0,0.1938846421,0.4680174466,0.4562837767,0.3929918748,0.2591891737,0.2773887373,0.2348669736,0.2075937245,0.2295346663,,0.2075950482,2011,5,6
2011-03-21,0,0.1938846421,0.3867236987,0.3770087013,0.3199372928,0.1969452562,0.2363805423,0.196747874,0.1593487936,0.195995077,,0.2104236114,2011,5,6
2011-03-22,0,0.1938846421,0.3771137359,0.3676381967,0.3113993945,0.1901652643,0.1727183372,0.1560188328,0.1521950693,0.1653761035,,0.1680018129,2011,5,6
2011-03-23,0,0.1938846421,0.3510485604,0.342223236,0.2883496165,0.172345037,0.1892140324,0.1650467455,0.1499718063,0.171382074,,0.178384941,2011,5,6
2011-03-24,0,0.1938846421,0.3198137252,0.3117688544,0.2609405264,0.1520406041,0.1701293487,0.1478842812,0.1327277713,0.1558547449,,0.1688368848,2011,5,6
2011-03-25,0,0.1938846421,0.3173262212,0.3093435598,0.2587678999,0.1504710073,0.151031866,0.1345091228,0.1247879307,0.1449560519,,0.1541591907,2011,5,6
2011-03-28,0,0.1938846421,0.3579674451,0.3489694243,0.2944525954,0.1769957347,0.1557456973,0.1408196812,0.1399767807,0.1515910688,,0.1408161051,2011,5,6
2011-03-29,0,0.1938846421,0.3242060065,0.3160513092,0.2647805359,0.1548289065,0.1509776019,0.134211379,0.1338283633,0.1446228317,,0.1467451368,2011,5,6
2011-03-30,0,0.1938846421,0.3117550365,0.3039117317,0.2539074963,0.1469804133,0.1450711432,0.1279635787,0.1174059357,0.1385048814,,0.144303368,2011,5,6
2011-03-31,0,0.1938846421,0.3125945476,0.304730241,0.2546394075,0.147504221,0.1204582918,0.1120549837,0.1099503513,0.1259062685,,0.1258852655,2011,5,6
2011-04-01,0,0.1938846421,0.3030019104,0.295377631,0.2462867681,0.1415647155,0.1421969534,0.1255087318,0.113444621,0.1362471953,,0.1405479197,2011,5,6
2011-04-04,0,0.1938846421,0.305841121,0.2981457873,0.2487565586,0.1433122657,0.129484993,0.1172658904,0.1117291911,0.1297080148,,0.1329406096,2011,5,6
2011-04-05,0,0.1938846421,0.2987153291,0.2911983441,0.2425617941,0.1389427549,0.1271250428,0.115708085,0.1086768541,0.1284286001,,0.1312603575,2011,5,6
2011-04-06,0,0.1938846421,0.2885846618,0.2813213346,0.2337770534,0.1328240567,0.1295056552,0.1163460015,0.1045334326,0.1284522139,,0.1336282919,2011,5,6
2011-04-07,0,0.1938846421,0.2946846185,0.2872685428,0.2390634351,0.1364952446,0.1369160526,0.1226328988,0.1144435774,0.1342017055,,0.1390514558,2011,5,6
2011-04-08,0,0.1938846421,0.316216801,0.3082618874,0.2577994073,0.14977318,0.1517752487,0.1349774271,0.1288171806,0.1453118763,,0.1430808846,2011,5,6
2011-04-11,0,0.1938846421,0.2794632979,0.2724284555,0.2258902595,0.1274073618,0.1301144928,0.1196639759,0.1147605854,0.1325093824,,0.1404652483,2011,5,6
2011-04-12,0,0.1938846421,0.2941064199,0.2867048211,0.2385619423,0.1361455724,0.1415322598,0.1306374917,0.1184512027,0.1429631058,,0.1449987116,2011,5,6
2011-04-13,0,0.1938846421,0.2891683754,0.2818904297,0.2342824994,0.1331736582,0.1392191446,0.1291068081,0.1202825905,0.1417359441,,0.1450894835,2011,5,6
2011-04-14,0,0.1938846421,0.269904414,0.2631091126,0.2176486909,0.1218233022,0.1322327733,0.1233584018,0.1156261619,0.1365536816,,0.1381074665,2011,5,6
2011-04-15,0,0.1938846421,0.2407126953,0.2346495025,0.1926337896,0.1053409872,0.1052494787,0.1022371028,0.09642145091,0.1178601529,,0.124878779,2011,5,6
2011-04-18,0,0.1938846421,0.2903340298,0.2830268925,0.23529212,0.1338728731,0.1651382058,0.1499535995,0.1339158872,0.1598340456,,0.1548201487,2011,5,6
2011-04-19,0,0.1938846421,0.2565306831,0.2500706805,0.2061592617,0.1141667436,0.1131204695,0.1104518562,0.1064405511,0.1261088048,,0.1322978032,2011,5,6
2011-04-20,0,0.1938846421,0.2328426705,0.226976994,0.1859308719,0.1010410287,0.1279225049,0.116340977,0.09022415127,0.1287407603,,0.1483110823,2011,5,6
2011-04-21,0,0.1938846421,0.2207460891,0.2151841148,0.1756635263,0.09454787427,0.1078393003,0.1009209313,0.08667755403,0.1151247824,,0.1392913811,2011,5,6
2011-04-25,0,0.1938846421,0.2546869615,0.248273198,0.2045791516,0.1131252858,0.1081881443,0.1032832041,0.0961379148,0.1182801238,,0.1300639526,2011,5,6
2011-04-26,0,0.1938846421,0.2500572398,0.2437596005,0.200615537,0.1105249991,0.1087983869,0.1017043766,0.09378770311,0.1159502764,,0.1213240751,2011,5,6
2011-04-27,0,0.1938846421,0.241652128,0.2355653619,0.1934350966,0.1058582842,0.1099612639,0.1008357534,0.09315985038,0.114376262,,0.1251370045,2011,5,6
2011-04-28,0,0.1938846421,0.2185012778,0.2129956771,0.1737629751,0.09335822447,0.0842544023,0.08148311636,0.08134051127,0.0970227038,,0.1078014134,2011,5,6
2011-04-29,0,0.1938846421,0.2226662699,0.2170560779,0.1772904354,0.09556927014,0.07861728459,0.07739824952,0.07819065896,0.09341884073,,0.1005373447,2011,5,6
2011-05-02,0,0.1938846421,0.2614240489,0.2548413414,0.210357522,0.1169473226,0.1106701215,0.102203544,0.0992627676,0.1160216848,,0.1132521257,2011,5,6
2011-05-03,0,0.1938846421,0.2827157397,0.275599415,0.2286999906,0.1293288607,0.1168796335,0.1086474257,0.1067965168,0.1225247604,,0.1132011459,2011,5,6
2011-05-04,0,0.1938846421,0.2938171153,0.2864227601,0.2383110501,0.1359707454,0.1231631974,0.115547869,0.1165367485,0.1295092361,,0.1139622201,2011,5,6
2011-05-05,0,0.1938846421,0.325298112,0.3171161111,0.2657360579,0.1555255425,0.157110633,0.1434686425,0.1375952201,0.1543732675,,0.1317206511,2011,5,6
2011-05-06,0,0.1938846421,0.3307225208,0.3224049275,0.2704863785,0.1590055667,0.1745910117,0.154534819,0.1417354582,0.1627786246,,0.1481152074,2011,5,6
2011-05-09,0,0.1938846421,0.2961274469,0.2886752477,0.2403152265,0.137369362,0.1329908101,0.1237087213,0.1207181217,0.1368565061,,0.135037173,2011,5,6
2011-05-10,1,0.1938846421,0.2589816155,0.252460151,0.2082612163,0.1155564491,0.1197144154,0.1108278321,0.1055849573,0.1243566763,,0.135484532,2011,5,6
2011-05-11,0,0.1938846421,0.2900428853,0.2827430391,0.235039915,0.1336980966,0.1410849342,0.1303601329,0.1273502206,0.1427376196,,0.1402930255,2011,5,6
2011-05-12,1,0.1938846421,0.2626420813,0.2560288345,0.211403551,0.1176431867,0.1329165248,0.1223633611,0.1174192044,0.1350165009,,0.1416731185,2011,5,6
2011-05-13,0,0.1938846421,0.2935276643,0.2861405566,0.2380600524,0.1357959188,0.1361433114,0.1287526088,0.1300941532,0.1423119443,,0.1316731674,2011,5,6
2011-05-16,0,0.1938846421,0.3263877658,0.318178524,0.2666897254,0.1562219484,0.1567977499,0.1472382864,0.1446186928,0.1592335965,,0.1376813196,2011,5,6
2011-05-17,0,0.1938846421,0.3072551292,0.2995244119,0.2499873423,0.1441858517,0.1425398427,0.1366292411,0.1337047591,0.1503590138,,0.1351354809,2011,5,6
2011-05-18,1,0.1938846421,0.2686995028,0.2619344027,0.2166115599,0.1211260653,0.1229126826,0.1185607378,0.1200923139,0.1334469383,,0.1323467308,2011,5,6
2011-05-19,1,0.1938846421,0.2469548162,0.2407350047,0.1979628315,0.1087943809,0.1111253719,0.1087296323,0.1052393318,0.1244853524,,0.1246222808,2011,5,6
2011-05-20,0,0.1938846421,0.3038552312,0.2962095955,0.2470288464,0.1420890237,0.1331724694,0.1298849082,0.1298392038,0.1448248892,,0.1240589973,2011,5,6
2011-05-23,0,0.1938846421,0.3272034535,0.3189738209,0.2674038068,0.1567441339,0.1675057479,0.1595778448,0.1390636563,0.1712796563,,0.1396793496,2011,5,6
2011-05-24,0,0.1938846421,0.3148265984,0.3069064574,0.2565862301,0.1489006575,0.1376296749,0.1379354725,0.1333885918,0.1537637338,,0.1280758407,2011,5,6
2011-05-25,0,0.1938846421,0.2935276643,0.2861405566,0.2380600524,0.1357959188,0.1389400481,0.1370946913,0.1312647648,0.1521316429,,0.1343902767,2011,5,6
2011-05-26,0,0.1938846421,0.264465006,0.2578060563,0.2129698074,0.1186874209,0.1233599269,0.1231567403,0.119383349,0.1393120733,,0.1329794172,2011,5,6
2011-05-27,0,0.1938846421,0.2611192126,0.2545441484,0.2100957962,0.1167734026,0.1164976767,0.1171876397,0.1104915641,0.1338709059,,0.129357441,2011,5,6
2011-05-31,1,0.1938846421,0.2447756676,0.2386105281,0.1961011865,0.1075844528,0.1237719949,0.1191706561,0.1043706275,0.1338550783,,0.1356074813,2011,5,6
2011-06-01,0,0.1938846421,0.3280177657,0.3197677776,0.268116846,0.1572661863,0.1673502607,0.1620703038,0.1663268964,0.174464463,,0.1450994397,2011,5,6
2011-06-02,0,0.1938846421,0.3222891017,0.3141823325,0.2631040741,0.1536093727,0.1487929559,0.1489005286,0.1493911295,0.1640267865,,0.1372416197,2011,5,6
2011-06-03,0,0.1938846421,0.3184333029,0.3104229538,0.2597346545,0.1511687208,0.1740684768,0.1707056691,0.1520482926,0.1830164487,,0.156692058,2011,5,6
2011-06-06,0,0.1938846421,0.333143973,0.3247658639,0.2726092267,0.1605697922,0.1598240618,0.1649294184,0.1645171421,0.1806872135,,0.1476094763,2011,5,6
2011-06-07,0,0.1938846421,0.3217400664,0.3136470255,0.2626240721,0.1532608328,0.1555611576,0.1614708631,0.1567365396,0.1777388712,,0.1450826589,2011,5,6
2011-06-08,0,0.1938846421,0.3411280246,0.3325504376,0.2796187398,0.1657748273,0.1498489267,0.159785748,0.1567351047,0.1777316202,,0.133128221,2011,5,6
2011-06-09,0,0.1938846421,0.313432687,0.3055474137,0.2553702979,0.1480279438,0.1492947131,0.1555901564,0.1503210433,0.1724072402,,0.1390188951,2011,5,6
2011-06-10,0,0.1938846421,0.3429716328,0.3343479964,0.2812394906,0.1669871548,0.1570309127,0.1680468361,0.1708989533,0.1857223706,,0.131981885,2011,5,6
2011-06-13,0,0.1938846421,0.3622687543,0.3531634077,0.298252345,0.1799156912,0.1600141007,0.1714328553,0.1718566706,0.1890490298,,0.1297656668,2011,5,6
2011-06-14,0,0.1938846421,0.3269317074,0.3187088679,0.2671658928,0.1565700848,0.1592367952,0.1647826437,0.148793708,0.1806812345,,0.1379945031,2011,5,6
2011-06-15,0,0.1938846421,0.4032300555,0.3931041235,0.3346513468,0.2088637258,0.2177610407,0.2202569649,0.2122037792,0.2300635484,,0.1582367896,2011,5,6
2011-06-16,0,0.1938846421,0.4340075938,0.4231167893,0.3622504451,0.2320437364,0.2130446348,0.2181371025,0.2163674235,0.2291999954,,0.1515097288,2011,5,6
2011-06-17,0,0.1938846421,0.4151043282,0.4046830833,0.3452742918,0.2176563834,0.2158132892,0.2180085947,0.2017865194,0.2280213104,,0.1588667896,2011,5,6
2011-06-20,0,0.1938846421,0.3717310041,0.3623896555,0.306626425,0.1864177125,0.1773516128,0.1847067681,0.1828475153,0.1997020374,,0.1509253655,2011,5,6
2011-06-21,0,0.1938846421,0.3429716328,0.3343479964,0.2812394906,0.1669871548,0.1806208475,0.1807764761,0.1742422578,0.1935158276,,0.1591712431,2011,5,6
2011-06-22,0,0.1938846421,0.3339484297,0.3255502177,0.273314795,0.1610909358,0.1588495513,0.1662210594,0.1610723335,0.1826859258,,0.1453640511,2011,5,6
2011-06-23,0,0.1938846421,0.3541369113,0.3452344925,0.2910723812,0.1744139423,0.2030596852,0.2017517133,0.1867746313,0.2120358828,,0.1687555925,2011,5,6
2011-06-24,0,0.1938846421,0.3981897383,0.3881892371,0.3301517746,0.2051872459,0.1886416999,0.1984578983,0.2055542832,0.2130861233,,0.1516371128,2011,5,6
2011-06-27,0,0.1938846421,0.3855347955,0.3758494145,0.3188798746,0.1961001988,0.1924593899,0.1974264045,0.198103131,0.2104147093,,0.156478101,2011,5,6
2011-06-28,0,0.1938846421,0.3510485604,0.342223236,0.2883496165,0.172345037,0.1659519785,0.1709571458,0.1722178851,0.1862615963,,0.1492317242,2011,5,6
2011-06-29,0,0.1938846421,0.2992887937,0.2917574534,0.2430598558,0.1392923816,0.1509992487,0.1541066145,0.1474908602,0.1698305038,,0.1535294583,2011,5,6
2011-06-30,0,0.1938846421,0.2773846106,0.2704018508,0.2240959741,0.126185044,0.1317857648,0.1357515021,0.1355914052,0.1528574582,,0.1387118602,2011,5,6
2011-07-01,0,0.1938846421,0.2577572061,0.2512664452,0.2072109387,0.1148614447,0.1286253195,0.1283844968,0.1306290054,0.144272351,,0.1424902732,2011,5,6
2011-07-05,1,0.1938846421,0.2635541069,0.2569179942,0.2121870503,0.1181652073,0.1092201341,0.1145501985,0.115154392,0.1330536379,,0.1275617711,2011,5,6
2011-07-06,1,0.1938846421,0.2720076751,0.2651596587,0.2194600125,0.1230439293,0.1191678481,0.1224233004,0.1228333887,0.1398917456,,0.128759816,2011,5,6
2011-07-07,1,0.1938846421,0.2602039002,0.2536517866,0.2093100817,0.1162517455,0.1294113926,0.1267894302,0.1120293699,0.1419241317,,0.1387555848,2011,5,6
2011-07-08,1,0.1938846421,0.2602039002,0.2536517866,0.2093100817,0.1162517455,0.1479259066,0.1423832224,0.127023507,0.1557187399,,0.1578537893,2011,5,6
2011-07-11,1,0.1938846421,0.3304526949,0.3221418455,0.2702499146,0.1588316748,0.1848806396,0.1794240219,0.1547646406,0.1903532571,,0.1656824184,2011,5,6
2011-07-12,1,0.1938846421,0.3687655856,0.3594981839,0.3039997947,0.1843683141,0.1840505812,0.1829777403,0.1722104266,0.1952196139,,0.1585644492,2011,5,6
2011-07-13,1,0.1938846421,0.369756356,0.3604642466,0.3048771466,0.185051841,0.1964379197,0.1910399507,0.1764347076,0.2011047536,,0.1663127178,2011,5,6
2011-07-14,1,0.1938846421,0.3912093183,0.3813826022,0.3239297339,0.2001496552,0.2053022796,0.2016932176,0.1955886246,0.2113975824,,0.1665401322,2011,5,6
2011-07-15,1,0.1938846421,0.3602498855,0.3511949101,0.2964683495,0.1785424174,0.1797988563,0.1792359873,0.1671344986,0.1919467532,,0.1567085229,2011,5,6
2011-07-18,1,0.1938846421,0.3947151259,0.3848011183,0.3270532762,0.2026719077,0.1965474977,0.1969359275,0.1918817395,0.2084599914,,0.1520358888,2011,5,6
2011-07-19,1,0.1938846421,0.3520803414,0.3432292591,0.2892590089,0.1730349816,0.1699741914,0.1692365953,0.167727131,0.1827008914,,0.1484090012,2011,5,6
2011-07-20,1,0.1938846421,0.3489778407,0.3402042151,0.2865252831,0.1709641395,0.1471846177,0.1525072964,0.1520482704,0.1693448069,,0.1340988218,2011,5,6
2011-07-21,1,0.1938846421,0.3075374903,0.2997997077,0.2502331759,0.1443605568,0.1602940234,0.1556803152,0.1492850839,0.1686732986,,0.150593314,2011,5,6
2011-07-22,1,0.1938846421,0.3064071815,0.2986976827,0.2492492097,0.1436617222,0.1352060718,0.1372790117,0.1357872798,0.1537373189,,0.1361186534,2011,5,6
2011-07-25,1,0.1938846421,0.3556730759,0.3467323151,0.2924275389,0.1754472291,0.1817642494,0.1760526984,0.1611472387,0.1873023352,,0.1503468797,2011,5,6
2011-07-26,1,0.1938846421,0.3775996596,0.3681120087,0.311830601,0.1905053312,0.1590278696,0.1621339624,0.1626491325,0.1775934683,,0.1320496223,2011,5,6
2011-07-27,1,0.1938846421,0.4391988202,0.4281791935,0.3669263159,0.2360806776,0.2097143159,0.2111905965,0.2172149479,0.2218152189,,0.1447671225,2011,5,6
2011-07-28,1,0.1938846421,0.4545125372,0.4431132398,0.3807543884,0.2482108072,0.2152929944,0.2176641418,0.2194904356,0.227959002,,0.142642892,2011,5,6
2011-07-29,1,0.1938846421,0.4829624033,0.47085924,0.4065808033,0.2716546469,0.266530504,0.2602906918,0.2504629347,0.2628829348,,0.1686094343,2011,5,6
2011-08-01,1,0.1938846421,0.4529330475,0.4415728855,0.3793257454,0.2469441797,0.2672567921,0.2607453885,0.2523149986,0.2630404236,,0.185082834,2011,5,6
2011-08-02,1,0.1938846421,0.4745627875,0.4626672216,0.398937313,0.2646070963,0.270489305,0.2767361743,0.2770040439,0.2812099987,,0.1875219079,2011,5,6
2011-08-03,1,0.1938846421,0.4473451542,0.4361234911,0.3742759161,0.2424919021,0.264083561,0.2676051454,0.2610376322,0.2722345301,,0.1952896114,2011,5,6
2011-08-04,1,0.1938846421,0.5797089632,0.5652312014,0.4957376731,0.3611501343,0.3580037133,0.3720703886,0.3802378846,0.3662283238,,0.2148175567,2011,5,6
2011-08-05,1,0.1938846421,0.5839517355,0.5693707028,0.4996955956,0.3654540575,0.398282132,0.4032596451,0.3976954063,0.3899303743,,0.250076851,2011,5,6
2011-08-08,0,0.1938846421,0.7223288884,0.7044509718,0.6312629972,0.5266237807,0.5382395153,0.5561713905,0.5556206195,0.5266140345,,0.3155707713,2011,5,6
2011-08-09,0,0.1938846421,0.6189681766,0.6035385315,0.5325218708,0.4023162402,0.4817669371,0.4797350247,0.4692896786,0.4532825308,,0.3454901356,2011,5,6
2011-08-10,0,0.1938846421,0.6890136449,0.6719127254,0.599106621,0.4838330552,0.5060955708,0.5285828096,0.5247542238,0.5037838744,,0.3412233087,2011,5,6
2011-08-11,0,0.1938846421,0.6569451802,0.6406042039,0.5684618458,0.4451564635,0.5024842942,0.4994153991,0.4974216778,0.4701312231,,0.3621233175,2011,5,6
2011-08-12,0,0.1938846421,0.6322969458,0.6165462497,0.5450943723,0.4170007468,0.4378414479,0.4456468156,0.4370393504,0.4273283271,,0.3299595626,2011,5,6
2011-08-15,1,0.1938846421,0.5823384654,0.5677966899,0.4981901486,0.3638135069,0.384413171,0.3902677383,0.3854870212,0.3791213203,,0.303219102,2011,5,6
2011-08-16,1,0.1938846421,0.594234498,0.5794035577,0.5093052677,0.3760281064,0.3993674932,0.4070274791,0.3991462701,0.3940667706,,0.2934156334,2011,5,6
2011-08-17,1,0.1938846421,0.5786995669,0.5642463872,0.4947966544,0.3601312109,0.3790056171,0.3901797758,0.3878086385,0.3807298307,,0.2811068729,2011,5,6
2011-08-18,0,0.1938846421,0.6866425116,0.6695974209,0.5968308504,0.4808910395,0.5161614324,0.5256529286,0.5106877641,0.4970459199,,0.3381717405,2011,5,6
2011-08-19,0,0.1938846421,0.6894546256,0.6723433301,0.5995300471,0.4843816906,0.4903285764,0.5153553842,0.5046583868,0.4931456484,,0.3296416717,2011,5,6
2011-08-22,0,0.1938846421,0.6849181812,0.6679137294,0.5951768937,0.4787599688,0.4921345107,0.5155873791,0.4968361347,0.4928057348,,0.3389463125,2011,5,6
2011-08-23,0,0.1938846421,0.6314010726,0.6156719173,0.5442479547,0.4160020658,0.4399420447,0.4543449238,0.4579727579,0.4368715249,,0.3296754544,2011,5,6
2011-08-24,0,0.1938846421,0.6276768633,0.6120373152,0.5407314736,0.4118686406,0.407775218,0.4226238892,0.4306779425,0.4098978262,,0.3119030895,2011,5,6
2011-08-25,0,0.1938846421,0.6634995186,0.6470024179,0.5747022468,0.4528691967,0.4431423463,0.4605500638,0.4688951635,0.4433737682,,0.3000587926,2011,5,6
2011-08-26,0,0.1938846421,0.624504569,0.6089414234,0.5377388265,0.4083707389,0.4417240473,0.4477353007,0.4481945167,0.4284867399,,0.3149672937,2011,5,6
2011-08-29,1,0.1938846421,0.5873893859,0.5727247453,0.5029054945,0.3689664208,0.4095245529,0.4051936205,0.3999101827,0.388647438,,0.30888332,2011,5,6
2011-08-30,1,0.1938846421,0.5947073266,0.5798649082,0.5097477375,0.3765192543,0.4054134831,0.4014247976,0.3992287898,0.3855887088,,0.3052064855,2011,5,6
2011-08-31,1,0.1938846421,0.5792048109,0.5647393263,0.4952676434,0.3606409832,0.3837133576,0.381681186,0.376017701,0.3692677889,,0.2994778433,2011,5,6
2011-09-01,1,0.1938846421,0.5817150192,0.567188418,0.497608531,0.3631808442,0.3809132613,0.385376854,0.3865137597,0.3745015175,,0.2951572128,2011,5,6
2011-09-02,1,0.1938846421,0.606554558,0.5914249489,0.5208514567,0.3889691943,0.4386888127,0.4440511911,0.4209770291,0.4250095629,,0.32290822,2011,5,6
2011-09-06,1,0.1938846421,0.6385570976,0.62265604,0.5510145472,0.424026959,0.468642012,0.4731058081,0.4376542661,0.4498067914,,0.3376883173,2011,5,6
2011-09-07,1,0.1938846421,0.6004211359,0.5854401097,0.5150988256,0.3824890858,0.4124604672,0.4129282977,0.3847730362,0.3968478573,,0.3162532032,2011,5,6
2011-09-08,1,0.1938846421,0.6109910813,0.5957541339,0.5250181151,0.3937034177,0.4029369968,0.4123553134,0.3964656716,0.3992832182,,0.299421714,2011,5,6
2011-09-09,0,0.1938846421,0.652686772,0.6364474305,0.5644135058,0.4401969993,0.4572482778,0.47066157,0.4553468983,0.4506753365,,0.3131332275,2011,5,6
2011-09-12,1,0.1938846421,0.6533136657,0.6370593526,0.5650091758,0.4409245668,0.4334746619,0.4495234778,0.4400761749,0.4334311244,,0.2918479394,2011,5,6
2011-09-13,1,0.1938846421,0.6376882943,0.6218080872,0.5501923379,0.4230468329,0.3898925618,0.4105008186,0.4103417599,0.4014902064,,0.2584186991,2011,5,6
2011-09-14,1,0.1938846421,0.6140440468,0.5987333041,0.5278881129,0.3969843541,0.4188502956,0.4222829327,0.4156923146,0.405860594,,0.2852936421,2011,5,6
2011-09-15,1,0.1938846421,0.5835804038,0.5690084059,0.4993490288,0.3650760074,0.3795143106,0.3812112491,0.3674090282,0.3700777596,,0.276129084,2011,5,6
2011-09-16,1,0.1938846421,0.5709910065,0.5567257159,0.4876179665,0.3524129497,0.3443749048,0.3509650193,0.3459105924,0.3457340154,,0.2541302673,2011,5,6
2011-09-19,1,0.1938846421,0.5928101993,0.5780138414,0.507972734,0.3745512585,0.3939774502,0.3947587287,0.3710296336,0.3814019458,,0.275113321,2011,5,6
2011-09-20,1,0.1938846421,0.5943528291,0.5795190162,0.5094159963,0.3761509812,0.3618858174,0.3716464436,0.3663024924,0.3645656226,,0.2509564287,2011,5,6
2011-09-21,1,0.1938846421,0.6416162619,0.6256418319,0.5539111692,0.4274910347,0.3975815607,0.418264129,0.4345676141,0.4081593728,,0.2466450678,2011,5,6
2011-09-22,0,0.1938846421,0.6765097441,0.6597039178,0.5871238031,0.4684687667,0.4766617306,0.4976255335,0.467282531,0.4764407211,,0.292085005,2011,5,6
2011-09-23,0,0.1938846421,0.6757181953,0.6589311048,0.5863667341,0.4675085151,0.423359603,0.4545728698,0.453671776,0.4428097794,,0.2670306087,2011,5,6
2011-09-26,1,0.1938846421,0.6571205856,0.6407754263,0.5686287009,0.4453616126,0.4404733359,0.4527201151,0.4461748586,0.4349715588,,0.2826895083,2011,5,6
2011-09-27,1,0.1938846421,0.6452825882,0.6292203174,0.5573858327,0.4316693163,0.447277079,0.4503740099,0.4251323016,0.4299573554,,0.2969952037,2011,5,6
2011-09-28,0,0.1938846421,0.6743645574,0.657609522,0.5850724659,0.4658697547,0.4413021536,0.4597917848,0.4610625209,0.4431520733,,0.2829301151,2011,5,6
2011-09-29,1,0.1938846421,0.6555361362,0.6392287723,0.5671217821,0.4435109801,0.4536840747,0.4625226686,0.4478213787,0.4422578071,,0.2908563987,2011,5,6
2011-09-30,0,0.1938846421,0.6887927001,0.6716969801,0.5988944929,0.4835583473,0.457333085,0.4818881165,0.4697838483,0.4641547331,,0.2849312474,2011,5,6
2011-10-03,0,0.1938846421,0.7062179542,0.6887139504,0.6156691582,0.5055869138,0.4797907366,0.5149919802,0.5175987724,0.4962346029,,0.2926042897,2011,5,6
2011-10-04,0,0.1938846421,0.6722745581,0.655569051,0.583075133,0.4633478782,0.4732073512,0.4948445105,0.4970802235,0.4742308761,,0.3055688642,2011,5,6
2011-10-05,0,0.1938846421,0.6462119136,0.6301273939,0.5582671232,0.4327330567,0.4292002525,0.4495983139,0.453110145,0.4348447466,,0.28921035,2011,5,6
2011-10-06,0,0.1938846421,0.6314010726,0.6156719173,0.5442479547,0.4160020658,0.4077891059,0.4224821896,0.432847478,0.4097522208,,0.2735499225,2011,5,6
2011-10-07,0,0.1938846421,0.6307016049,0.614989272,0.5435872393,0.4152235099,0.3920917933,0.4139863367,0.424111957,0.4048312527,,0.262940014,2011,5,6
2011-10-10,0,0.1938846421,0.59623728,0.5813577299,0.5111798162,0.3781114782,0.3890412607,0.3908971982,0.3780145945,0.3784718381,,0.2689179911,2011,5,6
2011-10-11,0,0.1938846421,0.5943528291,0.5795190162,0.5094159963,0.3761509812,0.3377987543,0.3519473486,0.353498434,0.3491674726,,0.2308891315,2011,5,6
2011-10-12,0,0.1938846421,0.5746189516,0.5602651983,0.4909948433,0.3560316212,0.3427802215,0.3493029366,0.3425555483,0.3443129408,,0.2342486271,2011,5,6
2011-10-13,0,0.1938846421,0.5673083495,0.5531329175,0.4841932256,0.3487646661,0.3308475077,0.3406243989,0.3332956354,0.3378960696,,0.2279905197,2011,5,6
2011-10-14,0,0.1938846421,0.5324203215,0.5190990016,0.4518997691,0.3154124564,0.3191397492,0.3204127449,0.2951078617,0.3176158275,,0.2301683564,2011,5,6
2011-10-17,0,0.1938846421,0.6005362339,0.5855524174,0.5152066958,0.3826100015,0.3504339629,0.3591244609,0.363154904,0.3535669815,,0.2230437742,2011,5,6
2011-10-18,0,0.1938846421,0.5784465376,0.5639995208,0.4945608023,0.3598760948,0.3743950871,0.3644859248,0.3654261313,0.3521026585,,0.2508894124,2011,5,6
2011-10-19,0,0.1938846421,0.6123047302,0.5970360227,0.526252761,0.3951128402,0.364074853,0.3661050625,0.3749867386,0.3574689812,,0.2361341482,2011,5,6
2011-10-20,0,0.1938846421,0.6159842859,0.6006266743,0.5297132376,0.399079334,0.3720627536,0.3698529841,0.3747029782,0.3593467428,,0.2398645866,2011,5,6
2011-10-21,0,0.1938846421,0.5753893541,0.5610168235,0.4917123172,0.3568032144,0.348587144,0.3390685723,0.3257893374,0.330459059,,0.2391790224,2011,5,6
2011-10-24,0,0.1938846421,0.5474613842,0.5337712396,0.4657889154,0.3295274749,0.2999685821,0.2951356663,0.3079444822,0.2939640468,,0.2161711658,2011,5,6
2011-10-25,0,0.1938846421,0.5866569987,0.5720101656,0.5022214004,0.368216218,0.3209873787,0.3233605541,0.3382855726,0.3208158962,,0.2062158148,2011,5,6
2011-10-26,1,0.1938846421,0.5559206733,0.5420234846,0.4736224898,0.3376402444,0.3394802552,0.3290114825,0.3206070615,0.3214207958,,0.2250108869,2011,5,6
2011-10-27,1,0.1938846421,0.4867222145,0.4745261886,0.4100071571,0.2748442121,0.3418686568,0.30741645,0.270063541,0.2951484087,,0.2609954641,2011,5,6
2011-10-28,1,0.1938846421,0.4697134845,0.4579378534,0.3945315653,0.2605869232,0.2640137194,0.2514559562,0.2371577299,0.2530823355,,0.2243847947,2011,5,6
2011-10-31,1,0.1938846421,0.5573037037,0.5433726928,0.4749047451,0.3389787724,0.3625891416,0.3405200409,0.3255112757,0.3277091266,,0.2514050484,2011,5,6
2011-11-01,0,0.1938846421,0.6158769615,0.6005219418,0.5296122569,0.3989632492,0.4303578805,0.4098157593,0.3595674356,0.3876927348,,0.2810817026,2011,5,6
2011-11-02,1,0.1938846421,0.5929292542,0.5781300053,0.5080841003,0.3746745547,0.3872548202,0.3674401622,0.3279236832,0.3516360735,,0.2654857477,2011,5,6
2011-11-03,1,0.1938846421,0.5646437336,0.5505333575,0.481717144,0.3461404882,0.3664216474,0.3401931271,0.3168138506,0.3262022321,,0.2538487996,2011,5,6
2011-11-04,1,0.1938846421,0.5600473416,0.5460492586,0.4774497388,0.341644326,0.3446007919,0.327257688,0.3027472802,0.3178039588,,0.2454241409,2011,5,6
2011-11-07,1,0.1938846421,0.5557819381,0.5418881427,0.4734938873,0.337506163,0.3351375657,0.3168480222,0.3003430988,0.308539523,,0.2382389009,2011,5,6
2011-11-08,1,0.1938846421,0.5206404504,0.5076085602,0.4410570037,0.3046279079,0.3098078207,0.2895651965,0.2775556465,0.2841933535,,0.2235615665,2011,5,6
2011-11-09,1,0.1938846421,0.6303008298,0.6145981371,0.5432087229,0.4147778852,0.4193302324,0.3972050912,0.3676986675,0.3765494225,,0.2553222967,2011,5,6
2011-11-10,1,0.1938846421,0.5937607399,0.5789413014,0.5088619804,0.3755364305,0.3725146263,0.3547505472,0.3272619952,0.3414312513,,0.2445374219,2011,5,6
2011-11-11,1,0.1938846421,0.558404764,0.5444468322,0.4759258833,0.3400468642,0.3406091562,0.318937827,0.2849018123,0.3093150967,,0.2395664455,2011,5,6
2011-11-14,1,0.1938846421,0.572941271,0.5586284182,0.4894328922,0.3543551832,0.353578842,0.3342976548,0.3181415122,0.3233236111,,0.2431969363,2011,5,6
2011-11-15,1,0.1938846421,0.5741039696,0.5597627698,0.4905153174,0.355516462,0.3395379777,0.3216990572,0.3099469775,0.3129558858,,0.2354070758,2011,5,6
2011-11-16,1,0.1938846421,0.6019131023,0.5868959132,0.5164973444,0.3840584998,0.3679504234,0.3527734513,0.3367172609,0.3405915087,,0.2325483196,2011,5,6
2011-11-17,0,0.1938846421,0.6130673858,0.5977802444,0.5269697406,0.3959327046,0.3645214788,0.359575805,0.3589340255,0.3496809003,,0.2252511437,2011,5,6
2011-11-18,0,0.1938846421,0.5839517355,0.5693707028,0.4996955956,0.3654540575,0.314140087,0.3202570793,0.3192610756,0.3193417784,,0.2080239645,2011,5,6
2011-11-21,0,0.1938846421,0.5949433814,0.5800952331,0.5099686555,0.376764618,0.3635926818,0.367457787,0.3412837442,0.359100665,,0.2291189577,2011,5,6
2011-11-22,0,0.1938846421,0.5835804038,0.5690084059,0.4993490288,0.3650760074,0.3267527106,0.3407627521,0.3338716782,0.3394932171,,0.2154318851,2011,5,6
2011-11-23,0,0.1938846421,0.607225769,0.592079913,0.5214815377,0.3896829031,0.3672987494,0.3845004849,0.3753664897,0.3780209441,,0.227781638,2011,5,6
2011-11-25,0,0.1938846421,0.6126319359,0.5973553191,0.526560353,0.3954644458,0.3380193104,0.363578264,0.358394189,0.3629667088,,0.2114872656,2011,5,6
2011-11-28,0,0.1938846421,0.5855540682,0.5709340573,0.5011914306,0.3670883998,0.3962867072,0.3893796609,0.3247348814,0.3743371999,,0.2610318024,2011,5,6
2011-11-29,0,0.1938846421,0.5665119525,0.5523559611,0.4834530091,0.3479789902,0.3201609022,0.3298748886,0.3116751467,0.3286630192,,0.2230448936,2011,5,6
2011-11-30,0,0.1938846421,0.525662134,0.5125068028,0.4456754645,0.3091967358,0.3978807297,0.3617022387,0.3204209957,0.3413392558,,0.3014686531,2011,5,6
2011-12-01,0,0.1938846421,0.5195297371,0.5065251615,0.440036226,0.3036230372,0.3050956443,0.2950572722,0.2753296678,0.292100996,,0.2515578563,2011,5,6
2011-12-02,0,0.1938846421,0.5212731613,0.5082257134,0.4416386047,0.305201243,0.3286972975,0.3125744905,0.2853856491,0.3053347613,,0.2586308853,2011,5,6
2011-12-05,0,0.1938846421,0.5262834849,0.513112886,0.4462473094,0.3097649905,0.3480865582,0.3211882748,0.2831904629,0.3094781229,,0.2618962504,2011,5,6
2011-12-06,0,0.1938846421,0.530746434,0.5174662116,0.4503571759,0.3138657155,0.3075756075,0.2925559399,0.2779685927,0.2884452256,,0.2393391917,2011,5,6
2011-12-07,0,0.1938846421,0.5388654957,0.5253860282,0.4578451936,0.3214128367,0.3096461649,0.2928026747,0.2817488844,0.2881391249,,0.2128773632,2011,5,6
2011-12-08,0,0.1938846421,0.565846357,0.5517066153,0.4828344771,0.3473232484,0.3269061458,0.3183951127,0.3136881297,0.3129680303,,0.2171247626,2011,5,6
2011-12-09,0,0.1938846421,0.5026615474,0.4900722845,0.4245671581,0.288610975,0.2787076257,0.2702348652,0.2667032042,0.2709563556,,0.2088155787,2011,5,6
2011-12-12,0,0.1938846421,0.4904361405,0.4781484237,0.4133947292,0.2780163163,0.2801453203,0.2771453515,0.2651357836,0.2786468194,,0.2038665458,2011,5,6
2011-12-13,0,0.1938846421,0.4858312256,0.4736572025,0.4091949106,0.2740863882,0.2933602493,0.2907510741,0.2855330091,0.2905439653,,0.2165011782,2011,5,6
2011-12-14,0,0.1938846421,0.4968700474,0.4844235804,0.4192704065,0.2835625738,0.2708339038,0.2797400524,0.2776756116,0.2848128217,,0.2016447811,2011,5,6
2011-12-15,0,0.1938846421,0.480430019,0.4683894241,0.4042747575,0.2695185819,0.2740448993,0.2790328515,0.2582570809,0.2828204133,,0.2058808092,2011,5,6
2011-12-16,0,0.1938846421,0.4651705636,0.4535073437,0.3904088445,0.2568525907,0.2650483968,0.2703085442,0.2567562533,0.2752515404,,0.2065166871,2011,5,6
2011-12-19,0,0.1938846421,0.4769596705,0.4650048463,0.4011168578,0.2666072314,0.2660751683,0.2766545168,0.2768080123,0.2825878368,,0.2017051116,2011,5,6
2011-12-20,0,0.1938846421,0.4441099401,0.4329684957,0.3713553641,0.2399345369,0.2975863945,0.2831523598,0.2615307472,0.2800140338,,0.2359752338,2011,5,6
2011-12-21,0,0.1938846421,0.4057255282,0.3955375122,0.3368812152,0.2106961848,0.234915645,0.2339775636,0.222146744,0.2410906396,,0.2156005489,2011,5,6
2011-12-22,0,0.1938846421,0.3995709294,0.3895360521,0.3313842155,0.2061914344,0.2187606459,0.2179293203,0.20844787,0.2268715216,,0.2054918251,2011,5,6
2011-12-23,0,0.1938846421,0.3895626041,0.3797768971,0.3224635379,0.1989703289,0.2040767675,0.2028865958,0.1966468582,0.2132606821,,0.1980274989,2011,5,6
2011-12-27,0,0.1938846421,0.4164250401,0.4059709655,0.3464577772,0.2186458835,0.2050779951,0.2049556635,0.1991324865,0.2155959232,,0.1888277177,2011,5,6
2011-12-28,0,0.1938846421,0.4501507674,0.4388595568,0.3768105158,0.2447217446,0.2064874926,0.213295565,0.2288699612,0.2255499092,,0.1588636435,2011,5,6
2011-12-29,0,0.1938846421,0.4323299443,0.4214807834,0.3607406173,0.230747122,0.2013901832,0.2042389122,0.2100871018,0.2160235045,,0.153506317,2011,5,6
2011-12-30,0,0.1938846421,0.4477474088,0.4365157733,0.3746392078,0.2428109155,0.1841181077,0.1939628325,0.2068411855,0.2092776029,,0.140949952,2011,5,6
2012-01-03,0,0.1989494419,0.4389926366,0.4279781254,0.3667404875,0.2394665124,0.2559779228,0.2418527482,0.2012957975,0.2446667599,,0.1780555396,2012,5,7
2012-01-04,0,0.1989494419,0.4231736936,0.412551917,0.3525112975,0.227228982,0.2019914273,0.1997081664,0.1976367527,0.2094598574,,0.1609363617,2012,5,7
2012-01-05,0,0.1989494419,0.4068544298,0.396638332,0.3378904231,0.2149526622,0.2187986202,0.2108945091,0.1989860497,0.2184902639,,0.1722166812,2012,5,7
2012-01-06,0,0.1989494419,0.387198209,0.3774713918,0.3203594154,0.2006197598,0.1778949813,0.179669431,0.1776478337,0.1925022747,,0.1553242277,2012,5,7
2012-01-09,0,0.1989494419,0.3974972901,0.3875140243,0.3295340633,0.2080688471,0.1825631288,0.1827543305,0.1772786734,0.1947459936,,0.1555704532,2012,5,7
2012-01-10,0,0.1989494419,0.3886185605,0.3788563656,0.3216232619,0.2016392072,0.2008209527,0.1932643849,0.1677874528,0.202432387,,0.1552213646,2012,5,7
2012-01-11,0,0.1989494419,0.3970349474,0.3870631901,0.3291216823,0.2077315951,0.1733736009,0.1723566677,0.1727721214,0.1845307777,,0.1418679909,2012,5,7
2012-01-12,0,0.1989494419,0.3833859728,0.3737541266,0.3169695175,0.1978958732,0.1752617941,0.1724924648,0.1680437063,0.1843379895,,0.1412106195,2012,5,7
2012-01-13,0,0.1989494419,0.3937832859,0.3838924783,0.3262227696,0.205367299,0.1968214322,0.1910442988,0.1778934803,0.2007893768,,0.151247937,2012,5,7
2012-01-17,0,0.1989494419,0.4227421054,0.412131051,0.3521238606,0.2268998121,0.2210543089,0.2087421923,0.1902086976,0.2149041198,,0.1595096554,2012,5,7
2012-01-18,0,0.1989494419,0.3933165228,0.3834373367,0.325806839,0.2050290031,0.1817484443,0.1742113441,0.1810288876,0.1843566618,,0.1456117911,2012,5,7
2012-01-19,0,0.1989494419,0.3687655856,0.3594981839,0.3039997947,0.1876137567,0.1640361606,0.1583049071,0.1550793476,0.1700943042,,0.1412478588,2012,5,7
2012-01-20,0,0.1989494419,0.3274750769,0.3192386544,0.2676416314,0.1599308663,0.1434956108,0.140325247,0.1422530456,0.1540979226,,0.136825834,2012,5,7
2012-01-23,0,0.1989494419,0.3379505234,0.3294523144,0.2768272494,0.1667698285,0.159839198,0.1538089716,0.1492844066,0.1661540759,,0.1395809807,2012,5,7
2012-01-24,0,0.1989494419,0.3442840007,0.335627587,0.2823937128,0.1709645153,0.1494139133,0.1464456974,0.1427723275,0.1598686441,,0.1228159757,2012,5,7
2012-01-25,0,0.1989494419,0.3282889125,0.3200321467,0.2683543071,0.1604578076,0.1565516249,0.1487902262,0.1485890672,0.1609145082,,0.1309469273,2012,5,7
2012-01-26,0,0.1989494419,0.3352861987,0.3268545586,0.274488464,0.1650187743,0.1656897573,0.1574182611,0.1555347408,0.1690012486,,0.1378473202,2012,5,7
2012-01-27,0,0.1989494419,0.3342163094,0.3258114035,0.2735497802,0.1643178613,0.1506400521,0.1462163341,0.1425501021,0.1593459632,,0.1328974324,2012,5,7
2012-01-30,0,0.1989494419,0.3569491827,0.3479765734,0.2935537037,0.1794904331,0.1858913069,0.174390377,0.1594937523,0.183948437,,0.1479319958,2012,5,7
2012-01-31,0,0.1989494419,0.3579674451,0.3489694243,0.2944525954,0.180183979,0.1775569337,0.1683663727,0.1619287096,0.1788685176,,0.1461011082,2012,5,7
2012-02-01,0,0.1989494419,0.3347515131,0.3263332334,0.2740193148,0.1646683271,0.1688757265,0.1583016261,0.1414583882,0.1691717801,,0.1463599184,2012,5,7
2012-02-02,0,0.1989494419,0.3192619943,0.3112309209,0.2604585039,0.154653872,0.139157998,0.1351708397,0.1293095182,0.1489133124,,0.1335244304,2012,5,7
2012-02-03,0,0.1989494419,0.294395578,0.2869867392,0.238812729,0.1391206454,0.154673453,0.1418345983,0.1172462992,0.1531469286,,0.1439391701,2012,5,7
2012-02-06,0,0.1989494419,0.3131534565,0.3052751683,0.2551267786,0.1507767839,0.1348882309,0.128118311,0.1191784678,0.1411808735,,0.1279193161,2012,5,7
2012-02-07,0,0.1989494419,0.31007207,0.3022708701,0.2524407647,0.1488363136,0.1412743424,0.132079481,0.1257959567,0.1443997059,,0.1290230116,2012,5,7
2012-02-08,0,0.1989494419,0.3242060065,0.3160513092,0.2647805359,0.1578215802,0.1305509824,0.1238056534,0.1240004183,0.1367560043,,0.1194254491,2012,5,7
2012-02-09,0,0.1989494419,0.3368865603,0.3284149336,0.2758930812,0.1660696108,0.141612338,0.1320232159,0.1302641977,0.1438353834,,0.1227282928,2012,5,7
2012-02-10,0,0.1989494419,0.3909745356,0.3811536662,0.3237206511,0.2033357136,0.176088447,0.1610250321,0.1435725854,0.1695916903,,0.126367275,2012,5,7
2012-02-13,0,0.1989494419,0.347678849,0.338937658,0.285381372,0.1732317303,0.1585309263,0.1447316085,0.1298900658,0.1548722839,,0.1288174051,2012,5,7
2012-02-14,0,0.1989494419,0.3605027566,0.3514414717,0.2966917495,0.1819160722,0.1516644861,0.1405617171,0.1369637864,0.1514141735,,0.123578921,2012,5,7
2012-02-15,0,0.1989494419,0.3991110576,0.3890876256,0.3309738227,0.2092481123,0.173283205,0.1589003907,0.1612031763,0.1676275358,,0.127282515,2012,5,7
2012-02-16,0,0.1989494419,0.3523379233,0.3434804109,0.289486076,0.1763647898,0.154263275,0.1404093614,0.1461970116,0.1505740219,,0.1258935641,2012,5,7
2012-02-17,0,0.1989494419,0.313711796,0.3058195408,0.2556137307,0.1511294855,0.1268759484,0.1188159814,0.1174701109,0.1315269778,,0.1168947387,2012,5,7
2012-02-21,0,0.1989494419,0.3250253172,0.3168501362,0.2654973527,0.1583491143,0.1319250228,0.1227919791,0.1267889187,0.1350067288,,0.1152727921,2012,5,7
2012-02-22,0,0.1989494419,0.3250253172,0.3168501362,0.2654973527,0.1583491143,0.1222627937,0.1166232298,0.1236928101,0.1299329417,,0.1101714451,2012,5,7
2012-02-23,0,0.1989494419,0.2856573703,0.2784673601,0.2312436029,0.1338167608,0.1157140334,0.1097484124,0.1146149798,0.1234500071,,0.110980465,2012,5,7
2012-02-24,0,0.1989494419,0.3004339233,0.2928739188,0.2440546664,0.1428322397,0.1066792663,0.1029572729,0.1061590566,0.1170850463,,0.1019433348,2012,5,7
2012-02-27,0,0.1989494419,0.3250253172,0.3168501362,0.2654973527,0.1583491143,0.148331928,0.1336954403,0.1308074526,0.1441598433,,0.1207925079,2012,5,7
2012-02-28,0,0.1989494419,0.318709637,0.3106923771,0.2599760093,0.1543016258,0.1166172641,0.1099349753,0.1164273279,0.1229772389,,0.1069029437,2012,5,7
2012-02-29,0,0.1989494419,0.3315310188,0.3231932191,0.2711950178,0.1625642933,0.1453547885,0.1323509944,0.1341905228,0.1432192084,,0.1195525789,2012,5,7
2012-03-01,0,0.1989494419,0.2990021351,0.2914779706,0.2428108785,0.1419487007,0.1222553674,0.1135056226,0.1152606927,0.1261939877,,0.113122293,2012,5,7
2012-03-02,0,0.1989494419,0.2998616967,0.2923160157,0.2435575133,0.1424788668,0.1136548833,0.1080966422,0.1132114114,0.1217180973,,0.1085043531,2012,5,7
2012-03-05,0,0.1989494419,0.3211904045,0.313111108,0.2621435963,0.1558862549,0.1185985242,0.1134483836,0.1209687471,0.1269575205,,0.1021827372,2012,5,7
2012-03-06,0,0.1989494419,0.3928492748,0.3829817226,0.3253905258,0.204690629,0.1811591568,0.1658526227,0.1533532605,0.1741130656,,0.1241647814,2012,5,7
2012-03-07,0,0.1989494419,0.3484586786,0.3396980158,0.2860680534,0.1737543963,0.1335534032,0.127594372,0.1322353627,0.1404160627,,0.1094935264,2012,5,7
2012-03-08,0,0.1989494419,0.3184333029,0.3104229538,0.2597346545,0.1541255282,0.1402192212,0.1290282568,0.120873302,0.1406637865,,0.1181562883,2012,5,7
2012-03-09,0,0.1989494419,0.2946846185,0.2872685428,0.2390634351,0.1392974403,0.1155402724,0.109441661,0.1081576506,0.1229761894,,0.1111218649,2012,5,7
2012-03-12,0,0.1989494419,0.2506762049,0.2443630393,0.2011451017,0.1133587517,0.0953992765,0.09332482257,0.09193404237,0.1083947283,,0.1077636019,2012,5,7
2012-03-13,0,0.1989494419,0.2242635823,0.2186132826,0.1786446292,0.09870340295,0.1044535495,0.09560755971,0.09388612973,0.1089519187,,0.1144481013,2012,5,7
2012-03-14,0,0.1989494419,0.2403993102,0.2343439814,0.1923665379,0.1075774129,0.09640071672,0.090536595,0.09198780985,0.1044050102,,0.1067067405,2012,5,7
2012-03-15,0,0.1989494419,0.2438398909,0.2376982301,0.1953021656,0.1095016096,0.09363772099,0.08751359034,0.09237294226,0.1011288431,,0.1014369505,2012,5,7
2012-03-16,0,0.1989494419,0.2136748489,0.2082904687,0.1696818967,0.09301261066,0.07528780283,0.07304687073,0.07553476282,0.0874999146,,0.09573214794,2012,5,7
2012-03-19,0,0.1989494419,0.2318934151,0.2260515661,0.1851236024,0.1028688393,0.09177597455,0.08500819083,0.08893363231,0.09845603281,,0.1017869874,2012,5,7
2012-03-20,0,0.1989494419,0.2488177848,0.2425512375,0.1995554256,0.1123057321,0.1031981493,0.09434084987,0.0899526004,0.1073000363,,0.1028808184,2012,5,7
2012-03-21,0,0.1989494419,0.2347381098,0.2288248576,0.1875435843,0.1044359167,0.08235895608,0.07916680992,0.08294137251,0.0934302856,,0.094252469,2012,5,7
2012-03-22,0,0.1989494419,0.2485076046,0.2422488385,0.1992901945,0.1121303036,0.1097574983,0.1012128664,0.08917295703,0.1144733594,,0.109115987,2012,5,7
2012-03-23,0,0.1989494419,0.2249017744,0.2192354507,0.1791858983,0.09904972488,0.09681833782,0.09054471831,0.08719403072,0.104492427,,0.1093404896,2012,5,7
2012-03-26,0,0.1989494419,0.2068830298,0.201669267,0.163951075,0.08941689766,0.09631559749,0.0869086819,0.07632949913,0.0999636474,,0.1145991089,2012,5,7
2012-03-27,0,0.1989494419,0.2491278386,0.2428535134,0.1998205756,0.1124811823,0.08858326277,0.08307919716,0.08664341795,0.09662094724,,0.1011744595,2012,5,7
2012-03-28,0,0.1989494419,0.2453989021,0.239218126,0.1966334782,0.1103772535,0.1115465463,0.1007000894,0.09693254085,0.1132894599,,0.1145922546,2012,5,7
2012-03-29,0,0.1989494419,0.2457103336,0.239521744,0.1968995066,0.1105524545,0.1154013813,0.1039528714,0.09685618308,0.1164346368,,0.1179241334,2012,5,7
2012-03-30,0,0.1989494419,0.246332824,0.240128617,0.1974313273,0.1109029273,0.1102037597,0.0994433298,0.09194473413,0.1120121929,,0.1156454426,2012,5,7
2012-04-02,0,0.1989494419,0.2506762049,0.2443630393,0.2011451017,0.1133587517,0.1144962874,0.1010048051,0.100125114,0.1127425914,,0.1174611752,2012,5,7
2012-04-03,0,0.1989494419,0.2512946595,0.2449659808,0.2016743366,0.1137099245,0.1154723479,0.1028019037,0.09983748372,0.1148155175,,0.1204142808,2012,5,7
2012-04-04,0,0.1989494419,0.2750005106,0.2680774914,0.2220394692,0.1274543983,0.1310695475,0.1170022116,0.105148446,0.1284564785,,0.1249425056,2012,5,7
2012-04-05,0,0.1989494419,0.2827157397,0.275599415,0.2286999906,0.1320489733,0.118205072,0.1082860164,0.1064120204,0.1207903226,,0.1143591408,2012,5,7
2012-04-09,0,0.1989494419,0.3416554623,0.3330647005,0.2800823372,0.1692181028,0.187194554,0.1619182288,0.1426844291,0.1683509071,,0.1449972549,2012,5,7
2012-04-10,0,0.1989494419,0.3814662896,0.371882276,0.3152637649,0.1965310015,0.1864569894,0.1685576385,0.1714482103,0.1761328838,,0.1403191143,2012,5,7
2012-04-11,0,0.1989494419,0.3724691151,0.3631093628,0.307280526,0.1901939276,0.1907842049,0.1686223985,0.1455112992,0.1751390833,,0.1468024587,2012,5,7
2012-04-12,0,0.1989494419,0.2972791173,0.2897980858,0.2413147926,0.1408883042,0.1403671119,0.1266751022,0.1286938125,0.1379001346,,0.1378692678,2012,5,7
2012-04-13,0,0.1989494419,0.3607554307,0.3516878412,0.2969149905,0.1820891094,0.1718849506,0.1547463003,0.1568162899,0.1634179584,,0.1410805001,2012,5,7
2012-04-16,0,0.1989494419,0.3607554307,0.3516878412,0.2969149905,0.1820891094,0.1692264362,0.1531855203,0.1532381091,0.1622252437,,0.1347895124,2012,5,7
2012-04-17,0,0.1989494419,0.3323381426,0.3239801716,0.2719026105,0.1630905211,0.1589112017,0.140566418,0.1382042872,0.1497299988,,0.1350319013,2012,5,7
2012-04-18,0,0.1989494419,0.3371527686,0.3286744907,0.2761267887,0.1662446888,0.143589359,0.1309798289,0.1288898251,0.1419045669,,0.1248215005,2012,5,7
2012-04-19,0,0.1989494419,0.3296424539,0.3213518557,0.26953996,0.1613358216,0.16207031,0.1461038063,0.1449168394,0.1558527737,,0.1369313559,2012,5,7
2012-04-20,1,0.1989494419,0.3041394033,0.2964866558,0.2472760135,0.1451288906,0.1379630139,0.1276828433,0.1230244137,0.1398115737,,0.1302585748,2012,5,7
2012-04-23,1,0.1989494419,0.345853937,0.3371583163,0.2837750049,0.172011343,0.1770317464,0.1599446797,0.1400263178,0.1686757151,,0.1435488104,2012,5,7
2012-04-24,1,0.1989494419,0.3225633947,0.3144497671,0.2633439065,0.1567661639,0.1328818541,0.1262020181,0.1275399488,0.1391761056,,0.1262478024,2012,5,7
2012-04-25,1,0.1989494419,0.286244009,0.2790393051,0.2317511362,0.1341703665,0.1490912869,0.1334189034,0.1094937188,0.1441689956,,0.1428046451,2012,5,7
2012-04-26,1,0.1989494419,0.2690009377,0.262228282,0.2168709843,0.1239231107,0.1224707603,0.1123296495,0.1091417755,0.1250039462,,0.1307502003,2012,5,7
2012-04-27,1,0.1989494419,0.271407438,0.2645744651,0.2189429696,0.1253352098,0.1240594703,0.1134554749,0.1050027167,0.1259658916,,0.1310617899,2012,5,7
2012-04-30,1,0.1989494419,0.295839169,0.2883941871,0.2400650753,0.1400045046,0.1170328849,0.1101879243,0.1096717931,0.1234811111,,0.1175196252,2012,5,7
2012-05-01,1,0.1989494419,0.2797596851,0.272717417,0.2261461884,0.1302814319,0.1382186961,0.1236873407,0.1188618675,0.1349412991,,0.1334197476,2012,5,7
2012-05-02,1,0.1989494419,0.2880003384,0.2807516455,0.2332711678,0.1352311393,0.1326903917,0.1210528337,0.114349833,0.1330426399,,0.1272176168,2012,5,7
2012-05-03,1,0.1989494419,0.3075374903,0.2997997077,0.2502331759,0.1472478195,0.1311805038,0.1228083775,0.1281372171,0.1354984842,,0.1232021773,2012,5,7
2012-05-04,1,0.1989494419,0.3507902388,0.3419713634,0.2881219761,0.1753212519,0.1764814818,0.1623137553,0.1612043515,0.1717168338,,0.1405739861,2012,5,7
2012-05-07,1,0.1989494419,0.3450696773,0.3363936421,0.2830849088,0.1714880498,0.1543034432,0.1459688938,0.1474867716,0.1577387756,,0.1332742199,2012,5,7
2012-05-08,1,0.1989494419,0.3479388973,0.3391912129,0.2856103422,0.1734059451,0.1788377608,0.1657763779,0.1587184028,0.1754088835,,0.1453300071,2012,5,7
2012-05-09,1,0.1989494419,0.3739414474,0.3645449873,0.3085856573,0.1912242453,0.2076036758,0.190134224,0.176159942,0.1968447627,,0.1573965564,2012,5,7
2012-05-10,1,0.1989494419,0.3421823828,0.3335784596,0.2805455465,0.1695675617,0.1740244638,0.1640227719,0.1514634158,0.1747254065,,0.1504549843,2012,5,7
2012-05-11,1,0.1989494419,0.3692612232,0.3599814612,0.3044386657,0.1879581054,0.1937462871,0.1808335223,0.1696509212,0.1894485935,,0.1535475185,2012,5,7
2012-05-14,0,0.1989494419,0.4155451141,0.405112912,0.3456692353,0.2214469761,0.2267297879,0.2113384036,0.1936539748,0.2165578795,,0.1638276852,2012,5,7
2012-05-15,0,0.1989494419,0.4177409993,0.4072542165,0.3476373912,0.2231034711,0.2071961901,0.1993735052,0.1965653959,0.207572056,,0.1551257603,2012,5,7
2012-05-16,0,0.1989494419,0.4242505365,0.4136020091,0.3534781605,0.2280513633,0.2075423115,0.2015432199,0.2011665423,0.2100306579,,0.1503483732,2012,5,7
2012-05-17,0,0.1989494419,0.4689607856,0.4572037759,0.3938481754,0.2636001386,0.2165430587,0.2160481849,0.2359966983,0.2243771765,,0.1464545789,2012,5,7
2012-05-18,0,0.1989494419,0.4802483169,0.468212212,0.4041093495,0.2730254308,0.2275180124,0.2286102443,0.2452912018,0.2362324643,,0.1478581014,2012,5,7
2012-05-21,0,0.1989494419,0.4186157217,0.4081071996,0.3484216984,0.2237650925,0.1924655029,0.1927228546,0.2111219603,0.2037836489,,0.1395732553,2012,5,7
2012-05-22,0,0.1989494419,0.4287381702,0.4179781863,0.3575102382,0.2314952129,0.2104261115,0.2065465475,0.2141294662,0.2152543747,,0.1468790575,2012,5,7
2012-05-23,0,0.1989494419,0.4255384768,0.4148579574,0.3546348995,0.2290369864,0.2294128637,0.220956548,0.2209006056,0.2273214939,,0.1595162056,2012,5,7
2012-05-24,0,0.1989494419,0.4082046933,0.3979550103,0.3390978987,0.2159552633,0.1993856194,0.1969042249,0.2001609889,0.207038697,,0.1522216989,2012,5,7
2012-05-25,0,0.1989494419,0.4131143546,0.4027425818,0.3434918196,0.2196206554,0.1838942997,0.1864559768,0.1967638455,0.1987136881,,0.1433853949,2012,5,7
2012-05-29,0,0.1989494419,0.3965721235,0.386611887,0.3287089205,0.2073942621,0.2315274155,0.2179365232,0.2060858743,0.2235581075,,0.1728865478,2012,5,7
2012-05-30,0,0.1989494419,0.4622982258,0.4507061061,0.3878045175,0.2581242848,0.2580405725,0.2468165351,0.23919984,0.2496024071,,0.1759593041,2012,5,7
2012-05-31,0,0.1989494419,0.4607558502,0.4492019178,0.3864068033,0.2568657657,0.2460441254,0.2388987662,0.2387005987,0.2435749619,,0.1712241175,2012,5,7
2012-06-01,0,0.1989494419,0.5073463029,0.4946416064,0.4288570824,0.2964381453,0.3205923396,0.3094551152,0.2904923855,0.3054239982,,0.205808724,2012,5,7
2012-06-04,0,0.1989494419,0.4982430487,0.4857627199,0.4205254533,0.2884466742,0.2688360021,0.269636046,0.2695050182,0.273213544,,0.1892918816,2012,5,7
2012-06-05,0,0.1989494419,0.4725202219,0.4606751662,0.3970809493,0.2665520627,0.2341967654,0.2384166856,0.249650626,0.2463324184,,0.1762283435,2012,5,7
2012-06-06,0,0.1989494419,0.4218772698,0.411287702,0.3513476221,0.2262409507,0.2294157379,0.223866285,0.2234851616,0.2309444227,,0.1801059449,2012,5,7
2012-06-07,0,0.1989494419,0.412226457,0.4018767604,0.342696792,0.2189554647,0.2420489953,0.2330692774,0.2145902968,0.2386061133,,0.1890832114,2012,5,7
2012-06-08,0,0.1989494419,0.4011760919,0.3911012683,0.3328170483,0.210761953,0.1994967479,0.1973669589,0.2037258364,0.2077032818,,0.1598881929,2012,5,7
2012-06-11,0,0.1989494419,0.4509480542,0.4396370832,0.377531103,0.2489423499,0.2413704566,0.2367892764,0.246430564,0.2425875656,,0.1695543904,2012,5,7
2012-06-12,0,0.1989494419,0.4203588561,0.4098070165,0.3499851635,0.2250865672,0.216506455,0.212302154,0.2182073383,0.2206598348,,0.166650226,2012,5,7
2012-06-13,0,0.1989494419,0.4647890455,0.4531352683,0.3900628208,0.2601639288,0.2381286992,0.2334315955,0.2397904179,0.239206373,,0.1675993357,2012,5,7
2012-06-14,0,0.1989494419,0.4113364785,0.4010089114,0.3419000784,0.2182897432,0.2120977365,0.2075612389,0.2145879444,0.216312753,,0.1628409673,2012,5,7
2012-06-15,0,0.1989494419,0.3984203027,0.3884140628,0.3303574779,0.2087429381,0.1921678682,0.1883920713,0.193149486,0.1988207365,,0.1564017848,2012,5,7
2012-06-18,0,0.1989494419,0.3285599367,0.3202963962,0.2685916787,0.1606334527,0.1658122971,0.1653580466,0.163472831,0.1791667345,,0.1534891005,2012,5,7
2012-06-19,0,0.1989494419,0.3301827463,0.3218786439,0.2700133608,0.1616868655,0.1792128582,0.1727868341,0.1652814474,0.1843977847,,0.161007081,2012,5,7
2012-06-20,0,0.1989494419,0.2984283756,0.2909185739,0.2423126026,0.1415952458,0.1617077312,0.1592900023,0.1523580877,0.1732338027,,0.1594188389,2012,5,7
2012-06-21,0,0.1989494419,0.3739414474,0.3645449873,0.3085856573,0.1912242453,0.1990290736,0.1989548268,0.2106021962,0.2103131901,,0.1629066493,2012,5,7
2012-06-22,0,0.1989494419,0.3228375653,0.3147170824,0.2635836502,0.1569421191,0.1658847887,0.1688467704,0.1638451982,0.183697316,,0.1580125717,2012,5,7
2012-06-25,0,0.1989494419,0.381225691,0.3716476728,0.3150500383,0.1963602571,0.2107118731,0.2121412775,0.197219381,0.2229565678,,0.1688689078,2012,5,7
2012-06-26,0,0.1989494419,0.3650293761,0.3558551615,0.3006933399,0.1850274112,0.1869349524,0.1912926813,0.1906524124,0.2046726241,,0.1604637468,2012,5,7
2012-06-27,0,0.1989494419,0.3582216368,0.3492172727,0.2946770262,0.1803572999,0.1807829625,0.1832620065,0.1841996666,0.1966239831,,0.158201986,2012,5,7
2012-06-28,0,0.1989494419,0.3647791352,0.3556111628,0.3004719988,0.1848547776,0.1963820326,0.196941635,0.1850803557,0.2087898256,,0.1624094797,2012,5,7
2012-06-29,0,0.1989494419,0.2938171153,0.2864227601,0.2383110501,0.1387670837,0.195475281,0.1848726077,0.1441406696,0.1953323009,,0.1872121423,2012,5,7
2012-07-02,0,0.1989494419,0.2856573703,0.2784673601,0.2312436029,0.1338167608,0.1511575716,0.1502721065,0.1362501546,0.1652037224,,0.1642105381,2012,5,7
2012-07-03,0,0.1989494419,0.281535015,0.2744482693,0.2276796608,0.1313419021,0.1329963597,0.1343038835,0.1318166594,0.1503532668,,0.1493730611,2012,5,7
2012-07-05,0,0.1989494419,0.305841121,0.2981457873,0.2487565586,0.146188487,0.164412931,0.1609680127,0.1466427182,0.1744012701,,0.1600147023,2012,5,7
2012-07-06,0,0.1989494419,0.294395578,0.2869867392,0.238812729,0.1391206454,0.1676253281,0.1663418051,0.1359800339,0.1804555669,,0.1645608873,2012,5,7
2012-07-09,0,0.1989494419,0.3192619943,0.3112309209,0.2604585039,0.154653872,0.1375004614,0.1440194599,0.1436553597,0.1609945112,,0.1333623623,2012,5,7
2012-07-10,0,0.1989494419,0.3392770567,0.3307457076,0.2779923376,0.1676446366,0.1788069319,0.1804504637,0.1777458325,0.1940344832,,0.1511123324,2012,5,7
2012-07-11,0,0.1989494419,0.3184333029,0.3104229538,0.2597346545,0.1541255282,0.1520608102,0.1586563946,0.1565464503,0.1751895818,,0.1442056688,2012,5,7
2012-07-12,0,0.1989494419,0.3288307839,0.3205604734,0.2688289131,0.1608090645,0.1732218801,0.1776167168,0.1669993453,0.1924117141,,0.1522891569,2012,5,7
2012-07-13,0,0.1989494419,0.2838941115,0.2767482685,0.2297186511,0.1327560569,0.1382004508,0.1431711818,0.1482531802,0.160230025,,0.1417660074,2012,5,7
2012-07-16,0,0.1989494419,0.2946846185,0.2872685428,0.2390634351,0.1392974403,0.1353150359,0.1420388382,0.1414498208,0.1595357646,,0.1381722059,2012,5,7
2012-07-17,0,0.1989494419,0.276193674,0.2692407558,0.2230684937,0.1281610033,0.1509497464,0.151936035,0.1428023721,0.1675908513,,0.1491982211,2012,5,7
2012-07-18,0,0.1989494419,0.2665856068,0.2598734956,0.2147929613,0.1225116523,0.1310213907,0.1339403723,0.1342861008,0.1507773511,,0.1418263507,2012,5,7
2012-07-19,0,0.1989494419,0.2447756676,0.2386105281,0.1961011865,0.1100269231,0.1134705628,0.1187009095,0.1166164459,0.1367847503,,0.1333119239,2012,5,7
2012-07-20,0,0.1989494419,0.269904414,0.2631091126,0.2176486909,0.1244525772,0.1287608652,0.1344158404,0.1247980898,0.1521145979,,0.1353978935,2012,5,7
2012-07-23,0,0.1989494419,0.3366202559,0.3281552829,0.2756593064,0.1658945492,0.2099369321,0.2035052838,0.176742702,0.2133419763,,0.1748339533,2012,5,7
2012-07-24,0,0.1989494419,0.3833859728,0.3737541266,0.3169695175,0.1978958732,0.2036016239,0.203842858,0.1976284856,0.2148112902,,0.1629688084,2012,5,7
2012-07-25,0,0.1989494419,0.3554174128,0.346483033,0.2922019621,0.1784494128,0.17869888,0.1833727934,0.1753768882,0.1974786935,,0.1576901833,2012,5,7
2012-07-26,0,0.1989494419,0.3066900171,0.2989734407,0.2494953961,0.1467182143,0.1922762393,0.1865005745,0.1486017407,0.1980794217,,0.1792574127,2012,5,7
2012-07-27,0,0.1989494419,0.2827157397,0.275599415,0.2286999906,0.1320489733,0.1800322709,0.1702119649,0.1505275412,0.1817702924,,0.1834435648,2012,5,7
2012-07-30,0,0.1989494419,0.3206402261,0.3125746872,0.2616627435,0.1555342403,0.157461769,0.1547653725,0.148592423,0.1683945416,,0.156513525,2012,5,7
2012-07-31,0,0.1989494419,0.3448079164,0.3361384184,0.2828546093,0.1713135476,0.1604834824,0.1603083883,0.1598531355,0.1741350608,,0.1504723164,2012,5,7
2012-08-01,0,0.1989494419,0.3455926483,0.3369035528,0.2835450721,0.1718369214,0.1776587938,0.1740232878,0.1628280947,0.1861632499,,0.1550611909,2012,5,7
2012-08-02,0,0.1989494419,0.307819731,0.3000748861,0.2504789244,0.1474243681,0.1742424957,0.1726080321,0.1580071494,0.1861051325,,0.159388477,2012,5,7
2012-08-03,0,0.1989494419,0.2506762049,0.2443630393,0.2011451017,0.1133587517,0.1726159199,0.1629073508,0.1344506889,0.1753815353,,0.1826845687,2012,5,7
2012-08-06,0,0.1989494419,0.2602039002,0.2536517866,0.2093100817,0.1188102425,0.1264691986,0.1277920204,0.1163360963,0.1442672638,,0.1554471878,2012,5,7
2012-08-07,0,0.1989494419,0.2614240489,0.2548413414,0.210357522,0.1195148154,0.1376506682,0.1353426463,0.1202100834,0.1505390254,,0.1606244783,2012,5,7
2012-08-08,0,0.1989494419,0.2407126953,0.2346495025,0.1926337896,0.1077522087,0.1208777637,0.1216170924,0.1111050514,0.138241659,,0.1548475783,2012,5,7
2012-08-09,0,0.1989494419,0.2394584359,0.2334267177,0.1915643388,0.1070531886,0.1112018839,0.1139902577,0.1069564384,0.1312932317,,0.1443504283,2012,5,7
2012-08-10,0,0.1989494419,0.2223464961,0.2167443336,0.1770194243,0.09766536291,0.09868099899,0.1033050971,0.09827255818,0.1213692776,,0.1211816391,2012,5,7
2012-08-13,0,0.1989494419,0.1886019808,0.1838476492,0.1485984169,0.07994690361,0.08055161203,0.08774408552,0.08361001862,0.1068002207,,0.1171690512,2012,5,7
2012-08-14,0,0.1989494419,0.225858269,0.2201679299,0.1799973556,0.09956949063,0.09980746859,0.104892474,0.0995039633,0.1230964624,,0.1203399151,2012,5,7
2012-08-15,0,0.1989494419,0.2188222642,0.2133086023,0.1740346423,0.09576603638,0.08335147791,0.09107321402,0.09175510004,0.1099947868,,0.1113157378,2012,5,7
2012-08-16,0,0.1989494419,0.2078556553,0.2026174567,0.164770881,0.08992923033,0.09349322188,0.09781454247,0.09543179767,0.1158632508,,0.1203398869,2012,5,7
2012-08-17,0,0.1989494419,0.1803785365,0.1758309616,0.1417280119,0.07578474249,0.06830673674,0.07602712778,0.07381423958,0.09481104237,,0.1078439544,2012,5,7
2012-08-20,0,0.1989494419,0.1990757736,0.1940581854,0.1573812995,0.08533561944,0.07654811382,0.08364037974,0.0830557037,0.1023105069,,0.1083107351,2012,5,7
2012-08-21,0,0.1989494419,0.2312600146,0.2254340654,0.1845850899,0.1025209551,0.107585515,0.1107151742,0.1073761403,0.1282348115,,0.122067783,2012,5,7
2012-08-22,0,0.1989494419,0.2341067545,0.228209349,0.1870062869,0.1040874557,0.09866578808,0.1036996437,0.102547994,0.121734076,,0.1150668059,2012,5,7
2012-08-23,0,0.1989494419,0.260509138,0.2539493708,0.2095720758,0.1189863638,0.1027768774,0.1098360418,0.1136090094,0.1282792259,,0.1106023953,2012,5,7
2012-08-24,0,0.1989494419,0.2363144775,0.2303616609,0.1888856125,0.105307605,0.1057041806,0.1102774652,0.1109130484,0.1282140021,,0.1188894847,2012,5,7
2012-08-27,0,0.1989494419,0.2723075847,0.2654520519,0.2197183901,0.1258648953,0.1068638492,0.1123759848,0.1148179785,0.1301092727,,0.1113205406,2012,5,7
2012-08-28,0,0.1989494419,0.27649162,0.2695312359,0.2233255114,0.128337675,0.1071165061,0.1131063775,0.1157150818,0.1309500425,,0.1058329054,2012,5,7
2012-08-29,0,0.1989494419,0.293238038,0.2858581822,0.2378089241,0.1384134955,0.1058609165,0.1125309932,0.1195494716,0.130373526,,0.1018814365,2012,5,7
2012-08-30,0,0.1989494419,0.3151049324,0.3071778293,0.2568290833,0.1520109934,0.1215971128,0.1279849235,0.1282889562,0.1453167634,,0.1063024829,2012,5,7
2012-08-31,0,0.1989494419,0.3049908876,0.2973168309,0.248016739,0.1456586937,0.1366265935,0.1386162654,0.1320525441,0.1544370545,,0.1169013718,2012,5,7
2012-09-04,0,0.1989494419,0.3192619943,0.3112309209,0.2604585039,0.154653872,0.1331579673,0.1368084195,0.1377059244,0.1529938926,,0.1134042519,2012,5,7
2012-09-05,0,0.1989494419,0.3125945476,0.304730241,0.2546394075,0.1504240589,0.1114875518,0.1195421388,0.1270739169,0.1375854817,,0.09759217453,2012,5,7
2012-09-06,0,0.1989494419,0.2494377659,0.243155666,0.2000856444,0.1126566539,0.1092070534,0.1112752476,0.1142966156,0.1281494344,,0.108464151,2012,5,7
2012-09-07,0,0.1989494419,0.2107688687,0.2054574848,0.1672281313,0.09146895183,0.07372198628,0.08073604246,0.08463219165,0.09906627032,,0.09564424529,2012,5,7
2012-09-10,0,0.1989494419,0.2702053262,0.2634024826,0.2179077629,0.124629103,0.0946269033,0.1009049098,0.112577966,0.1188137404,,0.09331966,2012,5,7
2012-09-11,0,0.1989494419,0.2741041095,0.2672035538,0.2212666313,0.1269244849,0.09256292163,0.09887253046,0.1102077368,0.1167025892,,0.08970814861,2012,5,7
2012-09-12,0,0.1989494419,0.2556094109,0.2491725127,0.2053695936,0.1161703081,0.09126213314,0.09680447528,0.1004247283,0.1145601725,,0.09148761271,2012,5,7
2012-09-13,0,0.1989494419,0.2000541166,0.1950119425,0.1582035103,0.08584402032,0.09766004971,0.09732857549,0.0984813704,0.1138610329,,0.1105177144,2012,5,7
2012-09-14,0,0.1989494419,0.214963996,0.2095472356,0.1707712638,0.09369989608,0.09369868779,0.09393834566,0.09532312882,0.1103150389,,0.1080493443,2012,5,7
2012-09-17,0,0.1989494419,0.2175377281,0.2120563262,0.1729476609,0.09507662485,0.08658741914,0.08928643546,0.09197712854,0.106307276,,0.1043980716,2012,5,7
2012-09-18,0,0.1989494419,0.20428569,0.1991371853,0.1617632841,0.08805297424,0.07592384297,0.08065447381,0.08375002197,0.09819911416,,0.1002124848,2012,5,7
2012-09-19,0,0.1989494419,0.1945017009,0.18959907,0.1535412804,0.08297014869,0.07599045264,0.08051592844,0.08337689413,0.09811600041,,0.1018085471,2012,5,7
2012-09-20,0,0.1989494419,0.2007059736,0.1956474187,0.1587515084,0.0861832422,0.08386366246,0.08721088792,0.08511839655,0.1046229063,,0.100286537,2012,5,7
2012-09-21,0,0.1989494419,0.1977702963,0.192785516,0.156284639,0.08465856969,0.07805079386,0.08265234708,0.08016445518,0.1003475074,,0.0960725173,2012,5,7
2012-09-24,0,0.1989494419,0.2033103451,0.1981863475,0.1609422803,0.08754238507,0.08438488324,0.08840017164,0.08356228181,0.1060684587,,0.1003969863,2012,5,7
2012-09-25,0,0.1989494419,0.2441519395,0.2380024493,0.1955685834,0.1096766896,0.1047105789,0.1083541819,0.1145813009,0.1258185545,,0.1069846708,2012,5,7
2012-09-26,0,0.1989494419,0.2859507472,0.2787533886,0.2314974081,0.1339935541,0.1079488553,0.1136142807,0.1243706997,0.1312076137,,0.1023473485,2012,5,7
2012-09-27,0,0.1989494419,0.2255395437,0.219857207,0.1797269298,0.09939619797,0.1004295854,0.1038504726,0.1034066322,0.1214499238,,0.1096654923,2012,5,7
2012-09-28,0,0.1989494419,0.2534552067,0.2470723364,0.2035240349,0.1149396544,0.1080063176,0.1119552433,0.1120840646,0.1294218952,,0.1097053651,2012,5,7
2012-10-01,0,0.1989494419,0.271407438,0.2645744651,0.2189429696,0.1253352098,0.1255217324,0.1258172178,0.1250604994,0.1417838244,,0.1178218224,2012,5,7
2012-10-02,0,0.1989494419,0.2528385518,0.2464711481,0.2029959687,0.114588206,0.1137351864,0.1159399475,0.1133471425,0.1328433573,,0.1162016649,2012,5,7
2012-10-03,0,0.1989494419,0.2441519395,0.2380024493,0.1955685834,0.1096766896,0.1094501275,0.1114690951,0.1092112363,0.1284105028,,0.1160686016,2012,5,7
2012-10-04,0,0.1989494419,0.2162516307,0.2108025295,0.1718598601,0.09438790614,0.09271612434,0.09591798116,0.09261391087,0.1133771604,,0.1111540339,2012,5,7
2012-10-05,0,0.1989494419,0.2091512904,0.2038805421,0.1658634034,0.09061305278,0.1006602742,0.1021446854,0.09582404836,0.1192938145,,0.1186605977,2012,5,7
2012-10-08,0,0.1989494419,0.2341067545,0.228209349,0.1870062869,0.1040874557,0.09795771837,0.1016259805,0.09753266964,0.119132749,,0.1096837278,2012,5,7
2012-10-09,0,0.1989494419,0.2729070154,0.2660364598,0.2202348825,0.1262180782,0.1059706783,0.1115846268,0.1220707504,0.1293407289,,0.1059651934,2012,5,7
2012-10-10,0,0.1989494419,0.2705060698,0.2636956883,0.2181667139,0.1248056205,0.1036252677,0.1112425156,0.1204804241,0.12974774,,0.1038494255,2012,5,7
2012-10-11,0,0.1989494419,0.2491278386,0.2428535134,0.1998205756,0.1124811823,0.1122633021,0.1176915727,0.1123426131,0.1357717593,,0.1140098883,2012,5,7
2012-10-12,0,0.1989494419,0.2659803725,0.2592834335,0.2142724963,0.1221588799,0.1108814676,0.118009698,0.1218818207,0.136422161,,0.109442065,2012,5,7
2012-10-15,1,0.1989494419,0.2391445723,0.2331207305,0.1912967919,0.1068785023,0.1024690718,0.1085023469,0.1105077193,0.126890788,,0.109189616,2012,5,7
2012-10-16,1,0.1989494419,0.2375734749,0.231589061,0.189957966,0.106005493,0.09958811079,0.1039583367,0.1020119759,0.1217084705,,0.1086155172,2012,5,7
2012-10-17,1,0.1989494419,0.2328426705,0.226976994,0.1859308719,0.103390911,0.08827362511,0.09378943688,0.09799121589,0.1117713327,,0.1033537781,2012,5,7
2012-10-18,1,0.1989494419,0.231576771,0.2257428705,0.1848543792,0.1026948807,0.09776310016,0.1021667404,0.101487778,0.1199843595,,0.1072279488,2012,5,7
2012-10-19,1,0.1989494419,0.293238038,0.2858581822,0.2378089241,0.1384134955,0.1286404205,0.1330348423,0.1435395056,0.1499452583,,0.113914765,2012,5,7
2012-10-22,1,0.1989494419,0.2803520619,0.2732949525,0.2266577722,0.1306349234,0.1199612511,0.125756406,0.1301792444,0.143438825,,0.1126282547,2012,5,7
2012-10-23,0,0.1989494419,0.3421823828,0.3335784596,0.2805455465,0.1695675617,0.1688797292,0.170874504,0.1575598209,0.1849859027,,0.130590481,2012,5,7
2012-10-24,0,0.1989494419,0.3288307839,0.3205604734,0.2688289131,0.1608090645,0.1432229479,0.1509900533,0.1548817943,0.1680181753,,0.123808342,2012,5,7
2012-10-25,0,0.1989494419,0.3231115586,0.314984225,0.2638232575,0.1571180428,0.1622438652,0.1651975118,0.1567666871,0.1801959274,,0.1359235091,2012,5,7
2012-10-26,0,0.1989494419,0.3145480871,0.3066349127,0.2563432415,0.1516583977,0.1464202861,0.1526168463,0.1486141128,0.1692983717,,0.1310327961,2012,5,7
2012-10-31,0,0.1989494419,0.3360870656,0.3276354146,0.2751912976,0.1655442834,0.1545623953,0.1599385959,0.1560778483,0.1757189459,,0.131097264,2012,5,7
2012-11-01,0,0.1989494419,0.2824207807,0.2753118451,0.2284450659,0.1318722051,0.1227441746,0.1296971154,0.1338823339,0.1477047751,,0.1214102001,2012,5,7
2012-11-02,0,0.1989494419,0.3083837093,0.3006247527,0.2509700435,0.1477774055,0.1471948346,0.152912299,0.1564137821,0.1695283367,,0.1293540261,2012,5,7
2012-11-05,0,0.1989494419,0.3312616692,0.3229306011,0.2709589183,0.1623888444,0.1389903846,0.1465046743,0.154642079,0.1635530606,,0.1189512715,2012,5,7
2012-11-06,1,0.1989494419,0.3081017945,0.3003498919,0.2507245388,0.147600891,0.1346436658,0.1401279041,0.1446836097,0.1570308875,,0.1201944672,2012,5,7
2012-11-07,0,0.1989494419,0.3487183338,0.3399511877,0.2862967256,0.1739285802,0.1810585721,0.1858471777,0.1840439828,0.1999738526,,0.1402287736,2012,5,7
2012-11-08,0,0.1989494419,0.333143973,0.3247658639,0.2726092267,0.1636166306,0.1680227431,0.1790150369,0.1831582294,0.1958277869,,0.1408102578,2012,5,7
2012-11-09,0,0.1989494419,0.3363537488,0.3278954346,0.2754253708,0.1657194343,0.169524311,0.1801095787,0.1794054529,0.1966694908,,0.1424647054,2012,5,7
2012-11-12,0,0.1989494419,0.2821256489,0.2750241068,0.2281900147,0.1316954223,0.1282760796,0.1436831024,0.1423087248,0.1644127724,,0.1336380746,2012,5,7
2012-11-13,0,0.1989494419,0.2812394835,0.2741601416,0.2274243329,0.1311651473,0.1534141617,0.1658421422,0.1562768498,0.1847393642,,0.1488951906,2012,5,7
2012-11-14,0,0.1989494419,0.3176032091,0.3096136203,0.2590097501,0.1535970393,0.1659110801,0.1820120013,0.1860707706,0.2006880059,,0.1461236032,2012,5,7
2012-11-15,0,0.1989494419,0.3195379346,0.3114999606,0.2606995712,0.1548299676,0.1496268727,0.1688709356,0.1721714978,0.189309494,,0.1370854063,2012,5,7
2012-11-16,0,0.1989494419,0.2741041095,0.2672035538,0.2212666313,0.1269244849,0.1443665383,0.1612340988,0.1570399587,0.1820197225,,0.1435858608,2012,5,7
2012-11-19,0,0.1989494419,0.2382022687,0.2322020745,0.1904937135,0.1063546114,0.154759745,0.1623023698,0.1427400436,0.1805347448,,0.1681664722,2012,5,7
2012-11-20,0,0.1989494419,0.2331588625,0.2272852492,0.1861998275,0.1035649995,0.1244742265,0.1370830194,0.1296398127,0.1578451776,,0.1521315685,2012,5,7
2012-11-21,0,0.1989494419,0.2403993102,0.2343439814,0.1923665379,0.1075774129,0.1026173274,0.1181225982,0.1175304991,0.1400625635,,0.1351252652,2012,5,7
2012-11-23,0,0.1989494419,0.2350536149,0.2291324438,0.1878121294,0.1046101935,0.1203728221,0.1297431043,0.1233811193,0.1494084864,,0.14563704,2012,5,7
2012-11-26,0,0.1989494419,0.246332824,0.240128617,0.1974313273,0.1109029273,0.12787999,0.1369657796,0.1254489993,0.1562259966,,0.1457845164,2012,5,7
2012-11-27,0,0.1989494419,0.2592873863,0.2527582544,0.2085235656,0.1182819685,0.1113275347,0.1248940835,0.1273222437,0.1457204016,,0.1211882116,2012,5,7
2012-11-28,0,0.1989494419,0.2466438825,0.2404318717,0.1976971191,0.1110781986,0.1311048239,0.1389313099,0.1349996947,0.1577118684,,0.1386718048,2012,5,7
2012-11-29,0,0.1989494419,0.2325263651,0.2266686282,0.185661849,0.1032168546,0.113598713,0.1228513451,0.1173894658,0.1425673006,,0.1339939587,2012,5,7
2012-11-30,0,0.1989494419,0.2577572061,0.2512664452,0.2072109387,0.1174018226,0.1074550191,0.118476249,0.1214094521,0.1384282751,,0.1243538614,2012,5,7
2012-12-03,0,0.1989494419,0.2809437796,0.2738718458,0.2271688789,0.1309883786,0.1307600237,0.1399445947,0.1430078655,0.1585699565,,0.1309706595,2012,5,7
2012-12-04,0,0.1989494419,0.2949734834,0.2875501753,0.2393140103,0.139474215,0.126395522,0.137198068,0.1421825806,0.156220645,,0.1264470386,2012,5,7
2012-12-05,0,0.1989494419,0.2755973291,0.2686593543,0.2225541385,0.1278076612,0.1331944255,0.1417183743,0.1396813264,0.1601654536,,0.1301404001,2012,5,7
2012-12-06,0,0.1989494419,0.2791667685,0.2721393555,0.225634231,0.1299279758,0.1084818662,0.1203662728,0.1296314339,0.1402900483,,0.1159730151,2012,5,7
2012-12-07,0,0.1989494419,0.2586757119,0.2521619182,0.2079987788,0.1179298626,0.1168699189,0.1260657796,0.1230948976,0.1452922994,,0.1248464741,2012,5,7
2012-12-10,0,0.1989494419,0.2632502132,0.2566217194,0.2119259574,0.1205720797,0.09993806797,0.1118741431,0.1167709022,0.132088079,,0.1116184875,2012,5,7
2012-12-11,0,0.1989494419,0.2485076046,0.2422488385,0.1992901945,0.1121303036,0.1115548448,0.1196250237,0.1157489838,0.1386513123,,0.1202208445,2012,5,7
2012-12-12,0,0.1989494419,0.2602039002,0.2536517866,0.2093100817,0.1188102425,0.1138388527,0.121773118,0.119223289,0.1405535364,,0.1163397877,2012,5,7
2012-12-13,0,0.1989494419,0.2785732536,0.2715607112,0.2251218498,0.1295745209,0.1232869261,0.1317423524,0.1332498527,0.1503081118,,0.1203702344,2012,5,7
2012-12-14,0,0.1989494419,0.2914974131,0.2841611427,0.2363001235,0.1373527594,0.1110198575,0.1228914348,0.1273091636,0.1425972627,,0.1101192327,2012,5,7
2012-12-17,0,0.1989494419,0.2720076751,0.2651596587,0.2194600125,0.125688325,0.1096612681,0.118324038,0.1269403556,0.1371915795,,0.111946916,2012,5,7
2012-12-18,0,0.1989494419,0.2485076046,0.2422488385,0.1992901945,0.1121303036,0.1063917228,0.1123259152,0.1186181029,0.1305695013,,0.1135490737,2012,5,7
2012-12-19,0,0.1989494419,0.3018621037,0.2942663519,0.2452958387,0.1437157048,0.1102091507,0.1188069408,0.1378866804,0.1372033709,,0.104003961,2012,5,7
2012-12-20,0,0.1989494419,0.3106336647,0.3028184143,0.2529301247,0.1491892119,0.1114799798,0.1187086974,0.1355506722,0.1364922621,,0.09704195891,2012,5,7
2012-12-21,0,0.1989494419,0.3153831169,0.3074490556,0.2570718252,0.152187266,0.1719350874,0.1693681926,0.1530803945,0.1825772524,,0.1384712986,2012,5,7
2012-12-24,0,0.1989494419,0.3153831169,0.3074490556,0.2570718252,0.152187266,0.1172967849,0.1268741578,0.1272523188,0.145337664,,0.1158473383,2012,5,7
2012-12-26,0,0.1989494419,0.3589833054,0.3499599344,0.295349609,0.1808770973,0.1530068281,0.1585131056,0.1637472954,0.1740176577,,0.1241204189,2012,5,7
2012-12-27,0,0.1989494419,0.3587295289,0.3497124906,0.2951254994,0.1807038331,0.1782481857,0.1789591291,0.1752303433,0.1919816907,,0.1379052378,2012,5,7
2012-12-28,0,0.1989494419,0.4337983054,0.4229126957,0.3620620586,0.2354108672,0.2084638627,0.2091940289,0.2062361133,0.2190328188,,0.1413630564,2012,5,7
2012-12-31,0,0.1989494419,0.3203648572,0.3123062042,0.2614221006,0.1553581782,0.153879589,0.1567581069,0.1666998529,0.1721046516,,0.1306970625,2012,5,7
2013-01-02,0,0.1934011206,0.2204257026,0.2148717738,0.1753921807,0.0943381948,0.1453677049,0.1390315736,0.1066929927,0.1528206693,,0.1652360427,2013,6,7
2013-01-03,0,0.1934011206,0.2165733001,0.21111612,0.1721318858,0.09231060425,0.106168729,0.1092042061,0.1014638567,0.1254075539,,0.143793649,2013,6,7
2013-01-04,0,0.1934011206,0.1928648989,0.1880034089,0.1521688023,0.08013198642,0.09335152036,0.09731182602,0.08929162148,0.1139637947,,0.1390363439,2013,6,7
2013-01-07,0,0.1934011206,0.1915543153,0.1867257683,0.1510704933,0.07947360616,0.09284625316,0.09751913847,0.08505855586,0.1144467513,,0.1372037905,2013,6,7
2013-01-08,0,0.1934011206,0.1859738566,0.1812855963,0.1464002415,0.07668741969,0.08888740499,0.09478281987,0.08157276819,0.1121312488,,0.1334005516,2013,6,7
2013-01-09,0,0.1934011206,0.1922097315,0.1873647097,0.1516196817,0.07980266632,0.07374646334,0.08177006698,0.07824829777,0.09901006472,,0.1038915744,2013,6,7
2013-01-10,0,0.1934011206,0.1816962644,0.1771155551,0.1428273936,0.07457049605,0.08439383543,0.08906203027,0.07867135583,0.1058071512,,0.1159341294,2013,6,7
2013-01-11,0,0.1934011206,0.1774113054,0.1729383469,0.1392546211,0.07246617605,0.06407332696,0.07189832816,0.06963888643,0.08871481797,,0.1025609608,2013,6,7
2013-01-14,0,0.1934011206,0.1826841045,0.1780785568,0.1436519362,0.07505792301,0.06828047754,0.07584209113,0.0728571348,0.09273819801,,0.1028451115,2013,6,7
2013-01-15,0,0.1934011206,0.1836715352,0.1790411602,0.1444764671,0.07554601273,0.07892758796,0.08484268767,0.07765257848,0.101719939,,0.1102424098,2013,6,7
2013-01-16,0,0.1934011206,0.1793898065,0.1748670943,0.1409035025,0.07343579092,0.06904121143,0.07645180054,0.072139374,0.09340761837,,0.1042844732,2013,6,7
2013-01-17,0,0.1934011206,0.1843295869,0.1796826666,0.1450261403,0.07587176998,0.08309101558,0.08726103901,0.07944282697,0.1036737508,,0.1121450167,2013,6,7
2013-01-18,0,0.1934011206,0.1476684488,0.1439438007,0.1146355468,0.05830228778,0.06385594565,0.06995317912,0.06568856817,0.08664577049,,0.1096732461,2013,6,7
2013-01-22,0,0.1934011206,0.1466785315,0.1429788003,0.1138218449,0.05784405268,0.06221228682,0.06776950539,0.06583799687,0.0840917403,,0.1091332474,2013,6,7
2013-01-23,0,0.1934011206,0.1476684488,0.1439438007,0.1146355468,0.05830228778,0.05549029434,0.06187485375,0.06054270872,0.07790718241,,0.1014528246,2013,6,7
2013-01-24,0,0.1934011206,0.1552666849,0.1513508071,0.1208937925,0.06184763096,0.06811855691,0.07282234269,0.06843787539,0.0890853241,,0.1104152133,2013,6,7
2013-01-25,0,0.1934011206,0.1618807967,0.1577984921,0.1263591851,0.06497440532,0.06549178625,0.06999892832,0.06649795459,0.08580143809,,0.1010503148,2013,6,7
2013-01-28,0,0.1934011206,0.1843295869,0.1796826666,0.1450261403,0.07587176998,0.06769092869,0.07264757732,0.07290389938,0.08834750156,,0.0970136241,2013,6,7
2013-01-29,0,0.1934011206,0.1757615773,0.1713301072,0.1378807703,0.07166032392,0.0682879554,0.07241887315,0.07295482329,0.08799208447,,0.09914357485,2013,6,7
2013-01-30,0,0.1934011206,0.2088275114,0.2035648971,0.1655903332,0.08827532891,0.07666140807,0.08085578353,0.08286199808,0.09636237292,,0.09756199381,2013,6,7
2013-01-31,0,0.1934011206,0.2075315317,0.2023014762,0.1644976511,0.0876055489,0.0727979405,0.07818211277,0.07932240697,0.09395338305,,0.09294112793,2013,6,7
2013-02-01,0,0.1934011206,0.1622115423,0.1581209162,0.1266329118,0.06513175926,0.0718456203,0.07470967049,0.0648120068,0.09033367871,,0.1036630896,2013,6,7
2013-02-04,0,0.1934011206,0.2201052152,0.2145593346,0.1751207806,0.09416899106,0.09994440132,0.1009974362,0.0943548733,0.1162240843,,0.1076049147,2013,6,7
2013-02-05,0,0.1934011206,0.1892584623,0.1844876275,0.1491478593,0.07832397609,0.08367448776,0.08540812719,0.07761848172,0.100796019,,0.1071959,2013,6,7
2013-02-06,0,0.1934011206,0.1790601506,0.1745457281,0.1406286742,0.07327399471,0.07240707628,0.07609009617,0.07095581509,0.09172208205,,0.1028468517,2013,6,7
2013-02-07,0,0.1934011206,0.1820255889,0.1774365989,0.1431022414,0.07473289755,0.08203189404,0.08436802198,0.0790180418,0.100052668,,0.1100265539,2013,6,7
2013-02-08,0,0.1934011206,0.1661801012,0.1619896335,0.1299204142,0.06702724508,0.05958273572,0.06474916018,0.06523608331,0.08022347968,,0.09657184598,2013,6,7
2013-02-11,0,0.1934011206,0.1635344956,0.1594105851,0.1277281939,0.06576211235,0.05386118475,0.05995347558,0.06036555114,0.07535605368,,0.08772055895,2013,6,7
2013-02-12,0,0.1934011206,0.1536138434,0.1497395601,0.1195305645,0.06107217542,0.05123377565,0.05736504161,0.05869393728,0.07270737387,,0.0834034656,2013,6,7
2013-02-13,0,0.1934011206,0.164857365,0.1607001736,0.1288240429,0.06639394836,0.05971848485,0.06488084942,0.0642733411,0.08039297262,,0.08707409661,2013,6,7
2013-02-14,0,0.1934011206,0.1542749276,0.1503840075,0.1200756886,0.06138204983,0.05512281039,0.06073461745,0.0600741997,0.07622285208,,0.0834807752,2013,6,7
2013-02-15,0,0.1934011206,0.1476684488,0.1439438007,0.1146355468,0.05830228778,0.05432099749,0.06017696766,0.05975623298,0.07583642576,,0.08590153949,2013,6,7
2013-02-19,0,0.1934011206,0.1427225903,0.1391224405,0.1105739445,0.05602124245,0.05191862259,0.05712449435,0.05888485558,0.07231346138,,0.08652384706,2013,6,7
2013-02-20,0,0.1934011206,0.2204257026,0.2148717738,0.1753921807,0.0943381948,0.07960223129,0.08416150197,0.09542145285,0.09974905963,,0.09010886144,2013,6,7
2013-02-21,0,0.1934011206,0.2375734749,0.231589061,0.189957966,0.1035319042,0.09360868136,0.09740010939,0.1009786985,0.1129814963,,0.09712622653,2013,6,7
2013-02-22,0,0.1934011206,0.203960655,0.1988203173,0.1614896501,0.08576800324,0.0866249768,0.08916566494,0.08779143501,0.1047000861,,0.1024174454,2013,6,7
2013-02-25,0,0.1934011206,0.3463760944,0.3376674344,0.2842345497,0.168743975,0.1560101569,0.1522069376,0.1713623937,0.1634220219,,0.1184192741,2013,6,7
2013-02-26,0,0.1934011206,0.2877080324,0.2804666603,0.2330181333,0.132048441,0.1289839154,0.1280000994,0.1304772342,0.1415915678,,0.1193120089,2013,6,7
2013-02-27,0,0.1934011206,0.2220266193,0.2164324891,0.1767483565,0.09518484204,0.1079302334,0.1069601232,0.1122730567,0.1217217408,,0.1239025195,2013,6,7
2013-02-28,0,0.1934011206,0.2466438825,0.2404318717,0.1976971191,0.1085079095,0.1110440909,0.1107028189,0.1145929246,0.1251906209,,0.1212196281,2013,6,7
2013-03-01,0,0.1934011206,0.2419650306,0.2358704129,0.1937020487,0.1059312373,0.117183331,0.1147510366,0.1170010205,0.1288076942,,0.126814873,2013,6,7
2013-03-04,0,0.1934011206,0.1987495126,0.1937401235,0.1571071741,0.08310718719,0.08566496666,0.08794917912,0.09202511803,0.1034501589,,0.1148537807,2013,6,7
2013-03-05,0,0.1934011206,0.1813668963,0.1767944689,0.1425525461,0.07440816912,0.08313242295,0.08396876743,0.08077451687,0.09915686484,,0.1162730823,2013,6,7
2013-03-06,0,0.1934011206,0.1830132943,0.1783994696,0.1439267819,0.07522054635,0.07618924993,0.07840208122,0.07539592141,0.09362407434,,0.1083626527,2013,6,7
2013-03-07,0,0.1934011206,0.1675026554,0.1632789174,0.1310172641,0.06766198046,0.05856572726,0.06341936362,0.0645433624,0.07862914056,,0.09620592288,2013,6,7
2013-03-08,0,0.1934011206,0.1519614897,0.1481287906,0.1181687738,0.06029930653,0.06530451608,0.06813365641,0.06349307938,0.08340752621,,0.1015652606,2013,6,7
2013-03-11,0,0.1934011206,0.1182336394,0.1152501886,0.09061173404,0.04503524533,0.04433586783,0.04937472109,0.05033200902,0.06406093447,,0.09266112362,2013,6,7
2013-03-12,0,0.1934011206,0.1414054644,0.1378384725,0.1094939373,0.05541731983,0.05281400603,0.05754394252,0.05763754524,0.07263143751,,0.09094348253,2013,6,7
2013-03-13,0,0.1934011206,0.1269888093,0.1237848306,0.09771913949,0.0489041003,0.04810020274,0.0531399371,0.05316309659,0.06812804423,,0.09023263748,2013,6,7
2013-03-14,0,0.1934011206,0.1098949778,0.1071216131,0.08387478158,0.04141124479,0.04467727975,0.04928209154,0.04748304046,0.06397677274,,0.09371574217,2013,6,7
2013-03-15,0,0.1934011206,0.1098949778,0.1071216131,0.08387478158,0.04141124479,0.04065378308,0.04604803127,0.04619807486,0.06058799495,,0.08723143188,2013,6,7
2013-03-18,0,0.1934011206,0.1774113054,0.1729383469,0.1392546211,0.07246617605,0.08941828902,0.08869223852,0.07606823048,0.1037732077,,0.1163581123,2013,6,7
2013-03-19,0,0.1934011206,0.2110921181,0.2057726141,0.1675009494,0.0894494006,0.1001415522,0.09857714986,0.09419201264,0.1131064713,,0.1191002904,2013,6,7
2013-03-20,0,0.1934011206,0.1546054968,0.1507062578,0.120348335,0.0615371413,0.07441532379,0.07578199035,0.06354666093,0.09117377974,,0.1184014099,2013,6,7
2013-03-21,0,0.1934011206,0.1980967735,0.1931037884,0.1565588434,0.08277563023,0.1005958824,0.09930920146,0.08865247289,0.1142619123,,0.12763335,2013,6,7
2013-03-22,0,0.1934011206,0.1843295869,0.1796826666,0.1450261403,0.07587176998,0.07934685181,0.08085987721,0.0764792031,0.09599428834,,0.1179040383,2013,6,7
2013-03-25,0,0.1934011206,0.1899147148,0.185127383,0.1496972526,0.07865210818,0.09278884672,0.09255164694,0.08854213776,0.1077015996,,0.1226149219,2013,6,7
2013-03-26,0,0.1934011206,0.1579119768,0.1539295332,0.1230777083,0.06309362526,0.06978461985,0.07216536586,0.06599340421,0.08751319309,,0.112767023,2013,6,7
2013-03-27,0,0.1934011206,0.1704774907,0.1661789222,0.1334867027,0.06909528222,0.0808129483,0.08143272971,0.07331847005,0.09663318531,,0.116263541,2013,6,7
2013-03-28,0,0.1934011206,0.1555973022,0.1516731045,0.1211666021,0.0620030284,0.06430799365,0.06745970544,0.06610707476,0.08270032808,,0.1045801918,2013,6,7
2013-04-01,0,0.1934011206,0.1846585402,0.1800033493,0.1453009711,0.07603475693,0.07669672267,0.07901278476,0.07737385919,0.09427621941,,0.1059915527,2013,6,7
2013-04-02,0,0.1934011206,0.158242685,0.1542519199,0.12335092,0.06324982256,0.06550202817,0.06864580831,0.06259425652,0.0839347143,,0.1017847973,2013,6,7
2013-04-03,0,0.1934011206,0.2052603094,0.2000873167,0.1625839769,0.08643545017,0.08988250845,0.09141365967,0.09264126975,0.1067099502,,0.1082461023,2013,6,7
2013-04-04,0,0.1934011206,0.1948288657,0.1899180117,0.1538157166,0.0811214833,0.07616871075,0.07953470697,0.08031815018,0.09496622182,,0.1005522319,2013,6,7
2013-04-05,0,0.1934011206,0.1958099591,0.1908744468,0.1546388972,0.08161708194,0.1064285098,0.1045476979,0.08666850307,0.1195916073,,0.1284102923,2013,6,7
2013-04-08,0,0.1934011206,0.1717991271,0.1674673157,0.1345848121,0.0697345432,0.07886416194,0.0810461462,0.07691988548,0.09669692162,,0.1180930427,2013,6,7
2013-04-09,0,0.1934011206,0.1602270651,0.1561863692,0.1249911501,0.06418905919,0.07710017997,0.0788576723,0.07210173937,0.09448490195,,0.1209308292,2013,6,7
2013-04-10,0,0.1934011206,0.1443701183,0.1407284946,0.1119258445,0.05677875432,0.06885248364,0.06996204699,0.06642116278,0.0850040824,,0.1184261754,2013,6,7
2013-04-11,0,0.1934011206,0.1404181844,0.1368760477,0.1086848505,0.0549656118,0.06482948469,0.0662937369,0.06146500973,0.08119131929,,0.1167737614,2013,6,7
2013-04-12,0,0.1934011206,0.1345062659,0.1311129783,0.1038482482,0.05227820444,0.06102128236,0.06359221095,0.05914903085,0.07872780877,,0.1082817552,2013,6,7
2013-04-15,0,0.1934011206,0.2992887937,0.2917574534,0.2430598558,0.1389976037,0.1335225714,0.1296182158,0.1396752107,0.1420992274,,0.1192394884,2013,6,7
2013-04-16,0,0.1934011206,0.1971171294,0.1921487644,0.1557361547,0.08227874464,0.09883599013,0.09698773047,0.09013544364,0.1116878413,,0.124933337,2013,6,7
2013-04-17,0,0.1934011206,0.2770870884,0.2701117835,0.2238392517,0.1257973302,0.1390210152,0.1336888148,0.1274265636,0.1462725308,,0.1342862983,2013,6,7
2013-04-18,0,0.1934011206,0.3075374903,0.2997997077,0.2502331759,0.1440335452,0.1388631992,0.1363740857,0.1404517754,0.1490627921,,0.1288940396,2013,6,7
2013-04-19,0,0.1934011206,0.2296745587,0.2238884093,0.1832376621,0.09926252753,0.10395319,0.1050613888,0.1057918437,0.1202252261,,0.1250947501,2013,6,7
2013-04-22,0,0.1934011206,0.2110921181,0.2057726141,0.1675009494,0.0894494006,0.104980891,0.1045380993,0.09921020136,0.1196411989,,0.1293914992,2013,6,7
2013-04-23,0,0.1934011206,0.1813668963,0.1767944689,0.1425525461,0.07440816912,0.09393201602,0.0930793272,0.08624771849,0.1082734563,,0.1294916388,2013,6,7
2013-04-24,0,0.1934011206,0.1856451032,0.1809651083,0.1461254329,0.07652414735,0.07423629511,0.0776004076,0.07766818608,0.09309267977,,0.111447207,2013,6,7
2013-04-25,0,0.1934011206,0.1859738566,0.1812855963,0.1464002415,0.07668741969,0.08338553846,0.08436240073,0.08028641429,0.09951579131,,0.1159116045,2013,6,7
2013-04-26,0,0.1934011206,0.1856451032,0.1809651083,0.1461254329,0.07652414735,0.07567501394,0.07865362311,0.07700752471,0.09409067518,,0.1101716116,2013,6,7
2013-04-29,0,0.1934011206,0.1889302499,0.1841676659,0.148873144,0.07816001131,0.08060242474,0.08162089317,0.07933534568,0.09654539063,,0.1099838513,2013,6,7
2013-04-30,0,0.1934011206,0.1826841045,0.1780785568,0.1436519362,0.07505792301,0.07203573406,0.07435983837,0.07450591235,0.08932710785,,0.1017952103,2013,6,7
2013-05-01,0,0.1934011206,0.21431961,0.2089190348,0.1702266751,0.09113081483,0.08297987776,0.08562102957,0.0893800814,0.1007773321,,0.1030888255,2013,6,7
2013-05-02,0,0.1934011206,0.1849874445,0.1803239842,0.1455757971,0.07619781567,0.07406043995,0.07623502728,0.07881423381,0.09124554103,,0.1025394086,2013,6,7
2013-05-03,0,0.1934011206,0.1605578092,0.1565087915,0.1252646749,0.06434593743,0.08990782115,0.08621454497,0.0747462666,0.1006441475,,0.1293483728,2013,6,7
2013-05-06,0,0.1934011206,0.1542749276,0.1503840075,0.1200756886,0.06138204983,0.0590075989,0.06164610842,0.06071243786,0.07616318095,,0.1078481769,2013,6,7
2013-05-07,0,0.1934011206,0.1598963236,0.1558639496,0.1247176679,0.06403227716,0.06851368508,0.06874501408,0.06573900019,0.0830306238,,0.1110845504,2013,6,7
2013-05-08,0,0.1934011206,0.1542749276,0.1503840075,0.1200756886,0.06138204983,0.06107082274,0.06218058268,0.0635840962,0.07623119553,,0.1061550024,2013,6,7
2013-05-09,0,0.1934011206,0.1698165441,0.1655346008,0.132937773,0.0687761635,0.07374138852,0.07306822032,0.07023245409,0.08722672715,,0.1111618571,2013,6,7
2013-05-10,0,0.1934011206,0.1519614897,0.1481287906,0.1181687738,0.06029930653,0.05728476502,0.05928555492,0.06039893024,0.07337665437,,0.09304400547,2013,6,7
2013-05-13,0,0.1934011206,0.1506400318,0.1468405908,0.1170804414,0.05968290502,0.05783326602,0.05971560103,0.06002359778,0.0738398257,,0.0950585049,2013,6,7
2013-05-14,0,0.1934011206,0.1579119768,0.1539295332,0.1230777083,0.06309362526,0.05974846543,0.06008248399,0.06647677017,0.07357808478,,0.09437805533,2013,6,7
2013-05-15,0,0.1934011206,0.159234852,0.1552191217,0.1241708339,0.06371900313,0.06382354194,0.06264989671,0.06538663742,0.07589795119,,0.09769396086,2013,6,7
2013-05-16,0,0.1934011206,0.1678332599,0.1636012054,0.1312915462,0.06782088653,0.06750133119,0.06654055659,0.06729441267,0.08006912544,,0.09772122129,2013,6,7
2013-05-17,0,0.1934011206,0.1473384394,0.1436220977,0.11436424,0.058149432,0.06067218322,0.0595440097,0.05969668164,0.07271212567,,0.09733872736,2013,6,7
2013-05-20,0,0.1934011206,0.1661801012,0.1619896335,0.1299204142,0.06702724508,0.06233394523,0.06138824239,0.06291949683,0.07444365241,,0.09368609462,2013,6,7
2013-05-21,0,0.1934011206,0.1777411477,0.1732598944,0.139529418,0.07262758373,0.07115606284,0.06829546956,0.06817944183,0.08119153088,,0.09782925442,2013,6,7
2013-05-22,0,0.1934011206,0.1925373466,0.1876840898,0.1518942508,0.07996729402,0.1093073488,0.0981227806,0.091821549,0.1102787063,,0.1311603357,2013,6,7
2013-05-23,0,0.1934011206,0.2007059736,0.1956474187,0.1587515084,0.0841032733,0.1128912883,0.1017883973,0.08863076289,0.1139318465,,0.1373197397,2013,6,7
2013-05-24,0,0.1934011206,0.1980967735,0.1931037884,0.1565588434,0.08277563023,0.1015834592,0.09396365991,0.08459579559,0.1067880931,,0.1333340589,2013,6,7
2013-05-28,1,0.1934011206,0.2139972761,0.2086047972,0.1699543094,0.09096245872,0.1258995888,0.1106259619,0.0936206365,0.1216324139,,0.1495209014,2013,6,7
2013-05-29,0,0.1934011206,0.2252207121,0.2195463805,0.1794564439,0.09688118615,0.119640949,0.1083208621,0.09590616875,0.1200607547,,0.1450355896,2013,6,7
2013-05-30,0,0.1934011206,0.215608004,0.2101750682,0.1713156599,0.09180470482,0.1022738301,0.09485587589,0.08751313491,0.1073914281,,0.1321517499,2013,6,7
2013-05-31,0,0.1934011206,0.2708066146,0.2639887004,0.2184255181,0.1221549396,0.1451263764,0.1311568837,0.1247724668,0.1414924974,,0.1440162848,2013,6,7
2013-06-03,0,0.1934011206,0.2702053262,0.2634024826,0.2179077629,0.1218083067,0.1331845365,0.1212771525,0.115758372,0.1321083323,,0.1390680069,2013,6,7
2013-06-04,0,0.1934011206,0.269904414,0.2631091126,0.2176486909,0.1216349721,0.1371364876,0.1256314278,0.1220806253,0.1366220471,,0.1394044702,2013,6,7
2013-06-05,0,0.1934011206,0.305841121,0.2981457873,0.2487565586,0.1429919663,0.143024848,0.1350369552,0.1402591939,0.1462050344,,0.1339784154,2013,6,7
2013-06-06,0,0.1934011206,0.2806479625,0.2735834398,0.2269133501,0.127880256,0.1413495822,0.1307567795,0.131783492,0.1417785614,,0.1406433792,2013,6,7
2013-06-07,0,0.1934011206,0.2350536149,0.2291324438,0.1878121294,0.1021634867,0.1234805675,0.1133209364,0.1055304719,0.1252887157,,0.1404442462,2013,6,7
2013-06-10,0,0.1934011206,0.2444638652,0.2383065487,0.1958349238,0.1073047362,0.1093166546,0.1033434084,0.1010558452,0.1160067716,,0.1298143202,2013,6,7
2013-06-11,0,0.1934011206,0.2935276643,0.2861405566,0.2380600524,0.1355230474,0.1557773036,0.141611114,0.1280317066,0.1513412384,,0.1464611765,2013,6,7
2013-06-12,0,0.1934011206,0.3358202595,0.327375275,0.2749571338,0.1618612226,0.1705410755,0.1563391537,0.1555025939,0.1648538663,,0.1480222,2013,6,7
2013-06-13,0,0.1934011206,0.2741041095,0.2672035538,0.2212666313,0.1240623652,0.1453887757,0.1319844593,0.1320919943,0.1423971639,,0.1496065212,2013,6,7
2013-06-14,0,0.1934011206,0.295839169,0.2883941871,0.2400650753,0.1369129351,0.1420381366,0.1321213711,0.1326494492,0.1429854742,,0.1425678364,2013,6,7
2013-06-17,0,0.1934011206,0.2856573703,0.2784673601,0.2312436029,0.1308324652,0.1559459623,0.1399381128,0.1299304935,0.1493748053,,0.1553390609,2013,6,7
2013-06-18,0,0.1934011206,0.2800559596,0.2730062686,0.2264020431,0.1275330687,0.1225840447,0.1137487745,0.1209831767,0.1251076904,,0.1357172625,2013,6,7
2013-06-19,0,0.1934011206,0.2809437796,0.2738718458,0.2271688789,0.1280538758,0.1345493271,0.1264013839,0.1334817902,0.1380752354,,0.1395590429,2013,6,7
2013-06-20,0,0.1934011206,0.3838645015,0.3742207329,0.3173948501,0.1942438085,0.2295922023,0.2076854381,0.2003187175,0.2110812709,,0.1761415223,2013,6,7
2013-06-21,0,0.1934011206,0.3440218196,0.3353719539,0.2821630927,0.1671978758,0.1950667253,0.1801372634,0.1700465415,0.1875862052,,0.1729987215,2013,6,7
2013-06-24,0,0.1934011206,0.3746756962,0.3652609313,0.3092367105,0.1878371657,0.2240229805,0.2074404232,0.191441309,0.2124851374,,0.1828531257,2013,6,7
2013-06-25,0,0.1934011206,0.3326068935,0.3242422062,0.2721382552,0.1597911054,0.2065084284,0.1896966378,0.1717764418,0.1966015101,,0.188573449,2013,6,7
2013-06-26,0,0.1934011206,0.2975666024,0.290078374,0.2415643616,0.137955287,0.175235593,0.1623535036,0.1399618492,0.1720436052,,0.1824864042,2013,6,7
2013-06-27,0,0.1934011206,0.287415523,0.2801814769,0.2327649449,0.1318747267,0.1528049478,0.1438215785,0.1238653618,0.1550939972,,0.1653735643,2013,6,7
2013-06-28,0,0.1934011206,0.287415523,0.2801814769,0.2327649449,0.1318747267,0.1515735209,0.1443053826,0.1329727644,0.1560523026,,0.1624235683,2013,6,7
2013-07-01,0,0.1934011206,0.2729070154,0.2660364598,0.2202348825,0.1233686419,0.1436221989,0.1364229535,0.1220635673,0.1485778207,,0.156247039,2013,6,8
2013-07-02,0,0.1934011206,0.2750005106,0.2680774914,0.2220394692,0.1245827838,0.1380393765,0.1327514079,0.1240026079,0.1453962903,,0.1460489959,2013,6,8
2013-07-03,0,0.1934011206,0.2677944018,0.2610519892,0.2158327481,0.1204220922,0.1317097811,0.1278226658,0.1198316777,0.1410220874,,0.1423854105,2013,6,8
2013-07-05,0,0.1934011206,0.2271321,0.2214097791,0.1810784519,0.09790086714,0.126499834,0.1201028737,0.1056414801,0.1334695399,,0.1515671065,2013,6,8
2013-07-08,0,0.1934011206,0.2236249701,0.2179907053,0.1781031254,0.09603251546,0.1168447696,0.1115498715,0.09870908135,0.1251229596,,0.1471938697,2013,6,8
2013-07-09,0,0.1934011206,0.2097985863,0.2045115769,0.1664094204,0.08877820113,0.1110184648,0.1052879183,0.08931291933,0.1188698856,,0.1467298489,2013,6,8
2013-07-10,0,0.1934011206,0.2052603094,0.2000873167,0.1625839769,0.08643545017,0.09662435106,0.09437756647,0.08725391488,0.108643488,,0.136517261,2013,6,8
2013-07-11,0,0.1934011206,0.1987495126,0.1937401235,0.1571071741,0.08310718719,0.1291110911,0.1151456805,0.0929453925,0.1270209287,,0.1675124872,2013,6,8
2013-07-12,0,0.1934011206,0.193192388,0.1883226664,0.1524433359,0.08029674322,0.08748768125,0.08467012447,0.07777200167,0.09849637026,,0.1375680635,2013,6,8
2013-07-15,0,0.1934011206,0.1915543153,0.1867257683,0.1510704933,0.07947360616,0.08882102975,0.08509208628,0.07458737606,0.09870443152,,0.1364970889,2013,6,8
2013-07-16,0,0.1934011206,0.2120613264,0.2067174759,0.1683191415,0.08995331869,0.09855450431,0.09388734648,0.08798676286,0.107253631,,0.1355311126,2013,6,8
2013-07-17,0,0.1934011206,0.1912265152,0.186406208,0.150795875,0.07930917427,0.09116317784,0.08749504933,0.07485068737,0.1012791017,,0.1356782313,2013,6,8
2013-07-18,0,0.1934011206,0.1908986546,0.1860865889,0.1505212412,0.07914480824,0.0776983444,0.07641342216,0.07368332332,0.09020042109,,0.110840913,2013,6,8
2013-07-19,0,0.1934011206,0.1503097338,0.1465186059,0.1168085176,0.05952907077,0.0609935156,0.06229447776,0.05981519288,0.07650416902,,0.1088772007,2013,6,8
2013-07-22,0,0.1934011206,0.1420639231,0.1384803547,0.1100337688,0.05571904743,0.0565335898,0.05841163337,0.05513245828,0.07256629393,,0.1066326031,2013,6,8
2013-07-23,0,0.1934011206,0.1542749276,0.1503840075,0.1200756886,0.06138204983,0.0555296112,0.05829624375,0.05756831846,0.07249892724,,0.09787450149,2013,6,8
2013-07-24,0,0.1934011206,0.1714687518,0.1671452502,0.1343102552,0.06957460085,0.07482885244,0.07483976195,0.0718031755,0.08932623189,,0.1086209548,2013,6,8
2013-07-25,0,0.1934011206,0.1645266582,0.1603777867,0.1285500299,0.06623585155,0.06470433511,0.06644080797,0.0654407159,0.08091308091,,0.1008688999,2013,6,8
2013-07-26,0,0.1934011206,0.1562585789,0.1523177406,0.1217123792,0.06231412669,0.07171458632,0.0717911065,0.06646605436,0.08638210495,,0.1093047858,2013,6,8
2013-07-29,0,0.1934011206,0.1784007237,0.1739028838,0.1400790335,0.07295063381,0.07222957418,0.07343511535,0.0695520386,0.08804938035,,0.1044357848,2013,6,8
2013-07-30,0,0.1934011206,0.1784007237,0.1739028838,0.1400790335,0.07295063381,0.0744944093,0.07543277723,0.07132904453,0.09011630596,,0.1068282903,2013,6,8
2013-07-31,0,0.1934011206,0.1803785365,0.1758309616,0.1417280119,0.07392163885,0.07732331887,0.0777950905,0.07344231897,0.09246254245,,0.107437473,2013,6,8
2013-08-01,0,0.1934011206,0.1635344956,0.1594105851,0.1277281939,0.06576211235,0.07870084665,0.07663192276,0.06256330064,0.09078105972,,0.1151738799,2013,6,8
2013-08-02,0,0.1934011206,0.131886269,0.1285589551,0.1017094121,0.05109677761,0.05334443561,0.05582578086,0.05160397294,0.07010343381,,0.1018784635,2013,6,8
2013-08-05,0,0.1934011206,0.1273146389,0.1241024542,0.09798429522,0.04904934426,0.04991437683,0.05325459758,0.04734632391,0.06761828917,,0.09882430488,2013,6,8
2013-08-06,0,0.1934011206,0.1562585789,0.1523177406,0.1217123792,0.06231412669,0.0662881336,0.06829596808,0.06333563357,0.08320943352,,0.1028292787,2013,6,8
2013-08-07,0,0.1934011206,0.164857365,0.1607001736,0.1288240429,0.06639394836,0.06605164581,0.06901847219,0.06201086949,0.08413665117,,0.09928252501,2013,6,8
2013-08-08,0,0.1934011206,0.1565892366,0.1526400776,0.1219853453,0.06246982681,0.06779040146,0.06983420766,0.06256472621,0.08489319683,,0.1007796731,2013,6,8
2013-08-09,0,0.1934011206,0.1790601506,0.1745457281,0.1406286742,0.07327399471,0.07386303848,0.07592812388,0.07202173537,0.09100533947,,0.1014727151,2013,6,8
2013-08-12,0,0.1934011206,0.159234852,0.1552191217,0.1241708339,0.06371900313,0.06614335524,0.06957778497,0.06232335605,0.08502863195,,0.09811734453,2013,6,8
2013-08-13,0,0.1934011206,0.1427225903,0.1391224405,0.1105739445,0.05602124245,0.06244317522,0.06584669888,0.0609177218,0.08131084234,,0.1007789384,2013,6,8
2013-08-14,0,0.1934011206,0.166841404,0.1626343004,0.130468782,0.06734443431,0.06158402364,0.06664360921,0.06751521787,0.08223945503,,0.0941310275,2013,6,8
2013-08-15,0,0.1934011206,0.2220266193,0.2164324891,0.1767483565,0.09518484204,0.09860711094,0.1010593298,0.09029342536,0.1166853315,,0.1076078641,2013,6,8
2013-08-16,0,0.1934011206,0.21044553,0.2051422686,0.1669552702,0.08911370126,0.08289389784,0.08883070542,0.08524898392,0.1053333314,,0.1012278598,2013,6,8
2013-08-19,0,0.1934011206,0.2337909047,0.227901427,0.1867375353,0.1014800383,0.09127876329,0.09785521664,0.09848917762,0.1144499589,,0.1015313431,2013,6,8
2013-08-20,0,0.1934011206,0.2277683689,0.2220300739,0.1816186312,0.09824106234,0.08982656718,0.09567320138,0.09463699825,0.1120734836,,0.1015733516,2013,6,8
2013-08-21,0,0.1934011206,0.2598985288,0.2533540724,0.2090479984,0.1159227752,0.1126378512,0.11672117,0.1135028891,0.1323916058,,0.1112004563,2013,6,8
2013-08-22,0,0.1934011206,0.2229859405,0.2173677214,0.1775613895,0.09569332481,0.08516729805,0.09147832352,0.09578004071,0.1079630466,,0.1009473454,2013,6,8
2013-08-23,0,0.1934011206,0.1977702963,0.192785516,0.156284639,0.08260994144,0.07977410976,0.08589710748,0.08318134443,0.1025867189,,0.1023475401,2013,6,8
2013-08-26,0,0.1934011206,0.2303090747,0.2245069967,0.1837768282,0.09960330322,0.09019970615,0.09630282341,0.09836322705,0.1127579757,,0.1023650548,2013,6,8
2013-08-27,0,0.1934011206,0.2847764036,0.27760846,0.2304815988,0.1303114134,0.1490959742,0.1494308989,0.1365761105,0.163380823,,0.1326058943,2013,6,8
2013-08-28,0,0.1934011206,0.27649162,0.2695312359,0.2233255114,0.1254502719,0.1173437727,0.123097311,0.1221781882,0.1389822914,,0.1190002565,2013,6,8
2013-08-29,0,0.1934011206,0.2859507472,0.2787533886,0.2314974081,0.131006162,0.127436168,0.1313182394,0.1279818855,0.1464236747,,0.1234753959,2013,6,8
2013-08-30,0,0.1934011206,0.2917878872,0.2844443431,0.2365518567,0.1344806205,0.1218399816,0.1280003169,0.1286790362,0.1436810851,,0.1198647621,2013,6,8
2013-09-03,0,0.1934011206,0.2800559596,0.2730062686,0.2264020431,0.1275330687,0.1462725221,0.1461421834,0.1295767192,0.1601102278,,0.1381344941,2013,6,8
2013-09-04,0,0.1934011206,0.258063507,0.2515650651,0.2074736398,0.1148859691,0.113861352,0.1178351758,0.1181329025,0.1335290951,,0.1210260707,2013,6,8
2013-09-05,0,0.1934011206,0.2546869615,0.248273198,0.2045791516,0.1129868434,0.09338305624,0.1008450244,0.1018674218,0.117387772,,0.1102192098,2013,6,8
2013-09-06,0,0.1934011206,0.257144208,0.2506688196,0.2066852743,0.1143678031,0.1306861423,0.1311639768,0.1233043378,0.1459281314,,0.1326169255,2013,6,8
2013-09-09,0,0.1934011206,0.2503667861,0.244061382,0.2008803605,0.110573251,0.1021607182,0.1061355945,0.1090914968,0.1217725668,,0.1191584232,2013,6,8
2013-09-10,0,0.1934011206,0.215608004,0.2101750682,0.1713156599,0.09180470482,0.0965372722,0.09928645748,0.08604736065,0.1150874932,,0.1178678771,2013,6,8
2013-09-11,0,0.1934011206,0.1925373466,0.1876840898,0.1518942508,0.07996729402,0.07596145612,0.08146906939,0.08199842102,0.09780069016,,0.1086748096,2013,6,8
2013-09-12,0,0.1934011206,0.2078556553,0.2026174567,0.164770881,0.08777291638,0.07851988377,0.08463750087,0.08549038426,0.1010379783,,0.1070405372,2013,6,8
2013-09-13,0,0.1934011206,0.2036355399,0.1985033712,0.1612159821,0.08560127833,0.06967090645,0.07683223196,0.07773756795,0.0932180056,,0.09378869179,2013,6,8
2013-09-16,0,0.1934011206,0.2107688687,0.2054574848,0.1672281313,0.08928152616,0.1064647846,0.1060120837,0.08397065634,0.1211711657,,0.1234024255,2013,6,8
2013-09-17,0,0.1934011206,0.215608004,0.2101750682,0.1713156599,0.09180470482,0.06893816641,0.07510331143,0.07838395308,0.09079262896,,0.0978688416,2013,6,8
2013-09-18,0,0.1934011206,0.1849874445,0.1803239842,0.1455757971,0.07619781567,0.0938817093,0.09255187302,0.08814453324,0.1074808849,,0.1242991853,2013,6,8
2013-09-19,0,0.1934011206,0.1708079329,0.1665010528,0.1337611998,0.06925497002,0.07282663917,0.07601078507,0.0726792856,0.09164960665,,0.1145231037,2013,6,8
2013-09-20,0,0.1934011206,0.1694860412,0.1652124114,0.1326633416,0.06861673324,0.07559348134,0.07962544051,0.08006088883,0.09584875428,,0.1172703229,2013,6,8
2013-09-23,0,0.1934011206,0.2085036456,0.2032491676,0.1653172225,0.08810780664,0.08477012184,0.08916228461,0.09145542871,0.1052049322,,0.1080369849,2013,6,8
2013-09-24,0,0.1934011206,0.2010317891,0.1959650468,0.1590254632,0.08426949116,0.0848742925,0.08969726696,0.09048949677,0.1060762412,,0.1113158154,2013,6,8
2013-09-25,0,0.1934011206,0.1987495126,0.1937401235,0.1571071741,0.08310718719,0.07430024536,0.08150747199,0.08494516081,0.09830059453,,0.09967976367,2013,6,8
2013-09-26,0,0.1934011206,0.2003800826,0.1953297171,0.1584775239,0.08393711313,0.07810691823,0.0842276274,0.08531874489,0.1007655839,,0.1020482421,2013,6,8
2013-09-27,0,0.1934011206,0.2450873467,0.2389143873,0.1963673714,0.1076483735,0.09493857922,0.1003590395,0.09227517539,0.1164124443,,0.1013560246,2013,6,8
2013-09-30,0,0.1934011206,0.2797596851,0.272717417,0.2261461884,0.1273594494,0.1273400106,0.1288129565,0.1145391802,0.1433247133,,0.1171811765,2013,6,8
2013-10-01,0,0.1934011206,0.2475763082,0.2413409051,0.1984940172,0.1090239268,0.09678365706,0.1017408322,0.103800721,0.1176324331,,0.1074839369,2013,6,8
2013-10-02,0,0.1934011206,0.2797596851,0.272717417,0.2261461884,0.1273594494,0.123895652,0.1247203075,0.1159884202,0.1390178416,,0.1182178988,2013,6,8
2013-10-03,0,0.1934011206,0.3106336647,0.3028184143,0.2529301247,0.1459425713,0.1359187618,0.1377641046,0.1372283294,0.1516524404,,0.1190912637,2013,6,8
2013-10-04,0,0.1934011206,0.2838941115,0.2767482685,0.2297186511,0.1297903787,0.1128589322,0.1168749017,0.1218396227,0.1319951734,,0.1124341515,2013,6,8
2013-10-07,0,0.1934011206,0.3572039625,0.3482249949,0.2937785929,0.1759375387,0.1606070749,0.1592261577,0.1461226841,0.170719579,,0.123072599,2013,6,8
2013-10-08,0,0.1934011206,0.3802618999,0.370707899,0.3141940244,0.1917196211,0.1534709559,0.1581110971,0.1719492323,0.170863669,,0.1168141678,2013,6,8
2013-10-09,0,0.1934011206,0.3620168827,0.35291782,0.2980297239,0.1791791496,0.1517723076,0.1562055694,0.1599553279,0.1693696764,,0.1187321913,2013,6,8
2013-10-10,0,0.1934011206,0.276193674,0.2692407558,0.2230684937,0.1252767545,0.1373432223,0.136324999,0.1257372478,0.1501814601,,0.1299135557,2013,6,8
2013-10-11,0,0.1934011206,0.2531469439,0.2467718052,0.2032600439,0.1121243774,0.1044075602,0.1081986429,0.1121555529,0.1237668722,,0.1182895933,2013,6,8
2013-10-14,0,0.1934011206,0.2638578957,0.2572141667,0.2124480781,0.1181712004,0.1228508782,0.1223261249,0.1202608805,0.1365619883,,0.1250127295,2013,6,8
2013-10-15,0,0.1934011206,0.3376847634,0.3291931941,0.2765938845,0.1630677171,0.1450562082,0.1438261579,0.1457071537,0.1561248343,,0.1238131181,2013,6,8
2013-10-16,0,0.1934011206,0.2213865581,0.2158085005,0.1762060526,0.09484605837,0.1031063991,0.1044574246,0.09908460654,0.1198688644,,0.1225239259,2013,6,8
2013-10-17,0,0.1934011206,0.1813668963,0.1767944689,0.1425525461,0.07440816912,0.08200374748,0.08530616476,0.08655750929,0.1013829896,,0.1153214293,2013,6,8
2013-10-18,0,0.1934011206,0.166841404,0.1626343004,0.130468782,0.06734443431,0.07326285279,0.07676279612,0.07220808247,0.09265618016,,0.1124374511,2013,6,8
2013-10-21,0,0.1934011206,0.1708079329,0.1665010528,0.1337611998,0.06925497002,0.06379969685,0.0691544397,0.06954732591,0.08499246567,,0.1017367164,2013,6,8
2013-10-22,0,0.1934011206,0.1764215692,0.171973501,0.1384302815,0.07198242623,0.07801790254,0.08015094108,0.07676881011,0.09561626158,,0.1097415642,2013,6,8
2013-10-23,0,0.1934011206,0.1793898065,0.1748670943,0.1409035025,0.07343579092,0.0731900698,0.07730737726,0.07333190808,0.09316901203,,0.1042294984,2013,6,8
2013-10-24,0,0.1934011206,0.1721294785,0.1677893581,0.1348593878,0.06989456974,0.06543834371,0.07030927125,0.0676632752,0.08604512896,,0.09875554199,2013,6,8
2013-10-25,0,0.1934011206,0.1684944229,0.1642457367,0.1318401894,0.06813896296,0.06211514685,0.06687725624,0.06533395319,0.08235390325,,0.09602115467,2013,6,8
2013-10-28,0,0.1934011206,0.1757615773,0.1713301072,0.1378807703,0.07166032392,0.06087670542,0.06589277501,0.06674605344,0.08122578863,,0.09350071729,2013,6,8
2013-10-29,0,0.1934011206,0.1790601506,0.1745457281,0.1406286742,0.07327399471,0.06284314465,0.06694095676,0.06648079121,0.08197715789,,0.09076779044,2013,6,8
2013-10-30,0,0.1934011206,0.1869598053,0.1822467575,0.147224624,0.07717765903,0.07532424457,0.07831644701,0.07967927877,0.09370637429,,0.09777072928,2013,6,8
2013-10-31,0,0.1934011206,0.1902427538,0.1854471758,0.1499719295,0.0788162749,0.07447788922,0.07835799488,0.07911520865,0.09397957894,,0.09817809462,2013,6,8
2013-11-01,0,0.1934011206,0.174771351,0.1703647847,0.1370565885,0.07117777324,0.07151800076,0.07530678069,0.07466361247,0.09100920784,,0.1006949393,2013,6,8
2013-11-04,0,0.1934011206,0.1632037632,0.1590881735,0.1274543185,0.06560438418,0.06454723597,0.06885017125,0.0664583582,0.08445173864,,0.09896659233,2013,6,8
2013-11-05,0,0.1934011206,0.1744412147,0.1700429514,0.1367818864,0.07101708505,0.07446648094,0.0779627593,0.07323465832,0.09377099851,,0.1048244703,2013,6,8
2013-11-06,0,0.1934011206,0.1546054968,0.1507062578,0.120348335,0.0615371413,0.06542278147,0.06936664302,0.06289373725,0.08507920658,,0.1016121981,2013,6,8
2013-11-07,0,0.1934011206,0.1954829953,0.1905557007,0.1543645255,0.08145182018,0.08567991727,0.08938239539,0.0938660962,0.1054988188,,0.1071557631,2013,6,8
2013-11-08,0,0.1934011206,0.1622115423,0.1581209162,0.1266329118,0.06513175926,0.0665553059,0.0706817788,0.0790117056,0.08640280461,,0.1015605033,2013,6,8
2013-11-11,0,0.1934011206,0.1499794642,0.1461966487,0.1165366592,0.05937534371,0.05190021352,0.05810751108,0.06190024599,0.07363159589,,0.09076722956,2013,6,8
2013-11-12,0,0.1934011206,0.1595655856,0.1555415335,0.1244442289,0.06387559169,0.0614691608,0.06695367958,0.06925040815,0.0828842726,,0.09431034719,2013,6,8
2013-11-13,0,0.1934011206,0.1496492239,0.1458747202,0.1162648669,0.05922172424,0.06472654989,0.0683557078,0.07360484522,0.08397956607,,0.09917524969,2013,6,8
2013-11-14,0,0.1934011206,0.1446997636,0.1410498417,0.1121964682,0.05693060059,0.05330930607,0.05812750017,0.06311795228,0.07324350201,,0.08891893049,2013,6,8
2013-11-15,0,0.1934011206,0.1387738735,0.1352731343,0.1073381918,0.05421514725,0.04725716202,0.05239424876,0.05562005495,0.06708038385,,0.083584709,2013,6,8
2013-11-18,0,0.1934011206,0.1688249799,0.1645679787,0.1321145492,0.06829813264,0.06386182251,0.0676475642,0.07170746072,0.0828429557,,0.09011561622,2013,6,8
2013-11-19,0,0.1934011206,0.1784007237,0.1739028838,0.1400790335,0.07295063381,0.06452737441,0.06889087248,0.07321090981,0.08420076463,,0.08855920944,2013,6,8
2013-11-20,0,0.1934011206,0.1787304562,0.1742243244,0.140353851,0.07311227556,0.07349812478,0.07694405492,0.07863585874,0.0925658237,,0.09520237646,2013,6,8
2013-11-21,0,0.1934011206,0.1542749276,0.1503840075,0.1200756886,0.06138204983,0.05782496945,0.06229305094,0.06460607108,0.07752279426,,0.09019346039,2013,6,8
2013-11-22,0,0.1934011206,0.1410763156,0.1375176101,0.1092241527,0.05526663231,0.04913684693,0.05409595414,0.05895613003,0.06887489964,,0.08648151427,2013,6,8
2013-11-25,0,0.1934011206,0.1585734008,0.1545743141,0.1236241787,0.06340611821,0.0536876811,0.05859246324,0.0618585296,0.07351068812,,0.08481670554,2013,6,8
2013-11-26,0,0.1934011206,0.159234852,0.1552191217,0.1241708339,0.06371900313,0.05346962792,0.05850635451,0.06190230999,0.0734511135,,0.08370122578,2013,6,8
2013-11-27,0,0.1934011206,0.164857365,0.1607001736,0.1288240429,0.06639394836,0.04769684168,0.05344610041,0.05845695635,0.06800173295,,0.07370100197,2013,6,8
2013-11-29,0,0.1934011206,0.1886019808,0.1838476492,0.1485984169,0.07799611444,0.05845946153,0.06332156883,0.06884618901,0.0781274376,,0.07576685327,2013,6,8
2013-12-02,0,0.1934011206,0.2059096466,0.2007203393,0.1631309268,0.08676949833,0.06571213884,0.07027213027,0.07669142721,0.08523615489,,0.07800590184,2013,6,8
2013-12-03,0,0.1934011206,0.2162516307,0.2108025295,0.1718598601,0.09214192569,0.07653185895,0.08029642838,0.08211089715,0.09547786221,,0.08495719889,2013,6,8
2013-12-04,0,0.1934011206,0.2210663744,0.2154963571,0.1759348171,0.09467672868,0.09294797744,0.09376293029,0.09366539091,0.1085982095,,0.09912414798,2013,6,8
2013-12-05,0,0.1934011206,0.2331588625,0.2272852492,0.1861998275,0.1011385101,0.08114042561,0.08559439616,0.09001989645,0.1009714133,,0.09202206374,2013,6,8
2013-12-06,0,0.1934011206,0.1915543153,0.1867257683,0.1510704933,0.07947360616,0.09169012076,0.09101235568,0.07492087468,0.1059040214,,0.1112171843,2013,6,8
2013-12-09,0,0.1934011206,0.1816962644,0.1771155551,0.1428273936,0.07457049605,0.06845581903,0.0719689782,0.06533703187,0.08717072623,,0.09902554306,2013,6,8
2013-12-10,0,0.1934011206,0.1954829953,0.1905557007,0.1543645255,0.08145182018,0.07153864943,0.07555206327,0.07168336937,0.09091547036,,0.0964203611,2013,6,8
2013-12-11,0,0.1934011206,0.2438398909,0.2376982301,0.1953021656,0.1069612023,0.09340877539,0.09677138862,0.1029075037,0.1120607985,,0.09788965396,2013,6,8
2013-12-12,0,0.1934011206,0.2475763082,0.2413409051,0.1984940172,0.1090239268,0.08748228553,0.09286112203,0.09606867148,0.1085866373,,0.09483277605,2013,6,8
2013-12-13,0,0.1934011206,0.2543792177,0.2479731724,0.2043154999,0.1128143101,0.08189175543,0.08853498351,0.09574107366,0.1043799671,,0.08460990397,2013,6,8
2013-12-16,0,0.1934011206,0.2626420813,0.2560288345,0.211403551,0.1174791166,0.09435839426,0.0978817821,0.0969044866,0.1128819677,,0.09077854875,2013,6,8
2013-12-17,0,0.1934011206,0.2680961894,0.2613462121,0.2160924026,0.1205952928,0.08805134585,0.09368337604,0.1030873548,0.1091258777,,0.0875830567,2013,6,8
2013-12-18,0,0.1934011206,0.1918820542,0.187045269,0.1513450958,0.0796381036,0.1031877571,0.1004048368,0.09776567219,0.1151043266,,0.1225606726,2013,6,8
2013-12-19,0,0.1934011206,0.2033103451,0.1981863475,0.1609422803,0.0854346087,0.08406912594,0.08620892143,0.08492351875,0.1014661589,,0.1097309621,2013,6,8
2013-12-20,0,0.1934011206,0.1915543153,0.1867257683,0.1510704933,0.07947360616,0.08064768099,0.08227377247,0.08419178657,0.09738041317,,0.1104388329,2013,6,8
2013-12-23,0,0.1934011206,0.166841404,0.1626343004,0.130468782,0.06734443431,0.07355667244,0.07522877058,0.06607143273,0.09039073162,,0.1107176696,2013,6,8
2013-12-24,0,0.1934011206,0.1483285741,0.1445873104,0.115178375,0.0586083297,0.04768193554,0.05316108444,0.05842445135,0.06788341672,,0.09505545095,2013,6,8
2013-12-26,0,0.1934011206,0.143381458,0.139764722,0.1111144575,0.05632390174,0.04807132267,0.0528809108,0.05198776758,0.06741157911,,0.08475187515,2013,6,8
2013-12-27,0,0.1934011206,0.1476684488,0.1439438007,0.1146355468,0.05830228778,0.04533969642,0.05072542592,0.05118549754,0.06513017289,,0.07980829846,2013,6,8
2013-12-30,0,0.1934011206,0.184000585,0.1793619367,0.1447513055,0.07570885515,0.04889414081,0.05461953242,0.05665425878,0.06897007262,,0.07329510253,2013,6,8
2013-12-31,0,0.1934011206,0.1892584623,0.1844876275,0.1491478593,0.07832397609,0.05045431926,0.05557517949,0.0623088537,0.069713951,,0.06850347055,2013,6,8
2014-01-02,0,0.1839873792,0.2059096466,0.2007203393,0.1631309268,0.07975101507,0.06943404739,0.07214782418,0.07277883587,0.08334502352,,0.08839945217,2014,6,8
2014-01-03,0,0.1839873792,0.1905707339,0.1857669113,0.1502465925,0.07215598803,0.05894219814,0.06328375992,0.0642301404,0.07455421004,,0.08570698088,2014,6,8
2014-01-06,0,0.1839873792,0.1836715352,0.1790411602,0.1444764671,0.06882264151,0.06319906835,0.06728439618,0.06845380997,0.07890209434,,0.09224781596,2014,6,8
2014-01-07,1,0.1839873792,0.1628730263,0.1587657576,0.1271804792,0.05908111245,0.05658493931,0.06052402332,0.05633671412,0.07192273989,,0.09300173412,2014,6,8
2014-01-08,1,0.1839873792,0.1612193024,0.1571536411,0.1258118493,0.05832622725,0.05246976545,0.05709132774,0.05702217408,0.06840700112,,0.09080187218,2014,6,8
2014-01-09,1,0.1839873792,0.1618807967,0.1577984921,0.1263591851,0.05862783695,0.05770864518,0.06158296573,0.05976161782,0.07307312179,,0.09257854941,2014,6,8
2014-01-10,1,0.1839873792,0.1371311174,0.1336717387,0.1059939027,0.0476570744,0.04826387602,0.05276437271,0.0514741157,0.064045677,,0.09228418323,2014,6,8
2014-01-13,0,0.1839873792,0.174771351,0.1703647847,0.1370565885,0.06459772872,0.07272785575,0.07631552857,0.07756392799,0.08859774525,,0.1056746994,2014,6,8
2014-01-14,1,0.1839873792,0.1417346672,0.1381593877,0.1097638096,0.0496489187,0.05584941818,0.05988213203,0.0604536422,0.07164529646,,0.1029661104,2014,6,8
2014-01-15,1,0.1839873792,0.1417346672,0.1381593877,0.1097638096,0.0496489187,0.0533634062,0.05718942503,0.0566947873,0.0686357974,,0.1016355828,2014,6,8
2014-01-16,1,0.1839873792,0.1499794642,0.1461966487,0.1165366592,0.05327191012,0.05216656059,0.0566548012,0.05617897993,0.06808804786,,0.09739994319,2014,6,8
2014-01-17,1,0.1839873792,0.1470084666,0.1433004306,0.1140930057,0.05195813618,0.05286145676,0.05784596232,0.0584081688,0.06959171969,,0.09819847937,2014,6,8
2014-01-21,1,0.1839873792,0.1612193024,0.1571536411,0.1258118493,0.05832622725,0.06714169003,0.06987231964,0.06478769125,0.08173478767,,0.1060785457,2014,6,8
2014-01-22,1,0.1839873792,0.1602270651,0.1561863692,0.1249911501,0.0578746806,0.04936654365,0.0548593858,0.05304071756,0.06624071889,,0.08686616769,2014,6,8
2014-01-23,0,0.1839873792,0.1908986546,0.1860865889,0.1505212412,0.07231569578,0.07427123623,0.07799183404,0.07208367823,0.09009823707,,0.100187254,2014,6,8
2014-01-24,0,0.1839873792,0.3236590411,0.315518019,0.2643020862,0.1469917883,0.1290958035,0.1307142975,0.1367973563,0.1411926771,,0.1084120925,2014,6,8
2014-01-27,0,0.1839873792,0.3035709391,0.2959324184,0.2467815955,0.1343422541,0.1255503111,0.1287500675,0.1315564886,0.1400205898,,0.1136115838,2014,6,8
2014-01-28,0,0.1839873792,0.2556094109,0.2491725127,0.2053695936,0.1061482061,0.08532320386,0.09295842208,0.1015351296,0.1056377151,,0.1000485254,2014,6,8
2014-01-29,0,0.1839873792,0.3015767463,0.2939881368,0.2450478051,0.1331142467,0.1338700907,0.1366851309,0.1270331728,0.1479256722,,0.1218120565,2014,6,8
2014-01-30,0,0.1839873792,0.2998616967,0.2923160157,0.2435575133,0.1320620898,0.1354964657,0.1351998885,0.1228707799,0.1457168093,,0.1265038651,2014,6,8
2014-01-31,0,0.1839873792,0.3309921698,0.3226678372,0.2707227052,0.1517382118,0.1695508449,0.1646105033,0.1435369591,0.1731438982,,0.144308658,2014,6,8
2014-02-03,0,0.1839873792,0.4059516007,0.3957579609,0.3370832951,0.2044446201,0.2006333104,0.1992769545,0.2070256328,0.2059768405,,0.1478568025,2014,6,8
2014-02-04,0,0.1839873792,0.3494964355,0.3407098618,0.2869820771,0.1640292675,0.1629745871,0.1652863388,0.1595677662,0.1750847716,,0.1440679135,2014,6,8
2014-02-05,0,0.1839873792,0.3707448607,0.3614281015,0.3057527188,0.1787130775,0.1712672713,0.1731140199,0.1707593322,0.1821535628,,0.1436095243,2014,6,8
2014-02-06,0,0.1839873792,0.2981412748,0.2906386601,0.2420633041,0.1310103022,0.1332353123,0.1365557552,0.1421690684,0.1479957396,,0.1385794708,2014,6,8
2014-02-07,0,0.1839873792,0.2397721802,0.2337325887,0.1918318123,0.09743406765,0.1122128778,0.1148494039,0.1145060713,0.1271491009,,0.1363281292,2014,6,8
2014-02-10,0,0.1839873792,0.2388305897,0.2328146274,0.1910291718,0.09692500926,0.08622066652,0.09309632054,0.09529191505,0.1058819707,,0.1157533565,2014,6,8
2014-02-11,0,0.1839873792,0.214963996,0.2095472356,0.1707712638,0.08435460482,0.09267545673,0.0957681121,0.09924230396,0.1081225705,,0.1243439801,2014,6,8
2014-02-12,0,0.1839873792,0.2081796934,0.202933354,0.1650440716,0.08089675483,0.07984155106,0.08502282481,0.08615636462,0.09758189949,,0.1152732021,2014,6,8
2014-02-13,0,0.1839873792,0.202985071,0.1978692466,0.1606685454,0.07828321391,0.09172343089,0.09377275011,0.09256438377,0.1060234027,,0.1259007038,2014,6,8
2014-02-14,0,0.1839873792,0.1843295869,0.1796826666,0.1450261403,0.06913837701,0.07327425749,0.0772974702,0.07989524143,0.08957064957,,0.1156623686,2014,6,8
2014-02-18,0,0.1839873792,0.1941744703,0.1892800641,0.1532668238,0.07391748171,0.06934633322,0.07418382954,0.07551711737,0.08629684413,,0.1103709389,2014,6,8
2014-02-19,0,0.1839873792,0.246332824,0.240128617,0.1974313273,0.1010090213,0.1057396506,0.106641932,0.1059524528,0.1181629497,,0.1229646628,2014,6,8
2014-02-20,0,0.1839873792,0.2239443286,0.2183020449,0.1783739065,0.08900985124,0.0957534424,0.09695367592,0.0967842068,0.1086853282,,0.124081136,2014,6,8
2014-02-21,0,0.1839873792,0.2204257026,0.2148717738,0.1753921807,0.08717520484,0.08120721744,0.08542662571,0.08669783263,0.09751416422,,0.1119014043,2014,6,8
2014-02-24,0,0.1839873792,0.2059096466,0.2007203393,0.1631309268,0.07975101507,0.08867010565,0.09023302592,0.08835039523,0.102135136,,0.1221605768,2014,6,8
2014-02-25,0,0.1839873792,0.1876168393,0.1828872736,0.1477741705,0.07072256036,0.07582902711,0.07950914088,0.07831135099,0.09176064666,,0.1186438856,2014,6,8
2014-02-26,0,0.1839873792,0.2097985863,0.2045115769,0.1664094204,0.08171728843,0.0807876296,0.08427354007,0.08373710652,0.09630800148,,0.1137476791,2014,6,8
2014-02-27,0,0.1839873792,0.1997280761,0.1946940954,0.1579294681,0.0766595353,0.07234419436,0.07628224188,0.08042566465,0.08817800112,,0.1076042152,2014,6,8
2014-02-28,0,0.1839873792,0.1984231791,0.193421991,0.1568330219,0.07601224968,0.08547967867,0.08664803468,0.08515221629,0.09842249576,,0.1200402981,2014,6,8
2014-03-03,0,0.1839873792,0.2617287511,0.2551384038,0.210619158,0.1095928869,0.121543096,0.118422061,0.1060798211,0.128908108,,0.129850144,2014,6,8
2014-03-04,0,0.1839873792,0.2016831919,0.1966000808,0.1595732823,0.07763281699,0.0987349896,0.0960917238,0.0785317245,0.1072960458,,0.134905141,2014,6,8
2014-03-05,0,0.1839873792,0.1948288657,0.1899180117,0.1538157166,0.07423885081,0.06765653326,0.07113486262,0.06841444443,0.08266247882,,0.111587104,2014,6,8
2014-03-06,0,0.1839873792,0.2052603094,0.2000873167,0.1625839769,0.07942431669,0.07760333108,0.07924785911,0.07195799395,0.09060816779,,0.1139570155,2014,6,8
2014-03-07,0,0.1839873792,0.2020087782,0.1969174857,0.1598471457,0.07779530152,0.08530589781,0.08539557244,0.07603674282,0.09675718515,,0.1187599108,2014,6,8
2014-03-10,0,0.1839873792,0.2049355176,0.1997706855,0.1623104479,0.07926107817,0.07535912905,0.07776917033,0.07279795285,0.08925012465,,0.1065733933,2014,6,8
2014-03-11,0,0.1839873792,0.2242635823,0.2186132826,0.1786446292,0.08917699493,0.08309854786,0.08558068478,0.08705348957,0.09714605023,,0.1027214418,2014,6,8
2014-03-12,0,0.1839873792,0.2136748489,0.2082904687,0.1696818967,0.08369365333,0.08294856786,0.08533972962,0.08137794525,0.09706632538,,0.1069064574,2014,6,8
2014-03-13,0,0.1839873792,0.2683978999,0.2616403598,0.2163520153,0.113397002,0.1158745338,0.1156953188,0.120769983,0.1267048991,,0.1191875918,2014,6,8
2014-03-14,0,0.1839873792,0.3148265984,0.3069064574,0.2565862301,0.1413668949,0.1178300685,0.1193922726,0.1235129786,0.12996777,,0.111136178,2014,6,8
2014-03-17,0,0.1839873792,0.2506762049,0.2443630393,0.2011451017,0.1034028801,0.1006298186,0.1020723497,0.09849513583,0.1135112981,,0.1151322494,2014,6,8
2014-03-18,0,0.1839873792,0.2152860475,0.2098611982,0.1710434861,0.08452000799,0.08062870212,0.08376488649,0.08560389021,0.09557759105,,0.1091409944,2014,6,8
2014-03-19,0,0.1839873792,0.2344224896,0.2285171593,0.18727497,0.09455518862,0.1017898595,0.1025635945,0.102582493,0.1141733026,,0.1196959794,2014,6,8
2014-03-20,0,0.1839873792,0.2152860475,0.2098611982,0.1710434861,0.08452000799,0.08472969706,0.08734545976,0.08945504363,0.0991981364,,0.1117756195,2014,6,8
2014-03-21,0,0.1839873792,0.2306261662,0.2248161282,0.1840463141,0.09253184017,0.1077587054,0.1071384671,0.1044674415,0.1186231556,,0.1267222044,2014,6,8
2014-03-24,0,0.1839873792,0.2334749406,0.2275933937,0.1864687154,0.09404864802,0.1053315871,0.1064126942,0.1054616451,0.1182383515,,0.1265578332,2014,6,8
2014-03-25,0,0.1839873792,0.1990757736,0.1940581854,0.1573812995,0.07633573409,0.09163583439,0.0936191192,0.0870812218,0.1059294045,,0.1290099705,2014,6,8
2014-03-26,0,0.1839873792,0.2284042033,0.2226499455,0.182158561,0.0913551017,0.1000892212,0.102935618,0.1047230525,0.1152076408,,0.1261518679,2014,6,8
2014-03-27,0,0.1839873792,0.2185012778,0.2129956771,0.1737629751,0.08617760484,0.09097713266,0.09579164099,0.09423745977,0.1085261952,,0.1228654239,2014,6,8
2014-03-28,0,0.1839873792,0.2117383474,0.20640261,0.1680464549,0.08270423828,0.08709967885,0.09155113416,0.08881633235,0.1041508263,,0.1189493441,2014,6,8
2014-03-31,0,0.1839873792,0.1945017009,0.18959907,0.1535412804,0.07407812463,0.08968933315,0.09172042546,0.08302707183,0.1040529594,,0.1262144509,2014,6,8
2014-04-01,0,0.1839873792,0.1688249799,0.1645679787,0.1321145492,0.06182196325,0.069841309,0.07372748363,0.0695631824,0.08603530936,,0.1173728583,2014,6,8
2014-04-02,0,0.1839873792,0.1684944229,0.1642457367,0.1318401894,0.06166875973,0.06131061827,0.06615861836,0.06401748623,0.0781794175,,0.1074651303,2014,6,8
2014-04-03,0,0.1839873792,0.1777411477,0.1732598944,0.139529418,0.06599809993,0.0653477526,0.07010533918,0.06847705922,0.0822238459,,0.1061274337,2014,6,8
2014-04-04,0,0.1839873792,0.1971171294,0.1921487644,0.1557361547,0.0753662404,0.09006996319,0.09331638793,0.09575687906,0.1059836129,,0.1225563051,2014,6,8
2014-04-07,0,0.1839873792,0.2485076046,0.2422488385,0.1992901945,0.1022049435,0.1026336707,0.1075233267,0.1135355929,0.1200394302,,0.1174301371,2014,6,8
2014-04-08,0,0.1839873792,0.2271321,0.2214097791,0.1810784519,0.0906838933,0.09203901669,0.09741712619,0.1017023436,0.1101866635,,0.1162318104,2014,6,8
2014-04-09,0,0.1839873792,0.1925373466,0.1876840898,0.1518942508,0.07311552606,0.0819091091,0.08611679051,0.0893436174,0.09878260894,,0.1198077919,2014,6,8
2014-04-10,0,0.1839873792,0.2583696757,0.2518635562,0.2077362532,0.1076966031,0.118181366,0.1224707262,0.1371033571,0.1349178326,,0.1296429656,2014,6,8
2014-04-11,0,0.1839873792,0.2923684264,0.2850103453,0.2370550339,0.1275077412,0.1329847743,0.1380543618,0.1401530073,0.1500592904,,0.1307890684,2014,6,8
2014-04-14,0,0.1839873792,0.2650716034,0.2583974465,0.2134911959,0.1114931263,0.1274701159,0.1307702928,0.1246756168,0.1429134209,,0.1363573601,2014,6,8
2014-04-15,0,0.1839873792,0.2497475663,0.2434576951,0.2003506316,0.1028892366,0.1238172351,0.1257237231,0.1246620427,0.1378130727,,0.1415740621,2014,6,8
2014-04-16,0,0.1839873792,0.20428569,0.1991371853,0.1617632841,0.07893482386,0.1000449869,0.102873777,0.09424725204,0.1156660387,,0.1404521899,2014,6,8
2014-04-17,0,0.1839873792,0.1774113054,0.1729383469,0.1392546211,0.06584210328,0.07709725311,0.08297467165,0.07921836483,0.09624246799,,0.1302351692,2014,6,8
2014-04-21,0,0.1839873792,0.1737808549,0.1693991999,0.1362325236,0.06413275902,0.06391238289,0.07108528367,0.0716752345,0.08403897093,,0.1172192659,2014,6,8
2014-04-22,0,0.1839873792,0.1717991271,0.1674673157,0.1345848121,0.06320560345,0.06764099299,0.07363332376,0.07307003167,0.08646233481,,0.1166777674,2014,6,8
2014-04-23,0,0.1839873792,0.1744412147,0.1700429514,0.1367818864,0.06444263659,0.05305159187,0.06131459073,0.06338087173,0.07385603962,,0.09679997055,2014,6,8
2014-04-24,0,0.1839873792,0.1760915896,0.1716518199,0.1381555206,0.065219112,0.06959694852,0.07567066888,0.07156873137,0.08857224443,,0.1064124817,2014,6,8
2014-04-25,0,0.1839873792,0.2003800826,0.1953297171,0.1584775239,0.07698365104,0.07428464465,0.08182021598,0.08159826825,0.09501826644,,0.1041289209,2014,6,8
2014-04-28,0,0.1839873792,0.1974437481,0.1924671746,0.1560104093,0.07552762206,0.09297415663,0.09696772934,0.0917009967,0.1099845507,,0.1253291545,2014,6,8
2014-04-29,0,0.1839873792,0.1889302499,0.1841676659,0.148873144,0.07135875729,0.07401855658,0.08015935039,0.07536393145,0.09309830592,,0.1150312922,2014,6,8
2014-04-30,0,0.1839873792,0.1790601506,0.1745457281,0.1406286742,0.06662307224,0.06961820121,0.07576692849,0.07544272992,0.08863644958,,0.1148023547,2014,6,8
2014-05-01,0,0.1839873792,0.1737808549,0.1693991999,0.1362325236,0.06413275902,0.06554226805,0.07222111174,0.07143424734,0.0851102193,,0.110558035,2014,6,8
2014-05-02,0,0.1839873792,0.1625422857,0.1584433383,0.1269066767,0.05892990628,0.06413880103,0.07104977163,0.06971684175,0.08414896423,,0.1120413363,2014,6,8
2014-05-05,0,0.1839873792,0.1751014573,0.1706865889,0.1373313036,0.06475292266,0.07265787398,0.07850716745,0.07609556063,0.09154723612,,0.1116284529,2014,6,8
2014-05-06,0,0.1839873792,0.1918820542,0.187045269,0.1513450958,0.07279533683,0.067732489,0.07626292819,0.08070114274,0.08959865817,,0.1037452079,2014,6,8
2014-05-07,0,0.1839873792,0.1787304562,0.1742243244,0.140353851,0.06646668195,0.07639632747,0.08254220833,0.07939801789,0.09583122498,,0.1153147053,2014,6,8
2014-05-08,0,0.1839873792,0.1797194232,0.1751884224,0.1411783352,0.06693614534,0.07725074446,0.08362148849,0.08103275794,0.09701350175,,0.1178106911,2014,6,8
2014-05-09,0,0.1839873792,0.1628730263,0.1587657576,0.1271804792,0.05908111245,0.06277203239,0.07054139832,0.06942189418,0.08384898025,,0.1110893025,2014,6,8
2014-05-12,0,0.1839873792,0.140089204,0.1365553496,0.1084153344,0.04893440901,0.06206973327,0.0679709473,0.06376272828,0.08101907489,,0.1175634658,2014,6,8
2014-05-13,0,0.1839873792,0.1368027642,0.1333516528,0.105725339,0.04751585492,0.0473078111,0.05484101493,0.05224964749,0.0672660149,,0.1036547209,2014,6,8
2014-05-14,0,0.1839873792,0.1381165773,0.1346323869,0.1068001856,0.04808158535,0.04806476524,0.05624825291,0.05626847689,0.06898939267,,0.09986667813,2014,6,8
2014-05-15,0,0.1839873792,0.1711383536,0.1668231623,0.1340357175,0.06289738609,0.069537121,0.07769369891,0.07680760768,0.09142450402,,0.1071071238,2014,6,8
2014-05-16,0,0.1839873792,0.1470084666,0.1433004306,0.1140930057,0.05195813618,0.05484473252,0.06357382456,0.06275161491,0.07695744279,,0.1011222089,2014,6,8
2014-05-19,0,0.1839873792,0.1463486349,0.1426572076,0.1135507583,0.05166761831,0.05036903483,0.05909167697,0.06117640676,0.07210358335,,0.09384312291,2014,6,8
2014-05-20,0,0.1839873792,0.1641959439,0.1600553924,0.1282760503,0.05968707236,0.05830964576,0.06776793828,0.07090336755,0.08135778707,,0.0967318333,2014,6,8
2014-05-21,0,0.1839873792,0.1295981913,0.1263284972,0.09984389815,0.04444581879,0.04512145456,0.05378072168,0.0548156687,0.06660401046,,0.09531592529,2014,6,8
2014-05-22,0,0.1839873792,0.1335231685,0.1301546356,0.1030453603,0.04611157321,0.04456339049,0.0531611993,0.05425618217,0.06582582556,,0.0904846518,2014,6,8
2014-05-23,0,0.1839873792,0.1118100521,0.1089884343,0.08541912716,0.03710034769,0.0343147948,0.04257331693,0.04452191477,0.05437153984,,0.085060945,2014,6,8
2014-05-27,0,0.1839873792,0.1166223153,0.1136794568,0.08930740686,0.03905448234,0.03865722002,0.04630132807,0.04252717414,0.05823963793,,0.08738359194,2014,6,8
2014-05-28,0,0.1839873792,0.1221141973,0.1190329952,0.09375776423,0.0413145948,0.03563476775,0.0437075533,0.04420416939,0.05538834469,,0.08070362612,2014,6,8
2014-05-29,0,0.1839873792,0.1185563115,0.1155647322,0.09087307113,0.03984675147,0.03766090262,0.04511819484,0.0442227922,0.0568193025,,0.08186247575,2014,6,8
2014-05-30,0,0.1839873792,0.1130899862,0.11023612,0.08645225243,0.03761769256,0.03134048961,0.03888680895,0.03989160575,0.049950619,,0.07558215225,2014,6,8
2014-06-02,0,0.1839873792,0.1188791165,0.1158794053,0.09113456298,0.03997937564,0.03707179574,0.04445547991,0.04342347889,0.05604778383,,0.08064271901,2014,6,8
2014-06-03,0,0.1839873792,0.1282927252,0.1250559078,0.09878052293,0.04389537457,0.03715554942,0.04486673266,0.04342507965,0.05644981467,,0.0773489935,2014,6,8
2014-06-04,0,0.1839873792,0.1351620451,0.1317522451,0.104384041,0.04681190598,0.03983636512,0.04739767134,0.04868201962,0.05909376346,,0.0783372253,2014,6,8
2014-06-05,0,0.1839873792,0.1221141973,0.1190329952,0.09375776423,0.0413145948,0.04340741679,0.04975173292,0.05007007746,0.06155410947,,0.08684297379,2014,6,8
2014-06-06,0,0.1839873792,0.09204656279,0.08972303473,0.06956899194,0.02933519769,0.02756061314,0.03395612084,0.03326323988,0.0443000644,,0.07960628553,2014,6,8
2014-06-09,0,0.1839873792,0.1051344113,0.1024810067,0.08004342947,0.03443041351,0.03128847435,0.03777705369,0.03841534876,0.04846284783,,0.07793998317,2014,6,8
2014-06-10,0,0.1839873792,0.100103438,0.09757682425,0.07600661274,0.03244985597,0.02863063091,0.03519307443,0.03565175411,0.0456325737,,0.07499956466,2014,6,8
2014-06-11,0,0.1839873792,0.1195251198,0.1165091354,0.09165800676,0.04024511688,0.03760029918,0.04447039339,0.04061082865,0.0558815474,,0.07925534579,2014,6,8
2014-06-12,0,0.1839873792,0.1509703573,0.1471626026,0.1173524297,0.05371214702,0.04681933114,0.05450907168,0.05700108567,0.06669096223,,0.07705787208,2014,6,8
2014-06-13,0,0.1839873792,0.1384451937,0.1349527298,0.1070691408,0.04822337188,0.04205985907,0.04960976888,0.0495567955,0.06148062127,,0.07735911287,2014,6,8
2014-06-16,0,0.1839873792,0.1539443762,0.1500617747,0.1198030982,0.05503965672,0.04563300793,0.05321711238,0.05449755427,0.06519182985,,0.07735783508,2014,6,8
2014-06-17,0,0.1839873792,0.1345062659,0.1311129783,0.1038482482,0.04653133623,0.03968506773,0.04711062863,0.04921085127,0.05874204862,,0.07589247373,2014,6,8
2014-06-18,0,0.1839873792,0.08838368303,0.08615249789,0.06665380198,0.02794267906,0.03042846178,0.03679119626,0.03824830098,0.04761256565,,0.08090549268,2014,6,8
2014-06-19,0,0.1839873792,0.08868747407,0.08644862987,0.06689529883,0.0280576085,0.02582331714,0.03233294402,0.03286177172,0.04253455252,,0.07369432319,2014,6,8
2014-06-20,0,0.1839873792,0.09574564271,0.09332886832,0.07252039015,0.03075642419,0.02685308822,0.03339899934,0.03106185473,0.04364813783,,0.07145863436,2014,6,8
2014-06-23,0,0.1839873792,0.09979074134,0.09727200879,0.07575612948,0.03232765698,0.02473930693,0.03148299108,0.03319575202,0.04145323934,,0.066522718,2014,6,8
2014-06-24,0,0.1839873792,0.1368027642,0.1333516528,0.105725339,0.04751585492,0.04782256342,0.05463190137,0.05505589846,0.06680973121,,0.08288969407,2014,6,8
2014-06-25,0,0.1839873792,0.119202053,0.1161942068,0.09139620854,0.04011216424,0.03717277784,0.04411721946,0.04637489754,0.05551661319,,0.07779648982,2014,6,8
2014-06-26,0,0.1839873792,0.1204950897,0.1174546717,0.09244430706,0.04064495496,0.04079657532,0.04767095345,0.04772367826,0.05943916732,,0.08269200317,2014,6,8
2014-06-27,0,0.1839873792,0.108621605,0.1058803261,0.08284888293,0.03581918047,0.03333728015,0.04035674756,0.04142207266,0.05150539113,,0.079227427,2014,6,8
2014-06-30,0,0.1839873792,0.1185563115,0.1155647322,0.09087307113,0.03984675147,0.0332757335,0.04063267007,0.0418903721,0.05175746648,,0.07626050231,2014,6,8
2014-07-01,0,0.1839873792,0.1051344113,0.1024810067,0.08004342947,0.03443041351,0.03536044506,0.04176499372,0.04184758674,0.05295384089,,0.08114134784,2014,6,8
2014-07-02,0,0.1839873792,0.09481762592,0.09242424409,0.07177926324,0.03039846507,0.02425632549,0.03087661023,0.03213181582,0.04079049247,,0.0702549497,2014,6,8
2014-07-03,0,0.1839873792,0.07969794461,0.07768576727,0.05977150822,0.02470023395,0.02348559727,0.02953356385,0.02772491841,0.0392857492,,0.07238459106,2014,6,8
2014-07-07,0,0.1839873792,0.1108517769,0.1080543039,0.08464614142,0.03671415824,0.03106407611,0.03786322133,0.03737132933,0.04856892044,,0.07157007694,2014,6,8
2014-07-08,0,0.1839873792,0.131886269,0.1285589551,0.1017094121,0.04541490503,0.04094092088,0.04828670631,0.0493976124,0.06006623337,,0.07662204628,2014,6,8
2014-07-09,0,0.1839873792,0.1211423652,0.1180856426,0.09296925158,0.04091232645,0.03620056145,0.04326083004,0.0423994034,0.05456144805,,0.07430482519,2014,6,8
2014-07-10,0,0.1839873792,0.1519614897,0.1481287906,0.1181687738,0.05415352362,0.06487231163,0.07003064563,0.05896474641,0.08277110146,,0.1010704567,2014,6,8
2014-07-11,0,0.1839873792,0.1351620451,0.1317522451,0.104384041,0.04681190598,0.04425780067,0.05144181925,0.04913468381,0.06344464518,,0.0894826423,2014,6,8
2014-07-14,0,0.1839873792,0.1266630811,0.123467306,0.09745411215,0.04321076134,0.04710117932,0.05329926384,0.04060961943,0.06535014125,,0.09547159116,2014,6,8
2014-07-15,0,0.1839873792,0.1312320932,0.1279212528,0.1011758241,0.04513727474,0.05073238791,0.05695005583,0.05212296331,0.06928603222,,0.09823179534,2014,6,8
2014-07-16,0,0.1839873792,0.1004163465,0.09788184633,0.07625731577,0.03257224359,0.03905727325,0.04536804355,0.03717208194,0.05708403513,,0.09812910691,2014,6,8
2014-07-17,0,0.1839873792,0.2159298652,0.2104888455,0.1715877847,0.08485101084,0.08534797253,0.09007510573,0.08892650686,0.1025992375,,0.1016834658,2014,6,8
2014-07-18,0,0.1839873792,0.1345062659,0.1311129783,0.1038482482,0.04653133623,0.05062858203,0.05689822706,0.05554799157,0.06917852827,,0.09857520151,2014,6,8
2014-07-21,0,0.1839873792,0.159234852,0.1552191217,0.1241708339,0.05742418377,0.05764512442,0.0639990725,0.06032831562,0.07645709359,,0.09727885246,2014,6,8
2014-07-22,0,0.1839873792,0.1404181844,0.1368760477,0.1086848505,0.04907703466,0.04899483999,0.05546570435,0.04983395118,0.06755245347,,0.09439340462,2014,6,8
2014-07-23,0,0.1839873792,0.1169443044,0.1139933342,0.08956795434,0.03918611137,0.03811017221,0.04490828701,0.04314540452,0.05639560382,,0.0899004028,2014,6,8
2014-07-24,0,0.1839873792,0.1273146389,0.1241024542,0.09798429522,0.04348414493,0.03595983045,0.04318878677,0.04240686973,0.05443151561,,0.08003267271,2014,6,8
2014-07-25,0,0.1839873792,0.1552666849,0.1513508071,0.1208937925,0.05563288452,0.04847243817,0.05590853468,0.05187192373,0.06806533181,,0.08251631007,2014,6,8
2014-07-28,0,0.1839873792,0.1509703573,0.1471626026,0.1173524297,0.05371214702,0.0501759294,0.05738450356,0.05514969047,0.06968267295,,0.08533993991,2014,6,8
2014-07-29,0,0.1839873792,0.174771351,0.1703647847,0.1370565885,0.06459772872,0.0547543224,0.06269239606,0.06503131428,0.07523670809,,0.08357238083,2014,6,8
2014-07-30,0,0.1839873792,0.1764215692,0.171973501,0.1384302815,0.06537470987,0.06476019853,0.07162969579,0.06881458559,0.08448176363,,0.09406810046,2014,6,8
2014-07-31,0,0.1839873792,0.2900428853,0.2827430391,0.235039915,0.126108328,0.1169268055,0.1226839951,0.124227439,0.1348343241,,0.107770058,2014,6,8
2014-08-01,0,0.1839873792,0.2923684264,0.2850103453,0.2370550339,0.1275077412,0.1190664285,0.1254169832,0.1243823847,0.1376946073,,0.1119002589,2014,6,8
2014-08-04,0,0.1839873792,0.2344224896,0.2285171593,0.18727497,0.09455518862,0.09789012111,0.1046078557,0.1035421142,0.1178180977,,0.1146707996,2014,6,8
2014-08-05,0,0.1839873792,0.2877080324,0.2804666603,0.2330181333,0.1247099558,0.1237395632,0.1300469481,0.128149144,0.1424422422,,0.1208618167,2014,6,8
2014-08-06,0,0.1839873792,0.2729070154,0.2660364598,0.2202348825,0.115998782,0.1155214975,0.1228329844,0.1192558351,0.1357454843,,0.1209117355,2014,6,8
2014-08-07,0,0.1839873792,0.281535015,0.2744482693,0.2276796608,0.1210447507,0.1220841827,0.1300364707,0.1302366994,0.1429893391,,0.1229431005,2014,6,8
2014-08-08,0,0.1839873792,0.2546869615,0.248273198,0.2045791516,0.1056327224,0.1071567306,0.1140963093,0.1168812437,0.1271666536,,0.1205027032,2014,6,8
2014-08-11,0,0.1839873792,0.2059096466,0.2007203393,0.1631309268,0.07975101507,0.08012643433,0.08923063122,0.08418978187,0.1031253347,,0.1120349151,2014,6,8
2014-08-12,0,0.1839873792,0.2026597182,0.1975520691,0.1603947777,0.07812050026,0.0751706465,0.08513821847,0.08520777228,0.09915798021,,0.1074663148,2014,6,8
2014-08-13,0,0.1839873792,0.1622115423,0.1581209162,0.1266329118,0.05877881434,0.06288033896,0.0720885083,0.06829622784,0.08594959184,,0.1071205696,2014,6,8
2014-08-14,0,0.1839873792,0.1463486349,0.1426572076,0.1135507583,0.05166761831,0.0464389456,0.05601307797,0.05699730055,0.06902522725,,0.09343949153,2014,6,8
2014-08-15,0,0.1839873792,0.1704774907,0.1661789222,0.1334867027,0.06258959037,0.07231722898,0.08007089575,0.07579745634,0.09384617627,,0.1099254632,2014,6,8
2014-08-18,0,0.1839873792,0.1430519996,0.1394435572,0.1108441592,0.0502229949,0.05632128668,0.06405797362,0.05431643582,0.07725939389,,0.1052695742,2014,6,8
2014-08-19,0,0.1839873792,0.1394314184,0.1359141245,0.1078765771,0.04864957479,0.05102851746,0.05860142028,0.05522092188,0.07134483772,,0.1015174623,2014,6,8
2014-08-20,0,0.1839873792,0.1253612063,0.1221982202,0.09639530628,0.04266585523,0.04274419822,0.05045741925,0.05012950734,0.062712366,,0.09667272283,2014,6,8
2014-08-21,0,0.1839873792,0.1247109081,0.1215643008,0.0958666993,0.04239433907,0.04110390618,0.04867195431,0.04781794098,0.06069823056,,0.09511850799,2014,6,8
2014-08-22,0,0.1839873792,0.115335776,0.1124253291,0.08826683854,0.038529643,0.03753109875,0.04534355029,0.04362924355,0.05725157266,,0.08908071557,2014,6,8
2014-08-25,0,0.1839873792,0.1227626836,0.1196651472,0.09428415796,0.04158357642,0.04795428963,0.05461275029,0.04936964848,0.06702335727,,0.09893013833,2014,6,8
2014-08-26,0,0.1839873792,0.1204950897,0.1174546717,0.09244430706,0.04064495496,0.03456988587,0.0422055474,0.04161714243,0.05358585209,,0.08489553774,2014,6,8
2014-08-27,0,0.1839873792,0.1253612063,0.1221982202,0.09639530628,0.04266585523,0.03623047577,0.04399139876,0.04348670757,0.05554142974,,0.08440189969,2014,6,8
2014-08-28,0,0.1839873792,0.1341784895,0.1307934553,0.1035805111,0.04639126929,0.04539946057,0.05285363962,0.04842979733,0.06510563037,,0.09169862563,2014,6,8
2014-08-29,0,0.1839873792,0.1354900457,0.132071987,0.1046520949,0.04695240802,0.04361272783,0.05100190967,0.04861380344,0.06301870512,,0.08921387429,2014,6,8
2014-09-02,0,0.1839873792,0.140747222,0.1371968015,0.1089544568,0.04921979883,0.04395303831,0.05157261907,0.05079345219,0.06362688342,,0.08323940724,2014,6,8
2014-09-03,0,0.1839873792,0.1443701183,0.1407284946,0.1119258445,0.05079923917,0.04852602087,0.05597840305,0.05309460864,0.06834390439,,0.08787510093,2014,6,8
2014-09-04,0,0.1839873792,0.1536138434,0.1497395601,0.1195305645,0.05489165733,0.05752038602,0.06450443715,0.06232485375,0.0773002421,,0.09591633276,2014,6,8
2014-09-05,0,0.1839873792,0.1354900457,0.132071987,0.1046520949,0.04695240802,0.04948563245,0.05643013453,0.05592368745,0.06885196215,,0.09438410497,2014,6,8
2014-09-08,0,0.1839873792,0.1542749276,0.1503840075,0.1200756886,0.0551877795,0.05213939076,0.05966939549,0.05942710067,0.0722090354,,0.09126440443,2014,6,8
2014-09-09,0,0.1839873792,0.1820255889,0.1774365989,0.1431022414,0.06803493932,0.06197607416,0.07007242376,0.07246833183,0.08307168852,,0.09142674935,2014,6,8
2014-09-10,0,0.1839873792,0.1615500498,0.1574760668,0.1260854973,0.05847697448,0.05487719557,0.06280754604,0.06358616233,0.07559761494,,0.08995486359,2014,6,8
2014-09-11,0,0.1839873792,0.1589041234,0.1548967149,0.1238974836,0.05727425309,0.05360915165,0.06152816987,0.06041698737,0.07425921877,,0.0881935874,2014,6,8
2014-09-12,0,0.1839873792,0.1757615773,0.1713301072,0.1378807703,0.06506361462,0.05778603287,0.06657677524,0.06893264885,0.07965520631,,0.08698324114,2014,6,8
2014-09-15,1,0.1839873792,0.2023342871,0.1972348153,0.1601209776,0.0779578627,0.0597509516,0.06912504184,0.07218236782,0.08208650981,,0.08243188768,2014,6,8
2014-09-16,1,0.1839873792,0.1565892366,0.1526400776,0.1219853453,0.05622806346,0.05594148061,0.06365286341,0.0669233783,0.07653939648,,0.09076978498,2014,6,8
2014-09-17,1,0.1839873792,0.1539443762,0.1500617747,0.1198030982,0.05503965672,0.05751763007,0.06487427485,0.06438037943,0.07780512401,,0.09349363729,2014,6,8
2014-09-18,1,0.1839873792,0.1335231685,0.1301546356,0.1030453603,0.04611157321,0.04331013478,0.05096136912,0.04915351798,0.0630945569,,0.08617161951,2014,6,8
2014-09-19,1,0.1839873792,0.1361462639,0.1327116822,0.105188513,0.04723384449,0.04983159993,0.05714094495,0.05612502968,0.06973116054,,0.09225020287,2014,6,8
2014-09-22,1,0.1839873792,0.1882736556,0.1835275779,0.1483236786,0.07104048101,0.06434311333,0.07249235032,0.07616231823,0.08555128753,,0.09181905323,2014,6,8
2014-09-23,1,0.1839873792,0.2284042033,0.2226499455,0.182158561,0.0913551017,0.07993885835,0.08814400592,0.08654026765,0.1012972476,,0.0939489291,2014,6,8
2014-09-24,1,0.1839873792,0.1744412147,0.1700429514,0.1367818864,0.06444263659,0.06325139231,0.07104494889,0.07370065913,0.08416504812,,0.09432804775,2014,6,8
2014-09-25,1,0.1839873792,0.2506762049,0.2443630393,0.2011451017,0.1034028801,0.08786924671,0.09740231184,0.111669247,0.1108409555,,0.09512227344,2014,6,8
2014-09-26,1,0.1839873792,0.225858269,0.2201679299,0.1799973556,0.09001358664,0.08194900885,0.09020179143,0.09697698389,0.1035019324,,0.09729049991,2014,6,8
2014-09-29,1,0.1839873792,0.2611192126,0.2545441484,0.2100957962,0.1092478077,0.1099379891,0.1151734886,0.1099457775,0.127684772,,0.1113061654,2014,6,8
2014-09-30,1,0.1839873792,0.2711070808,0.2642816358,0.2186842786,0.1149573194,0.100933103,0.1086721536,0.1136365116,0.1215123059,,0.1055965105,2014,6,8
2014-10-01,0,0.1839873792,0.2830104963,0.2758867878,0.2289547632,0.1219166183,0.1123628064,0.121947934,0.1326360386,0.135235475,,0.1106958115,2014,6,8
2014-10-02,0,0.1839873792,0.2665856068,0.2598734956,0.2147929613,0.1123580803,0.1176445099,0.1259719927,0.1260767701,0.1393209309,,0.1204232719,2014,6,8
2014-10-03,1,0.1839873792,0.2162516307,0.2108025295,0.1718598601,0.08501661001,0.09787709533,0.1053833822,0.09827410835,0.1192227414,,0.1232531879,2014,6,8
2014-10-06,1,0.1839873792,0.2450873467,0.2389143873,0.1963673714,0.1003265694,0.1043430971,0.1120353264,0.1110185449,0.1254672182,,0.1194887886,2014,6,8
2014-10-07,0,0.1839873792,0.2972791173,0.2897980858,0.2413147926,0.1304845961,0.1277753683,0.1372119254,0.1407306748,0.1502216084,,0.1230822466,2014,6,8
2014-10-08,1,0.1839873792,0.2341067545,0.228209349,0.1870062869,0.09438629049,0.1190493404,0.1236407373,0.1252174755,0.1367395268,,0.1381304325,2014,6,8
2014-10-09,0,0.1839873792,0.3403356441,0.3317778504,0.278922393,0.1578876586,0.1547915752,0.1619643239,0.1790453225,0.1732158256,,0.134350314,2014,6,8
2014-10-10,0,0.1839873792,0.4014048547,0.3913243385,0.3330212985,0.201020139,0.1815877684,0.1897930359,0.2078730346,0.1991829949,,0.1362392551,2014,6,8
2014-10-13,0,0.1839873792,0.471774165,0.459947561,0.3964031311,0.2576052074,0.2187734196,0.228874306,0.2578772839,0.2353787729,,0.1415161968,2014,6,8
2014-10-14,0,0.1839873792,0.4352605947,0.4243386913,0.3633785098,0.2272699647,0.2112248323,0.2208697315,0.2316129004,0.2285821416,,0.1480066969,2014,6,8
2014-10-15,0,0.1839873792,0.4833224794,0.471210421,0.4069088105,0.2676595504,0.2938867565,0.2918943481,0.2868262359,0.2919147254,,0.189634391,2014,6,8
2014-10-16,0,0.1839873792,0.4820603804,0.4699795017,0.4057592403,0.2665496477,0.3027495814,0.2993193778,0.2831622259,0.2986205735,,0.2065846334,2014,6,8
2014-10-17,0,0.1839873792,0.418178633,0.4076809737,0.3480297679,0.2138071995,0.2479435951,0.2484560707,0.2228522274,0.2532394784,,0.200488411,2014,6,8
2014-10-20,0,0.1839873792,0.3352861987,0.3268545586,0.274488464,0.1545500845,0.1709017006,0.1798878527,0.1825721527,0.1913624607,,0.1816934982,2014,6,8
2014-10-21,0,0.1839873792,0.2641615186,0.2575101776,0.2127089885,0.1109744904,0.155043127,0.1584427584,0.146621003,0.1706730112,,0.1919672154,2014,6,8
2014-10-22,0,0.1839873792,0.316216801,0.3082618874,0.2577994073,0.1422456277,0.15894348,0.1658132745,0.1639408601,0.1775034402,,0.1713101643,2014,6,8
2014-10-23,0,0.1839873792,0.277682021,0.2706918092,0.2243526235,0.1187803603,0.1526253885,0.1560054107,0.1356115862,0.1678954767,,0.1691715425,2014,6,8
2014-10-24,0,0.1839873792,0.2650716034,0.2583974465,0.2134911959,0.1114931263,0.1233639081,0.1297833747,0.1287675682,0.1427071881,,0.1503481142,2014,6,8
2014-10-27,0,0.1839873792,0.2629462452,0.2563253724,0.2116648257,0.1102834516,0.1214409509,0.1286187488,0.1211238003,0.1417758189,,0.1499908111,2014,6,8
2014-10-28,0,0.1839873792,0.2110921181,0.2057726141,0.1675009494,0.08237497825,0.09254707224,0.1003066656,0.09905581319,0.1141602106,,0.141637632,2014,6,8
2014-10-29,0,0.1839873792,0.2353690044,0.2294399175,0.188080605,0.09506218783,0.1154758125,0.120632028,0.1137153608,0.1337921605,,0.1510523403,2014,6,8
2014-10-30,0,0.1839873792,0.2152860475,0.2098611982,0.1710434861,0.08452000799,0.1013617901,0.1070115172,0.1066643361,0.1204282055,,0.1429318818,2014,6,8
2014-10-31,0,0.1839873792,0.1994019616,0.1943761762,0.1576553977,0.07649759524,0.110935951,0.1118331668,0.08531376605,0.124555768,,0.1609102692,2014,6,8
2014-11-03,0,0.1839873792,0.2220266193,0.2164324891,0.1767483565,0.08800823222,0.09500245049,0.09963250194,0.09393506331,0.1123888032,,0.1418539269,2014,6,8
2014-11-04,0,0.1839873792,0.2271321,0.2214097791,0.1810784519,0.0906838933,0.1053722278,0.1091682952,0.1004421866,0.1219001026,,0.1476902608,2014,6,8
2014-11-05,0,0.1839873792,0.203960655,0.1988203173,0.1614896501,0.07877180863,0.1028157221,0.105119341,0.08508461847,0.1178651116,,0.1527315097,2014,6,8
2014-11-06,0,0.1839873792,0.1876168393,0.1828872736,0.1477741705,0.07072256036,0.08501596965,0.08941530098,0.08036668768,0.1024072924,,0.143087778,2014,6,8
2014-11-07,0,0.1839873792,0.1694860412,0.1652124114,0.1326633416,0.0621286932,0.0653664821,0.07224757889,0.06818479131,0.08528226739,,0.1233896462,2014,6,8
2014-11-10,0,0.1839873792,0.1546054968,0.1507062578,0.120348335,0.0553360253,0.05585815158,0.0631695986,0.06135261305,0.07593394809,,0.1180505237,2014,6,8
2014-11-11,0,0.1839873792,0.1628730263,0.1587657576,0.1271804792,0.05908111245,0.05525183675,0.06277839286,0.05966976253,0.07541866343,,0.1119843166,2014,6,8
2014-11-12,0,0.1839873792,0.1661801012,0.1619896335,0.1299204142,0.06059938025,0.06300419825,0.06992725034,0.0631256145,0.0828749008,,0.1119141834,2014,6,8
2014-11-13,0,0.1839873792,0.1915543153,0.1867257683,0.1510704933,0.07263537047,0.07451832974,0.08036495726,0.07654074612,0.09318169813,,0.1140812712,2014,6,8
2014-11-14,0,0.1839873792,0.1757615773,0.1713301072,0.1378807703,0.06506361462,0.05551931772,0.06352105015,0.06223477692,0.07613143202,,0.09809524441,2014,6,8
2014-11-17,0,0.1839873792,0.1980967735,0.1931037884,0.1565588434,0.07585062699,0.06307769231,0.07070904836,0.06919190101,0.08332456369,,0.09409334082,2014,6,8
2014-11-18,0,0.1839873792,0.1938471742,0.1889609945,0.1529923471,0.07375692232,0.06320555776,0.06992769165,0.07283188612,0.08230146248,,0.09363109781,2014,6,8
2014-11-19,0,0.1839873792,0.1971171294,0.1921487644,0.1557361547,0.0753662404,0.06596250586,0.07273065839,0.07255367515,0.0852423528,,0.09423972254,2014,6,8
2014-11-20,0,0.1839873792,0.1846585402,0.1800033493,0.1453009711,0.0692963838,0.06568228216,0.0720112538,0.06973728822,0.08457751247,,0.0958190342,2014,6,8
2014-11-21,0,0.1839873792,0.1622115423,0.1581209162,0.1266329118,0.05877881434,0.07621307461,0.07948499065,0.06475461494,0.09215850114,,0.1192007006,2014,6,8
2014-11-24,0,0.1839873792,0.1529528373,0.149095189,0.1189856704,0.05459603011,0.05170813117,0.05811643682,0.05001565361,0.07020081741,,0.1001720234,2014,6,8
2014-11-25,0,0.1839873792,0.140747222,0.1371968015,0.1089544568,0.04921979883,0.04960454127,0.05614840018,0.05114518964,0.06831749815,,0.1009728677,2014,6,8
2014-11-26,0,0.1839873792,0.1348341181,0.1314325752,0.1041160918,0.04667154859,0.0435288956,0.05034059937,0.04644861762,0.06211577317,,0.09576468161,2014,6,8
2014-11-28,0,0.1839873792,0.1764215692,0.171973501,0.1384302815,0.06537470987,0.05839770917,0.06483366873,0.05982320061,0.07706564676,,0.09646451157,2014,6,8
2014-12-01,0,0.1839873792,0.2036355399,0.1985033712,0.1612159821,0.07860886837,0.06593031462,0.07315654624,0.06806520799,0.08571125948,,0.08677389589,2014,6,8
2014-12-02,0,0.1839873792,0.1605578092,0.1565087915,0.1252646749,0.05802507997,0.04924255969,0.05662044056,0.05852016815,0.06873168786,,0.08381012739,2014,6,8
2014-12-03,0,0.1839873792,0.1489888349,0.1452309527,0.1157214839,0.05283282275,0.04339229257,0.05068220122,0.05157926189,0.06239872855,,0.07873047505,2014,6,8
2014-12-04,0,0.1839873792,0.1450294531,0.1413712322,0.1124671711,0.05108816684,0.0499270065,0.05670922061,0.05480109393,0.06892382394,,0.08759648062,2014,6,8
2014-12-05,0,0.1839873792,0.1289452691,0.1256920179,0.09931196544,0.04417029256,0.03938502604,0.04665681301,0.04567860541,0.05828447745,,0.08215533472,2014,6,8
2014-12-08,0,0.1839873792,0.2052603094,0.2000873167,0.1625839769,0.07942431669,0.0741483629,0.08011268536,0.08024134882,0.09268458011,,0.09204649448,2014,6,8
2014-12-09,0,0.1839873792,0.241652128,0.2355653619,0.1934350966,0.0984534509,0.1090942775,0.1099790565,0.09842641733,0.1216815202,,0.1151389758,2014,6,8
2014-12-10,0,0.1839873792,0.3342163094,0.3258114035,0.2735497802,0.1538472246,0.1309672878,0.1343039737,0.143105596,0.1449917892,,0.1115980658,2014,6,8
2014-12-11,0,0.1839873792,0.3739414474,0.3645449873,0.3085856573,0.1809761543,0.1582237911,0.1557924703,0.1552259354,0.1640846064,,0.1200639557,2014,6,8
2014-12-12,0,0.1839873792,0.3977282436,0.3877392292,0.3297400776,0.1982733705,0.184011286,0.1821520061,0.1783257641,0.1894667043,,0.1326700685,2014,6,8
2014-12-15,0,0.1839873792,0.3821872579,0.3725852792,0.315904289,0.186880462,0.1839596654,0.1840792902,0.1847164485,0.1921675082,,0.1400103447,2014,6,8
2014-12-16,0,0.1839873792,0.451147104,0.4398311998,0.3777110259,0.2402021542,0.2357781099,0.2302675639,0.2296831384,0.2336285325,,0.1548154383,2014,6,8
2014-12-17,0,0.1839873792,0.3579674451,0.3489694243,0.2944525954,0.1698090069,0.1769016828,0.1741471741,0.1811505441,0.1823807136,,0.1511541311,2014,6,8
2014-12-18,0,0.1839873792,0.2859507472,0.2787533886,0.2314974081,0.1236618725,0.2131881639,0.1905096641,0.1704797947,0.1958264649,,0.2182421409,2014,6,8
2014-12-19,0,0.1839873792,0.27649162,0.2695312359,0.2233255114,0.1180843682,0.1512931723,0.1432562138,0.1327052646,0.1525001697,,0.1853298621,2014,6,8
2014-12-22,0,0.1839873792,0.2385164884,0.2325084086,0.190761479,0.09675541841,0.1093192968,0.108787659,0.1073656387,0.1201738254,,0.1672369888,2014,6,8
2014-12-23,0,0.1839873792,0.2242635823,0.2186132826,0.1786446292,0.08917699493,0.1099049341,0.1086874909,0.09772289458,0.1202095662,,0.1688526133,2014,6,8
2014-12-24,0,0.1839873792,0.21044553,0.2051422686,0.1669552702,0.08204599426,0.09020840453,0.09274573132,0.08785903698,0.1049215708,,0.155730395,2014,6,8
2014-12-26,0,0.1839873792,0.2146418501,0.2092331811,0.1704989934,0.08418926752,0.07416472719,0.07918172118,0.07293975481,0.09127022462,,0.1103604501,2014,6,8
2014-12-29,0,0.1839873792,0.2325263651,0.2266686282,0.185661849,0.09354257224,0.07067521362,0.07654755173,0.07860795785,0.08842443683,,0.09840744865,2014,6,8
2014-12-30,0,0.1839873792,0.2592873863,0.2527582544,0.2085235656,0.1082133663,0.08316270531,0.08878152925,0.08750904927,0.1006977495,,0.1017827718,2014,6,8
2014-12-31,0,0.1839873792,0.3518226631,0.3429780135,0.2890318725,0.1656067548,0.132467135,0.1337156264,0.1500438206,0.1435442715,,0.1150695461,2014,6,8
2015-01-02,0,0.179973699,0.3139907277,0.3060914951,0.2558570282,0.1434923444,0.1445294855,0.1422812086,0.1424806787,0.1515509239,,0.1347412336,2015,7,9
2015-01-05,0,0.179973699,0.370003693,0.3607054157,0.3050962051,0.1801848897,0.1738975691,0.1728802812,0.1776255305,0.1809024186,,0.143722966,2015,7,9
2015-01-06,0,0.179973699,0.3986507068,0.3886387323,0.3305630502,0.2004922351,0.2018433103,0.1990680447,0.2050867844,0.2052497488,,0.1580476194,2015,7,9
2015-01-07,0,0.179973699,0.3546495133,0.3457342998,0.2915245213,0.1697408607,0.1801075563,0.1763503185,0.166736224,0.1838658962,,0.1606693657,2015,7,9
2015-01-08,0,0.179973699,0.2917878872,0.2844443431,0.2365518567,0.1299818432,0.1534714536,0.1481604556,0.1388721984,0.1569642064,,0.1637489128,2015,7,9
2015-01-09,0,0.179973699,0.3072551292,0.2995244119,0.2499873423,0.1393339597,0.1539232036,0.1517338309,0.1534310743,0.1609672797,,0.1592126351,2015,7,9
2015-01-12,0,0.179973699,0.3620168827,0.35291782,0.2980297239,0.1747147396,0.1742475181,0.1721665624,0.1768026456,0.1800860778,,0.1556066412,2015,7,9
2015-01-13,0,0.179973699,0.3855347955,0.3758494145,0.3188798746,0.1910592314,0.2232144669,0.211357539,0.205309219,0.2151796639,,0.1818158552,2015,7,9
2015-01-14,0,0.179973699,0.4068544298,0.396638332,0.3378904231,0.2065114037,0.2300590625,0.2200328633,0.2023363723,0.223481253,,0.1840543089,2015,7,9
2015-01-15,0,0.179973699,0.42682178,0.4161093872,0.3557878406,0.2215549723,0.21654343,0.2144630397,0.2212417791,0.2196295797,,0.1720889656,2015,7,9
2015-01-16,0,0.179973699,0.3947151259,0.3848011183,0.3270532762,0.1976373591,0.1969861915,0.1933173493,0.2035482988,0.1995987189,,0.1686929157,2015,7,9
2015-01-20,0,0.179973699,0.3692612232,0.3599814612,0.3044386657,0.1796729178,0.1944966905,0.1897482879,0.1852792426,0.1963346871,,0.1724890048,2015,7,9
2015-01-21,0,0.179973699,0.3427086809,0.3340916122,0.2810082749,0.1618236432,0.171906999,0.1698208637,0.1697033457,0.1781076019,,0.1606189601,2015,7,9
2015-01-22,0,0.179973699,0.2738050385,0.2669119776,0.2210088329,0.1194459708,0.1452619415,0.1422890545,0.1419253301,0.1519872977,,0.1521060771,2015,7,9
2015-01-23,0,0.179973699,0.281535015,0.2744482693,0.2276796608,0.1239310357,0.1160717367,0.1213945912,0.1261142748,0.1331080057,,0.1312194592,2015,7,9
2015-01-26,0,0.179973699,0.2469548162,0.2407350047,0.1979628315,0.1043681643,0.1103625834,0.115173696,0.1155050575,0.1272173577,,0.135207066,2015,7,9
2015-01-27,0,0.179973699,0.2978539979,0.2903585748,0.2418138738,0.1336172507,0.1632542883,0.1626220401,0.144710063,0.1721484885,,0.1594073243,2015,7,9
2015-01-28,0,0.179973699,0.3826672023,0.3730532649,0.3163307483,0.1890275563,0.196357007,0.1963736748,0.2021305798,0.2035736187,,0.1595266393,2015,7,9
2015-01-29,0,0.179973699,0.3403356441,0.3317778504,0.278922393,0.1602712094,0.1786809293,0.1777955478,0.1767203407,0.1861575996,,0.1608638537,2015,7,9
2015-01-30,0,0.179973699,0.3951801575,0.3852545726,0.3274678113,0.1979735972,0.2106536433,0.2095712307,0.2036875889,0.2157325199,,0.1692159786,2015,7,9
2015-02-02,0,0.179973699,0.357713081,0.3487214079,0.2942280275,0.1718008152,0.2028637228,0.1974816911,0.1940847957,0.2038153626,,0.1794709986,2015,7,9
2015-02-03,0,0.179973699,0.3010056448,0.2934313298,0.2445514638,0.1355224762,0.1539348854,0.1530048322,0.1520295584,0.162607469,,0.1638666135,2015,7,9
2015-02-04,0,0.179973699,0.3288307839,0.3205604734,0.2688289131,0.1528418314,0.1645716237,0.1636762932,0.1578848122,0.1726226931,,0.1610480355,2015,7,9
2015-02-05,0,0.179973699,0.2871228395,0.279896124,0.2325116281,0.1272142171,0.1325051347,0.1343229778,0.1324218169,0.1450366944,,0.149208544,2015,7,9
2015-02-06,0,0.179973699,0.2998616967,0.2923160157,0.2435575133,0.1348296332,0.1443199945,0.1449688588,0.1440522602,0.1550953401,,0.1493937191,2015,7,9
2015-02-09,0,0.179973699,0.3347515131,0.3263332334,0.2740193148,0.1566451978,0.1462409243,0.1492534375,0.1455264086,0.1593650175,,0.1360058402,2015,7,9
2015-02-10,0,0.179973699,0.2981412748,0.2906386601,0.2420633041,0.133790447,0.1461186466,0.1447944308,0.137631583,0.1544794636,,0.1457371157,2015,7,9
2015-02-11,0,0.179973699,0.2903340298,0.2830268925,0.23529212,0.1291167032,0.1254236061,0.1283642854,0.1270974051,0.1393437746,,0.1342026707,2015,7,9
2015-02-12,0,0.179973699,0.2413391044,0.235260193,0.1931680692,0.101311049,0.115302204,0.1163599908,0.1105210815,0.1275526664,,0.141321266,2015,7,9
2015-02-13,0,0.179973699,0.2207460891,0.2151841148,0.1756635263,0.09037861976,0.08519144305,0.09080687065,0.0915726648,0.1029818159,,0.12125908,2015,7,9
2015-02-17,0,0.179973699,0.2556094109,0.2491725127,0.2053695936,0.1091443115,0.1001547268,0.1037920893,0.1041670332,0.1152892332,,0.120234693,2015,7,9
2015-02-18,0,0.179973699,0.2447756676,0.2386105281,0.1961011865,0.1031779633,0.08790189939,0.09364283099,0.09332702131,0.1056249494,,0.1085907888,2015,7,9
2015-02-19,0,0.179973699,0.2397721802,0.2337325887,0.1918318123,0.1004638886,0.09288070313,0.09782240284,0.09433426246,0.1097511199,,0.1119518997,2015,7,9
2015-02-20,0,0.179973699,0.2081796934,0.202933354,0.1650440716,0.08391837893,0.08868353067,0.09230385982,0.09370287741,0.1041623532,,0.1158017196,2015,7,9
2015-02-23,0,0.179973699,0.2165733001,0.21111612,0.1721318858,0.08821588948,0.07378635655,0.08046768542,0.08121353925,0.09263343536,,0.1029064694,2015,7,9
2015-02-24,0,0.179973699,0.1882736556,0.1835275779,0.1483236786,0.07400514559,0.06931911485,0.07551160162,0.07722287725,0.08767110362,,0.1046460379,2015,7,9
2015-02-25,0,0.179973699,0.193192388,0.1883226664,0.1524433359,0.0764185394,0.06948692234,0.07603093139,0.07671069146,0.08825228458,,0.1036022705,2015,7,9
2015-02-26,0,0.179973699,0.1954829953,0.1905557007,0.1543645255,0.07755049339,0.06964863648,0.07652561296,0.07795937395,0.08883517007,,0.1019149061,2015,7,9
2015-02-27,0,0.179973699,0.1767515155,0.1722951496,0.1387050523,0.06844364603,0.05568994321,0.06454076167,0.06797768892,0.07702523552,,0.0879861793,2015,7,9
2015-03-02,0,0.179973699,0.166841404,0.1626343004,0.130468782,0.06376244117,0.0521757797,0.06034465067,0.06695156889,0.07247048807,,0.08619349419,2015,7,9
2015-03-03,0,0.179973699,0.1938471742,0.1889609945,0.1529923471,0.07674159266,0.07573660886,0.08210290901,0.0814432394,0.09452992144,,0.1003974846,2015,7,9
2015-03-04,0,0.179973699,0.2059096466,0.2007203393,0.1631309268,0.08276817328,0.07791734809,0.08517984255,0.08295270182,0.09781378533,,0.09958942881,2015,7,9
2015-03-05,0,0.179973699,0.1997280761,0.1946940954,0.1579294681,0.07966188831,0.06696339911,0.07555308542,0.07495723799,0.08825759443,,0.09078920419,2015,7,9
2015-03-06,0,0.179973699,0.2369442104,0.2309755891,0.1894219316,0.09894137259,0.1002755339,0.1077060596,0.1072570008,0.1204973941,,0.108886808,2015,7,9
2015-03-09,0,0.179973699,0.2325263651,0.2266686282,0.185661849,0.09657939807,0.08247668145,0.09183285361,0.0937069842,0.1049099844,,0.09887433444,2015,7,9
2015-03-10,0,0.179973699,0.2824207807,0.2753118451,0.2284450659,0.124449169,0.118256407,0.1272866085,0.1206811705,0.1399272454,,0.1113880227,2015,7,9
2015-03-11,0,0.179973699,0.2877080324,0.2804666603,0.2330181333,0.1275600598,0.09656930788,0.109765451,0.1141897255,0.1234702225,,0.09743073714,2015,7,9
2015-03-12,0,0.179973699,0.2438398909,0.2376982301,0.1953021656,0.1026683844,0.09267011025,0.1023228965,0.1060383857,0.115544071,,0.1034624768,2015,7,9
2015-03-13,0,0.179973699,0.2617287511,0.2551384038,0.210619158,0.1125691942,0.117317866,0.1249730389,0.1239648784,0.1375632741,,0.115729859,2015,7,9
2015-03-16,0,0.179973699,0.2497475663,0.2434576951,0.2003506316,0.1059007663,0.1106936883,0.1159325629,0.1161513652,0.1280509979,,0.1182179316,2015,7,9
2015-03-17,0,0.179973699,0.2512946595,0.2449659808,0.2016743366,0.1067533029,0.1025785001,0.1101701108,0.1070965535,0.1228323669,,0.1116873685,2015,7,9
2015-03-18,0,0.179973699,0.1974437481,0.1924671746,0.1560104093,0.07852352377,0.1028452672,0.1058242284,0.1057068625,0.1180136202,,0.1336191266,2015,7,9
2015-03-19,0,0.179973699,0.2007059736,0.1956474187,0.1587515084,0.08015077906,0.08623440858,0.09350299006,0.09253941887,0.1064732843,,0.1213410996,2015,7,9
2015-03-20,0,0.179973699,0.1661801012,0.1619896335,0.1299204142,0.06345340754,0.07715190422,0.08314619501,0.07761880628,0.09590224347,,0.1232385681,2015,7,9
2015-03-23,0,0.179973699,0.1790601506,0.1745457281,0.1406286742,0.06954770562,0.06907714359,0.07717886027,0.07819262905,0.09007827069,,0.1105080134,2015,7,9
2015-03-24,0,0.179973699,0.1859738566,0.1812855963,0.1464002415,0.07288481669,0.07533381887,0.08382805251,0.08612073507,0.09702514787,,0.1122660362,2015,7,9
2015-03-25,0,0.179973699,0.2444638652,0.2383065487,0.1958349238,0.1030080693,0.1006092543,0.1103096442,0.1215604633,0.123631963,,0.110416978,2015,7,9
2015-03-26,0,0.179973699,0.2556094109,0.2491725127,0.2053695936,0.1091443115,0.1109675006,0.1199898396,0.1206702428,0.1330251325,,0.1174633347,2015,7,9
2015-03-27,0,0.179973699,0.2328426705,0.226976994,0.1859308719,0.0967478425,0.08118267667,0.09340641653,0.1005514905,0.1073335761,,0.1022587919,2015,7,9
2015-03-30,0,0.179973699,0.214963996,0.2095472356,0.1707712638,0.08738647225,0.09240173814,0.09999340285,0.09787514899,0.1130083672,,0.116113266,2015,7,9
2015-03-31,0,0.179973699,0.2397721802,0.2337325887,0.1918318123,0.1004638886,0.1031588697,0.1118424039,0.1100843398,0.1249722982,,0.1190503327,2015,7,9
2015-04-01,0,0.179973699,0.2341067545,0.228209349,0.1870062869,0.09742203912,0.09759751369,0.1078693592,0.1070847154,0.1214684268,,0.1165584649,2015,7,9
2015-04-02,0,0.179973699,0.2201052152,0.2145593346,0.1751207806,0.0900453192,0.08515953523,0.0960612628,0.09736112062,0.1098353971,,0.1087886404,2015,7,9
2015-04-06,0,0.179973699,0.2223464961,0.2167443336,0.1770194243,0.09121275711,0.1041113091,0.1106678333,0.110752946,0.1234784522,,0.1255127711,2015,7,9
2015-04-07,0,0.179973699,0.2236249701,0.2179907053,0.1781031254,0.0918809625,0.08956004716,0.09925712184,0.1013397355,0.112711291,,0.1146840167,2015,7,9
2015-04-08,0,0.179973699,0.1977702963,0.192785516,0.156284639,0.07868594073,0.07885993635,0.08865039699,0.0898507793,0.1022202073,,0.1113948577,2015,7,9
2015-04-09,0,0.179973699,0.1684944229,0.1642457367,0.1318401894,0.06453673986,0.07152344569,0.0806018282,0.08202512439,0.09408378822,,0.1139068989,2015,7,9
2015-04-10,0,0.179973699,0.1516310871,0.1478067034,0.1178965967,0.05675974523,0.05635763263,0.06589450532,0.06865098095,0.07898755748,,0.1044054587,2015,7,9
2015-04-13,0,0.179973699,0.1964636823,0.19151174,0.1551875728,0.0780366916,0.07389436218,0.08353277705,0.08654548582,0.09690410817,,0.1021559068,2015,7,9
2015-04-14,0,0.179973699,0.1876168393,0.1828872736,0.1477741705,0.0736846587,0.07206577509,0.08139978239,0.08327645076,0.09472072666,,0.1032395726,2015,7,9
2015-04-15,0,0.179973699,0.1602270651,0.1561863692,0.1249911501,0.06069025151,0.05946875278,0.06883493788,0.06809421356,0.08193250141,,0.09877210225,2015,7,9
2015-04-16,0,0.179973699,0.1522919161,0.1484509011,0.1184410123,0.05705942494,0.05530770925,0.06498284515,0.06482500735,0.07805392287,,0.09514819936,2015,7,9
2015-04-17,0,0.179973699,0.1948288657,0.1899180117,0.1538157166,0.07722671723,0.08771948493,0.09670283287,0.09058999805,0.1103161475,,0.1148805427,2015,7,9
2015-04-20,0,0.179973699,0.175431533,0.1710083632,0.1376060311,0.06781469421,0.07299370814,0.08182320665,0.07436734164,0.09518483211,,0.1084172596,2015,7,9
2015-04-21,0,0.179973699,0.1737808549,0.1693991999,0.1362325236,0.06703052627,0.07136947723,0.08067624396,0.07641410263,0.09415145305,,0.108155363,2015,7,9
2015-04-22,0,0.179973699,0.1559279338,0.1519954159,0.1214394646,0.05871572003,0.06719355144,0.07570908374,0.07221311264,0.08898222389,,0.1110402277,2015,7,9
2015-04-23,0,0.179973699,0.1483285741,0.1445873104,0.115178375,0.05526827563,0.06416831728,0.07251489951,0.06978757154,0.08568169307,,0.1122208739,2015,7,9
2015-04-24,0,0.179973699,0.1420639231,0.1384803547,0.1100337688,0.05246735704,0.05305141448,0.06223484647,0.05882957034,0.07511354467,,0.1002127137,2015,7,9
2015-04-27,0,0.179973699,0.1694860412,0.1652124114,0.1326633416,0.06500248139,0.06700199527,0.07618738348,0.07659667844,0.08948630396,,0.1031201953,2015,7,9
2015-04-28,0,0.179973699,0.1460187778,0.1423356536,0.1132797468,0.0542312575,0.06203347902,0.07065513224,0.06927583239,0.08383248995,,0.1062825575,2015,7,9
2015-04-29,0,0.179973699,0.1784007237,0.1739028838,0.1400790335,0.06923182402,0.07628586273,0.08485862776,0.07922894239,0.09822478978,,0.109636734,2015,7,9
2015-04-30,0,0.179973699,0.2162516307,0.2108025295,0.1718598601,0.08804989698,0.09538040754,0.1044833621,0.1028652108,0.1179741583,,0.1153007836,2015,7,9
2015-05-01,0,0.179973699,0.1555973022,0.1516731045,0.1211666021,0.05856459158,0.064972275,0.07434936387,0.07152955123,0.08781212865,,0.1101569287,2015,7,9
2015-05-04,0,0.179973699,0.1605578092,0.1565087915,0.1252646749,0.06084288474,0.06141137852,0.07099150685,0.06741360374,0.0842683936,,0.1045809357,2015,7,9
2015-05-05,0,0.179973699,0.2085036456,0.2032491676,0.1653172225,0.08408293872,0.08717888896,0.09712914597,0.1002134374,0.1108214074,,0.1114337348,2015,7,9
2015-05-06,0,0.179973699,0.2353690044,0.2294399175,0.188080605,0.09809689551,0.1077106925,0.116351385,0.1160446674,0.1295695811,,0.1199977594,2015,7,9
2015-05-07,0,0.179973699,0.2347381098,0.2288248576,0.1875435843,0.09775938572,0.09335129604,0.1034512822,0.1062855597,0.1169355953,,0.109796144,2015,7,9
2015-05-08,0,0.179973699,0.1608885553,0.1568312157,0.1255382416,0.06099562281,0.07849204319,0.08575937374,0.07050453062,0.0990592501,,0.1233325714,2015,7,9
2015-05-11,0,0.179973699,0.1935198133,0.1886418618,0.152717851,0.07658002953,0.07407043325,0.0840534926,0.08550307599,0.09758280001,,0.1100090358,2015,7,9
2015-05-12,0,0.179973699,0.1938471742,0.1889609945,0.1529923471,0.07674159266,0.08938412774,0.09781010301,0.09016353394,0.1113123657,,0.1226872539,2015,7,9
2015-05-13,0,0.179973699,0.1905707339,0.1857669113,0.1502465925,0.07512928131,0.07811692366,0.08812775275,0.08260252583,0.10184507,,0.1125162347,2015,7,9
2015-05-14,0,0.179973699,0.1569199061,0.1529624262,0.1222583619,0.05916976271,0.07027721278,0.07841792755,0.06797488076,0.0917011534,,0.1172051174,2015,7,9
2015-05-15,0,0.179973699,0.1450294531,0.1413712322,0.1124671711,0.05378862586,0.05104338842,0.06092512581,0.05816970933,0.07389606646,,0.09906285154,2015,7,9
2015-05-18,0,0.179973699,0.1565892366,0.1526400776,0.1219853453,0.05901830595,0.05721189378,0.06645744804,0.06570462529,0.07942839735,,0.1011568492,2015,7,9
2015-05-19,0,0.179973699,0.1605578092,0.1565087915,0.1252646749,0.06084288474,0.05340295328,0.06325449581,0.06213764212,0.07616678618,,0.09152774466,2015,7,9
2015-05-20,0,0.179973699,0.1615500498,0.1574760668,0.1260854973,0.06130141209,0.0572494886,0.06691760182,0.06548594299,0.0799801772,,0.09314851118,2015,7,9
2015-05-21,0,0.179973699,0.1361462639,0.1327116822,0.105188513,0.04985556783,0.04472126099,0.05440087687,0.0561544,0.06695014441,,0.08463370716,2015,7,9
2015-05-22,0,0.179973699,0.1368027642,0.1333516528,0.105725339,0.05014369041,0.04334490702,0.05347201786,0.0513853024,0.06609024474,,0.08292533452,2015,7,9
2015-05-26,0,0.179973699,0.2003800826,0.1953297171,0.1584775239,0.0799877483,0.08085868667,0.09082943485,0.09195338709,0.1044798352,,0.1019933606,2015,7,9
2015-05-27,0,0.179973699,0.1744412147,0.1700429514,0.1367818864,0.06734392162,0.07091390104,0.07972846513,0.08046011485,0.09301100978,,0.1046465547,2015,7,9
2015-05-28,0,0.179973699,0.1757615773,0.1713301072,0.1378807703,0.06797179834,0.06240318743,0.07257104316,0.07213265218,0.08590417301,,0.09728743614,2015,7,9
2015-05-29,0,0.179973699,0.193192388,0.1883226664,0.1524433359,0.0764185394,0.06912849871,0.08018915215,0.08492307599,0.09389641255,,0.09789211571,2015,7,9
2015-06-01,0,0.179973699,0.1974437481,0.1924671746,0.1560104093,0.07852352377,0.08077488,0.09017039014,0.08775633138,0.1036794107,,0.1069185258,2015,7,9
2015-06-02,0,0.179973699,0.2062341911,0.2010367298,0.1634043468,0.08293230301,0.0828569899,0.0925200353,0.09085879623,0.1060490076,,0.1046454964,2015,7,9
2015-06-03,0,0.179973699,0.1872883492,0.1825670417,0.1474994018,0.07352453253,0.07160365209,0.08175395478,0.07840872378,0.09533098062,,0.1005726291,2015,7,9
2015-06-04,0,0.179973699,0.2213865581,0.2158085005,0.1762060526,0.09071212378,0.09236144367,0.1025138948,0.09935945133,0.1161850865,,0.1096801475,2015,7,9
2015-06-05,0,0.179973699,0.2052603094,0.2000873167,0.1625839769,0.08244010158,0.08081727842,0.09244037631,0.0900960259,0.1065404927,,0.1063770201,2015,7,9
2015-06-08,0,0.179973699,0.2397721802,0.2337325887,0.1918318123,0.1004638886,0.08164657709,0.09554690762,0.1008828266,0.1099167503,,0.0963927089,2015,7,9
2015-06-09,0,0.179973699,0.2136748489,0.2082904687,0.1696818967,0.08672393196,0.0776339582,0.09122980718,0.09085699937,0.1057636939,,0.09743622432,2015,7,9
2015-06-10,0,0.179973699,0.1727901073,0.1684333709,0.1354085925,0.06656111931,0.0699189549,0.08089339912,0.08002093579,0.09488278527,,0.1016222471,2015,7,9
2015-06-11,0,0.179973699,0.1605578092,0.1565087915,0.1252646749,0.06084288474,0.05602088295,0.06749904374,0.0653794098,0.08117440141,,0.0914501348,2015,7,9
2015-06-12,0,0.179973699,0.1912265152,0.186406208,0.150795875,0.07545114794,0.07652320942,0.08830252448,0.08452096037,0.102529674,,0.1003879008,2015,7,9
2015-06-15,0,0.179973699,0.2429030097,0.2367848563,0.1945024506,0.1021591178,0.1013827612,0.1125597977,0.1032182896,0.1263242968,,0.1084285091,2015,7,9
2015-06-16,0,0.179973699,0.2245827311,0.218924418,0.1789152933,0.09238262898,0.07988287065,0.09226543159,0.09585798794,0.1063206626,,0.09849049482,2015,7,9
2015-06-17,0,0.179973699,0.2146418501,0.2092331811,0.1704989934,0.08722075363,0.08640621227,0.09739641126,0.09445003622,0.1112999523,,0.105335735,2015,7,9
2015-06-18,0,0.179973699,0.1717991271,0.1674673157,0.1345848121,0.06609254343,0.07763048346,0.08643933129,0.08328129827,0.1000301882,,0.1141933354,2015,7,9
2015-06-19,0,0.179973699,0.1971171294,0.1921487644,0.1557361547,0.07836117641,0.07210872051,0.08339281714,0.08379666499,0.09723187333,,0.1020200129,2015,7,9
2015-06-22,0,0.179973699,0.1569199061,0.1529624262,0.1222583619,0.05916976271,0.06439546941,0.07448700312,0.06634911858,0.0881514454,,0.1052111356,2015,7,9
2015-06-23,0,0.179973699,0.1361462639,0.1327116822,0.105188513,0.04985556783,0.04896034343,0.05975508163,0.05792441791,0.07306205414,,0.097411152,2015,7,9
2015-06-24,0,0.179973699,0.1741110491,0.1697210896,0.1365071979,0.06718717843,0.06545779925,0.07725101533,0.07844680985,0.09131706601,,0.09986101363,2015,7,9
2015-06-25,0,0.179973699,0.1987495126,0.1937401235,0.1571071741,0.07917360637,0.0689675549,0.08180438053,0.08318722415,0.09603398948,,0.09203453243,2015,7,9
2015-06-26,0,0.179973699,0.1990757736,0.1940581854,0.1573812995,0.07933629891,0.07159759686,0.08430227106,0.08312818945,0.09857055601,,0.09429663499,2015,7,9
2015-06-29,0,0.179973699,0.3427086809,0.3340916122,0.2810082749,0.1618236432,0.1667637863,0.1752922786,0.1732392586,0.1859500993,,0.1309706794,2015,7,9
2015-06-30,0,0.179973699,0.3261155703,0.3179131331,0.2664514721,0.1511116946,0.1532011227,0.1631093062,0.1518156482,0.1747337952,,0.1330860628,2015,7,9
2015-07-01,0,0.179973699,0.264465006,0.2578060563,0.2129698074,0.1141135644,0.130346238,0.1397769516,0.120291914,0.15269478,,0.1380604012,2015,7,9
2015-07-02,0,0.179973699,0.2853639078,0.2781812482,0.2309897461,0.1261770029,0.1212792061,0.1334476308,0.1282165095,0.1468256502,,0.1281063535,2015,7,9
2015-07-06,0,0.179973699,0.2917878872,0.2844443431,0.2365518567,0.1299818432,0.1437052735,0.1532610838,0.1389620819,0.1655694478,,0.1418646016,2015,7,9
2015-07-07,0,0.179973699,0.264465006,0.2578060563,0.2129698074,0.1141135644,0.1402841823,0.1477055609,0.1379472666,0.1600136446,,0.1472051354,2015,7,9
2015-07-08,0,0.179973699,0.3635257692,0.354389063,0.2993636013,0.1757419154,0.1750163925,0.1854914782,0.1762181457,0.195932834,,0.1436671421,2015,7,9
2015-07-09,0,0.179973699,0.3712381842,0.3619091238,0.3061897668,0.1810377134,0.1932849759,0.2000124196,0.1814596715,0.2088327761,,0.1549776353,2015,7,9
2015-07-10,0,0.179973699,0.2865370971,0.2793250522,0.2320047363,0.1268684317,0.1655639398,0.1701188844,0.1479918069,0.1808946042,,0.1687278265,2015,7,9
2015-07-13,0,0.179973699,0.195155964,0.1902368888,0.1540901318,0.07738856952,0.1031056815,0.1126168019,0.09073855223,0.1266711093,,0.1552173123,2015,7,9
2015-07-14,0,0.179973699,0.1777411477,0.1732598944,0.139529418,0.06891628995,0.07999241331,0.09137070801,0.08516732333,0.1057750267,,0.1387056648,2015,7,9
2015-07-15,0,0.179973699,0.1731203833,0.1687553399,0.1356832203,0.06671749639,0.078394515,0.08995599247,0.08090370774,0.1044417366,,0.1365131009,2015,7,9
2015-07-16,0,0.179973699,0.1361462639,0.1327116822,0.105188513,0.04985556783,0.06702261127,0.07720811208,0.05938202662,0.09136404446,,0.1354013021,2015,7,9
2015-07-17,0,0.179973699,0.1309051349,0.1276025281,0.1009092034,0.04756991533,0.04718931739,0.0588056038,0.0540068897,0.07239391233,,0.1051534649,2015,7,9
2015-07-20,0,0.179973699,0.140747222,0.1371968015,0.1089544568,0.05188336963,0.05169138261,0.06336507442,0.05914259656,0.07713244492,,0.1021439543,2015,7,9
2015-07-21,0,0.179973699,0.1397602816,0.1362347082,0.1081459097,0.05144671032,0.05337793985,0.06553903,0.06178492167,0.07961236951,,0.1038698985,2015,7,9
2015-07-22,0,0.179973699,0.1364744793,0.1330316336,0.1054568755,0.04999956313,0.0541502839,0.06646562619,0.05682491321,0.08069290169,,0.1062717454,2015,7,9
2015-07-23,0,0.179973699,0.1536138434,0.1497395601,0.1195305645,0.05766014669,0.05990198511,0.07333548391,0.07297748601,0.08803278139,,0.1043991912,2015,7,9
2015-07-24,0,0.179973699,0.1899147148,0.185127383,0.1496972526,0.07480771715,0.07918933088,0.09423731477,0.09771925026,0.1096183397,,0.1134717844,2015,7,9
2015-07-27,1,0.179973699,0.2494377659,0.243155666,0.2000856444,0.1057303509,0.1044086566,0.1201530273,0.1120029137,0.1351141159,,0.118669364,2015,7,9
2015-07-28,1,0.179973699,0.1800490001,0.1755097117,0.1414531719,0.07002217414,0.08777874288,0.1003066166,0.09472265213,0.115238831,,0.1309123289,2015,7,9
2015-07-29,1,0.179973699,0.1489888349,0.1452309527,0.1157214839,0.05556563586,0.06359235773,0.07630068964,0.07623208322,0.09097708463,,0.1207546301,2015,7,9
2015-07-30,1,0.179973699,0.1368027642,0.1333516528,0.105725339,0.05014369041,0.06183977534,0.07425397816,0.06941718476,0.08893383571,,0.1217825574,2015,7,9
2015-07-31,1,0.179973699,0.1364744793,0.1330316336,0.1054568755,0.04999956313,0.05714702434,0.07016408992,0.06594232875,0.08482824245,,0.115116039,2015,7,9
2015-08-03,1,0.179973699,0.1509703573,0.1471626026,0.1173524297,0.05646052353,0.06607525749,0.0795604427,0.07644770952,0.09459336241,,0.1170735406,2015,7,9
2015-08-04,1,0.179973699,0.1655187528,0.1613449226,0.129372166,0.06314476989,0.06543578901,0.07985234252,0.07795613687,0.09496589488,,0.1078235739,2015,7,9
2015-08-05,1,0.179973699,0.1493190139,0.1455528212,0.1159931415,0.05571449234,0.06664497306,0.07987283641,0.07181907483,0.09486515511,,0.1156614942,2015,7,9
2015-08-06,1,0.179973699,0.1908986546,0.1860865889,0.1505212412,0.07529017696,0.08318173145,0.09796504045,0.09739457146,0.1133327209,,0.1157932144,2015,7,9
2015-08-07,1,0.179973699,0.1784007237,0.1739028838,0.1400790335,0.06923182402,0.07188365864,0.08760829532,0.08513074904,0.1032004721,,0.1101381495,2015,7,9
2015-08-10,1,0.179973699,0.140089204,0.1365553496,0.1084153344,0.05159213587,0.06174636766,0.0747229589,0.06703338675,0.08955057013,,0.1119600443,2015,7,9
2015-08-11,1,0.179973699,0.1889302499,0.1841676659,0.148873144,0.07432594323,0.08676002579,0.1008784114,0.08898687055,0.1161388841,,0.1169004432,2015,7,9
2015-08-12,1,0.179973699,0.1856451032,0.1809651083,0.1461254329,0.07272508644,0.09815866138,0.110471558,0.102168817,0.1254302239,,0.1334184846,2015,7,9
2015-08-13,1,0.179973699,0.1816962644,0.1771155551,0.1428273936,0.07081465713,0.07822387336,0.09301871152,0.08825116566,0.1084202664,,0.1194205399,2015,7,9
2015-08-14,1,0.179973699,0.1598963236,0.1558639496,0.1247176679,0.06053772346,0.06262976229,0.07723265279,0.07680217995,0.09238562454,,0.1124663278,2015,7,9
2015-08-17,1,0.179973699,0.1661801012,0.1619896335,0.1299204142,0.06345340754,0.07629077245,0.08899910393,0.08685658402,0.1039029481,,0.1221905552,2015,7,9
2015-08-18,1,0.179973699,0.1915543153,0.1867257683,0.1510704933,0.07561219396,0.07317754163,0.08765321527,0.08631083803,0.1026661804,,0.1100096151,2015,7,9
2015-08-19,1,0.179973699,0.2385164884,0.2325084086,0.190761479,0.09978683187,0.1057342595,0.1199249728,0.1173970449,0.1346163801,,0.116992786,2015,7,9
2015-08-20,1,0.179973699,0.3502731256,0.3414671604,0.2876663285,0.1668185816,0.1784640092,0.1917188546,0.1882042139,0.2028288543,,0.1429528338,2015,7,9
2015-08-21,1,0.179973699,0.5292157476,0.5159731155,0.4489470932,0.3082743734,0.3001554781,0.3106271721,0.3134564325,0.3108431362,,0.1766060167,2015,7,9
2015-08-24,0,0.179973699,0.6716266608,0.6549365161,0.5824562076,0.4609680783,0.5481993441,0.5345417784,0.4943777026,0.5097519751,,0.3639449992,2015,7,9
2015-08-25,0,0.179973699,0.6288920258,0.6132232294,0.5418784791,0.4106576405,0.4859957612,0.4892012198,0.4594409105,0.4723726187,,0.3525158871,2015,7,9
2015-08-26,0,0.179973699,0.5622208877,0.5481696919,0.4794671193,0.3400260686,0.4506966361,0.4375602586,0.3929791175,0.4224122967,,0.3654966068,2015,7,9
2015-08-27,0,0.179973699,0.4979003787,0.4854285005,0.4202121835,0.2799441355,0.3805958048,0.3669632836,0.329624713,0.3583871234,,0.3452573231,2015,7,9
2015-08-28,1,0.179973699,0.4970419871,0.4845912793,0.4194275523,0.2791910998,0.3306405204,0.3285399731,0.3027660169,0.3253057504,,0.3109653844,2015,7,9
2015-08-31,0,0.179973699,0.5352873227,0.5218956353,0.4545433314,0.3139657712,0.3354539918,0.3383712926,0.3147400386,0.3347473937,,0.2707401444,2015,7,9
2015-09-01,0,0.179973699,0.5764127452,0.5620152754,0.4926656085,0.3543095257,0.4119307368,0.4155844682,0.3655864796,0.405474486,,0.2984773021,2015,7,9
2015-09-02,0,0.179973699,0.4977289031,0.4852612538,0.4200554296,0.279793608,0.3353893668,0.3416919634,0.2969059252,0.3394010549,,0.2702184565,2015,7,9
2015-09-03,0,0.179973699,0.4893796876,0.4771180489,0.4124308031,0.2725233533,0.3052702213,0.3171968509,0.2900862136,0.3181102576,,0.2526924703,2015,7,9
2015-09-04,0,0.179973699,0.525662134,0.5125068028,0.4456754645,0.3049737744,0.3450238171,0.3579220884,0.3071426639,0.3553469571,,0.2679216632,2015,7,9
2015-09-08,0,0.179973699,0.4765921103,0.4646463724,0.4007825447,0.2616091635,0.3302061335,0.3312851292,0.2734302287,0.3290038695,,0.2799406537,2015,7,9
2015-09-09,0,0.179973699,0.5001205345,0.4875939109,0.4222423118,0.2818975038,0.3237460566,0.3339485577,0.3172752321,0.3330514871,,0.2609091727,2015,7,9
2015-09-10,0,0.179973699,0.4666920476,0.454991174,0.3917890947,0.2533391372,0.2816602569,0.2960921879,0.2808326985,0.299506175,,0.2427961288,2015,7,9
2015-09-11,0,0.179973699,0.4437034024,0.4325720399,0.3709885299,0.2347218387,0.2550379643,0.2714137098,0.2587480448,0.2773596503,,0.2324791761,2015,7,9
2015-09-14,0,0.179973699,0.4644070939,0.4527627705,0.389716436,0.2514522932,0.2414812626,0.2629104499,0.2588086683,0.2702142816,,0.2132493988,2015,7,9
2015-09-15,0,0.179973699,0.4300100496,0.4192184843,0.3586538174,0.224009737,0.2443170527,0.2581631773,0.255708692,0.2645910604,,0.2153532715,2015,7,9
2015-09-16,1,0.179973699,0.4039122639,0.3937693584,0.3352608055,0.2043420405,0.2034393673,0.220179199,0.2211149789,0.2299197196,,0.1906454057,2015,7,9
2015-09-17,1,0.179973699,0.3991110576,0.3890876256,0.3309738227,0.2008275526,0.2345246311,0.2459711474,0.2362437501,0.2531260265,,0.2126654509,2015,7,9
2015-09-18,0,0.179973699,0.424465536,0.4138116678,0.3536712325,0.2197502484,0.2835997851,0.2933683922,0.2602752156,0.2967344593,,0.2482700137,2015,7,9
2015-09-21,0,0.179973699,0.3754085792,0.3659755443,0.3098866766,0.1839333715,0.230229708,0.2458166785,0.2241045589,0.2544268051,,0.2345134077,2015,7,9
2015-09-22,0,0.179973699,0.4278877459,0.4171488803,0.3567458001,0.2223740609,0.2773546804,0.2920187847,0.2461026825,0.2965460906,,0.2496207889,2015,7,9
2015-09-23,0,0.179973699,0.421227278,0.4106538601,0.3507643276,0.2172829676,0.235469679,0.2583417033,0.2402770449,0.2671089642,,0.2261788671,2015,7,9
2015-09-24,0,0.179973699,0.4491514372,0.4378849967,0.3759075193,0.239061184,0.2659537623,0.2861775164,0.2597109205,0.2919771378,,0.2156006176,2015,7,9
2015-09-25,0,0.179973699,0.4521404965,0.440799974,0.3786090923,0.2414609672,0.2598569734,0.2813726399,0.2588291771,0.2877397429,,0.2011990502,2015,7,9
2015-09-28,0,0.179973699,0.5230057065,0.5099156638,0.4432316468,0.3025210685,0.2834484762,0.3156824151,0.3187229879,0.320804246,,0.1908459251,2015,7,9
2015-09-29,0,0.179973699,0.5101539602,0.4973801148,0.4314304147,0.2908288371,0.2686169462,0.3022950246,0.2996768102,0.3090076335,,0.1828327833,2015,7,9
2015-09-30,0,0.179973699,0.4691491226,0.4573874533,0.3940191585,0.2553772294,0.2677447353,0.291098681,0.2668340093,0.2969176692,,0.1965533219,2015,7,9
2015-10-01,0,0.179973699,0.4302215401,0.4194247237,0.3588440087,0.2241730925,0.2325351182,0.2588974978,0.24956172,0.2683195235,,0.1874283542,2015,7,9
2015-10-02,0,0.179973699,0.3944823794,0.3845741664,0.3268458214,0.1974691833,0.2417318665,0.2584697556,0.25415719,0.2662575458,,0.2017174311,2015,7,9
2015-10-05,0,0.179973699,0.3605027566,0.3514414717,0.2966917495,0.1736869098,0.1966850356,0.2130587281,0.2042257125,0.2238345996,,0.1841762958,2015,7,9
2015-10-06,0,0.179973699,0.3569491827,0.3479765734,0.2935537037,0.1712860608,0.1821057736,0.2020288684,0.1979380887,0.2142694952,,0.1751374555,2015,7,9
2015-10-07,0,0.179973699,0.3307225208,0.3224049275,0.2704863785,0.1540524632,0.1792297271,0.1955511656,0.1868214804,0.2076175947,,0.1765922006,2015,7,9
2015-10-08,0,0.179973699,0.3035709391,0.2959324184,0.2467815955,0.1370816012,0.157865883,0.173518239,0.1764366475,0.1866774116,,0.168358949,2015,7,9
2015-10-09,0,0.179973699,0.2938171153,0.2864227601,0.2383110501,0.1311933356,0.1280373919,0.1474777039,0.1462327545,0.1624783509,,0.1416714883,2015,7,9
2015-10-12,0,0.179973699,0.2668880036,0.260168312,0.2150530414,0.1154878428,0.1038273696,0.1246744789,0.1254578644,0.1408233851,,0.1285646496,2015,7,9
2015-10-13,0,0.179973699,0.3106336647,0.3028184143,0.2529301247,0.1414132048,0.1478946636,0.1668967371,0.1612990812,0.1810136845,,0.1459040806,2015,7,9
2015-10-14,0,0.179973699,0.3206402261,0.3125746872,0.2616627435,0.1476494759,0.1397218979,0.1617318503,0.1645107151,0.176649837,,0.1361336429,2015,7,9
2015-10-15,0,0.179973699,0.2632502132,0.2566217194,0.2119259574,0.1134269322,0.1215954858,0.1393030533,0.1411980906,0.1544536755,,0.1379618101,2015,7,9
2015-10-16,0,0.179973699,0.2322099466,0.2263601522,0.1853927591,0.09641099598,0.1008271449,0.1186912013,0.1158327357,0.1345230647,,0.1326857849,2015,7,9
2015-10-19,0,0.179973699,0.2299918721,0.224197757,0.1835072774,0.09523338534,0.1000207858,0.1177981374,0.1132235701,0.1336391782,,0.1327811961,2015,7,9
2015-10-20,0,0.179973699,0.2540713438,0.2476730202,0.2040517631,0.108289739,0.104853945,0.1233236615,0.1217820211,0.1389824721,,0.1244155201,2015,7,9
2015-10-21,0,0.179973699,0.2827157397,0.275599415,0.2286999906,0.1246218993,0.1170963868,0.136862081,0.143724094,0.1523165284,,0.1244345986,2015,7,9
2015-10-22,0,0.179973699,0.213029716,0.2076615405,0.1691369317,0.0863929985,0.1106237998,0.1241857308,0.121232338,0.1391221856,,0.1421947905,2015,7,9
2015-10-23,0,0.179973699,0.2133523287,0.2079760497,0.1694094373,0.08655843696,0.1132022973,0.1236815769,0.1070819696,0.1377757889,,0.1491305134,2015,7,9
2015-10-26,0,0.179973699,0.2397721802,0.2337325887,0.1918318123,0.1004638886,0.09303608513,0.1079559225,0.1072298367,0.1227805834,,0.1258270945,2015,7,9
2015-10-27,0,0.179973699,0.2441519395,0.2380024493,0.1955685834,0.1028382096,0.1080736162,0.1216864243,0.1146145314,0.136132245,,0.133530097,2015,7,9
2015-10-28,0,0.179973699,0.2091512904,0.2038805421,0.1658634034,0.08441223919,0.1013498372,0.1119564675,0.1101807741,0.1260705544,,0.1386833242,2015,7,9
2015-10-29,0,0.179973699,0.2181801928,0.2126826558,0.1734912556,0.08904665759,0.08904694391,0.1018556554,0.09596655339,0.1163093027,,0.1214323601,2015,7,9
2015-10-30,0,0.179973699,0.2328426705,0.226976994,0.1859308719,0.0967478425,0.0897599551,0.1039133022,0.1084858415,0.1185738074,,0.1106626246,2015,7,9
2015-11-02,0,0.179973699,0.2033103451,0.1981863475,0.1609422803,0.08145740767,0.08409290629,0.09550341246,0.1014969494,0.109645745,,0.1148901201,2015,7,9
2015-11-03,0,0.179973699,0.2159298652,0.2104888455,0.1715877847,0.08788395875,0.08777955733,0.09854072561,0.1013250806,0.1123851935,,0.1109922808,2015,7,9
2015-11-04,0,0.179973699,0.2466438825,0.2404318717,0.1976971191,0.1041980359,0.0939338143,0.1055184821,0.1102088366,0.1192786355,,0.1055183952,2015,7,9
2015-11-05,0,0.179973699,0.2322099466,0.2263601522,0.1853927591,0.09641099598,0.09297028228,0.1044464312,0.1068657281,0.1183620264,,0.1091501084,2015,7,9
2015-11-06,0,0.179973699,0.2091512904,0.2038805421,0.1658634034,0.08441223919,0.08583433641,0.09761986267,0.09813634537,0.1118325052,,0.1101430257,2015,7,9
2015-11-09,0,0.179973699,0.2773846106,0.2704018508,0.2240959741,0.1215147519,0.1188236217,0.1303620129,0.1310740973,0.1437167192,,0.1168265075,2015,7,9
2015-11-10,0,0.179973699,0.2397721802,0.2337325887,0.1918318123,0.1004638886,0.09091939417,0.1045864771,0.1067298124,0.1190185279,,0.1078665917,2015,7,9
2015-11-11,0,0.179973699,0.2635541069,0.2569179942,0.2121870503,0.1135985522,0.09041343861,0.1057581703,0.1142903721,0.1203657459,,0.1019973362,2015,7,9
2015-11-12,0,0.179973699,0.329912702,0.3216153491,0.2697767408,0.1535336879,0.1375047565,0.1523769432,0.153303621,0.1654868567,,0.1158618482,2015,7,9
2015-11-13,0,0.179973699,0.3739414474,0.3645449873,0.3085856573,0.1829121086,0.1435062162,0.1624806873,0.1754833989,0.1757369443,,0.1110346739,2015,7,9
2015-11-16,0,0.179973699,0.3242060065,0.3160513092,0.2647805359,0.149900183,0.1281735028,0.1430964403,0.1628478267,0.1565017096,,0.1105917193,2015,7,9
2015-11-17,0,0.179973699,0.3424456064,0.3338351085,0.280776968,0.1616512003,0.1394730746,0.1535001974,0.1619476672,0.1661753126,,0.1150405711,2015,7,9
2015-11-18,0,0.179973699,0.2871228395,0.279896124,0.2325116281,0.1272142171,0.1172081391,0.1284438638,0.1430481882,0.14159072,,0.1157847672,2015,7,9
2015-11-19,0,0.179973699,0.2912067932,0.2838778003,0.2360482856,0.12963577,0.09823250334,0.1125858436,0.1229473779,0.1265772269,,0.1019075248,2015,7,9
2015-11-20,0,0.179973699,0.2453989021,0.239218126,0.1966334782,0.1035178533,0.09778931159,0.1099088423,0.1102641096,0.1238775824,,0.1101919298,2015,7,9
2015-11-23,0,0.179973699,0.2500572398,0.2437596005,0.200615537,0.1060712126,0.09242491023,0.1057166726,0.1100919659,0.1199131653,,0.1028894439,2015,7,9
2015-11-24,0,0.179973699,0.2595930242,0.2530562282,0.2087858263,0.1113693354,0.1095575627,0.1204541875,0.1216620161,0.1339313206,,0.111150821,2015,7,9
2015-11-25,0,0.179973699,0.2366294024,0.2306686819,0.1891538075,0.09877239774,0.07563798343,0.09018128265,0.09300395437,0.1046788177,,0.09408262823,2015,7,9
2015-11-27,0,0.179973699,0.2344224896,0.2285171593,0.18727497,0.09759069191,0.07880424518,0.09279070414,0.09527500281,0.1072028627,,0.09621047267,2015,7,9
2015-11-30,0,0.179973699,0.2656775656,0.2589882176,0.2140121379,0.1148005154,0.08683075029,0.1017894208,0.1112074441,0.1162243828,,0.0930733468,2015,7,9
2015-12-01,0,0.179973699,0.2201052152,0.2145593346,0.1751207806,0.0900453192,0.08285881774,0.09492817684,0.09704208255,0.1090116974,,0.09988456499,2015,7,9
2015-12-02,0,0.179973699,0.2589816155,0.252460151,0.2082612163,0.11102674,0.09762364011,0.1113041369,0.1220500622,0.1255298056,,0.09888956376,2015,7,9
2015-12-03,0,0.179973699,0.3228375653,0.3147170824,0.2635836502,0.1490346478,0.1441299328,0.1568098629,0.1699528579,0.1693505348,,0.1198515654,2015,7,9
2015-12-04,0,0.179973699,0.2245827311,0.218924418,0.1789152933,0.09238262898,0.1018408605,0.1125211788,0.1265241282,0.1264206695,,0.1214864201,2015,7,9
2015-12-07,0,0.179973699,0.2568375113,0.2503698141,0.2064223114,0.1098284619,0.11615353,0.1272627836,0.1339629228,0.1408273764,,0.1252143976,2015,7,9
2015-12-08,1,0.179973699,0.3086654751,0.3008994684,0.2512154385,0.1402003216,0.1530995796,0.1616166254,0.1584328036,0.173208724,,0.1389708297,2015,7,9
2015-12-09,1,0.179973699,0.3622687543,0.3531634077,0.298252345,0.1748859997,0.1931888339,0.198618105,0.2006908699,0.2073396108,,0.1548904223,2015,7,9
2015-12-10,1,0.179973699,0.3554174128,0.346483033,0.2922019621,0.1702560901,0.1643580842,0.1743556571,0.1791104379,0.1852043274,,0.14091574,2015,7,9
2015-12-11,0,0.179973699,0.4670712557,0.4553609983,0.3921331812,0.2536530648,0.2436599062,0.2500005227,0.2366531245,0.2544616033,,0.1598971023,2015,7,9
2015-12-14,1,0.179973699,0.4340075938,0.4231167893,0.3622504451,0.2271084674,0.2177633216,0.2258475515,0.2258131267,0.232673286,,0.1577597927,2015,7,9
2015-12-15,1,0.179973699,0.3947151259,0.3848011183,0.3270532762,0.1976373591,0.2138890383,0.2169112393,0.2064249598,0.2236850636,,0.1668501614,2015,7,9
2015-12-16,1,0.179973699,0.3159390651,0.3079910982,0.2575569994,0.144705037,0.1733706803,0.1764265987,0.1677853571,0.1861632171,,0.1652584412,2015,7,9
2015-12-17,1,0.179973699,0.3450696773,0.3363936421,0.2830849088,0.1633750625,0.1645746691,0.1757454791,0.1878132876,0.1870053239,,0.153458455,2015,7,9
2015-12-18,1,0.179973699,0.3888547873,0.3790867088,0.3218335039,0.1934251043,0.1856250883,0.2010338396,0.2118989025,0.2116317561,,0.1515368105,2015,7,9
2015-12-21,1,0.179973699,0.3387469338,0.3302288282,0.2775266823,0.1592357293,0.1685908389,0.1819758339,0.1728228197,0.1936800562,,0.1536078826,2015,7,9
2015-12-22,1,0.179973699,0.2797596851,0.272717417,0.2261461884,0.1228951536,0.1399694287,0.1529363035,0.148858372,0.1663227031,,0.1494567101,2015,7,9
2015-12-23,1,0.179973699,0.2485076046,0.2422488385,0.1992901945,0.1052192922,0.1144415955,0.1268565262,0.1227032083,0.1409003641,,0.1376045371,2015,7,9
2015-12-24,1,0.179973699,0.2537633401,0.2473727414,0.2037879413,0.1081189085,0.1007122251,0.1156322225,0.1141227541,0.1302951958,,0.1261233704,2015,7,9
2015-12-28,1,0.179973699,0.2888765912,0.2816059529,0.2340298282,0.1282518085,0.1247216164,0.1380975627,0.1297458652,0.1516908539,,0.131091153,2015,7,9
2015-12-29,1,0.179973699,0.2641615186,0.2575101776,0.2127089885,0.1139418771,0.1186358701,0.1292335153,0.1168218959,0.1425431635,,0.1318080617,2015,7,9
2015-12-30,1,0.179973699,0.2998616967,0.2923160157,0.2435575133,0.1348296332,0.1116843993,0.1264293244,0.1306435135,0.1403600774,,0.1161884708,2015,7,9
2015-12-31,1,0.179973699,0.3255707025,0.3173818868,0.2659746025,0.150765564,0.1371599508,0.1518035204,0.1509817236,0.1649318911,,0.1252759964,2015,7,9
2016-01-04,1,0.1759641256,0.3888547873,0.3790867088,0.3218335039,0.1920749168,0.2167978621,0.2235342935,0.1867985069,0.2301768916,,0.1696078063,2016,7,9
2016-01-05,1,0.1759641256,0.3554174128,0.346483033,0.2922019621,0.1695103409,0.1659642852,0.180433942,0.1679552304,0.1911902867,,0.1519185616,2016,7,9
2016-01-06,1,0.1759641256,0.3862485549,0.3765453934,0.3195146581,0.1902663925,0.2223869444,0.232251681,0.1929458235,0.2391750862,,0.1804685353,2016,7,9
2016-01-07,0,0.1759641256,0.4782427284,0.4662561893,0.4022840903,0.2596600369,0.2915255294,0.3020496482,0.2604386508,0.3032607075,,0.2040798057,2016,7,9
2016-01-08,0,0.1759641256,0.5130970477,0.5002507448,0.4341297297,0.2892238024,0.2851655413,0.3036848772,0.2918414793,0.3058216352,,0.1958939848,2016,7,9
2016-01-11,0,0.1759641256,0.4653611056,0.4536931698,0.3905816714,0.2492154759,0.2644709202,0.2840796287,0.2673441731,0.2886598339,,0.195186827,2016,7,9
2016-01-12,0,0.1759641256,0.4285257283,0.4177710197,0.3573192612,0.2206963132,0.2539985639,0.270129817,0.2470777183,0.2755137459,,0.2008171951,2016,7,9
2016-01-13,0,0.1759641256,0.4824214783,0.4703316784,0.4060881072,0.2631027835,0.2824725854,0.3070709275,0.3154712734,0.3108842877,,0.2032790484,2016,7,9
2016-01-14,0,0.1759641256,0.4586231244,0.4471220051,0.3844749676,0.2438516643,0.2800708881,0.2961582995,0.2962229807,0.2993171561,,0.2077150908,2016,7,9
2016-01-15,0,0.1759641256,0.5132596639,0.5004093581,0.4342789319,0.2893663597,0.3451670779,0.3610807356,0.313630168,0.3586367908,,0.2405573422,2016,7,9
2016-01-19,0,0.1759641256,0.4970419871,0.4845912793,0.4194275523,0.2753636188,0.3114370526,0.3324633455,0.3122117634,0.333459326,,0.2296484093,2016,7,9
2016-01-20,0,0.1759641256,0.5223769515,0.5093023656,0.4426534422,0.2974300658,0.363454296,0.3813494435,0.3568582477,0.3776778524,,0.2602016333,2016,7,9
2016-01-21,0,0.1759641256,0.5078437855,0.4951268348,0.4293129195,0.2846421628,0.325012958,0.3469359075,0.3280704814,0.3468821692,,0.2454883337,2016,7,9
2016-01-22,0,0.1759641256,0.4257526843,0.4150668444,0.3548273217,0.2186270882,0.2877866199,0.3030382145,0.2483800773,0.306204169,,0.2491125047,2016,7,9
2016-01-25,0,0.1759641256,0.4624905276,0.4508936471,0.3879788197,0.2469220828,0.257891959,0.2872762009,0.2832729994,0.2938592896,,0.2155684385,2016,7,9
2016-01-26,0,0.1759641256,0.4291626303,0.4183921065,0.3578918412,0.2211730622,0.2434615165,0.2675706419,0.2572659948,0.2748577756,,0.2135788999,2016,7,9
2016-01-27,0,0.1759641256,0.4418677791,0.4307819438,0.369332632,0.230801663,0.2696236752,0.2943157087,0.2815932221,0.2997860422,,0.2168850803,2016,7,9
2016-01-28,0,0.1759641256,0.4274617379,0.4167334518,0.3563629261,0.2199011193,0.2571466992,0.2808468774,0.25779456,0.2872431112,,0.2141810194,2016,7,9
2016-01-29,1,0.1759641256,0.3768706203,0.3674011409,0.3111836753,0.1838294479,0.2111290958,0.2303051083,0.2361716752,0.2395540169,,0.1979437525,2016,7,9
2016-02-01,1,0.1759641256,0.3714846786,0.362149472,0.3064081638,0.1801819486,0.2158314757,0.2339207974,0.2229505421,0.24283156,,0.2037824605,2016,7,9
2016-02-02,0,0.1759641256,0.4179598925,0.4074676695,0.3478336427,0.2128684785,0.2388882444,0.2623843344,0.2479612019,0.2700569766,,0.206170826,2016,7,9
2016-02-03,0,0.1759641256,0.4106675804,0.4003566465,0.3413013939,0.2075539887,0.2612891093,0.2774313266,0.2633567521,0.2827032309,,0.2230512563,2016,7,9
2016-02-04,0,0.1759641256,0.4148837484,0.4044679869,0.345076669,0.2106179567,0.2338618051,0.2544280181,0.2479999614,0.2619762824,,0.2038672427,2016,7,9
2016-02-05,0,0.1759641256,0.4473451542,0.4361234911,0.3742759161,0.2350231187,0.264478858,0.2892593219,0.2883754501,0.2949756513,,0.2144747918,2016,7,9
2016-02-08,0,0.1759641256,0.4961811338,0.4837516593,0.4186408329,0.2746322924,0.3031910752,0.329204365,0.3101281017,0.3315195322,,0.2252098844,2016,7,9
2016-02-09,0,0.1759641256,0.5053478367,0.4926923748,0.4270264591,0.2824812837,0.3088924806,0.3339246132,0.3204393585,0.3355107968,,0.2272915701,2016,7,9
2016-02-10,0,0.1759641256,0.5011396112,0.4885878637,0.4231745249,0.2788610711,0.2891621467,0.3178084817,0.3099106298,0.3213983237,,0.2155021137,2016,7,9
2016-02-11,0,0.1759641256,0.5308990324,0.5176150629,0.4504977793,0.3050953078,0.3326420319,0.3606052651,0.3290292419,0.3603838226,,0.2350645714,2016,7,9
2016-02-12,0,0.1759641256,0.4856527111,0.4734830966,0.4090321934,0.2657835062,0.294085234,0.3169264176,0.2895479087,0.3196192592,,0.2270694806,2016,7,9
2016-02-16,0,0.1759641256,0.4617207315,0.4501429092,0.3872811261,0.2463091567,0.2777148296,0.2944427661,0.2597828095,0.2977927403,,0.2226827724,2016,7,9
2016-02-17,0,0.1759641256,0.4251096556,0.4144397876,0.354249721,0.218148775,0.2400645168,0.2549751651,0.2333723636,0.2610614728,,0.2076255973,2016,7,9
2016-02-18,0,0.1759641256,0.4104443254,0.4001389433,0.3411015961,0.2073924057,0.1986275729,0.2217811503,0.2136131946,0.2318107736,,0.1823728348,2016,7,9
2016-02-19,0,0.1759641256,0.3848198394,0.3751522697,0.3182441436,0.1892786164,0.1957451135,0.2183281831,0.2021008891,0.2288321334,,0.1784586825,2016,7,9
2016-02-22,0,0.1759641256,0.3564391561,0.3474792756,0.2931035591,0.1701797482,0.1876790289,0.204830512,0.1697223077,0.2151997661,,0.1735126969,2016,7,9
2016-02-23,0,0.1759641256,0.3954125124,0.3854811431,0.3276749538,0.1966637215,0.1829238083,0.2069938675,0.203042754,0.2182309484,,0.1567758737,2016,7,9
2016-02-24,0,0.1759641256,0.3893267736,0.37954694,0.3222536104,0.1924033597,0.2186089663,0.2345089004,0.2256271058,0.2425858733,,0.1807459442,2016,7,9
2016-02-25,0,0.1759641256,0.3494964355,0.3407098618,0.2869820771,0.1656554286,0.1796210459,0.1960669385,0.193853387,0.2067643399,,0.1711357921,2016,7,9
2016-02-26,0,0.1759641256,0.3672749944,0.3580447679,0.3026802686,0.1773557974,0.1790792269,0.1970210723,0.1909062921,0.207735948,,0.1664525107,2016,7,9
2016-02-29,0,0.1759641256,0.3852966019,0.3756171548,0.3186680625,0.1896079513,0.196036158,0.2146443461,0.2155764026,0.224409994,,0.1697181377,2016,7,9
2016-03-01,0,0.1759641256,0.3114749664,0.3036386682,0.2536633618,0.1418595956,0.1754367262,0.1860615455,0.1842764123,0.1964407916,,0.1780037343,2016,7,9
2016-03-02,0,0.1759641256,0.2941064199,0.2867048211,0.2385619423,0.1315199769,0.1363697442,0.1515351587,0.1541509201,0.164219268,,0.152566706,2016,7,9
2016-03-03,0,0.1759641256,0.2827157397,0.275599415,0.2286999906,0.1249122468,0.1289576425,0.1436349646,0.1452869849,0.1565204807,,0.1485484421,2016,7,9
2016-03-04,0,0.1759641256,0.287415523,0.2801814769,0.2327649449,0.1276222043,0.1436152522,0.1550278414,0.1529962266,0.1668501547,,0.1566987293,2016,7,9
2016-03-07,0,0.1759641256,0.3015767463,0.2939881368,0.2450478051,0.1359275621,0.1440900136,0.1555974742,0.1502966318,0.1672151808,,0.1505023628,2016,7,9
2016-03-08,0,0.1759641256,0.3379505234,0.3294523144,0.2768272494,0.1582560392,0.157449196,0.1714163206,0.1604245966,0.1826286299,,0.1465251737,2016,7,9
2016-03-09,0,0.1759641256,0.3291014813,0.3208244047,0.2690660343,0.1526884983,0.1482856923,0.1617780985,0.1486350175,0.1732977102,,0.1432916999,2016,7,9
2016-03-10,0,0.1759641256,0.3211904045,0.313111108,0.2621435963,0.1477857555,0.1727626083,0.1811411509,0.1723529322,0.191025651,,0.162771512,2016,7,9
2016-03-11,0,0.1759641256,0.2767894248,0.2698215786,0.2235824308,0.1215275301,0.1570965844,0.1614470888,0.1481165098,0.1716929434,,0.1677269911,2016,7,9
2016-03-14,0,0.1759641256,0.2891683754,0.2818904297,0.2342824994,0.1286387984,0.1327193454,0.1425692682,0.1333395974,0.1542282258,,0.1481437833,2016,7,9
2016-03-15,0,0.1759641256,0.2868300406,0.2796106586,0.2322582336,0.1272833578,0.1382757411,0.1474919076,0.134989304,0.158957642,,0.1485476246,2016,7,9
2016-03-16,0,0.1759641256,0.2303090747,0.2245069967,0.1837768282,0.09619677334,0.1116655661,0.1219339047,0.1204954733,0.1347021673,,0.1442720152,2016,7,9
2016-03-17,0,0.1759641256,0.2127070111,0.2073469415,0.1688643803,0.08714588785,0.1034944684,0.1129169418,0.1110881853,0.1256982991,,0.1387328587,2016,7,9
2016-03-18,0,0.1759641256,0.1990757736,0.1940581854,0.1573812995,0.08033334808,0.08166960168,0.09298088131,0.08829302357,0.1061142875,,0.1193908459,2016,7,9
2016-03-21,0,0.1759641256,0.1915543153,0.1867257683,0.1510704933,0.07664647553,0.07599018172,0.08750088036,0.08719797993,0.100644046,,0.1162822168,2016,7,9
2016-03-22,0,0.1759641256,0.203960655,0.1988203173,0.1614896501,0.08275520151,0.09056047586,0.1006119504,0.09687030868,0.1135133081,,0.1234084607,2016,7,9
2016-03-23,0,0.1759641256,0.2287219568,0.2229597219,0.1824284315,0.09536878181,0.08824830486,0.1008181561,0.10196458,0.1140335965,,0.1137079139,2016,7,9
2016-03-24,0,0.1759641256,0.2223464961,0.2167443336,0.1770194243,0.09206662458,0.09520603291,0.1067616268,0.09817722067,0.119875431,,0.1192951913,2016,7,9
2016-03-28,0,0.1759641256,0.2382022687,0.2322020745,0.1904937135,0.100350113,0.09057474269,0.1031087974,0.09933622988,0.1162215394,,0.1104991206,2016,7,9
2016-03-29,0,0.1759641256,0.1925373466,0.1876840898,0.1518942508,0.0771254487,0.0855136138,0.09537334421,0.09835860689,0.1082783034,,0.1195507488,2016,7,9
2016-03-30,0,0.1759641256,0.184000585,0.1793619367,0.1447513055,0.07299479964,0.08255711709,0.09166753786,0.08306871825,0.1044068211,,0.1200065114,2016,7,9
2016-03-31,0,0.1759641256,0.1967904406,0.1918302861,0.1554618757,0.07920773282,0.07429018406,0.0853608446,0.08496077063,0.09825624435,,0.1093905676,2016,7,9
2016-04-01,0,0.1759641256,0.1688249799,0.1645679787,0.1321145492,0.06581121244,0.08236463964,0.09011637807,0.08977083002,0.1026845305,,0.1244360076,2016,7,9
2016-04-04,0,0.1759641256,0.2023342871,0.1972348153,0.1601209776,0.08194646639,0.07756049653,0.08766455715,0.08945792799,0.1003030229,,0.1112157516,2016,7,9
2016-04-05,0,0.1759641256,0.2438398909,0.2376982301,0.1953021656,0.1033530615,0.1193340603,0.1262271473,0.1157473269,0.137991184,,0.1327059159,2016,7,9
2016-04-06,0,0.1759641256,0.2013575287,0.196282601,0.159299388,0.0814619143,0.086332583,0.09492517965,0.1002144278,0.1073781294,,0.1204979002,2016,7,9
2016-04-07,0,0.1759641256,0.2665856068,0.2598734956,0.2147929613,0.1157836309,0.1281316553,0.1343902366,0.1287775758,0.1456365304,,0.1347636082,2016,7,9
2016-04-08,0,0.1759641256,0.2419650306,0.2358704129,0.1937020487,0.1023510003,0.1166585855,0.1235021954,0.1134546916,0.1352844162,,0.1339016811,2016,7,9
2016-04-11,0,0.1759641256,0.2696033934,0.262815637,0.21738955,0.1174714307,0.1232708471,0.130406226,0.1267313118,0.1418418913,,0.1327722572,2016,7,9
2016-04-12,0,0.1759641256,0.225858269,0.2201679299,0.1799973556,0.09388081853,0.1024037708,0.1095567447,0.1108383622,0.1215684729,,0.1262549612,2016,7,9
2016-04-13,0,0.1759641256,0.193192388,0.1883226664,0.1524433359,0.07744509295,0.08567056543,0.09248945541,0.08499230209,0.1045499546,,0.1211647693,2016,7,9
2016-04-14,0,0.1759641256,0.1892584623,0.1844876275,0.1491478593,0.07553121238,0.07171605356,0.08057379552,0.07927549824,0.09281939655,,0.1086458916,2016,7,9
2016-04-15,0,0.1759641256,0.1859738566,0.1812855963,0.1464002415,0.07394382504,0.06297513108,0.07303197586,0.07418078659,0.08533195669,,0.09858889512,2016,7,9
2016-04-18,0,0.1759641256,0.1770814278,0.1726167651,0.1389798324,0.06969436368,0.07339023669,0.08058341964,0.08272878013,0.09255467622,,0.1079152667,2016,7,9
2016-04-19,0,0.1759641256,0.1734506327,0.1690772832,0.1359578642,0.06797936998,0.06605083693,0.0736890789,0.07143605366,0.08552255792,,0.1010037375,2016,7,9
2016-04-20,0,0.1759641256,0.174771351,0.1703647847,0.1370565885,0.06860186561,0.06668373553,0.07412030544,0.07424211519,0.08590501633,,0.100501735,2016,7,9
2016-04-21,0,0.1759641256,0.1967904406,0.1918302861,0.1554618757,0.07920773282,0.07094646567,0.07932642334,0.08375863426,0.09130960138,,0.09904117541,2016,7,9
2016-04-22,0,0.1759641256,0.1727901073,0.1684333709,0.1354085925,0.06766861821,0.06676894973,0.07509901141,0.07481051638,0.0871872274,,0.1024259316,2016,7,9
2016-04-25,0,0.1759641256,0.2010317891,0.1959650468,0.1590254632,0.08130051333,0.07508103109,0.08332904825,0.07963557567,0.09536991668,,0.1008998873,2016,7,9
2016-04-26,0,0.1759641256,0.1971171294,0.1921487644,0.1557361547,0.07936835086,0.07135873492,0.07978516761,0.07836182281,0.09179372586,,0.09846795906,2016,7,9
2016-04-27,0,0.1759641256,0.1908986546,0.1860865889,0.1505212412,0.07632749216,0.07421371481,0.08168215964,0.08156819608,0.0935901106,,0.102521897,2016,7,9
2016-04-28,0,0.1759641256,0.2375734749,0.231589061,0.189957966,0.1000170694,0.1066304512,0.111788393,0.1084258321,0.1231889718,,0.1181302093,2016,7,9
2016-04-29,0,0.1759641256,0.2525300306,0.2461703653,0.2027318095,0.1080422128,0.1090866589,0.1155965497,0.1120277774,0.127138388,,0.1182601832,2016,7,9
2016-05-02,0,0.1759641256,0.2204257026,0.2148717738,0.1753921807,0.09107921531,0.09195709885,0.09872765069,0.09763285996,0.1105602808,,0.1155369325,2016,7,9
2016-05-03,0,0.1759641256,0.2494377659,0.243155666,0.2000856444,0.1063652178,0.112851106,0.1187911568,0.1067497605,0.1302514503,,0.123577277,2016,7,9
2016-05-04,0,0.1759641256,0.2632502132,0.2566217194,0.2119259574,0.1139288275,0.1160523346,0.1232774429,0.1114150775,0.1348516796,,0.1239226913,2016,7,9
2016-05-05,0,0.1759641256,0.2589816155,0.252460151,0.2082612163,0.1115712542,0.1038325176,0.1130940996,0.108031429,0.1251994173,,0.1140283107,2016,7,9
2016-05-06,0,0.1759641256,0.2217066398,0.2161205446,0.1764772325,0.09173731555,0.09184143889,0.1010708593,0.09760412744,0.1135331093,,0.1136713316,2016,7,9
2016-05-09,0,0.1759641256,0.216894873,0.2114296165,0.1724038615,0.08927310673,0.0784100361,0.08927001848,0.0862555225,0.1019678813,,0.1036102228,2016,7,9
2016-05-10,0,0.1759641256,0.1863025584,0.1816060342,0.1466750433,0.07410224742,0.07286128217,0.08132269851,0.08159410717,0.09353001546,,0.103427322,2016,7,9
2016-05-11,0,0.1759641256,0.2207460891,0.2151841148,0.1756635263,0.09124367508,0.08525710981,0.09486756476,0.09742364144,0.1073237022,,0.1027775917,2016,7,9
2016-05-12,0,0.1759641256,0.2117383474,0.20640261,0.1680464549,0.08665616133,0.08903960422,0.09788786538,0.09580079828,0.1103298637,,0.1089390159,2016,7,9
2016-05-13,0,0.1759641256,0.2318934151,0.2260515661,0.1851236024,0.09702569186,0.09635816674,0.1067439765,0.108845672,0.1194345165,,0.1103790219,2016,7,9
2016-05-16,0,0.1759641256,0.2204257026,0.2148717738,0.1753921807,0.09107921531,0.09100935899,0.09971879523,0.104634896,0.1120458471,,0.1113399716,2016,7,9
2016-05-17,0,0.1759641256,0.2485076046,0.2422488385,0.1992901945,0.1058625992,0.10610585,0.1154795492,0.1196266696,0.1277593349,,0.1164746271,2016,7,9
2016-05-18,0,0.1759641256,0.2602039002,0.2536517866,0.2093100817,0.11224448,0.1180458966,0.1257135282,0.1257724572,0.1374274115,,0.1233517797,2016,7,9
2016-05-19,0,0.1759641256,0.2717076262,0.2648671297,0.2192015389,0.1186537267,0.1166576937,0.1259834116,0.1235348422,0.1379304077,,0.1204974728,2016,7,9
2016-05-20,0,0.1759641256,0.2369442104,0.2309755891,0.1894219316,0.09968415525,0.09573590194,0.1059192075,0.1030059528,0.1184839609,,0.1144618142,2016,7,9
2016-05-23,0,0.1759641256,0.2562237235,0.249771419,0.2058961253,0.1100576579,0.08792874232,0.1001404833,0.1020533262,0.1129142152,,0.1045247414,2016,7,9
2016-05-24,0,0.1759641256,0.2120613264,0.2067174759,0.1683191415,0.08681935354,0.09072715387,0.0985595775,0.09712681158,0.1107585363,,0.1153414059,2016,7,9
2016-05-25,0,0.1759641256,0.195155964,0.1902368888,0.1540901318,0.07840557958,0.08443595673,0.09145413567,0.0871402935,0.1035090137,,0.1140842204,2016,7,9
2016-05-26,0,0.1759641256,0.1797194232,0.1751884224,0.1411783352,0.07094769414,0.06081629733,0.0707447521,0.07000304398,0.08297861949,,0.09758592586,2016,7,9
2016-05-27,0,0.1759641256,0.1694860412,0.1652124114,0.1326633416,0.06611992145,0.05215659014,0.06209536582,0.06624160513,0.07399601057,,0.09089816172,2016,7,9
2016-05-31,0,0.1759641256,0.2046106443,0.1994539749,0.1620368835,0.08307909143,0.07648843581,0.0847805127,0.08521482652,0.09683666247,,0.1015594357,2016,7,9
2016-06-01,0,0.1759641256,0.2049355176,0.1997706855,0.1623104479,0.08324112019,0.07673871413,0.08469912303,0.08433259304,0.09666417636,,0.09992411267,2016,7,9
2016-06-02,0,0.1759641256,0.1863025584,0.1816060342,0.1466750433,0.07410224742,0.06811185425,0.07635122253,0.07812148514,0.08830418914,,0.09582410958,2016,7,9
2016-06-03,0,0.1759641256,0.1810374852,0.1764733408,0.1422776996,0.07157621731,0.07365340703,0.08156217494,0.07964502224,0.09370322258,,0.1036475628,2016,7,9
2016-06-06,1,0.1759641256,0.1869598053,0.1822467575,0.147224624,0.07441930509,0.06848931498,0.0764623286,0.07673919725,0.08834253066,,0.09878549651,2016,7,9
2016-06-07,1,0.1759641256,0.2000541166,0.1950119425,0.1582035103,0.08081666329,0.06563291059,0.07414346144,0.07498886886,0.08591607599,,0.09271051947,2016,7,9
2016-06-08,1,0.1759641256,0.2010317891,0.1959650468,0.1590254632,0.08130051333,0.06165674313,0.07023850705,0.07339368107,0.08184674676,,0.08773923168,2016,7,9
2016-06-09,1,0.1759641256,0.2191431515,0.213621431,0.1743062569,0.09042181768,0.07814125356,0.08512748232,0.0800579804,0.09669237409,,0.09540669985,2016,7,9
2016-06-10,0,0.1759641256,0.2923684264,0.2850103453,0.2370550339,0.1305029997,0.1170820029,0.1212267412,0.1061225302,0.1317130057,,0.1068956413,2016,7,9
2016-06-13,0,0.1759641256,0.3951801575,0.3852545726,0.3274678113,0.1965001885,0.1484834618,0.1515607035,0.1486491238,0.1600870406,,0.1075929818,2016,7,9
2016-06-14,0,0.1759641256,0.3841035419,0.3744538177,0.3176073369,0.1887843548,0.1447222009,0.1490195816,0.1465070714,0.1580179091,,0.1088525151,2016,7,9
2016-06-15,0,0.1759641256,0.3754085792,0.3659755443,0.3098866766,0.1828357803,0.1417042602,0.1469724335,0.1461013017,0.156344444,,0.1097507701,2016,7,9
2016-06-16,0,0.1759641256,0.3561839859,0.3472304737,0.2928783712,0.1700124543,0.1545879038,0.1557951413,0.1542037738,0.164319147,,0.1219436416,2016,7,9
2016-06-17,0,0.1759641256,0.3572039625,0.3482249949,0.2937785929,0.1706816316,0.1290426107,0.1367803057,0.1406943568,0.147139056,,0.1077962497,2016,7,9
2016-06-20,0,0.1759641256,0.329912702,0.3216153491,0.2697767408,0.1531952008,0.1537982752,0.1537836243,0.1338266442,0.1624497336,,0.1280621689,2016,7,9
2016-06-21,0,0.1759641256,0.3328755215,0.3245041211,0.2723738096,0.1550521399,0.1242069814,0.1298117471,0.1240899959,0.1400752203,,0.1122561176,2016,7,9
2016-06-22,0,0.1759641256,0.3998006484,0.389760054,0.3315892363,0.199765206,0.1501273805,0.1530034839,0.1511414577,0.1613898644,,0.1136545133,2016,7,9
2016-06-23,1,0.1759641256,0.2987153291,0.2911983441,0.2425617941,0.1342322915,0.1323040195,0.1322183637,0.1129802574,0.1416200159,,0.1228113082,2016,7,9
2016-06-24,0,0.1759641256,0.4920139266,0.4796872685,0.414834783,0.2711088637,0.3490574854,0.31642504,0.2674434645,0.3077105981,,0.2383281996,2016,7,9
2016-06-27,0,0.1759641256,0.4566720935,0.4452192975,0.3827085861,0.2423110808,0.2650897988,0.2606979433,0.2326730699,0.2618120777,,0.2065540911,2016,7,9
2016-06-28,0,0.1759641256,0.3400712277,0.3315200393,0.2786900565,0.1596035808,0.2073695014,0.2040501185,0.1713028682,0.2102583305,,0.2070946028,2016,7,9
2016-06-29,0,0.1759641256,0.2809437796,0.2738718458,0.2271688789,0.1238964395,0.1755809007,0.1712704818,0.1442968115,0.1793498512,,0.2065276245,2016,7,9
2016-06-30,0,0.1759641256,0.2503667861,0.244061382,0.2008803605,0.1068680616,0.154613341,0.1498122357,0.1350320699,0.1587089667,,0.2025992913,2016,7,9
2016-07-01,0,0.1759641256,0.2233055073,0.217679264,0.1778322863,0.09256090669,0.1012015088,0.1067116429,0.09966397877,0.1183331206,,0.1470941777,2016,7,10
2016-07-05,0,0.1759641256,0.2488177848,0.2425512375,0.1995554256,0.1060301134,0.1199178395,0.1245042734,0.1098508107,0.1356650606,,0.1502749602,2016,7,10
2016-07-06,0,0.1759641256,0.2293571348,0.2235789541,0.1829679824,0.09569986548,0.115741241,0.1190187604,0.1137773941,0.1301473751,,0.1508603526,2016,7,10
2016-07-07,0,0.1759641256,0.2229859405,0.2173677214,0.1775613895,0.09239610381,0.1072940701,0.1122726013,0.106586436,0.1238368779,,0.1447392025,2016,7,10
2016-07-08,0,0.1759641256,0.1721294785,0.1677893581,0.1348593878,0.06735820053,0.09311863899,0.09587310287,0.08457649974,0.1073536569,,0.1516416059,2016,7,10
2016-07-11,0,0.1759641256,0.1833424381,0.1787203376,0.1442016257,0.07267903968,0.08440982166,0.08858992514,0.07979407047,0.1000241433,,0.1406677848,2016,7,10
2016-07-12,0,0.1759641256,0.1836715352,0.1790411602,0.1444764671,0.07283688295,0.097002755,0.09711200681,0.0853041659,0.1078459707,,0.1523844764,2016,7,10
2016-07-13,0,0.1759641256,0.166841404,0.1626343004,0.130468782,0.06488719266,0.07535641036,0.07949097766,0.07138627218,0.09078816619,,0.1368939459,2016,7,10
2016-07-14,0,0.1759641256,0.1595655856,0.1555415335,0.1244442289,0.06152718026,0.08385289041,0.08505136743,0.06593100831,0.09598448524,,0.1479135204,2016,7,10
2016-07-15,0,0.1759641256,0.1546054968,0.1507062578,0.120348335,0.0592628873,0.0749414303,0.07813113211,0.06891859073,0.08930423354,,0.138838858,2016,7,10
2016-07-18,0,0.1759641256,0.1470084666,0.1433004306,0.1140930057,0.05583594743,0.06110168842,0.06616129761,0.05999198289,0.07725249391,,0.1271383633,2016,7,10
2016-07-19,0,0.1759641256,0.1315591383,0.1282400622,0.1014425607,0.04901946553,0.05342638458,0.05944114145,0.04997454192,0.07053513212,,0.120319951,2016,7,10
2016-07-20,0,0.1759641256,0.125036003,0.1218812076,0.09613093563,0.04620247257,0.05061139869,0.05631849552,0.05286429204,0.06718141443,,0.1189339593,2016,7,10
2016-07-21,0,0.1759641256,0.1569199061,0.1529624262,0.1222583619,0.06031677466,0.06426641743,0.06932006729,0.06623315396,0.08046862995,,0.1171441372,2016,7,10
2016-07-22,0,0.1759641256,0.1331956261,0.1298353409,0.1027779483,0.0497318611,0.0500097586,0.0559948266,0.05530603149,0.06680542895,,0.1075857403,2016,7,10
2016-07-25,0,0.1759641256,0.1612193024,0.1571536411,0.1258118493,0.06228683857,0.06094156898,0.06645785478,0.06362565386,0.07750832456,,0.1102374044,2016,7,10
2016-07-26,0,0.1759641256,0.1671720365,0.1629566155,0.1307430091,0.06504097455,0.06763614712,0.07215056139,0.06905694422,0.08318733867,,0.1158789232,2016,7,10
2016-07-27,0,0.1759641256,0.1598963236,0.1558639496,0.1247176679,0.06167891984,0.06157915307,0.06714132125,0.06597392903,0.07825922654,,0.09904907802,2016,7,10
2016-07-28,0,0.1759641256,0.1562585789,0.1523177406,0.1217123792,0.06001516125,0.05664405579,0.06274297924,0.06213463175,0.07377821477,,0.09420142384,2016,7,10
2016-07-29,0,0.1759641256,0.1282927252,0.1250559078,0.09878052293,0.04760435026,0.04799602139,0.05439104363,0.05368366988,0.06524936788,,0.09350073726,2016,7,10
2016-08-01,0,0.1759641256,0.1470084666,0.1433004306,0.1140930057,0.05583594743,0.05216435136,0.05864694935,0.05837155384,0.06962075368,,0.09091898265,2016,7,10
2016-08-02,0,0.1759641256,0.1777411477,0.1732598944,0.139529418,0.07000722571,0.07048563931,0.07605175235,0.07607614025,0.0874101398,,0.09894247834,2016,7,10
2016-08-03,0,0.1759641256,0.1608885553,0.1568312157,0.1255382416,0.06213471551,0.05329034979,0.06058531589,0.06258245802,0.0717509527,,0.08843375403,2016,7,10
2016-08-04,0,0.1759641256,0.1463486349,0.1426572076,0.1135507583,0.05554064538,0.06422372764,0.06942410248,0.06780266039,0.08075351999,,0.1047641903,2016,7,10
2016-08-05,0,0.1759641256,0.1127697673,0.109923969,0.08619370895,0.04100334972,0.04055748734,0.04707706953,0.0520049067,0.05753387354,,0.09149736026,2016,7,10
2016-08-08,0,0.1759641256,0.1163004667,0.1133657163,0.08904702047,0.04248674548,0.0392661743,0.04611106131,0.04639499551,0.05652996671,,0.08765136052,2016,7,10
2016-08-09,0,0.1759641256,0.121466188,0.1184013085,0.09323194404,0.04467618491,0.04068911154,0.04748968744,0.04805329951,0.05796175775,,0.0839233969,2016,7,10
2016-08-10,0,0.1759641256,0.1341784895,0.1307934553,0.1035805111,0.05016081783,0.04492791565,0.05191885092,0.05380198633,0.06267647884,,0.08442701077,2016,7,10
2016-08-11,0,0.1759641256,0.1221141973,0.1190329952,0.09375776423,0.04495243875,0.03988605894,0.04661343015,0.046046367,0.05697752145,,0.07732450266,2016,7,10
2016-08-12,0,0.1759641256,0.1179111014,0.1149357758,0.09035055277,0.04316696264,0.03527570606,0.0424440993,0.04117812914,0.05259054603,,0.07354757207,2016,7,10
2016-08-15,0,0.1759641256,0.1263374555,0.1231498815,0.09718921417,0.04676160909,0.03681199863,0.04377422393,0.04190271843,0.05389743151,,0.07193151311,2016,7,10
2016-08-16,0,0.1759641256,0.1536138434,0.1497395601,0.1195305645,0.05881274355,0.04268134005,0.05032228287,0.04985773493,0.06093178768,,0.0703100654,2016,7,10
2016-08-17,0,0.1759641256,0.1387738735,0.1352731343,0.1073381918,0.05217733917,0.04591282138,0.05269621881,0.05248014291,0.06340542897,,0.07777930815,2016,7,10
2016-08-18,0,0.1759641256,0.1140515656,0.1111734728,0.08722891622,0.04154066109,0.02964668076,0.03701211399,0.03956554798,0.04670251597,,0.06663912573,2016,7,10
2016-08-19,0,0.1759641256,0.1111710398,0.1083655225,0.08490362415,0.0403351458,0.03628229674,0.04336131543,0.04167559567,0.05364634424,,0.07552366794,2016,7,10
2016-08-22,0,0.1759641256,0.1414054644,0.1378384725,0.1094939373,0.05334023931,0.0426580242,0.04990326786,0.05007566128,0.0604903222,,0.07406276574,2016,7,10
2016-08-23,0,0.1759641256,0.1450294531,0.1413712322,0.1124671711,0.05495137634,0.04599411378,0.052750094,0.04823081033,0.06338694216,,0.07697552938,2016,7,10
2016-08-24,0,0.1759641256,0.1803785365,0.1758309616,0.1417280119,0.07126180292,0.05629684162,0.06331351819,0.06544007714,0.07435987774,,0.07730454417,2016,7,10
2016-08-25,0,0.1759641256,0.1863025584,0.1816060342,0.1466750433,0.07410224742,0.05669571575,0.06395469063,0.06297385817,0.07504082981,,0.07727974041,2016,7,10
2016-08-26,0,0.1759641256,0.1869598053,0.1822467575,0.147224624,0.07441930509,0.07590117546,0.08051871294,0.08007716089,0.09171819753,,0.09594202943,2016,7,10
2016-08-29,0,0.1759641256,0.1635344956,0.1594105851,0.1277281939,0.06335434143,0.05371276547,0.06052407898,0.06359189986,0.07152543731,,0.0851486622,2016,7,10
2016-08-30,0,0.1759641256,0.1694860412,0.1652124114,0.1326633416,0.06611992145,0.05790546767,0.06460864452,0.06576072294,0.07576547127,,0.08698659926,2016,7,10
2016-08-31,0,0.1759641256,0.1793898065,0.1748670943,0.1409035025,0.07079075511,0.06256070958,0.06936373487,0.06932118553,0.08069587681,,0.08845598506,2016,7,10
2016-09-01,0,0.1759641256,0.1813668963,0.1767944689,0.1425525461,0.07173353836,0.0667039573,0.07298969693,0.07342061932,0.08434478714,,0.09130084545,2016,7,10
2016-09-02,0,0.1759641256,0.131886269,0.1285589551,0.1017094121,0.04916168955,0.05004549152,0.05679624606,0.05170065874,0.06789223443,,0.08856107282,2016,7,10
2016-09-06,0,0.1759641256,0.1331956261,0.1298353409,0.1027779483,0.0497318611,0.04647487084,0.05335616427,0.05182579361,0.06420888181,,0.08407380606,2016,7,10
2016-09-07,0,0.1759641256,0.1305782644,0.127283889,0.1006426995,0.04859356509,0.04217596562,0.04953588434,0.04817089115,0.06024364818,,0.08045981628,2016,7,10
2016-09-08,0,0.1759641256,0.1493190139,0.1455528212,0.1159931415,0.05687295863,0.04695403686,0.05461519653,0.05195643071,0.06560056304,,0.07962991752,2016,7,10
2016-09-09,0,0.1759641256,0.305841121,0.2981457873,0.2487565586,0.1384702701,0.1186324879,0.123604653,0.1323961739,0.1341043694,,0.09951567499,2016,7,10
2016-09-12,0,0.1759641256,0.2356842782,0.2297472784,0.188349011,0.09901872125,0.1024058926,0.1051066518,0.1161084933,0.1158869948,,0.1092309124,2016,7,10
2016-09-13,0,0.1759641256,0.3156611518,0.3077201362,0.2573144558,0.1444003536,0.1368317457,0.1385632253,0.1415310528,0.1480713333,,0.1169255551,2016,7,10
2016-09-14,0,0.1759641256,0.3236590411,0.315518019,0.2643020862,0.1493081515,0.1331678959,0.1361173458,0.1423640384,0.1458233442,,0.116136574,2016,7,10
2016-09-15,0,0.1759641256,0.2708066146,0.2639887004,0.2184255181,0.1181469315,0.1163671795,0.1186067058,0.129042661,0.1289345427,,0.1192217072,2016,7,10
2016-09-16,0,0.1759641256,0.2422778118,0.2361753458,0.1939689252,0.1025179377,0.09644034005,0.1027886928,0.1022607687,0.1143095221,,0.1122108521,2016,7,10
2016-09-19,0,0.1759641256,0.2472656248,0.2410380159,0.1982284643,0.1051928003,0.1027609613,0.108123171,0.107749137,0.1194108721,,0.1135593288,2016,7,10
2016-09-20,0,0.1759641256,0.2592873863,0.2527582544,0.2085235656,0.1117395317,0.09923870593,0.1056830733,0.1034877156,0.1170527518,,0.106960887,2016,7,10
2016-09-21,0,0.1759641256,0.175431533,0.1710083632,0.1376060311,0.06891360445,0.07900989787,0.08437211401,0.08470263084,0.09605296632,,0.1141646462,2016,7,10
2016-09-22,0,0.1759641256,0.1331956261,0.1298353409,0.1027779483,0.0497318611,0.05847208107,0.06491750908,0.05512937345,0.07647571504,,0.1099403643,2016,7,10
2016-09-23,0,0.1759641256,0.1420639231,0.1384803547,0.1100337688,0.05363213835,0.05341098991,0.06168358866,0.06046989766,0.07341174845,,0.1016290018,2016,7,10
2016-09-26,0,0.1759641256,0.2146418501,0.2092331811,0.1704989934,0.08812667239,0.08450274329,0.09193318012,0.08596346078,0.1038516914,,0.1069436031,2016,7,10
2016-09-27,0,0.1759641256,0.1688249799,0.1645679787,0.1321145492,0.06581121244,0.06808149262,0.07572309331,0.07789220717,0.08770967839,,0.1063170627,2016,7,10
2016-09-28,0,0.1759641256,0.145359186,0.1416926649,0.1127379524,0.05509852579,0.06192026518,0.06905903519,0.06803470387,0.08088393894,,0.1060708372,2016,7,10
2016-09-29,0,0.1759641256,0.1990757736,0.1940581854,0.1573812995,0.08033334808,0.08586120941,0.09264789874,0.09579081965,0.1046257629,,0.1118808761,2016,7,10
2016-09-30,0,0.1759641256,0.1751014573,0.1706865889,0.1373313036,0.06875769437,0.07718052934,0.08336269175,0.08056549653,0.09521326476,,0.1143395491,2016,7,10
2016-10-03,0,0.1759641256,0.1843295869,0.1796826666,0.1450261403,0.07315278946,0.070382618,0.07849153791,0.07747779786,0.09052262384,,0.1060372863,2016,7,10
2016-10-04,0,0.1759641256,0.1863025584,0.1816060342,0.1466750433,0.07410224742,0.07903202253,0.08702918662,0.08908113466,0.0993149527,,0.1126011851,2016,7,10
2016-10-05,0,0.1759641256,0.1651880634,0.1610225525,0.1290980885,0.06411962976,0.06454555661,0.07333734605,0.06851883787,0.08556319027,,0.1055764831,2016,7,10
2016-10-06,0,0.1759641256,0.1602270651,0.1561863692,0.1249911501,0.06183075581,0.06112628909,0.07022919724,0.06967641812,0.08244898052,,0.1017511555,2016,7,10
2016-10-07,0,0.1759641256,0.1813668963,0.1767944689,0.1425525461,0.07173353836,0.0738764353,0.08264723897,0.0839166158,0.09504678221,,0.10609362,2016,7,10
2016-10-10,0,0.1759641256,0.1780709541,0.1735814069,0.1398042223,0.07016377514,0.07201764718,0.08015039239,0.0694595429,0.09233296358,,0.1069257712,2016,7,10
2016-10-11,0,0.1759641256,0.2419650306,0.2358704129,0.1937020487,0.1023510003,0.1036578704,0.1114474433,0.1152319011,0.1234105287,,0.1145594571,2016,7,10
2016-10-12,0,0.1759641256,0.2589816155,0.252460151,0.2082612163,0.1115712542,0.09448922453,0.1041491248,0.1058716432,0.1162887845,,0.1046689195,2016,7,10
2016-10-13,0,0.1759641256,0.2824207807,0.2753118451,0.2284450659,0.1247429319,0.1274552288,0.1329997884,0.1260545851,0.14387172,,0.1220047213,2016,7,10
2016-10-14,0,0.1759641256,0.2653746829,0.2586929279,0.213751739,0.1151089521,0.1117233785,0.1196992002,0.1132520814,0.1314256935,,0.1171906256,2016,7,10
2016-10-17,0,0.1759641256,0.2680961894,0.2613462121,0.2160924026,0.1166273304,0.09589229484,0.1074852181,0.1098821243,0.1200237417,,0.1063769156,2016,7,10
2016-10-18,0,0.1759641256,0.2394584359,0.2334267177,0.1915643388,0.1010165815,0.1084926217,0.1158634598,0.09348181457,0.1277874032,,0.120866924,2016,7,10
2016-10-19,0,0.1759641256,0.2117383474,0.20640261,0.1680464549,0.08665616133,0.07969622373,0.09032035288,0.08410840596,0.1030463775,,0.1079791229,2016,7,10
2016-10-20,0,0.1759641256,0.1902427538,0.1854471758,0.1499719295,0.07600877706,0.07506819157,0.08617309158,0.07950939832,0.09918648948,,0.1063160458,2016,7,10
2016-10-21,0,0.1759641256,0.1767515155,0.1722951496,0.1387050523,0.06953805169,0.06652589902,0.07824949065,0.07335023947,0.09133396284,,0.100938796,2016,7,10
2016-10-24,0,0.1759641256,0.1661801012,0.1619896335,0.1299204142,0.06457989721,0.06718090284,0.07793519876,0.06430471421,0.09088088106,,0.104953943,2016,7,10
2016-10-25,0,0.1759641256,0.1807080317,0.1761521715,0.1420028547,0.07141897207,0.05966649787,0.07223417929,0.07098005899,0.08526431804,,0.09103372568,2016,7,10
2016-10-26,0,0.1759641256,0.2062341911,0.2010367298,0.1634043468,0.08388978792,0.08084506787,0.09249441818,0.0849392136,0.10561027,,0.1025958289,2016,7,10
2016-10-27,0,0.1759641256,0.2419650306,0.2358704129,0.1937020487,0.1023510003,0.08721012524,0.09982713374,0.09734860217,0.1128743161,,0.09937240816,2016,7,10
2016-10-28,0,0.1759641256,0.2674924164,0.2607575737,0.215572948,0.1162898325,0.105430845,0.1171397581,0.1146601848,0.1297425985,,0.1070199725,2016,7,10
2016-10-31,0,0.1759641256,0.293238038,0.2858581822,0.2378089241,0.1310114509,0.09359398396,0.1077857594,0.1063097898,0.1206896736,,0.09457719868,2016,7,10
2016-11-01,0,0.1759641256,0.3350189173,0.3265939559,0.2742539347,0.1564017083,0.1421167322,0.1522217553,0.1549175635,0.1631104613,,0.1167377829,2016,7,10
2016-11-02,0,0.1759641256,0.3549056443,0.3459840378,0.2917504645,0.1691755151,0.1342256608,0.148312708,0.152735909,0.1599581329,,0.1102029132,2016,7,10
2016-11-03,0,0.1759641256,0.4201414203,0.4095949837,0.3497901023,0.2144722318,0.1502101674,0.1654076286,0.176240928,0.1759434373,,0.1077024866,2016,7,10
2016-11-04,0,0.1759641256,0.42937467,0.4185988811,0.3580824865,0.2213319076,0.1518279418,0.1675709003,0.1751843049,0.178033185,,0.1061880606,2016,7,10
2016-11-07,0,0.1759641256,0.3390120434,0.3304873147,0.2777595438,0.158929907,0.1376408315,0.1462514417,0.1715247742,0.1568702891,,0.1156592998,2016,7,10
2016-11-08,0,0.1759641256,0.3398066621,0.3312620827,0.2784576056,0.1594351882,0.132830813,0.1411973964,0.1542828357,0.1518454517,,0.1113624462,2016,7,10
2016-11-09,0,0.1759641256,0.2107688687,0.2054574848,0.1672281313,0.08616688738,0.1090733756,0.1150347878,0.1208858548,0.1270330793,,0.1325194307,2016,7,10
2016-11-10,0,0.1759641256,0.2223464961,0.2167443336,0.1770194243,0.09206662458,0.1126211414,0.1178361019,0.118487967,0.1295073964,,0.1351701176,2016,7,10
2016-11-11,0,0.1759641256,0.203960655,0.1988203173,0.1614896501,0.08275520151,0.09235913458,0.101274524,0.09964134493,0.1139033985,,0.1269544029,2016,7,10
2016-11-14,0,0.1759641256,0.2139972761,0.2086047972,0.1699543094,0.08779954919,0.09398602769,0.1029078116,0.1018361019,0.1154265292,,0.123615139,2016,7,10
2016-11-15,0,0.1759641256,0.1777411477,0.1732598944,0.139529418,0.07000722571,0.07309651401,0.08252275868,0.08593870595,0.09513659287,,0.1162923236,2016,7,10
2016-11-16,0,0.1759641256,0.1892584623,0.1844876275,0.1491478593,0.07553121238,0.07287426648,0.08311664031,0.07640297192,0.09581628515,,0.1080205052,2016,7,10
2016-11-17,0,0.1759641256,0.1770814278,0.1726167651,0.1389798324,0.06969436368,0.05779481858,0.06857347353,0.07308449507,0.08097080931,,0.09215869316,2016,7,10
2016-11-18,0,0.1759641256,0.1605578092,0.1565087915,0.1252646749,0.06198268781,0.05168783362,0.06296746917,0.06612802258,0.07540748343,,0.0885981897,2016,7,10
2016-11-21,0,0.1759641256,0.1463486349,0.1426572076,0.1135507583,0.05554064538,0.0506256971,0.06063791143,0.06161713401,0.07273955746,,0.08934962916,2016,7,10
2016-11-22,0,0.1759641256,0.1460187778,0.1423356536,0.1132797468,0.05539316069,0.04972499211,0.05961685724,0.05942440802,0.07162279426,,0.08849646618,2016,7,10
2016-11-23,0,0.1759641256,0.1466785315,0.1429788003,0.1138218449,0.05568824109,0.04948652271,0.05942726078,0.05961135669,0.07142731393,,0.08768415798,2016,7,10
2016-11-25,0,0.1759641256,0.1437109646,0.1400859337,0.1113848383,0.05436390718,0.04314564894,0.05303306876,0.05230750222,0.06461513375,,0.0823566054,2016,7,10
2016-11-28,0,0.1759641256,0.1704774907,0.1661789222,0.1334867027,0.06658363456,0.05525551706,0.06560936478,0.06737190053,0.077811737,,0.08668885322,2016,7,10
2016-11-29,0,0.1759641256,0.1622115423,0.1581209162,0.1266329118,0.06274377648,0.05438900906,0.06440941564,0.06606007479,0.07654759418,,0.08762026683,2016,7,10
2016-11-30,0,0.1759641256,0.1764215692,0.171973501,0.1384302815,0.06938181946,0.06119318767,0.0713616179,0.07362796607,0.08372931282,,0.09007725932,2016,7,10
2016-12-01,0,0.1759641256,0.2007059736,0.1956474187,0.1587515084,0.081139171,0.06726286006,0.07810602905,0.08396698506,0.09065170765,,0.08990727746,2016,7,10
2016-12-02,0,0.1759641256,0.2023342871,0.1972348153,0.1601209776,0.08194646639,0.06357322955,0.07483469703,0.07868112313,0.08735352186,,0.08623743849,2016,7,10
2016-12-05,0,0.1759641256,0.1371311174,0.1336717387,0.1059939027,0.0514544044,0.05212036776,0.06191415852,0.05741608555,0.07414973871,,0.09346637563,2016,7,10
2016-12-06,0,0.1759641256,0.125686517,0.1225153375,0.09665981024,0.04648176955,0.04325297693,0.05304357411,0.05388686683,0.06480886244,,0.08785533206,2016,7,10
2016-12-07,0,0.1759641256,0.1397602816,0.1362347082,0.1081459097,0.05261253953,0.05497466659,0.06233377819,0.07111885527,0.07388252053,,0.09595325897,2016,7,10
2016-12-08,0,0.1759641256,0.1536138434,0.1497395601,0.1195305645,0.05881274355,0.0547931142,0.06227186122,0.06569824277,0.07367820337,,0.09137095631,2016,7,10
2016-12-09,0,0.1759641256,0.1243859229,0.121247501,0.09560259828,0.04592372143,0.0394409817,0.04712530115,0.05334269573,0.05779014372,,0.08377305401,2016,7,10
2016-12-12,0,0.1759641256,0.1536138434,0.1497395601,0.1195305645,0.05881274355,0.05004274015,0.05758079835,0.06146005107,0.0686948085,,0.08172060583,2016,7,10
2016-12-13,0,0.1759641256,0.1562585789,0.1523177406,0.1217123792,0.06001516125,0.05363401184,0.05992749349,0.06164660549,0.07083159859,,0.08247069155,2016,7,10
2016-12-14,0,0.1759641256,0.1717991271,0.1674673157,0.1345848121,0.06720311775,0.06701855478,0.07309303436,0.07548619367,0.08451401656,,0.091367761,2016,7,10
2016-12-15,0,0.1759641256,0.1585734008,0.1545743141,0.1236241787,0.06107254323,0.05922951428,0.06557708759,0.0670123432,0.07682379967,,0.08979813704,2016,7,10
2016-12-16,0,0.1759641256,0.1391026154,0.1355935996,0.1076073375,0.05232228677,0.04983164415,0.05729427868,0.05849988673,0.06853500424,,0.08777862999,2016,7,10
2016-12-19,0,0.1759641256,0.1230871026,0.1199813947,0.09454756737,0.04536786991,0.04130524279,0.04904403864,0.04987515256,0.05990675874,,0.08381990687,2016,7,10
2016-12-20,0,0.1759641256,0.1146933745,0.111799112,0.08774754233,0.04181022334,0.03973559023,0.04702986343,0.04438949982,0.05768418441,,0.08419847934,2016,7,10
2016-12-21,0,0.1759641256,0.1089396914,0.1061903973,0.08310507768,0.03940617028,0.03065483601,0.03872721138,0.04065942351,0.04887828339,,0.07213405894,2016,7,10
2016-12-22,0,0.1759641256,0.1140515656,0.1111734728,0.08722891622,0.04154066109,0.0329255035,0.04126455968,0.04187052698,0.05170026499,,0.07040780969,2016,7,10
2016-12-23,0,0.1759641256,0.1143723953,0.1114862195,0.08748814497,0.04167536703,0.02733014118,0.03569733255,0.0374259251,0.04557349279,,0.06194485377,2016,7,10
2016-12-27,0,0.1759641256,0.1322134842,0.1288779305,0.1019763776,0.04930404152,0.03509499266,0.04345170501,0.04343941076,0.05390841108,,0.0652511197,2016,7,10
2016-12-28,0,0.1759641256,0.1638652227,0.1597329917,0.1280021048,0.06350721513,0.04888526367,0.05802220123,0.06829526301,0.06950551784,,0.07172276675,2016,7,10
2016-12-29,0,0.1759641256,0.1777411477,0.1732598944,0.139529418,0.07000722571,0.05032707454,0.05974469687,0.06507258114,0.07127057631,,0.07136010452,2016,7,10
2016-12-30,0,0.1759641256,0.1997280761,0.1946940954,0.1579294681,0.08065549844,0.06741818882,0.0760810822,0.08232457489,0.08797759309,,0.08236849695,2016,7,10
2017-01-03,0,0.1728162004,0.1605578092,0.1565087915,0.1252646749,0.06125324508,0.06650314691,0.07217388632,0.06807853683,0.08258577785,0.09000985416,0.09896934074,2017,8,10
2017-01-04,0,0.1728162004,0.1276405689,0.1244201757,0.09824957836,0.04668530511,0.042978489,0.05020197331,0.05208777346,0.06003733416,0.09000985416,0.08682765369,2017,8,10
2017-01-05,0,0.1728162004,0.1217901324,0.1187170931,0.09349478193,0.04419519516,0.04316046414,0.05032161906,0.04903323516,0.06020668605,0.08675234063,0.08879291161,2017,8,10
2017-01-06,0,0.1728162004,0.1105326781,0.1077432453,0.08438883934,0.03948758796,0.04366746027,0.05001184414,0.04956613579,0.05977472645,0.08845329808,0.09463357459,2017,8,10
2017-01-09,0,0.1728162004,0.1182336394,0.1152501886,0.09061173404,0.04269601873,0.03690554471,0.04466792306,0.043944433,0.05430379176,0.0896618338,0.0819951861,2017,8,10
2017-01-10,0,0.1728162004,0.1159787597,0.1130521141,0.08878679624,0.04175122143,0.03993728096,0.04740909136,0.04747279502,0.05720962679,0.0896618338,0.08150807179,2017,8,10
2017-01-11,0,0.1728162004,0.108621605,0.1058803261,0.08284888293,0.03869939634,0.0378043052,0.04499190174,0.04560791753,0.05458841244,0.0896618338,0.08251859567,2017,8,10
2017-01-12,0,0.1728162004,0.1175886987,0.1146214949,0.09008952836,0.04242533548,0.04531864092,0.052334279,0.05096065536,0.06237423924,0.0896618338,0.09046713577,2017,8,10
2017-01-13,0,0.1728162004,0.1076683926,0.104951133,0.08208143405,0.03830745189,0.0327850582,0.04048545875,0.04034136407,0.04983820811,0.0896618338,0.07717936115,2017,8,10
2017-01-17,0,0.1728162004,0.1282927252,0.1250559078,0.09878052293,0.04696472769,0.0451106962,0.05282809914,0.04914027242,0.06297857924,0.08931502697,0.08556935611,2017,8,10
2017-01-18,0,0.1728162004,0.1483285741,0.1445873104,0.115178375,0.05573012449,0.04608110851,0.05413921685,0.05286545608,0.06427909442,0.08793987086,0.07873232403,2017,8,10
2017-01-19,0,0.1728162004,0.158242685,0.1542519199,0.12335092,0.06019753508,0.05220858064,0.0604387914,0.06107511077,0.07091363393,0.08793987086,0.08132386007,2017,8,10
2017-01-20,0,0.1728162004,0.1175886987,0.1146214949,0.09008952836,0.04242533548,0.04197675444,0.04962341277,0.04625935085,0.05962832914,0.09343056273,0.08277515568,2017,8,10
2017-01-23,0,0.1728162004,0.125036003,0.1218812076,0.09613093563,0.04557304786,0.04355244694,0.05167701602,0.05099038017,0.06188774342,0.09343056273,0.08359928041,2017,8,10
2017-01-24,0,0.1728162004,0.1026125162,0.1000226664,0.07801829067,0.03624185655,0.03709255289,0.04441856403,0.04523654693,0.05406582519,0.0946392406,0.0845911785,2017,8,10
2017-01-25,0,0.1728162004,0.0945087598,0.0921231637,0.07153269991,0.03297786866,0.03631255466,0.04261105668,0.0385471161,0.05189856558,0.09343056273,0.08893267263,2017,8,10
2017-01-26,0,0.1728162004,0.08899153386,0.08674502389,0.06713706091,0.03078887803,0.02837838466,0.03530922018,0.03416199631,0.04410688916,0.08988725922,0.07925875202,2017,8,10
2017-01-27,0,0.1728162004,0.08747393839,0.08526568975,0.06593091544,0.03019151204,0.02723110134,0.03435666077,0.03445316255,0.04312648108,0.09072904556,0.07639497431,2017,8,10
2017-01-30,0,0.1728162004,0.1286189493,0.1253739161,0.09904618243,0.0471046405,0.0488879141,0.05616089823,0.05355010022,0.06641911657,0.09552085814,0.08978599418,2017,8,10
2017-01-31,0,0.1728162004,0.1322134842,0.1288779305,0.1019763776,0.04865242446,0.04641828209,0.05421622351,0.05105214734,0.0644446974,0.09430209354,0.08598361604,2017,8,10
2017-02-01,0,0.1728162004,0.1263374555,0.1231498815,0.09718921417,0.04612808338,0.04593715464,0.05361536954,0.05208432693,0.06383024188,0.09430209354,0.08751517665,2017,8,10
2017-02-02,0,0.1728162004,0.1302514829,0.1269653368,0.1003763133,0.0478062036,0.04500191148,0.05292209849,0.05159367283,0.06311375544,0.09430209354,0.08566720307,2017,8,10
2017-02-03,0,0.1728162004,0.09947825808,0.09696740139,0.07550586716,0.03497260083,0.03851112512,0.045339044,0.04022246355,0.0549631498,0.09313722951,0.08998049379,2017,8,10
2017-02-06,0,0.1728162004,0.112129799,0.1093001249,0.08567714522,0.04014874118,0.03706225262,0.04473601654,0.0413494481,0.05441102093,0.09170915044,0.0813831335,2017,8,10
2017-02-07,0,0.1728162004,0.1095763791,0.1068110422,0.08361802813,0.03909277893,0.03619691974,0.04392551614,0.04138785723,0.05357216493,0.08908449752,0.08049529246,2017,8,10
2017-02-08,0,0.1728162004,0.1146933745,0.111799112,0.08774754233,0.04121462629,0.03663479372,0.04443105844,0.04270961557,0.05409007827,0.08908449752,0.07754292663,2017,8,10
2017-02-09,0,0.1728162004,0.09667575511,0.09423553592,0.07326364676,0.03384501143,0.03254279165,0.03955579098,0.04035887908,0.04872969593,0.08937274147,0.07895966962,2017,8,10
2017-02-10,0,0.1728162004,0.09574564271,0.09332886832,0.07252039015,0.03347231045,0.03121228587,0.03799407666,0.03741495753,0.04695757714,0.08624785245,0.07566604348,2017,8,10
2017-02-13,0,0.1728162004,0.1026125162,0.1000226664,0.07801829067,0.03624185655,0.03290924609,0.03932698556,0.03835617844,0.04825243149,0.08828185563,0.07544992927,2017,8,10
2017-02-14,0,0.1728162004,0.09235347403,0.09002220901,0.06981358848,0.03211953151,0.0303019959,0.03633266336,0.03777538275,0.04494423429,0.08828185563,0.07561520813,2017,8,10
2017-02-15,0,0.1728162004,0.1315591383,0.1282400622,0.1014425607,0.04836982894,0.04173323701,0.04719237125,0.05092524404,0.05629543517,0.08828185563,0.07653050996,2017,8,10
2017-02-16,0,0.1728162004,0.1247109081,0.1215643008,0.0958666993,0.04543463362,0.04024591478,0.04587601019,0.04658407727,0.05497628846,0.08658388187,0.07698595549,2017,8,10
2017-02-17,0,0.1728162004,0.1159787597,0.1130521141,0.08878679624,0.04175122143,0.03746041528,0.04309203383,0.04318580473,0.05203071325,0.08658388187,0.07681062126,2017,8,10
2017-02-21,0,0.1728162004,0.1185563115,0.1155647322,0.09087307113,0.04283158102,0.03634509229,0.04166612303,0.04345080873,0.05036994785,0.08591300448,0.07427899889,2017,8,10
2017-02-22,0,0.1728162004,0.1240610486,0.1209308093,0.09533863357,0.04515822158,0.03665286174,0.0422574783,0.04110224778,0.05104334748,0.08458537031,0.07192889649,2017,8,10
2017-02-23,0,0.1728162004,0.1230871026,0.1199813947,0.09454756737,0.04474465077,0.0408346344,0.04584780314,0.04425502409,0.05480060162,0.08658388187,0.07736278369,2017,8,10
2017-02-24,0,0.1728162004,0.115335776,0.1124253291,0.08826683854,0.04148262232,0.03935356719,0.04427864899,0.04214284738,0.05314399408,0.0921829785,0.07900330361,2017,8,10
2017-02-27,0,0.1728162004,0.1354900457,0.132071987,0.1046520949,0.05007310409,0.03926957755,0.04471520197,0.04490153144,0.05357745271,0.09147306225,0.07190684725,2017,8,10
2017-02-28,0,0.1728162004,0.1628730263,0.1587657576,0.1271804792,0.06231374369,0.04872356793,0.05396055852,0.05179418867,0.06323903755,0.0921829785,0.07429827292,2017,8,10
2017-03-01,0,0.1728162004,0.1503097338,0.1465186059,0.1168085176,0.05661594153,0.0620707114,0.06247367498,0.05449167259,0.07127634706,0.08954609434,0.09676501941,2017,8,10
2017-03-02,0,0.1728162004,0.1263374555,0.1231498815,0.09718921417,0.04612808338,0.03944278163,0.04434569843,0.04577339486,0.05311253804,0.08885449757,0.08042723648,2017,8,10
2017-03-03,0,0.1728162004,0.09916598966,0.09666300348,0.07525582699,0.03484661697,0.0317358347,0.03686674235,0.03514928043,0.04522001886,0.08977770056,0.07896736781,2017,8,10
2017-03-06,0,0.1728162004,0.1079859543,0.1052606926,0.08233705998,0.03843793952,0.04010846601,0.04476972959,0.03922419917,0.05368192223,0.09242071257,0.0872128591,2017,8,10
2017-03-07,0,0.1728162004,0.1146933745,0.111799112,0.08774754233,0.04121462629,0.03836157406,0.04389672744,0.0408946074,0.05289346471,0.09331713595,0.08256321139,2017,8,10
2017-03-08,0,0.1728162004,0.1279665981,0.1247379939,0.09851498792,0.0468249491,0.03904541568,0.0451823283,0.04522975973,0.05432938412,0.09513340123,0.07311860601,2017,8,10
2017-03-09,0,0.1728162004,0.1423932312,0.1388013726,0.110303814,0.05309691932,0.04670440427,0.05217272634,0.05094357084,0.06156102197,0.09367788427,0.07835136954,2017,8,10
2017-03-10,0,0.1728162004,0.121466188,0.1184013085,0.09323194404,0.04405818617,0.04562319841,0.0502525566,0.04505715304,0.05948322964,0.09367788427,0.08705650496,2017,8,10
2017-03-13,0,0.1728162004,0.1114904653,0.1086768997,0.08516128643,0.03988381175,0.03164927978,0.03781455073,0.03684862736,0.04644206002,0.09367788427,0.07269115869,2017,8,10
2017-03-14,0,0.1728162004,0.1423932312,0.1388013726,0.110303814,0.05309691932,0.0469380326,0.05265595471,0.0486617208,0.06214168853,0.09094385557,0.0806053913,2017,8,10
2017-03-15,0,0.1728162004,0.1204950897,0.1174546717,0.09244430706,0.04364801765,0.04528461017,0.04962723872,0.04815891474,0.05874656206,0.09094385557,0.08799662945,2017,8,10
2017-03-16,0,0.1728162004,0.1070338036,0.1043325349,0.08157075892,0.03804696036,0.03464114504,0.04037224867,0.03972075497,0.04916776406,0.09212363282,0.07963054966,2017,8,10
2017-03-17,0,0.1728162004,0.1092579499,0.1065006365,0.08336145979,0.03896149233,0.03252319389,0.03879190949,0.03917501806,0.04756314948,0.09597126067,0.07337850652,2017,8,10
2017-03-20,0,0.1728162004,0.1111710398,0.1083655225,0.08490362415,0.03975158068,0.03486465037,0.04113736979,0.04058210006,0.05011486247,0.09560261228,0.07600961921,2017,8,10
2017-03-21,0,0.1728162004,0.1479984941,0.1442655386,0.1149069254,0.05558287392,0.05750184152,0.06360054089,0.0705829396,0.07381637595,0.096588496,0.09169901849,2017,8,10
2017-03-22,0,0.1728162004,0.159234852,0.1552191217,0.1241708339,0.06064938835,0.05437800094,0.06111048778,0.06458333508,0.07123321761,0.096588496,0.08493168234,2017,8,10
2017-03-23,0,0.1728162004,0.1694860412,0.1652124114,0.1326633416,0.06536909684,0.06043379018,0.0668351449,0.06971326456,0.07708150311,0.09560261228,0.08910114136,2017,8,10
2017-03-24,0,0.1728162004,0.1641959439,0.1600553924,0.1282760503,0.06292184815,0.0631765388,0.0691635761,0.07112761069,0.07947417227,0.09613550477,0.0955988052,2017,8,10
2017-03-27,0,0.1728162004,0.1489888349,0.1452309527,0.1157214839,0.05602495761,0.06767289122,0.07254918015,0.0683552751,0.08291820122,0.09552085814,0.1103268262,2017,8,10
2017-03-28,0,0.1728162004,0.1172664326,0.1143073473,0.08982866186,0.04229021536,0.04950307023,0.05523808983,0.05612792829,0.06516289146,0.09613550477,0.1035966845,2017,8,10
2017-03-29,0,0.1728162004,0.1137308866,0.1108608732,0.08696985715,0.04081377047,0.04195873561,0.04856143781,0.0477051245,0.05824319845,0.09552085814,0.09572294784,2017,8,10
2017-03-30,0,0.1728162004,0.1175886987,0.1146214949,0.09008952836,0.04242533548,0.04237718889,0.04876754681,0.0494732524,0.05837048251,0.09279825435,0.09395963082,2017,8,10
2017-03-31,0,0.1728162004,0.1446997636,0.1410498417,0.1121964682,0.05411654154,0.04877619374,0.05558545505,0.05403108097,0.06552715443,0.09161071706,0.08893477787,2017,8,10
2017-04-03,0,0.1728162004,0.1450294531,0.1413712322,0.1124671711,0.05426266416,0.05494956601,0.0611874186,0.06240683697,0.07132960966,0.09161071706,0.09183110046,2017,8,10
2017-04-04,0,0.1728162004,0.125686517,0.1225153375,0.09665981024,0.04585029072,0.0406178212,0.04806454409,0.04827169261,0.05781604729,0.09303741256,0.0811728143,2017,8,10
2017-04-05,0,0.1728162004,0.1618807967,0.1577984921,0.1263591851,0.06185866541,0.0663312831,0.07181586531,0.07224867999,0.08215354936,0.09576629231,0.09985970355,2017,8,10
2017-04-06,0,0.1728162004,0.145359186,0.1416926649,0.1127379524,0.05440890123,0.05434138981,0.06085161063,0.06127447768,0.07103839649,0.09576629231,0.09518394916,2017,8,10
2017-04-07,0,0.1728162004,0.1612193024,0.1571536411,0.1258118493,0.06155576115,0.05874807048,0.06536672209,0.06535253466,0.07567232644,0.09410033472,0.09517152471,2017,8,10
2017-04-10,0,0.1728162004,0.2000541166,0.1950119425,0.1582035103,0.08000358456,0.07141931364,0.07723276835,0.07796145987,0.08748635353,0.09212363282,0.09446720038,2017,8,10
2017-04-11,0,0.1728162004,0.2328426705,0.226976994,0.1859308719,0.09666205798,0.08688768731,0.09122011709,0.09169149597,0.1012128961,0.09141412758,0.09914940093,2017,8,10
2017-04-12,0,0.1728162004,0.2546869615,0.248273198,0.2045791516,0.1083343465,0.0807132841,0.08792853252,0.09077469504,0.09830722413,0.09410033472,0.0875361657,2017,8,10
2017-04-13,0,0.1728162004,0.260509138,0.2539493708,0.2095720758,0.1115252971,0.0916408002,0.0985335133,0.1019714864,0.108954862,0.09665041172,0.09382326061,2017,8,10
2017-04-17,0,0.1728162004,0.2197846274,0.2142467975,0.1748493264,0.0899059956,0.07450598758,0.08140341264,0.08583959154,0.0918615448,0.09395932594,0.09059420189,2017,8,10
2017-04-18,0,0.1728162004,0.2120613264,0.2067174759,0.1683191415,0.08598637721,0.0773625965,0.08414891823,0.08187229512,0.09473169274,0.09395932594,0.09530895681,2017,8,10
2017-04-19,0,0.1728162004,0.2284042033,0.2226499455,0.182158561,0.09434731659,0.08160973803,0.0886750497,0.09020522418,0.09927675013,0.09395932594,0.09460410582,2017,8,10
2017-04-20,0,0.1728162004,0.2033103451,0.1981863475,0.1609422803,0.08161281026,0.07789802059,0.0832989972,0.08410049253,0.09362282515,0.09395932594,0.1000075552,2017,8,10
2017-04-21,0,0.1728162004,0.2188222642,0.2133086023,0.1740346423,0.08941451789,0.07075728164,0.07860673932,0.08079664339,0.08921545815,0.09395932594,0.08935198029,2017,8,10
2017-04-24,0,0.1728162004,0.09543606891,0.09302709789,0.07227310958,0.03334843201,0.0524531626,0.05704538148,0.04854471551,0.06708714043,0.09039796896,0.1258760453,2017,8,10
2017-04-25,0,0.1728162004,0.09296804432,0.09062128671,0.07030353086,0.03236386318,0.03983873972,0.04562468713,0.04075018861,0.05506826403,0.08946901456,0.1091184081,2017,8,10
2017-04-26,0,0.1728162004,0.09574564271,0.09332886832,0.07252039015,0.03347231045,0.03875220348,0.04491237881,0.04154466796,0.05435972618,0.08946901456,0.105027973,2017,8,10
2017-04-27,0,0.1728162004,0.08088098883,0.07883897845,0.06070631069,0.02762031476,0.03213783598,0.03841603706,0.03463545628,0.04743660893,0.08946901456,0.1003746571,2017,8,10
2017-04-28,0,0.1728162004,0.09481762592,0.09242424409,0.07177926324,0.03310121067,0.03446124665,0.04129940308,0.03919378202,0.05060955847,0.08946901456,0.09600798331,2017,8,10
2017-05-01,0,0.1728162004,0.07357300988,0.07171530125,0.05494552458,0.02481627162,0.02632788911,0.03283652207,0.02996094807,0.04139582292,0.08946901456,0.08284782866,2017,8,10
2017-05-02,0,0.1728162004,0.08777691358,0.08556102626,0.06617160901,0.0303106069,0.02635266037,0.0333465724,0.0321192351,0.04196462745,0.09210385855,0.07446934836,2017,8,10
2017-05-03,0,0.1728162004,0.09051580816,0.08823087004,0.06834980552,0.03139093941,0.02997991813,0.03702264109,0.03593128692,0.04601581376,0.09210385855,0.07861907474,2017,8,10
2017-05-04,0,0.1728162004,0.08386016332,0.08174303076,0.06306404101,0.02877732887,0.0285477834,0.03540510353,0.03369264567,0.04424310306,0.09210385855,0.07946647291,2017,8,10
2017-05-05,0,0.1728162004,0.08717123838,0.08497062154,0.06569049216,0.03007260726,0.0291760223,0.03582188496,0.03398882681,0.04460797421,0.08578310983,0.07966033678,2017,8,10
2017-05-08,0,0.1728162004,0.06399484123,0.0623787418,0.04744753235,0.02121594797,0.0197361482,0.02602149656,0.02509095371,0.0337739627,0.08712775417,0.07256856752,2017,8,10
2017-05-09,0,0.1728162004,0.06929276991,0.06754302256,0.05158722206,0.02319676716,0.02345499722,0.02996331511,0.02886248133,0.03822926454,0.08578310983,0.07741932545,2017,8,10
2017-05-10,0,0.1728162004,0.07647114651,0.07454034472,0.05722612541,0.02592243762,0.02171793241,0.02840648508,0.0285017025,0.03646801167,0.08831993377,0.0695674272,2017,8,10
2017-05-11,0,0.1728162004,0.08808016233,0.0858566295,0.06641257162,0.03042989138,0.03119711529,0.0380591118,0.03591158566,0.04713022644,0.08831993377,0.08040126914,2017,8,10
2017-05-12,0,0.1728162004,0.08206901545,0.07999704735,0.06164589176,0.02808074547,0.02522430736,0.03238369717,0.03067167673,0.041001966,0.08831993377,0.07313446036,2017,8,10
2017-05-15,0,0.1728162004,0.08266486367,0.08057787079,0.06211744821,0.02831215191,0.026170526,0.03293436748,0.03187204342,0.04148676455,0.08578310983,0.07470843895,2017,8,10
2017-05-16,0,0.1728162004,0.08960045328,0.08733859179,0.0676213757,0.0310291423,0.0282692225,0.03527934877,0.03398718786,0.04409148396,0.08690233153,0.07432898272,2017,8,10
2017-05-17,0,0.1728162004,0.2491278386,0.2428535134,0.1998205756,0.1053192358,0.08704161544,0.0942058666,0.1106419662,0.1047373007,0.08918048303,0.08894229985,2017,8,10
2017-05-18,0,0.1728162004,0.2197846274,0.2142467975,0.1748493264,0.0899059956,0.0792508416,0.08608023384,0.09249697925,0.09664902335,0.08918048303,0.09154766259,2017,8,10
2017-05-19,0,0.1728162004,0.13385079,0.1304740074,0.1033128815,0.04936117117,0.05024782692,0.05761255892,0.06030650002,0.06793451221,0.09299751578,0.09204391459,2017,8,10
2017-05-22,0,0.1728162004,0.0982304883,0.09575108117,0.07450705132,0.03446970515,0.0344246177,0.04172767208,0.04210929191,0.05117314666,0.09299751578,0.08641954047,2017,8,10
2017-05-23,0,0.1728162004,0.09173990289,0.08942410553,0.06932464682,0.03187593126,0.03137235979,0.03852950574,0.03852220061,0.04769489033,0.0917485581,0.08477845375,2017,8,10
2017-05-24,0,0.1728162004,0.0709949236,0.06920224103,0.05292130104,0.02383876989,0.0224356866,0.02914671181,0.02927476658,0.03735929566,0.09033965807,0.07336262569,2017,8,10
2017-05-25,0,0.1728162004,0.07014215799,0.06837098538,0.05225269718,0.02351679407,0.02345599553,0.02982062423,0.02905863674,0.03801542478,0.08946901456,0.07323436296,2017,8,10
2017-05-26,0,0.1728162004,0.06509817045,0.06345423636,0.04830804156,0.02162627911,0.0170812306,0.02334875641,0.02273226444,0.03072793466,0.08946901456,0.06113586494,2017,8,10
2017-05-30,0,0.1728162004,0.08147438605,0.07941741222,0.06117550912,0.02785013188,0.02250033008,0.02942019733,0.02828459675,0.03763027269,0.0912179176,0.06284370755,2017,8,10
2017-05-31,0,0.1728162004,0.08236678805,0.08028731134,0.06188152391,0.02819634981,0.02560671522,0.0325556884,0.03238768323,0.0411252182,0.0912179176,0.06818972354,2017,8,10
2017-06-01,0,0.1728162004,0.06732426802,0.06562417674,0.05004681691,0.02245768321,0.02258079707,0.02862337968,0.0297732082,0.03659934213,0.08946901456,0.0717346948,2017,8,10
2017-06-02,0,0.1728162004,0.06344565681,0.06184341246,0.0470195348,0.02101213711,0.0199748267,0.02579887568,0.02708592426,0.0333780383,0.08458537031,0.06869665731,2017,8,10
2017-06-05,0,0.1728162004,0.07242357588,0.07059485842,0.05404249563,0.02437969482,0.01978247549,0.02597831132,0.02642280611,0.03361410283,0.08458537031,0.06409531644,2017,8,10
2017-06-06,0,0.1728162004,0.08356089215,0.08145130567,0.06282696106,0.02866074025,0.02660758358,0.03322889028,0.03206439986,0.04176226484,0.08458537031,0.07106007895,2017,8,10
2017-06-07,0,0.1728162004,0.08177154757,0.07970708043,0.06141055306,0.02796533934,0.0259015428,0.03241828013,0.03247365658,0.04084670568,0.08458537031,0.07063781606,2017,8,10
2017-06-08,0,0.1728162004,0.0750177591,0.07312361211,0.05608176258,0.02536674206,0.02353972283,0.02996249567,0.03006609678,0.03814227673,0.08709014826,0.06934095406,2017,8,10
2017-06-09,0,0.1728162004,0.09112734342,0.08882698846,0.06883671584,0.03163306602,0.03824572744,0.04423006091,0.04399801686,0.05362092591,0.08709014826,0.09075335683,2017,8,10
2017-06-12,0,0.1728162004,0.1150145018,0.1121121489,0.08800710721,0.0413485487,0.03813643377,0.0450745651,0.04516229506,0.05454679841,0.08960394346,0.08176612536,2017,8,10
2017-06-13,0,0.1728162004,0.08266486367,0.08057787079,0.06211744821,0.02831215191,0.02927849881,0.03555191963,0.03459416964,0.04424745826,0.08759909095,0.08265628534,2017,8,10
2017-06-14,0,0.1728162004,0.08929586079,0.08704167838,0.06737908696,0.03090891648,0.03307075288,0.03943245305,0.03969489918,0.04848652231,0.08759909095,0.0859123974,2017,8,10
2017-06-15,0,0.1728162004,0.09729697404,0.09484109648,0.07376031812,0.03409436234,0.04120781088,0.04722193607,0.04286226373,0.05681591362,0.09176826379,0.0965412874,2017,8,10
2017-06-16,0,0.1728162004,0.08147438605,0.07941741222,0.06117550912,0.02785013188,0.02886597212,0.03557201976,0.03432635713,0.04440849986,0.0896618338,0.08316847813,2017,8,10
2017-06-19,0,0.1728162004,0.08117753258,0.07912804435,0.06094076122,0.02773512354,0.03048528754,0.03640717994,0.03303109245,0.045110826,0.0856904297,0.08600674255,2017,8,10
2017-06-20,0,0.1728162004,0.09605544936,0.09363086579,0.07276790734,0.0335963668,0.03066480167,0.03774225396,0.03827176325,0.04676318028,0.08793987086,0.07845330137,2017,8,10
2017-06-21,0,0.1728162004,0.09266063506,0.09032162684,0.0700584352,0.03224160614,0.03183500212,0.03880793059,0.03643189866,0.04793812504,0.08793987086,0.08060772088,2017,8,10
2017-06-22,0,0.1728162004,0.08445958825,0.08232734145,0.06353905666,0.02901109216,0.02553501605,0.032679773,0.03207820466,0.04130289287,0.08793987086,0.07093801726,2017,8,10
2017-06-23,0,0.1728162004,0.0709949236,0.06920224103,0.05292130104,0.02383876989,0.02247428916,0.02922039637,0.02860168691,0.03745310201,0.09170915044,0.0715149528,2017,8,10
2017-06-26,0,0.1728162004,0.06760431769,0.06589716191,0.05026580245,0.02256260737,0.02394674569,0.03054940329,0.02871428778,0.0389342777,0.0949503599,0.07627507174,2017,8,10
2017-06-27,0,0.1728162004,0.1022981654,0.09971623791,0.07776608248,0.03611416714,0.03443088321,0.04247712994,0.04451671098,0.05216119638,0.095684421,0.07761600081,2017,8,10
2017-06-28,0,0.1728162004,0.07127992113,0.06948004995,0.05314485804,0.02394652619,0.0279901836,0.0345877455,0.03178873917,0.04339897343,0.095684421,0.08527701106,2017,8,10
2017-06-29,0,0.1728162004,0.1143723953,0.1114862195,0.08748814497,0.04108085549,0.05051339627,0.05750691064,0.05833860833,0.06794166915,0.09667105818,0.1014636805,2017,8,10
2017-06-30,0,0.1728162004,0.1060832767,0.1034059607,0.08080620513,0.03765743894,0.04186666287,0.0494448888,0.04599773849,0.05954036671,0.1010449705,0.09587867426,2017,8,10
2017-07-03,0,0.1728162004,0.1073510086,0.1046417466,0.08182599998,0.03817712536,0.04328790877,0.05065403729,0.04638335642,0.06077246464,0.09912820696,0.09760856112,2017,8,10
2017-07-05,0,0.1728162004,0.1026125162,0.1000226664,0.07801829067,0.03624185655,0.03956865106,0.04697885855,0.04502687962,0.05686736507,0.09912820696,0.09510160588,2017,8,10
2017-07-06,0,0.1728162004,0.1503097338,0.1465186059,0.1168085176,0.05661594153,0.05746185884,0.06581737998,0.06460179678,0.07669042451,0.09912820696,0.09721074175,2017,8,10
2017-07-07,0,0.1728162004,0.1063999363,0.1037146405,0.08106086035,0.03778711672,0.04119049543,0.0490582877,0.04651279616,0.05919868135,0.1003881792,0.09255029591,2017,8,10
2017-07-10,0,0.1728162004,0.1038719077,0.1012503192,0.07902921488,0.03675429096,0.03521859835,0.04345058095,0.04224413483,0.05325721876,0.1007732248,0.08490975058,2017,8,10
2017-07-11,0,0.1728162004,0.09698625118,0.09453820563,0.07351186656,0.03396959883,0.03691951742,0.04493900013,0.04383357441,0.05488707279,0.09791712121,0.0899132628,2017,8,10
2017-07-12,0,0.1728162004,0.07910832459,0.07711101615,0.0593059251,0.02693567824,0.03076517093,0.03790039274,0.03291631497,0.04713431838,0.09791712121,0.0891982013,2017,8,10
2017-07-13,0,0.1728162004,0.06760431769,0.06589716191,0.05026580245,0.02256260737,0.02165968398,0.0286198022,0.02799374237,0.03688393025,0.09698123594,0.07797024702,2017,8,10
2017-07-14,0,0.1728162004,0.05699004806,0.05555068434,0.0420050896,0.01863816122,0.02094252746,0.02727160474,0.02719114329,0.03528029264,0.0937984061,0.08183481268,2017,8,10
2017-07-17,0,0.1728162004,0.06537502568,0.06372410725,0.04852410151,0.02172942387,0.01963160884,0.02631084299,0.02555275162,0.03421684137,0.0937984061,0.07331124105,2017,8,10
2017-07-18,0,0.1728162004,0.06732426802,0.06562417674,0.05004681691,0.02245768321,0.02237687221,0.02914959803,0.0279606746,0.03742107691,0.09319716112,0.07516183316,2017,8,10
2017-07-19,0,0.1728162004,0.06454568391,0.06291568778,0.04787703817,0.02142066311,0.01859955303,0.02497632233,0.02655052556,0.03261575572,0.0937984061,0.06662456077,2017,8,10
2017-07-20,0,0.1728162004,0.05884658217,0.05736037351,0.04344395995,0.01931673075,0.01866381797,0.02488629198,0.02464473402,0.03252078953,0.09200503673,0.07018216921,2017,8,10
2017-07-21,0,0.1728162004,0.05308872608,0.05174781017,0.03899027866,0.01722332889,0.01719240376,0.02329494283,0.02117567255,0.03073219255,0.08740399223,0.06989443925,2017,8,10
2017-07-24,0,0.1728162004,0.05489602842,0.05350950486,0.04038538623,0.01787686904,0.01607610418,0.02226064264,0.02168548596,0.02956081979,0.08740399223,0.06643482129,2017,8,10
2017-07-25,0,0.1728162004,0.05489602842,0.05350950486,0.04038538623,0.01787686904,0.01873011963,0.02491323057,0.02098060882,0.03258219756,0.0913879428,0.07293714143,2017,8,10
2017-07-26,0,0.1728162004,0.05938108802,0.05788139291,0.04385870665,0.01951271968,0.01771265814,0.02408364761,0.02212095959,0.03165392559,0.08998403179,0.06823698601,2017,8,10
2017-07-27,0,0.1728162004,0.07357300988,0.07171530125,0.05494552458,0.02481627162,0.02930420901,0.03605419464,0.03430736301,0.04504514225,0.09317051798,0.08583846678,2017,8,10
2017-07-28,0,0.1728162004,0.07881399601,0.07682410997,0.05907359266,0.02682227906,0.02694698302,0.03418332749,0.03161022988,0.0430568596,0.08845329808,0.07943685605,2017,8,10
2017-07-31,0,0.1728162004,0.07793295641,0.07596528885,0.05837844755,0.02648330235,0.02579682883,0.03314902766,0.0315869473,0.04195425633,0.09295763435,0.07780602752,2017,8,10
2017-08-01,0,0.1728162004,0.07299757748,0.07115438237,0.05449334152,0.02459755897,0.02478188463,0.03187885888,0.02830991445,0.04051461271,0.09224235853,0.07653529679,2017,8,10
2017-08-02,0,0.1728162004,0.07851999066,0.07653751893,0.05884156804,0.02670908305,0.02661638763,0.03387701192,0.03242558521,0.04272770017,0.09224235853,0.07716709803,2017,8,10
2017-08-03,0,0.1728162004,0.08326191738,0.08115986957,0.06259016808,0.02854434758,0.02267203891,0.0303367717,0.02957082651,0.03887634846,0.09170915044,0.06459075265,2017,8,10
2017-08-04,0,0.1728162004,0.07127992113,0.06948004995,0.05314485804,0.02394652619,0.02212631899,0.02933821528,0.02661582623,0.03773221686,0.09170915044,0.06826456404,2017,8,10
2017-08-07,0,0.1728162004,0.06844680716,0.06671839916,0.05092491178,0.02287870099,0.01648813198,0.02333488049,0.02338526397,0.03088538412,0.09170915044,0.05804179778,2017,8,10
2017-08-08,0,0.1728162004,0.09916598966,0.09666300348,0.07525582699,0.03484661697,0.03473020705,0.0426227446,0.04120292209,0.05230788645,0.09170915044,0.07595708026,2017,8,10
2017-08-09,0,0.1728162004,0.1038719077,0.1012503192,0.07902921488,0.03675429096,0.03422870807,0.04239471497,0.03974458898,0.05209025655,0.09170915044,0.07468457838,2017,8,10
2017-08-10,0,0.1728162004,0.2629462452,0.2563253724,0.2116648257,0.1128711502,0.08694219129,0.0962078698,0.1014619857,0.107124175,0.09170915044,0.08249612591,2017,8,10
2017-08-11,0,0.1728162004,0.2466438825,0.2404318717,0.1976971191,0.1039819333,0.07184820815,0.08264605034,0.08425534782,0.09383789697,0.1014394296,0.07608926165,2017,8,10
2017-08-14,0,0.1728162004,0.143381458,0.139764722,0.1111144575,0.05353320309,0.05392461662,0.06212846711,0.05545059786,0.07283784065,0.1006661326,0.08869665508,2017,8,10
2017-08-15,0,0.1728162004,0.13385079,0.1304740074,0.1033128815,0.04936117117,0.04126315577,0.05053455921,0.04856592938,0.06089525451,0.1006661326,0.07741982229,2017,8,10
2017-08-16,0,0.1728162004,0.1240610486,0.1209308093,0.09533863357,0.04515822158,0.04180528194,0.05059243842,0.04766037323,0.06091650949,0.09781273408,0.08103211301,2017,8,10
2017-08-17,0,0.1728162004,0.2478868661,0.2416436721,0.19875949,0.1046503624,0.08773296535,0.09761727384,0.104900683,0.1088404923,0.1006661326,0.08885945774,2017,8,10
2017-08-18,0,0.1728162004,0.2068830298,0.201669267,0.163951075,0.08338974242,0.07417503024,0.0850040915,0.08580017461,0.09663073313,0.09913523201,0.09072173155,2017,8,10
2017-08-21,0,0.1728162004,0.1717991271,0.1674673157,0.1345848121,0.0664469924,0.0570205002,0.06855359329,0.07054430887,0.08016263881,0.1044527214,0.08445891067,2017,8,10
2017-08-22,0,0.1728162004,0.1114904653,0.1086768997,0.08516128643,0.03988381175,0.04074487193,0.05017093957,0.05339576819,0.06077447295,0.1030018359,0.08758663995,2017,8,10
2017-08-23,0,0.1728162004,0.140747222,0.1371968015,0.1089544568,0.05237213371,0.05201808756,0.06211844039,0.05691175157,0.0733524683,0.1020878618,0.09073466331,2017,8,10
2017-08-24,0,0.1728162004,0.140089204,0.1365553496,0.1084153344,0.05208305218,0.0470040429,0.05789868684,0.05878445273,0.06912051429,0.09731307866,0.08399956989,2017,8,10
2017-08-25,0,0.1728162004,0.1092579499,0.1065006365,0.08336145979,0.03896149233,0.04019627036,0.05019188656,0.04651970664,0.06098441276,0.09881891896,0.08672255137,2017,8,10
2017-08-28,0,0.1728162004,0.1105326781,0.1077432453,0.08438883934,0.03948758796,0.03783256249,0.04804370777,0.04585533743,0.05872697221,0.09731307866,0.08267337496,2017,8,10
2017-08-29,0,0.1728162004,0.1227626836,0.1196651472,0.09428415796,0.04460707474,0.05035252001,0.06006501454,0.05560633453,0.07127800296,0.09731307866,0.09575767559,2017,8,10
2017-08-30,0,0.1728162004,0.1073510086,0.1046417466,0.08182599998,0.03817712536,0.03850836028,0.04804162233,0.04849353915,0.05856101562,0.09731307866,0.08764120781,2017,8,10
2017-08-31,0,0.1728162004,0.08777691358,0.08556102626,0.06617160901,0.0303106069,0.03511547224,0.04352609081,0.04139518457,0.0535692117,0.09638234994,0.09299804038,2017,8,10
2017-09-01,0,0.1728162004,0.07414985912,0.07227760147,0.05539903419,0.02503582921,0.02542470144,0.03355910189,0.0311720455,0.04269708924,0.09426171867,0.08345915951,2017,8,10
2017-09-05,0,0.1728162004,0.140089204,0.1365553496,0.1084153344,0.05208305218,0.05717724807,0.06644283905,0.06556941281,0.07769175468,0.09609442021,0.09909272921,2017,8,10
2017-09-06,0,0.1728162004,0.1204950897,0.1174546717,0.09244430706,0.04364801765,0.0439972138,0.05347308883,0.04996219252,0.06422669789,0.09426171867,0.09006511901,2017,8,10
2017-09-07,0,0.1728162004,0.1179111014,0.1149357758,0.09035055277,0.04256060341,0.03879947261,0.0486100718,0.04728991254,0.05914158515,0.09548000851,0.08459785264,2017,8,10
2017-09-08,0,0.1728162004,0.1364744793,0.1330316336,0.1054568755,0.05050177286,0.04281341303,0.05321350424,0.05156796514,0.06404715537,0.09758344947,0.08109711251,2017,8,10
2017-09-11,0,0.1728162004,0.09204656279,0.08972303473,0.06956899194,0.03199763973,0.03764435875,0.04567547527,0.04009234956,0.05574734935,0.09597126067,0.09421276526,2017,8,10
2017-09-12,0,0.1728162004,0.08747393839,0.08526568975,0.06593091544,0.03019151204,0.02755041442,0.03567688793,0.03226990152,0.04489100328,0.09609442021,0.07774912656,2017,8,10
2017-09-13,0,0.1728162004,0.085060179,0.08291278881,0.06401520471,0.02924563384,0.02511211746,0.03319345854,0.03078104476,0.04216082796,0.09609442021,0.07338635564,2017,8,10
2017-09-14,0,0.1728162004,0.08326191738,0.08115986957,0.06259016808,0.02854434758,0.02568889188,0.03378516301,0.03083103588,0.04283752806,0.096588496,0.07419981958,2017,8,10
2017-09-15,0,0.1728162004,0.07530775245,0.07340629164,0.05630999047,0.02547746495,0.02176379782,0.02950738744,0.02840072555,0.03805558559,0.0977918702,0.07068631914,2017,8,10
2017-09-18,0,0.1728162004,0.07472811127,0.07284126945,0.05585385969,0.02525622818,0.02211220153,0.02974342039,0.0280896497,0.03828715723,0.1000044412,0.06653356373,2017,8,10
2017-09-19,0,0.1728162004,0.07559808959,0.07368930635,0.05653854201,0.0255883964,0.01959691199,0.0271464885,0.0252427309,0.03535125142,0.100644728,0.06081480241,2017,8,10
2017-09-20,0,0.1728162004,0.06427005619,0.06264701359,0.04766209739,0.02131819272,0.02049734929,0.02774460295,0.02662449817,0.03603236465,0.09873472289,0.06886604814,2017,8,10
2017-09-21,0,0.1728162004,0.06126579025,0.05971854261,0.04532284096,0.02020600408,0.01715093974,0.02433389669,0.02404877206,0.03220233643,0.09873472289,0.06353790095,2017,8,10
2017-09-22,0,0.1728162004,0.05911361154,0.05762066527,0.04365113278,0.01941460843,0.0165229601,0.02361110088,0.02225112594,0.03137399364,0.09741698201,0.06316062625,2017,8,10
2017-09-25,0,0.1728162004,0.07647114651,0.07454034472,0.05722612541,0.02592243762,0.02517813906,0.03337527105,0.03214942863,0.04248796121,0.09879786395,0.07154014559,2017,8,10
2017-09-26,0,0.1728162004,0.07530775245,0.07340629164,0.05630999047,0.02547746495,0.02345901888,0.03159508138,0.02960085839,0.0405074975,0.09816804415,0.07018785322,2017,8,10
2017-09-27,0,0.1728162004,0.06676534959,0.06507935768,0.04960993022,0.02224849806,0.024813689,0.03240367481,0.02974146583,0.04132603789,0.09691913102,0.07887056524,2017,8,10
2017-09-28,0,0.1728162004,0.05804819487,0.0565821312,0.04282486077,0.01902450325,0.01778087845,0.02485485387,0.0239727682,0.03278588205,0.09416082172,0.07036449307,2017,8,10
2017-09-29,0,0.1728162004,0.05699004806,0.05555068434,0.0420050896,0.01863816122,0.01791679662,0.02479299103,0.02493277152,0.03265827088,0.09422134355,0.07012227855,2017,8,10
2017-10-02,0,0.1728162004,0.05541671281,0.0540170501,0.04078780602,0.01806576018,0.01666238181,0.0232077291,0.02324459673,0.03076128318,0.09277835008,0.06681946798,2017,8,10
2017-10-03,0,0.1728162004,0.05699004806,0.05555068434,0.0420050896,0.01863816122,0.01467404523,0.02104719872,0.02185318838,0.02822363992,0.09277835008,0.06012369103,2017,8,10
2017-10-04,0,0.1728162004,0.060186182,0.05866617342,0.04448382112,0.01980845079,0.01604805515,0.02259787946,0.02315566845,0.03002107071,0.09277835008,0.05734957105,2017,8,10
2017-10-05,0,0.1728162004,0.04880050095,0.04756780856,0.03569096515,0.01568591056,0.01472890127,0.02056635341,0.02119718752,0.0275626732,0.09277835008,0.06077996799,2017,8,10
2017-10-06,0,0.1728162004,0.06072511365,0.05919150745,0.04490254491,0.02000676522,0.01752694431,0.02398697115,0.02289969657,0.03156097952,0.08822477735,0.06032119653,2017,8,10
2017-10-09,0,0.1728162004,0.07999323268,0.07797360892,0.06000475627,0.02727709033,0.02172974228,0.02903110977,0.02947310253,0.03733299792,0.08822477735,0.05963448335,2017,8,10
2017-10-10,0,0.1728162004,0.07271039695,0.07087444517,0.05426775076,0.02448852061,0.02268289258,0.02962541335,0.02762415278,0.03795185155,0.08822477735,0.06606584696,2017,8,10
2017-10-11,0,0.1728162004,0.06620801764,0.0645360853,0.04917449829,0.02204020002,0.01665831667,0.02321265454,0.02384282794,0.0306633175,0.09082663395,0.05700755192,2017,8,10
2017-10-12,0,0.1728162004,0.06788475863,0.06617052853,0.05048514767,0.02266775201,0.01838876414,0.02520120923,0.02371739532,0.03298535795,0.09082663395,0.05862248734,2017,8,10
2017-10-13,0,0.1728162004,0.05964900979,0.05814255465,0.0440666802,0.0196110641,0.01660206811,0.02305090894,0.02098984574,0.03050513877,0.09082663395,0.0587623449,2017,8,10
2017-10-16,0,0.1728162004,0.06788475863,0.06617052853,0.05048514767,0.02266775201,0.01777779805,0.02449499057,0.02314278005,0.03215537093,0.09082663395,0.05698912929,2017,8,10
2017-10-17,0,0.1728162004,0.07940297469,0.0773982358,0.05953856406,0.02704928015,0.0176374577,0.02465824404,0.02451940605,0.03234516207,0.09082663395,0.05041500461,2017,8,10
2017-10-18,0,0.1728162004,0.07242357588,0.07059485842,0.05404249563,0.02437969482,0.01775384005,0.02458319815,0.02189426847,0.03225275033,0.09082663395,0.05305775396,2017,8,10
2017-10-19,0,0.1728162004,0.07185101909,0.07003674305,0.05359299758,0.02416268271,0.02284383384,0.02977802269,0.0276380168,0.03812886511,0.09082663395,0.06495511769,2017,8,10
2017-10-20,0,0.1728162004,0.06957552104,0.06781864142,0.05180869723,0.02330322552,0.02353767814,0.03006235897,0.02705450464,0.03834237918,0.08960394346,0.06989029628,2017,8,10
2017-10-23,0,0.1728162004,0.1026125162,0.1000226664,0.07801829067,0.03624185655,0.02943092305,0.03715717717,0.03842669865,0.0462507857,0.09385872697,0.06603468586,2017,8,10
2017-10-24,0,0.1728162004,0.1054505128,0.1027891424,0.08029748855,0.03739857368,0.0301305682,0.03781577568,0.03488041087,0.04693500007,0.09434249966,0.06660454679,2017,8,10
2017-10-25,0,0.1728162004,0.1076683926,0.104951133,0.08208143405,0.03830745189,0.03865016481,0.0463627384,0.04539358193,0.05622926522,0.09385872697,0.07905369423,2017,8,10
2017-10-26,0,0.1728162004,0.1098949778,0.1071216131,0.08387478158,0.03922422403,0.03432833145,0.04238519193,0.03902446647,0.05198938114,0.09313722951,0.07272241995,2017,8,10
2017-10-27,0,0.1728162004,0.0648217226,0.06318476262,0.04809235334,0.02152335872,0.02512935524,0.03149813341,0.03048099538,0.03995786091,0.09349735407,0.08036094702,2017,8,10
2017-10-30,0,0.1728162004,0.085060179,0.08291278881,0.06401520471,0.02924563384,0.03234538674,0.03939126605,0.03436689625,0.0486819469,0.09170915044,0.08364893689,2017,8,10
2017-10-31,0,0.1728162004,0.07559808959,0.07368930635,0.05653854201,0.0255883964,0.02414912137,0.03119214823,0.0283492535,0.03970443968,0.08793987086,0.07552746666,2017,8,10
2017-11-01,0,0.1728162004,0.07617978835,0.07425633457,0.05699661081,0.02581088318,0.02815916004,0.03500872056,0.0312594147,0.04388479808,0.08793987086,0.08146776576,2017,8,10
2017-11-02,0,0.1728162004,0.06844680716,0.06671839916,0.05092491178,0.02287870099,0.02518659568,0.03191006986,0.02993808917,0.04048468211,0.08541294797,0.08163797244,2017,8,10
2017-11-03,0,0.1728162004,0.04756742685,0.04636585644,0.03474519469,0.01524733643,0.01632272149,0.02216066632,0.02096076619,0.02940736393,0.08541294797,0.07491566145,2017,8,10
2017-11-06,0,0.1728162004,0.0541185773,0.0527516726,0.03978492494,0.01759533296,0.01564841313,0.02163087228,0.02135688713,0.02877815272,0.08541294797,0.06624293539,2017,8,10
2017-11-07,0,0.1728162004,0.06732426802,0.06562417674,0.05004681691,0.02245768321,0.02207785177,0.02867101956,0.02766586151,0.03682618068,0.08793987086,0.07242592578,2017,8,10
2017-11-08,0,0.1728162004,0.06427005619,0.06264701359,0.04766209739,0.02131819272,0.01936747249,0.02579313052,0.0257852129,0.03355909224,0.08793987086,0.06716644464,2017,8,10
2017-11-09,0,0.1728162004,0.085060179,0.08291278881,0.06401520471,0.02924563384,0.03375011069,0.0406099176,0.03644524146,0.04996772327,0.08793987086,0.08495089384,2017,8,10
2017-11-10,0,0.1728162004,0.1095763791,0.1068110422,0.08361802813,0.03909277893,0.03442180594,0.04216385499,0.03926050797,0.05166116602,0.0896618338,0.07631785072,2017,8,10
2017-11-13,0,0.1728162004,0.1163004667,0.1133657163,0.08904702047,0.04188574609,0.03951463273,0.04700426605,0.04388534871,0.05677400643,0.0896618338,0.08120908705,2017,8,10
2017-11-14,0,0.1728162004,0.119202053,0.1161942068,0.09139620854,0.04310314483,0.04315279864,0.05068523998,0.04528958849,0.06072307806,0.0896618338,0.08567865209,2017,8,10
2017-11-15,0,0.1728162004,0.1698165441,0.1655346008,0.132937773,0.06552281821,0.06332804161,0.0707250297,0.06293799215,0.08139241881,0.08908449752,0.09202984539,2017,8,10
2017-11-16,0,0.1728162004,0.1247109081,0.1215643008,0.0958666993,0.04543463362,0.04627978121,0.05334441845,0.04804773649,0.06339557579,0.08793987086,0.08871226427,2017,8,10
2017-11-17,0,0.1728162004,0.1140515656,0.1111734728,0.08722891622,0.04094723675,0.03661356116,0.04469808533,0.0410065882,0.05446698691,0.09313722951,0.08145378598,2017,8,10
2017-11-20,0,0.1728162004,0.08960045328,0.08733859179,0.0676213757,0.0310291423,0.02779073223,0.0354651035,0.03235119592,0.04449699123,0.09313722951,0.07755803436,2017,8,10
2017-11-21,0,0.1728162004,0.06289814507,0.06130971379,0.04659305622,0.02080923392,0.02585734014,0.0321840459,0.0291275976,0.04073722774,0.09170915044,0.08913095012,2017,8,10
2017-11-22,0,0.1728162004,0.06704461139,0.06535157475,0.04982819239,0.02235297996,0.01941621574,0.02611869144,0.02498418685,0.03399104648,0.08908449752,0.07168465051,2017,8,10
2017-11-24,0,0.1728162004,0.06126579025,0.05971854261,0.04532284096,0.02020600408,0.01901263944,0.02541656182,0.02058617827,0.03315688657,0.08908449752,0.07153652625,2017,8,10
2017-11-27,0,0.1728162004,0.06676534959,0.06507935768,0.04960993022,0.02224849806,0.01958504194,0.02624232392,0.02482986539,0.03411816104,0.08822477735,0.0688015991,2017,8,10
2017-11-28,0,0.1728162004,0.07127992113,0.06948004995,0.05314485804,0.02394652619,0.0246367097,0.03069341185,0.03185803111,0.03888813385,0.08960394346,0.07687927644,2017,8,10
2017-11-29,0,0.1728162004,0.09112734342,0.08882698846,0.06883671584,0.03163306602,0.02878549637,0.03533677749,0.03527954392,0.04400477237,0.0903007954,0.07116596376,2017,8,10
2017-11-30,0,0.1728162004,0.1092579499,0.1065006365,0.08336145979,0.03896149233,0.04151616019,0.04645815034,0.04487733834,0.05557796618,0.0903007954,0.0853754998,2017,8,10
2017-12-01,0,0.1728162004,0.1140515656,0.1111734728,0.08722891622,0.04094723675,0.05558336539,0.05859353236,0.05670290831,0.06812945686,0.08954609434,0.1112006815,2017,8,10
2017-12-04,0,0.1728162004,0.1221141973,0.1190329952,0.09375776423,0.04433234652,0.05697192201,0.0603054245,0.05664186071,0.06993834325,0.08954609434,0.1129986762,2017,8,10
2017-12-05,0,0.1728162004,0.1108517769,0.1080543039,0.08464614142,0.03961950594,0.05036308531,0.05502989449,0.05124844046,0.06474702482,0.08954609434,0.1120644279,2017,8,10
2017-12-06,0,0.1728162004,0.1010427933,0.09849250463,0.07675937635,0.03560509954,0.03850277237,0.04459166269,0.04281416671,0.05393329579,0.09147306225,0.1009607301,2017,8,10
2017-12-07,0,0.1728162004,0.0750177591,0.07312361211,0.05608176258,0.02536674206,0.0336458782,0.03907325152,0.03564457834,0.04799690849,0.09147306225,0.1078145795,2017,8,10
2017-12-08,0,0.1728162004,0.05884658217,0.05736037351,0.04344395995,0.01931673075,0.02651128258,0.03162205592,0.02767233772,0.03979983492,0.08885449757,0.1020999638,2017,8,10
2017-12-11,0,0.1728162004,0.05257672598,0.05124873093,0.03859553681,0.01703878118,0.02120817937,0.02630972218,0.02252107112,0.03385575664,0.08748575828,0.09236049836,2017,8,10
2017-12-12,0,0.1728162004,0.06816558905,0.06644427486,0.05070485122,0.02277311669,0.02615155278,0.03141444234,0.02682827259,0.03949704297,0.08748575828,0.08869383859,2017,8,10
2017-12-13,0,0.1728162004,0.07559808959,0.07368930635,0.05653854201,0.0255883964,0.02575115749,0.03137206578,0.0287630225,0.03947378585,0.08885449757,0.08365769387,2017,8,10
2017-12-14,0,0.1728162004,0.08475973872,0.08261992385,0.06377698978,0.02912826593,0.02889480314,0.03496170975,0.03484572992,0.04351162976,0.09059259104,0.082738068,2017,8,10
2017-12-15,0,0.1728162004,0.0546363995,0.05325642759,0.04018480872,0.01778278321,0.02247790033,0.02739084865,0.02460047703,0.03500505021,0.08748575828,0.08897859292,2017,8,10
2017-12-18,0,0.1728162004,0.05751820547,0.05606551479,0.04241415731,0.01883086023,0.02465948239,0.02911341185,0.02158557887,0.03679259528,0.08748575828,0.09341506745,2017,8,10
2017-12-19,0,0.1728162004,0.07127992113,0.06948004995,0.05314485804,0.02394652619,0.02418252273,0.02951078712,0.02958487011,0.03734131688,0.08748575828,0.08239765513,2017,8,10
2017-12-20,0,0.1728162004,0.06262502096,0.06104348036,0.04638038987,0.02070812375,0.02591399187,0.03088539223,0.02786529463,0.03888231164,0.08748575828,0.09293937769,2017,8,10
2017-12-21,0,0.1728162004,0.05991737506,0.05840414875,0.04427505214,0.01970964127,0.02358275959,0.02856147038,0.0249665074,0.0362902975,0.0918274037,0.09086007032,2017,8,10
2017-12-22,0,0.1728162004,0.06760431769,0.06589716191,0.05026580245,0.02256260737,0.02183998473,0.02727327968,0.02528189293,0.03488414038,0.09325712732,0.07995472781,2017,8,10
2017-12-26,0,0.1728162004,0.07763993093,0.07567965314,0.0581473543,0.02637071857,0.024211242,0.02996944109,0.02701001701,0.03792168155,0.09325712732,0.07601943398,2017,8,10
2017-12-27,0,0.1728162004,0.08415972923,0.08203504322,0.06330140664,0.02889411299,0.02536043705,0.03127066686,0.0294002577,0.03936222481,0.09416082172,0.07474121219,2017,8,10
2017-12-28,0,0.1728162004,0.07559808959,0.07368930635,0.05653854201,0.0255883964,0.02284564429,0.02855236363,0.02407775292,0.03633310362,0.09416082172,0.07119813804,2017,8,10
2017-12-29,0,0.1728162004,0.1016700702,0.09910397228,0.07726230173,0.03585929445,0.03313224303,0.03922487916,0.03963937823,0.04805864336,0.09133560114,0.07580434809,2017,8,10
2018-01-02,0,0.1656794998,0.06399484123,0.0623787418,0.04744753235,0.01917235522,0.02183944135,0.02593754887,0.02358612857,0.03166773227,0.04942450399,0.08090521299,2018,8,11
2018-01-03,0,0.1656794998,0.04781299236,0.04660522396,0.03493343619,0.01368319456,0.01480932693,0.01845192902,0.01936473377,0.02321423286,0.04942450399,0.07579044591,2018,8,11
2018-01-04,0,0.1656794998,0.04954659143,0.04829506874,0.03626386831,0.01425601141,0.0174901949,0.02094722713,0.01938859482,0.02604188251,0.0396401027,0.08043469148,2018,8,11
2018-01-05,0,0.1656794998,0.04954659143,0.04829506874,0.03626386831,0.01425601141,0.01764997715,0.02082007341,0.0192043276,0.0258326256,0.03639026197,0.0809692052,2018,8,11
2018-01-08,0,0.1656794998,0.05725389686,0.05580787544,0.04220941833,0.01684765254,0.01700582175,0.02037394622,0.01975791005,0.02523749975,0.03639026197,0.07270710897,2018,8,11
2018-01-09,0,0.1656794998,0.07271039695,0.07087444517,0.05426775076,0.02225483852,0.02231786399,0.02561875318,0.02396134975,0.03100684817,0.03823252096,0.07391959737,2018,8,11
2018-01-10,1,0.1656794998,0.06537502568,0.06372410725,0.04852410151,0.01965479767,0.02234216796,0.02559595329,0.02293789564,0.03108124582,0.03823252096,0.07892004386,2018,8,11
2018-01-11,1,0.1656794998,0.06704461139,0.06535157475,0.04982819239,0.02024128924,0.02063307098,0.02371683217,0.02315005053,0.02887617588,0.03918692405,0.07342469685,2018,8,11
2018-01-12,1,0.1656794998,0.0750177591,0.07312361211,0.05608176258,0.0230850121,0.02352769759,0.02618526107,0.0266262683,0.03148945151,0.04359291275,0.07389397992,2018,8,11
2018-01-16,1,0.1656794998,0.121466188,0.1184013085,0.09323194404,0.04098839121,0.04955865017,0.04947672432,0.0484886592,0.05614589627,0.046232802,0.09561994522,2018,8,11
2018-01-17,1,0.1656794998,0.1295981913,0.1263284972,0.09984389815,0.04434944168,0.0524131001,0.05097297153,0.04984738894,0.05742252784,0.046232802,0.09959134363,2018,8,11
2018-01-18,1,0.1656794998,0.1397602816,0.1362347082,0.1081459097,0.04864296928,0.04647864497,0.046859717,0.04656953738,0.05311231728,0.046232802,0.09002666786,2018,8,11
2018-01-19,1,0.1656794998,0.1089396914,0.1061903973,0.08310507768,0.03594157743,0.03767255763,0.03862257544,0.03702463984,0.04461528285,0.04359291275,0.0903851878,2018,8,11
2018-01-22,1,0.1656794998,0.1013563287,0.098798138,0.07701073153,0.03296376007,0.03429447963,0.03507321164,0.03916500993,0.04075939715,0.04359291275,0.08819387835,2018,8,11
2018-01-23,1,0.1656794998,0.1035567645,0.100943118,0.07877617245,0.03382177006,0.03152144581,0.03276470271,0.03369126507,0.03824350573,0.04359291275,0.0794406321,2018,8,11
2018-01-24,1,0.1656794998,0.115335776,0.1124253291,0.08826683854,0.03849866965,0.0426145438,0.04211518806,0.04233669056,0.04812449018,0.04049506021,0.08810231704,2018,8,11
2018-01-25,1,0.1656794998,0.1188791165,0.1158794053,0.09113456298,0.03993308722,0.04197679379,0.04176372666,0.04082778563,0.04773621084,0.04253595182,0.08789408861,2018,8,11
2018-01-26,1,0.1656794998,0.1029270673,0.1003292902,0.07827070918,0.03357572732,0.03743110309,0.03681521795,0.03853199801,0.04243441933,0.04359291275,0.09018392985,2018,8,11
2018-01-29,1,0.1656794998,0.193192388,0.1883226664,0.1524433359,0.07293380882,0.06442925888,0.0605606307,0.06178193834,0.06644553314,0.04049506021,0.08977409031,2018,8,11
2018-01-30,1,0.1656794998,0.2239443286,0.2183020449,0.1783739065,0.08824893824,0.09739747049,0.08753575718,0.08229459924,0.09343045351,0.04359291275,0.1131025296,2018,8,11
2018-01-31,1,0.1656794998,0.1833424381,0.1787203376,0.1442016257,0.06823716473,0.07446183221,0.06957203955,0.066800616,0.07597027221,0.05047939905,0.10877806,2018,8,11
2018-02-01,1,0.1656794998,0.1810374852,0.1764733408,0.1422776996,0.06715253987,0.07288252205,0.06865142447,0.06582610488,0.07513100314,0.05047939905,0.1092292696,2018,8,11
2018-02-02,1,0.1656794998,0.3004339233,0.2928739188,0.2440546664,0.1308450021,0.1242765252,0.1152132854,0.1234075597,0.1207249329,0.05819959919,0.1162332035,2018,8,11
2018-02-05,0,0.1656794998,0.6416162619,0.6256418319,0.5539111692,0.4237173228,0.3614538809,0.3224826819,0.3504710499,0.3115361367,0.0628650776,0.173213235,2018,8,11
2018-02-06,0,0.1656794998,0.5575794255,0.5436416728,0.4751604277,0.3323638595,0.3338306141,0.2879469348,0.3086255322,0.279869298,0.0616669837,0.1970697809,2018,8,11
2018-02-07,0,0.1656794998,0.5245714234,0.5114428963,0.444671862,0.3004317613,0.2856450241,0.2535388602,0.2668655947,0.2494224552,0.0616669837,0.186569326,2018,8,11
2018-02-08,0,0.1656794998,0.6013404376,0.5863371275,0.5159604858,0.3780414899,0.3380991003,0.3148889971,0.365022695,0.3076249853,0.06918743976,0.1955997277,2018,8,11
2018-02-09,0,0.1656794998,0.544578951,0.5309594204,0.4631233395,0.3195379721,0.3675001288,0.3269559684,0.3366451962,0.318389113,0.07613411059,0.2430937724,2018,8,11
2018-02-12,0,0.1656794998,0.4893796876,0.4771180489,0.4124308031,0.2686035288,0.3010232228,0.2676619369,0.2718986565,0.2637521619,0.06988815418,0.223957332,2018,8,11
2018-02-13,0,0.1656794998,0.4778766614,0.4658991704,0.4019510325,0.2586700747,0.2614230611,0.2368532019,0.2446186056,0.2353964571,0.06988815418,0.2020025597,2018,8,11
2018-02-14,0,0.1656794998,0.353366799,0.3444836032,0.2903932208,0.1644037978,0.2062796137,0.1855647264,0.2006438209,0.1884731078,0.06037700887,0.2063830265,2018,8,11
2018-02-15,0,0.1656794998,0.3500143598,0.3412148551,0.2874383442,0.1621721311,0.2111050015,0.1847754638,0.1818003183,0.187000804,0.06274764897,0.2104522301,2018,8,11
2018-02-16,0,0.1656794998,0.3584756309,0.3494649284,0.2949012977,0.1678332782,0.182985723,0.1648481331,0.1672185409,0.1682030751,0.06102696729,0.1766730954,2018,8,11
2018-02-20,0,0.1656794998,0.3864861853,0.3767771043,0.319726021,0.1872644061,0.1944067158,0.1766598369,0.1791190844,0.1794021617,0.06102696729,0.1714547326,2018,8,11
2018-02-21,0,0.1656794998,0.3724691151,0.3631093628,0.307280526,0.1774062797,0.2001025276,0.1822072692,0.1879965814,0.1851441795,0.06102696729,0.1804941741,2018,8,11
2018-02-22,0,0.1656794998,0.3392770567,0.3307457076,0.2779923376,0.1551234411,0.1766312012,0.1631670524,0.1625293404,0.1675620537,0.0616175506,0.1757679874,2018,8,11
2018-02-23,1,0.1656794998,0.27649162,0.2695312359,0.2233255114,0.1167934566,0.1392792439,0.1285629486,0.1326824189,0.1344359704,0.05007116697,0.1672716021,2018,8,11
2018-02-26,1,0.1656794998,0.2556094109,0.2491725127,0.2053695936,0.1050808925,0.1264562971,0.1156161925,0.1170757447,0.1216426684,0.0538604654,0.1641811917,2018,8,11
2018-02-27,1,0.1656794998,0.3358202595,0.327375275,0.2749571338,0.1528859244,0.1659688306,0.1512920069,0.1643646378,0.155619338,0.05599050443,0.1666055409,2018,8,11
2018-02-28,0,0.1656794998,0.3682692938,0.3590142692,0.3035604017,0.1745053052,0.1849250964,0.1700145319,0.1837785038,0.1735841572,0.05943009519,0.1678252416,2018,8,11
2018-03-01,0,0.1656794998,0.4285257283,0.4177710197,0.3573192612,0.2185187973,0.2433954341,0.2216497273,0.234233806,0.2221137952,0.06000619368,0.1913182951,2018,8,11
2018-03-02,0,0.1656794998,0.36176489,0.3526721144,0.2978070106,0.1700597228,0.2023978808,0.1863753533,0.1935153463,0.1897467978,0.06232992702,0.190090134,2018,8,11
2018-03-05,1,0.1656794998,0.3395419473,0.3310039808,0.2782250404,0.1552955336,0.1867080308,0.1701372583,0.1840228326,0.1740511242,0.05391859101,0.1890572006,2018,8,11
2018-03-06,1,0.1656794998,0.3296424539,0.3213518557,0.26953996,0.148925209,0.1678677223,0.1551545905,0.1564568552,0.1598710309,0.05391859101,0.1798781319,2018,8,11
2018-03-07,1,0.1656794998,0.3131534565,0.3052751683,0.2551267786,0.1385890927,0.1743531351,0.1596356586,0.1555288254,0.1643912267,0.0579812837,0.1895046292,2018,8,11
2018-03-08,1,0.1656794998,0.2779792601,0.2709816006,0.2246091484,0.1176469314,0.1297006385,0.1235636117,0.1229378675,0.130007094,0.05577998479,0.1602889833,2018,8,11
2018-03-09,1,0.1656794998,0.2191431515,0.213621431,0.1743062569,0.08579192214,0.1096454922,0.1024612335,0.1051157817,0.1093392019,0.05273883881,0.1575656283,2018,8,11
2018-03-12,1,0.1656794998,0.2549945752,0.2485730967,0.2048427179,0.104743527,0.1080844664,0.1029384189,0.1027847637,0.1095128224,0.05273883881,0.1407936382,2018,8,11
2018-03-13,1,0.1656794998,0.2723075847,0.2654520519,0.2197183901,0.1144067527,0.1358601192,0.1262186518,0.1275866202,0.1322924985,0.05273883881,0.156276142,2018,8,11
2018-03-14,1,0.1656794998,0.2981412748,0.2906386601,0.2420633041,0.1294700062,0.1324595376,0.1260782643,0.1314761151,0.1321594838,0.0548270909,0.1381056229,2018,8,11
2018-03-15,1,0.1656794998,0.2794632979,0.2724284555,0.2258902595,0.1185008993,0.1165919233,0.1136671766,0.1168039419,0.1204043814,0.05881183944,0.1310876048,2018,8,11
2018-03-16,1,0.1656794998,0.2556094109,0.2491725127,0.2053695936,0.1050808925,0.09687118159,0.09728175474,0.09737181463,0.104543534,0.06527445456,0.1211039538,2018,8,11
2018-03-19,0,0.1656794998,0.3471581771,0.3384299874,0.2849229732,0.1602824705,0.1757601093,0.1653617833,0.1705715699,0.1700247939,0.07182055817,0.1532058256,2018,8,11
2018-03-20,0,0.1656794998,0.325298112,0.3171161111,0.2657360579,0.1461689495,0.1275245321,0.1269319393,0.1288817013,0.1334232481,0.07029683338,0.1279373194,2018,8,11
2018-03-21,0,0.1656794998,0.3159390651,0.3079910982,0.2575569994,0.1403114953,0.1409384079,0.1378465844,0.1406238218,0.1441930899,0.06929766076,0.1376215124,2018,8,11
2018-03-22,0,0.1656794998,0.4465392643,0.4353375815,0.3735481928,0.2327239597,0.2263167192,0.2179022592,0.2232792057,0.2199358287,0.07478215574,0.1582371178,2018,8,11
2018-03-23,0,0.1656794998,0.4760399759,0.4641078876,0.4002804083,0.2571047588,0.2334179363,0.2332712958,0.2609281818,0.2354412731,0.08117177801,0.1578849915,2018,8,11
2018-03-26,0,0.1656794998,0.3965721235,0.386611887,0.3287089205,0.1945283813,0.2330158008,0.2190582515,0.2123986516,0.2214001326,0.08078998676,0.185267866,2018,8,11
2018-03-27,0,0.1656794998,0.4291626303,0.4183921065,0.3578918412,0.2190124976,0.2485256573,0.2394297229,0.251028882,0.2412226722,0.08957757723,0.1917897324,2018,8,11
2018-03-28,0,0.1656794998,0.4369242573,0.4259610676,0.3648768257,0.2250790311,0.234219255,0.2299663973,0.2359151308,0.2325243975,0.08957757723,0.1841009315,2018,8,11
2018-03-29,0,0.1656794998,0.3712381842,0.3619091238,0.3061897668,0.1765535345,0.2150706103,0.2073592034,0.2101049461,0.2114023238,0.1237144305,0.1926520671,2018,8,11
2018-04-02,0,0.1656794998,0.4521404965,0.440799974,0.3786090923,0.2372447358,0.276211138,0.2676471233,0.2762051143,0.2681471024,0.1523082259,0.2090760361,2018,8,11
2018-04-03,0,0.1656794998,0.3981897383,0.3881892371,0.3301517746,0.1957069043,0.2231501256,0.2185420111,0.2225103315,0.2222080358,0.1237144305,0.1907567053,2018,8,11
2018-04-04,0,0.1656794998,0.3734512212,0.3640669829,0.3081510466,0.1780881366,0.2339236466,0.2218750745,0.2245718277,0.2249738575,0.124830979,0.2076782219,2018,8,11
2018-04-05,0,0.1656794998,0.3450696773,0.3363936421,0.2830849088,0.1589074653,0.1905279715,0.1844477127,0.1740052815,0.1896266195,0.1067441863,0.1904222336,2018,8,11
2018-04-06,0,0.1656794998,0.407079806,0.3968581022,0.3380919377,0.2022513314,0.2525520343,0.2440121562,0.245546089,0.2463032824,0.1281052052,0.2122647608,2018,8,11
2018-04-09,0,0.1656794998,0.4133359919,0.4029587087,0.3436903022,0.2069260549,0.2422933975,0.2345357888,0.2311436255,0.2370238631,0.1281052052,0.2032206846,2018,8,11
2018-04-10,0,0.1656794998,0.3833859728,0.3737541266,0.3169695175,0.1850604927,0.2292393067,0.2171221895,0.1972844906,0.2200708961,0.1059047003,0.2067989299,2018,8,11
2018-04-11,0,0.1656794998,0.3778423949,0.3683486939,0.3120460235,0.1811530698,0.2003570012,0.1965471521,0.1822819709,0.201190149,0.09883637502,0.1866700122,2018,8,11
2018-04-12,0,0.1656794998,0.333143973,0.3247658639,0.2726092267,0.1511641335,0.1736225639,0.1710452508,0.1579757786,0.1771073987,0.09883637502,0.182791164,2018,8,11
2018-04-13,0,0.1656794998,0.3032864988,0.2956550969,0.246534236,0.13256465,0.1618505018,0.1615167093,0.1543144076,0.1685797494,0.09622766499,0.1785251658,2018,8,11
2018-04-16,0,0.1656794998,0.2785732536,0.2715607112,0.2251218498,0.1179884291,0.1450225903,0.1448930998,0.1269829878,0.1524549845,0.09271723271,0.1715670566,2018,8,11
2018-04-17,0,0.1656794998,0.2385164884,0.2325084086,0.190761479,0.09585845923,0.1233848201,0.1234450075,0.10808848,0.1315761263,0.08443976741,0.1649950346,2018,8,11
2018-04-18,0,0.1656794998,0.2494377659,0.243155666,0.2000856444,0.1017136266,0.1075084946,0.1109935515,0.1045126524,0.1191986312,0.08443976741,0.1474172729,2018,8,11
2018-04-19,0,0.1656794998,0.260509138,0.2539493708,0.2095720758,0.1077845983,0.1197056311,0.122760383,0.1167710982,0.130921857,0.08443976741,0.1514048125,2018,8,11
2018-04-20,0,0.1656794998,0.2880003384,0.2807516455,0.2332711678,0.1234633747,0.135472432,0.1389035628,0.1385342566,0.1467874446,0.06726708271,0.1529025176,2018,8,11
2018-04-23,0,0.1656794998,0.2720076751,0.2651596587,0.2194600125,0.1142364501,0.1250932469,0.1299706402,0.1270510729,0.1383071313,0.07488079735,0.1488122988,2018,8,11
2018-04-24,0,0.1656794998,0.3203648572,0.3123062042,0.2614221006,0.143067813,0.174632087,0.1760969724,0.1836798053,0.1830139498,0.087895294,0.1724173711,2018,8,11
2018-04-25,0,0.1656794998,0.3153831169,0.3074490556,0.2570718252,0.1399669754,0.1577198106,0.1616081619,0.1639190372,0.1690671059,0.087895294,0.1656232396,2018,8,11
2018-04-26,0,0.1656794998,0.2690009377,0.262228282,0.2168709843,0.112534793,0.1351975543,0.1387053804,0.1391247694,0.1469788068,0.07123384715,0.1630582275,2018,8,11
2018-04-27,0,0.1656794998,0.2435277195,0.2373938914,0.1950356707,0.09852877659,0.1120370728,0.1185116238,0.1171481099,0.1274736732,0.06117412461,0.1517534906,2018,8,11
2018-04-30,0,0.1656794998,0.2595930242,0.2530562282,0.2087858263,0.1072770243,0.1248855846,0.1318454335,0.1385054414,0.1407865579,0.05308157452,0.1557340369,2018,8,11
2018-05-01,0,0.1656794998,0.246021641,0.2398252411,0.1971654564,0.09986800615,0.1162056116,0.1237404387,0.123436744,0.1329257832,0.05708502252,0.146938455,2018,8,11
2018-05-02,0,0.1656794998,0.2608142422,0.2542468248,0.2098339807,0.107953852,0.1164262592,0.1262099503,0.1282845077,0.1355180448,0.06137082481,0.1392859244,2018,8,11
2018-05-03,0,0.1656794998,0.2586757119,0.2521619182,0.2079987788,0.1067697351,0.1328198355,0.140626791,0.1382857374,0.1498236364,0.06137082481,0.1540484323,2018,8,11
2018-05-04,0,0.1656794998,0.2233055073,0.217679264,0.1778322863,0.08792059569,0.1172177885,0.1230639715,0.1282557979,0.1324245686,0.06137082481,0.1556246604,2018,8,11
2018-05-07,0,0.1656794998,0.2226662699,0.2170560779,0.1772904354,0.08759247745,0.1017424251,0.1094138216,0.1066650734,0.1187687821,0.05308157452,0.1433078877,2018,8,11
2018-05-08,0,0.1656794998,0.2213865581,0.2158085005,0.1762060526,0.08693692151,0.09851817053,0.1067445873,0.1065659281,0.1161462816,0.05308157452,0.1373708481,2018,8,11
2018-05-09,0,0.1656794998,0.1793898065,0.1748670943,0.1409035025,0.06638054246,0.08270328133,0.08989426297,0.09113163319,0.09933520846,0.05308157452,0.1364262555,2018,8,11
2018-05-10,0,0.1656794998,0.1731203833,0.1687553399,0.1356832203,0.06346846465,0.07225448626,0.07916327568,0.08177825837,0.08817199463,0.0538604654,0.1230779615,2018,8,11
2018-05-11,0,0.1656794998,0.1539443762,0.1500617747,0.1198030982,0.05480929014,0.05697171635,0.06472860664,0.06558741538,0.07340409914,0.0538604654,0.1086487655,2018,8,11
2018-05-14,0,0.1656794998,0.1632037632,0.1590881735,0.1274543185,0.05894400154,0.06218985032,0.06969589784,0.06954620878,0.07847148836,0.05708502252,0.1093758816,2018,8,11
2018-05-15,0,0.1656794998,0.2188222642,0.2133086023,0.1740346423,0.08562858568,0.08672631377,0.09409959322,0.08747987755,0.103012705,0.05876451484,0.1132722406,2018,8,11
2018-05-16,0,0.1656794998,0.1793898065,0.1748670943,0.1409035025,0.06638054246,0.06154583388,0.07019762205,0.07252613073,0.07894761311,0.05876451484,0.1011016783,2018,8,11
2018-05-17,0,0.1656794998,0.1797194232,0.1751884224,0.1411783352,0.06653475739,0.06813925421,0.07631463593,0.0755926604,0.085291208,0.06548341942,0.1062690784,2018,8,11
2018-05-18,0,0.1656794998,0.1793898065,0.1748670943,0.1409035025,0.06638054246,0.05986019749,0.06933870343,0.06797356186,0.07819692143,0.06891262898,0.09900739314,2018,8,11
2018-05-21,0,0.1656794998,0.1681638493,0.1639234787,0.1315658549,0.06119456258,0.06900278902,0.07610392514,0.06565491344,0.0850770148,0.07057670195,0.1122311318,2018,8,11
2018-05-22,0,0.1656794998,0.1727901073,0.1684333709,0.1354085925,0.06331616707,0.06356258033,0.07197221617,0.07198998292,0.08088061432,0.07057670195,0.1044054286,2018,8,11
2018-05-23,0,0.1656794998,0.1516310871,0.1478067034,0.1178965967,0.05378981053,0.06183783217,0.06945046956,0.06742997465,0.07843284298,0.06664392655,0.1114310015,2018,8,11
2018-05-24,0,0.1656794998,0.1499794642,0.1461966487,0.1165366592,0.05306522797,0.06086370847,0.06891397778,0.06664130066,0.07797404621,0.06664392655,0.1095465062,2018,8,11
2018-05-25,0,0.1656794998,0.1727901073,0.1684333709,0.1354085925,0.06331616707,0.06238427401,0.0714443007,0.0675038106,0.08044445607,0.06664392655,0.1034097931,2018,8,11
2018-05-29,0,0.1656794998,0.2920782153,0.2847274012,0.2368034851,0.125864065,0.1277917701,0.1342099293,0.1286267879,0.1424549541,0.07597388947,0.1219257363,2018,8,11
2018-05-30,0,0.1656794998,0.2287219568,0.2229597219,0.1824284315,0.09071846686,0.09649400292,0.1028435003,0.09977602291,0.1116825023,0.06744611501,0.1197581587,2018,8,11
2018-05-31,0,0.1656794998,0.2441519395,0.2380024493,0.1955685834,0.09886333704,0.09496772087,0.1034394729,0.1030322668,0.1123819671,0.0714226065,0.1142033079,2018,8,11
2018-06-01,0,0.1656794998,0.1807080317,0.1761521715,0.1420028547,0.06699795644,0.07442761342,0.08186623708,0.07408542284,0.09096449729,0.06429025732,0.1154297208,2018,8,11
2018-06-04,0,0.1656794998,0.1569199061,0.1529624262,0.1222583619,0.05612855308,0.05954097326,0.06734570293,0.0594330656,0.07614281604,0.05563007234,0.1093053456,2018,8,11
2018-06-05,0,0.1656794998,0.1456889612,0.142014139,0.1130088112,0.05119576832,0.05015566394,0.05848155255,0.05661158099,0.06698473443,0.05563007234,0.09692357116,2018,8,11
2018-06-06,0,0.1656794998,0.1208186654,0.1177700966,0.09270670558,0.04072362422,0.04546594088,0.05252398181,0.05115965526,0.0607439683,0.05563007234,0.09733035045,2018,8,11
2018-06-07,0,0.1656794998,0.1368027642,0.1333516528,0.105725339,0.04738270586,0.04972759937,0.05697144978,0.05414172349,0.06530366439,0.05563007234,0.09589781023,2018,8,11
2018-06-08,0,0.1656794998,0.1384451937,0.1349527298,0.1070691408,0.04808149681,0.04418913491,0.0516837414,0.05248049665,0.05963867838,0.05594531515,0.08738567333,2018,8,11
2018-06-11,0,0.1656794998,0.1440405184,0.1404071916,0.111655301,0.05048242952,0.04355885264,0.0511743383,0.05031375422,0.05903141684,0.06015102839,0.08389380787,2018,8,11
2018-06-12,0,0.1656794998,0.1437109646,0.1400859337,0.1113848383,0.05034014761,0.04491897711,0.05235300114,0.0504203202,0.06026899441,0.06015102839,0.08494182052,2018,8,11
2018-06-13,0,0.1656794998,0.1635344956,0.1594105851,0.1277281939,0.05909329046,0.04975903159,0.05777923795,0.05903988066,0.06590466232,0.05676370808,0.08239572597,2018,8,11
2018-06-14,0,0.1656794998,0.1364744793,0.1330316336,0.1054568755,0.04724335805,0.0446863105,0.05216759601,0.04755493034,0.06018738356,0.06326922563,0.08435953992,2018,8,11
2018-06-15,0,0.1656794998,0.131886269,0.1285589551,0.1017094121,0.04530711683,0.04791996841,0.05521908798,0.05176017167,0.06351182213,0.06326922563,0.09169262229,2018,8,11
2018-06-18,0,0.1656794998,0.1427225903,0.1391224405,0.1105739445,0.04991408023,0.05526374001,0.06251313146,0.05434966099,0.07113891071,0.0617659997,0.09902653729,2018,8,11
2018-06-19,0,0.1656794998,0.1770814278,0.1726167651,0.1389798324,0.06530365646,0.07807366212,0.08422400748,0.06941404407,0.09327379235,0.06102694818,0.1140732353,2018,8,11
2018-06-20,0,0.1656794998,0.1585734008,0.1545743141,0.1236241787,0.05686552502,0.05767903635,0.06561218051,0.05621797888,0.07429905557,0.06102694818,0.1027939059,2018,8,11
2018-06-21,0,0.1656794998,0.2191431515,0.213621431,0.1743062569,0.08579192214,0.07893763873,0.08734287754,0.08520573012,0.09618902829,0.06102694818,0.1032159389,2018,8,11
2018-06-22,0,0.1656794998,0.1908986546,0.1860865889,0.1505212412,0.07183116496,0.07350390239,0.08148318651,0.06812718575,0.09048186888,0.06946324313,0.1061746605,2018,8,11
2018-06-25,0,0.1656794998,0.3010056448,0.2934313298,0.2445514638,0.1311888722,0.1332453019,0.1389016691,0.1336695497,0.1468878048,0.08009428384,0.1222406378,2018,8,11
2018-06-26,0,0.1656794998,0.2592873863,0.2527582544,0.2085235656,0.107107896,0.09577745931,0.1053942497,0.1012100879,0.1143220644,0.07354928103,0.1066584204,2018,8,11
2018-06-27,0,0.1656794998,0.3173262212,0.3093435598,0.2587678999,0.1411727805,0.1393600194,0.1464442776,0.1490103634,0.1543740435,0.08009428384,0.123948821,2018,8,11
2018-06-28,0,0.1656794998,0.2871228395,0.279896124,0.2325116281,0.122949351,0.1201596598,0.1279193235,0.1296008097,0.1364154486,0.07859537121,0.120255361,2018,8,11
2018-06-29,0,0.1656794998,0.264465006,0.2578060563,0.2129698074,0.1099872555,0.1123299414,0.1202613642,0.116595634,0.1291005474,0.07990548689,0.1215547728,2018,8,11
2018-07-02,0,0.1656794998,0.2494377659,0.243155666,0.2000856444,0.1017136266,0.1064459505,0.1143529856,0.111044072,0.1233573527,0.07046462244,0.1202777489,2018,8,11
2018-07-03,0,0.1656794998,0.2659803725,0.2592834335,0.2142724963,0.1108357289,0.1067349736,0.1160685498,0.117172508,0.1250445239,0.07460484192,0.117010585,2018,8,11
2018-07-05,0,0.1656794998,0.2296745587,0.2238884093,0.1832376621,0.09121380443,0.09467287715,0.1028231367,0.09736135429,0.1119492409,0.07460484192,0.1163752222,2018,8,11
2018-07-06,0,0.1656794998,0.1777411477,0.1732598944,0.139529418,0.06561086749,0.07262276912,0.08050750949,0.08226833875,0.08967317856,0.06029619026,0.1138848531,2018,8,11
2018-07-09,0,0.1656794998,0.1552666849,0.1513508071,0.1208937925,0.05539446104,0.05930769486,0.06674741911,0.06319351889,0.0754684699,0.05487139485,0.1074644056,2018,8,11
2018-07-10,0,0.1656794998,0.1536138434,0.1497395601,0.1195305645,0.05466329237,0.05066932539,0.05851931719,0.05646915993,0.06680928925,0.05900140276,0.09649620806,2018,8,11
2018-07-11,0,0.1656794998,0.1863025584,0.1816060342,0.1466750433,0.06963809237,0.07554546707,0.08272314929,0.07165570151,0.09171605966,0.05900140276,0.11009304,2018,8,11
2018-07-12,0,0.1656794998,0.1516310871,0.1478067034,0.1178965967,0.05378981053,0.06094809895,0.06755798805,0.06093904699,0.07624062889,0.05900140276,0.1083950214,2018,8,11
2018-07-13,0,0.1656794998,0.1384451937,0.1349527298,0.1070691408,0.04808149681,0.04706261658,0.05468361648,0.05070095955,0.06289162938,0.06413613609,0.09729383096,2018,8,11
2018-07-16,0,0.1656794998,0.1598963236,0.1558639496,0.1247176679,0.05745714709,0.04954727912,0.05773573202,0.0539956985,0.06594347295,0.06632553449,0.09228168426,2018,8,11
2018-07-17,0,0.1656794998,0.1345062659,0.1311129783,0.1038482482,0.04641017552,0.05193289098,0.05873631001,0.05675148265,0.06715379282,0.06321857494,0.1041351338,2018,8,11
2018-07-18,0,0.1656794998,0.135818119,0.1323917997,0.1049202525,0.04696507581,0.04249997372,0.05000008454,0.04949685087,0.05786321093,0.06083127872,0.08983369909,2018,8,11
2018-07-19,0,0.1656794998,0.1612193024,0.1571536411,0.1258118493,0.05805056274,0.05291110716,0.06076057847,0.05801847451,0.0690830671,0.06506608983,0.08988763,2018,8,11
2018-07-20,0,0.1656794998,0.1608885553,0.1568312157,0.1255382416,0.05790204187,0.0469102668,0.05544234215,0.05523141889,0.06354753967,0.05713104075,0.0829689955,2018,8,11
2018-07-23,0,0.1656794998,0.1529528373,0.149095189,0.1189856704,0.05437165325,0.04698736952,0.05515167486,0.05624251583,0.06327876714,0.06553575775,0.08543731069,2018,8,11
2018-07-24,0,0.1656794998,0.1460187778,0.1423356536,0.1132797468,0.05133881938,0.05643097871,0.06292236107,0.05550936088,0.07137916424,0.05881182098,0.09913817859,2018,8,11
2018-07-25,0,0.1656794998,0.1420639231,0.1384803547,0.1100337688,0.04963068758,0.05166778361,0.05758373139,0.06091539841,0.06562627323,0.05713104075,0.09740131124,2018,8,11
2018-07-26,0,0.1656794998,0.1371311174,0.1336717387,0.1059939027,0.04752219097,0.04613872847,0.05285246334,0.04880495256,0.06076700415,0.05713104075,0.09147940127,2018,8,11
2018-07-27,0,0.1656794998,0.1665107587,0.1623119728,0.1301945835,0.06044172735,0.06546579781,0.07180932108,0.0741323681,0.08044037659,0.05881182098,0.1035065202,2018,8,11
2018-07-30,0,0.1656794998,0.2068830298,0.201669267,0.163951075,0.07962903577,0.0728208842,0.08035385751,0.0838686629,0.08896101603,0.06553575775,0.09784111976,2018,8,11
2018-07-31,0,0.1656794998,0.1598963236,0.1558639496,0.1247176679,0.05745714709,0.05672215285,0.06411041104,0.06301889251,0.07258090803,0.0624633195,0.09471119956,2018,8,11
2018-08-01,0,0.1656794998,0.1704774907,0.1661789222,0.1334867027,0.06225287936,0.05924638989,0.06698148,0.06763178388,0.0755218478,0.0624633195,0.09315507382,2018,8,11
2018-08-02,0,0.1656794998,0.1387738735,0.1352731343,0.1073381918,0.04822166274,0.05572075588,0.06221480834,0.06386389455,0.07074895431,0.05726937661,0.1015918965,2018,8,11
2018-08-03,0,0.1656794998,0.1208186654,0.1177700966,0.09270670558,0.04072362422,0.03681242155,0.04403799775,0.04695730714,0.05156521198,0.05726937661,0.08480971191,2018,8,11
2018-08-06,0,0.1656794998,0.1089396914,0.1061903973,0.08310507768,0.03594157743,0.03676739303,0.04338592714,0.04460766261,0.05091239509,0.04950488417,0.087685519,2018,8,11
2018-08-07,0,0.1656794998,0.0982304883,0.09575108117,0.07450705132,0.03175345582,0.03149857168,0.03788755947,0.03478038271,0.04499094286,0.04950488417,0.08351738066,2018,8,11
2018-08-08,0,0.1656794998,0.09574564271,0.09332886832,0.07252039015,0.03079852466,0.02842086804,0.0349467307,0.0349825926,0.04180529255,0.04950488417,0.07873682768,2018,8,11
2018-08-09,0,0.1656794998,0.1089396914,0.1061903973,0.08310507768,0.03594157743,0.02907498744,0.03606657102,0.03670966341,0.04295511184,0.04950488417,0.06995319009,2018,8,11
2018-08-10,0,0.1656794998,0.1708079329,0.1665010528,0.1337611998,0.06240447585,0.0598789451,0.0670021919,0.05907971043,0.07542626442,0.0588907562,0.08725272019,2018,8,11
2018-08-13,0,0.1656794998,0.2236249701,0.2179907053,0.1781031254,0.08808473905,0.07274721423,0.0804790732,0.08052372338,0.08886971211,0.0588907562,0.08563445269,2018,8,11
2018-08-14,0,0.1656794998,0.1757615773,0.1713301072,0.1378807703,0.06469037781,0.05757440326,0.0648848862,0.06265173039,0.07314258307,0.06484107497,0.08612895895,2018,8,11
2018-08-15,0,0.1656794998,0.2191431515,0.213621431,0.1743062569,0.08579192214,0.08338291999,0.08990836652,0.08320168052,0.09852268724,0.06032850555,0.09908720711,2018,8,11
2018-08-16,0,0.1656794998,0.1803785365,0.1758309616,0.1417280119,0.06684346468,0.0698596108,0.07582540077,0.06613059778,0.08437251156,0.06422172982,0.1014987094,2018,8,11
2018-08-17,0,0.1656794998,0.1536138434,0.1497395601,0.1195305645,0.05466329237,0.05516015182,0.06176891595,0.06081852786,0.07004478315,0.06449630896,0.0959888427,2018,8,11
2018-08-20,0,0.1656794998,0.148658688,0.1449091155,0.1154498948,0.05248776637,0.04719902515,0.05428520713,0.04996085999,0.06220496879,0.05787241436,0.08888553908,2018,8,11
2018-08-21,0,0.1656794998,0.1608885553,0.1568312157,0.1255382416,0.05790204187,0.0558209892,0.0621040691,0.05820017086,0.07022765867,0.05787241436,0.09355613503,2018,8,11
2018-08-22,0,0.1656794998,0.140747222,0.1371968015,0.1089544568,0.04906548106,0.04434494142,0.05138921258,0.04849670491,0.05919940944,0.05621687781,0.08549298976,2018,8,11
2018-08-23,0,0.1656794998,0.1460187778,0.1423356536,0.1132797468,0.05133881938,0.04508757478,0.0524190799,0.05197611317,0.06028638781,0.05914396484,0.08122220908,2018,8,11
2018-08-24,0,0.1656794998,0.1322134842,0.1288779305,0.1019763776,0.04544450267,0.03861521463,0.04550130757,0.04459611255,0.0529244806,0.04504123455,0.07697424571,2018,8,11
2018-08-27,0,0.1656794998,0.137788025,0.1343121068,0.1065313269,0.04780157156,0.04617449572,0.05174256385,0.04520297139,0.05934379068,0.04504123455,0.08491736756,2018,8,11
2018-08-28,0,0.1656794998,0.1489888349,0.1452309527,0.1157214839,0.05263194663,0.04276708005,0.04898580781,0.04551305853,0.05633399074,0.04504123455,0.07691215689,2018,8,11
2018-08-29,0,0.1656794998,0.140747222,0.1371968015,0.1089544568,0.04906548106,0.04245321481,0.04799037484,0.04815311542,0.05524133737,0.04504123455,0.07869647285,2018,8,11
2018-08-30,0,0.1656794998,0.1830132943,0.1783994696,0.1439267819,0.06808194821,0.0567025484,0.06216216171,0.06000455532,0.06981652024,0.04504123455,0.08107113103,2018,8,11
2018-08-31,0,0.1656794998,0.1608885553,0.1568312157,0.1255382416,0.05790204187,0.0493811239,0.05524455506,0.05301740176,0.06282804986,0.04504123455,0.08051502843,2018,8,11
2018-09-04,0,0.1656794998,0.1708079329,0.1665010528,0.1337611998,0.06240447585,0.05138895144,0.05755552535,0.05562774362,0.06521525452,0.05027488263,0.0780221941,2018,8,11
2018-09-05,0,0.1656794998,0.1954829953,0.1905557007,0.1543645255,0.07404039222,0.06032295174,0.06646567543,0.06496917428,0.07431625797,0.05731553442,0.08083278378,2018,8,11
2018-09-06,0,0.1656794998,0.2194639393,0.2139341628,0.1745778183,0.0859553178,0.07287030757,0.07845478798,0.07774320691,0.08644766663,0.06357394504,0.08646782596,2018,8,11
2018-09-07,0,0.1656794998,0.2268138034,0.2210994738,0.1808082696,0.0897292048,0.07836540378,0.08373819299,0.0782118061,0.09180134853,0.06491023774,0.09051615741,2018,8,11
2018-09-10,0,0.1656794998,0.2036355399,0.1985033712,0.1612159821,0.0780231701,0.06734146813,0.0734573667,0.06507021508,0.08154713084,0.0624633195,0.08881726216,2018,8,11
2018-09-11,0,0.1656794998,0.1727901073,0.1684333709,0.1354085925,0.06331616707,0.06173614804,0.06732565896,0.06591824169,0.07546162321,0.0624633195,0.09339569514,2018,8,11
2018-09-12,0,0.1656794998,0.1701470275,0.1658567713,0.1332122269,0.06210138431,0.05518731176,0.06157065335,0.05989966524,0.06953905723,0.05726937661,0.0877048907,2018,8,11
2018-09-13,1,0.1656794998,0.1446997636,0.1410498417,0.1121964682,0.05076738027,0.04936251761,0.05505662088,0.04699471323,0.06283096735,0.05011184745,0.0885908279,2018,8,11
2018-09-14,1,0.1656794998,0.1348341181,0.1314325752,0.1041160918,0.04654869162,0.04114875653,0.0474641415,0.04516668626,0.05490353547,0.04510257306,0.08132972371,2018,8,11
2018-09-17,1,0.1656794998,0.1879452749,0.1832074525,0.1480489297,0.07041942787,0.05426129015,0.06131171278,0.06430681034,0.06913673663,0.05602063205,0.07810637359,2018,8,11
2018-09-18,1,0.1656794998,0.1585734008,0.1545743141,0.1236241787,0.05686552502,0.04780419246,0.05418827052,0.05551062938,0.06182608646,0.05336880384,0.07713978642,2018,8,11
2018-09-19,1,0.1656794998,0.1243859229,0.121247501,0.09560259828,0.04218749457,0.03202506635,0.0387303005,0.03869791237,0.04561529677,0.05336880384,0.06905197185,2018,8,11
2018-09-20,1,0.1656794998,0.1260119338,0.1228325583,0.09692444654,0.04285899981,0.04679786607,0.0514758907,0.04865687157,0.05907407176,0.04610728064,0.08844038783,2018,8,11
2018-09-21,1,0.1656794998,0.1221141973,0.1190329952,0.09375776423,0.04125378023,0.03880631576,0.04441769228,0.04275503124,0.05164001606,0.0502340768,0.081725411,2018,8,11
2018-09-24,1,0.1656794998,0.1391026154,0.1355935996,0.1076073375,0.04836196371,0.04299370012,0.04903064274,0.04575098806,0.05648423298,0.04600711761,0.08123838116,2018,8,11
2018-09-25,1,0.1656794998,0.1463486349,0.1426572076,0.1135507583,0.05148199735,0.04282156103,0.04920180846,0.04725772173,0.05663366225,0.04784228217,0.07846428979,2018,8,11
2018-09-26,1,0.1656794998,0.1618807967,0.1577984921,0.1263591851,0.05834793634,0.05854126764,0.0639515911,0.06255252989,0.07202057431,0.05536117805,0.09135816924,2018,8,11
2018-09-27,1,0.1656794998,0.1460187778,0.1423356536,0.1132797468,0.05133881938,0.04784046108,0.05381902424,0.05232990082,0.0615340064,0.05325372981,0.08373831141,2018,8,11
2018-09-28,1,0.1656794998,0.1364744793,0.1330316336,0.1054568755,0.04724335805,0.0427273047,0.04900103039,0.04709626907,0.05653529069,0.06078247214,0.08165368118,2018,8,11
2018-10-01,1,0.1656794998,0.1325407829,0.1291969873,0.102243456,0.04558203113,0.04909916833,0.05421447149,0.04924268192,0.06200855085,0.06058753595,0.09192389657,2018,8,11
2018-10-02,1,0.1656794998,0.1341784895,0.1307934553,0.1035805111,0.04627179936,0.04166160872,0.04774548361,0.04606548071,0.05517297097,0.05554031045,0.08385325992,2018,8,11
2018-10-03,1,0.1656794998,0.1198483157,0.1168241899,0.09191995662,0.04032764699,0.04304058728,0.04857071382,0.0441782479,0.05618025761,0.04978727842,0.08959646786,2018,8,11
2018-10-04,1,0.1656794998,0.2055850192,0.2004038682,0.16285747,0.0789858484,0.07900085785,0.08319100144,0.08188197143,0.09136540702,0.06418749159,0.09919734209,2018,8,11
2018-10-05,1,0.1656794998,0.2249017744,0.2192354507,0.1791858983,0.08874186849,0.09211831716,0.09576871966,0.09578973264,0.1040082573,0.06957389225,0.1079280925,2018,8,11
2018-10-08,1,0.1656794998,0.2522213806,0.245869457,0.2024675664,0.1032271103,0.09730284021,0.100956608,0.09987230365,0.1088938566,0.06632555514,0.10566412,2018,8,11
2018-10-09,1,0.1656794998,0.2602039002,0.2536517866,0.2093100817,0.1076153756,0.09522505445,0.09982051908,0.0991948894,0.1077524097,0.06632555514,0.1033309229,2018,8,11
2018-10-10,1,0.1656794998,0.4387863504,0.4277769572,0.3665545761,0.2265483032,0.195673955,0.1966359844,0.2299896127,0.2006906765,0.07436910893,0.1256248959,2018,8,11
2018-10-11,0,0.1656794998,0.4780597579,0.4660777412,0.4021176151,0.2588264297,0.249326951,0.249552167,0.2687892028,0.2512498484,0.1178442258,0.1540084886,2018,8,11
2018-10-12,0,0.1656794998,0.4030023585,0.3928820919,0.3344479544,0.1992354754,0.2295035362,0.2247782365,0.2120311327,0.2281805637,0.1020028111,0.1742670617,2018,8,11
2018-10-15,0,0.1656794998,0.4027745484,0.3926599501,0.3342444728,0.1990676911,0.1871376599,0.1928993525,0.1987664697,0.19850952,0.1037386759,0.153987747,2018,8,11
2018-10-16,1,0.1656794998,0.3092285882,0.301448492,0.2517059234,0.1361784574,0.1667113251,0.1655592012,0.1680485177,0.1723651689,0.1018462635,0.1688599656,2018,8,11
2018-10-17,1,0.1656794998,0.3030019104,0.295377631,0.2462867681,0.1323926471,0.1554756907,0.1563166433,0.1545527405,0.1635653972,0.09254957679,0.1637278764,2018,8,11
2018-10-18,0,0.1656794998,0.3734512212,0.3640669829,0.3081510466,0.1780881366,0.1931628697,0.1940439161,0.1933690707,0.1995213451,0.07946662149,0.1644376496,2018,8,11
2018-10-19,0,0.1656794998,0.3692612232,0.3599814612,0.3044386657,0.1751882984,0.1775888282,0.1815444463,0.1835639603,0.1877468918,0.08648901192,0.151451602,2018,8,11
2018-10-22,0,0.1656794998,0.3630233663,0.3538991936,0.2989194108,0.1709154025,0.1619415706,0.169986653,0.1762361163,0.1770765456,0.08330110499,0.1446053512,2018,8,11
2018-10-23,0,0.1656794998,0.3890908268,0.3793168696,0.3220435921,0.1891264718,0.2275337004,0.225956439,0.2143493623,0.2301264172,0.1206578188,0.1834937613,2018,8,11
2018-10-24,0,0.1656794998,0.4826019045,0.4705076471,0.4062524394,0.2627233138,0.2654664788,0.2733427312,0.2963503678,0.2753137362,0.1407307202,0.1837345957,2018,8,11
2018-10-25,0,0.1656794998,0.4638332977,0.4522031772,0.3891961308,0.2468443811,0.2609900084,0.2615417614,0.2646254561,0.2632694991,0.1334500233,0.1898372499,2018,8,11
2018-10-26,0,0.1656794998,0.4626826962,0.4510810583,0.3881530091,0.2458899087,0.3047572948,0.3039789192,0.295447287,0.3041557332,0.1334500233,0.2276897955,2018,8,11
2018-10-29,0,0.1656794998,0.4728925995,0.4610383345,0.3974193127,0.2544355496,0.3255575226,0.323601213,0.3201943004,0.3226356896,0.1407307202,0.2499412494,2018,8,11
2018-10-30,0,0.1656794998,0.4467409221,0.4355342395,0.3737302776,0.2328858542,0.2552593379,0.2597026343,0.2737361729,0.2624935017,0.1407307202,0.2161958044,2018,8,11
2018-10-31,0,0.1656794998,0.4011760919,0.3911012683,0.3328170483,0.1978925296,0.2477573709,0.2471358144,0.2275030424,0.250655964,0.1367802909,0.2259393415,2018,8,11
2018-11-01,0,0.1656794998,0.3554174128,0.346483033,0.2922019621,0.1657761789,0.2037657129,0.2058260997,0.2036827372,0.2117098943,0.1270900395,0.2122233275,2018,8,11
2018-11-02,0,0.1656794998,0.3597436783,0.3507013338,0.2960211834,0.168689883,0.2191626473,0.2205273715,0.2203471001,0.2259517444,0.1228826481,0.2145714887,2018,8,11
2018-11-05,0,0.1656794998,0.37099157,0.361668659,0.3059712779,0.1763829381,0.1831431914,0.1900220125,0.1907448716,0.1965296164,0.1196034787,0.1753956313,2018,8,11
2018-11-06,0,0.1656794998,0.369756356,0.3604642466,0.3048771466,0.1755297235,0.1571779886,0.1665677542,0.1772456087,0.1737680508,0.09211963543,0.1583261831,2018,8,11
2018-11-07,1,0.1656794998,0.2726073849,0.2657443385,0.2199766974,0.1145770966,0.1489654212,0.1498202465,0.1472713051,0.1576900476,0.09041782346,0.1782375013,2018,8,11
2018-11-08,1,0.1656794998,0.2833051685,0.2761740784,0.2292094854,0.1207235665,0.1351602895,0.139636605,0.1361838731,0.1477837533,0.09298129115,0.1642608783,2018,8,11
2018-11-09,1,0.1656794998,0.3018621037,0.2942663519,0.2452958387,0.1317047391,0.150110854,0.1553535117,0.1495685081,0.1633102236,0.08897509211,0.1636846476,2018,8,11
2018-11-12,0,0.1656794998,0.38290695,0.373287039,0.3165437982,0.1847211606,0.1900673288,0.1974819575,0.2101487962,0.2036990188,0.1199640819,0.1665643068,2018,8,11
2018-11-13,0,0.1656794998,0.3724691151,0.3631093628,0.307280526,0.1774062797,0.191271958,0.1986686412,0.2004643098,0.2050947302,0.1326937965,0.1718524082,2018,8,11
2018-11-14,0,0.1656794998,0.4016334811,0.3915472758,0.3332254388,0.1982284173,0.224744962,0.229785762,0.2333512257,0.2345648132,0.1326937965,0.1869262763,2018,8,11
2018-11-15,1,0.1656794998,0.3714846786,0.362149472,0.3064081638,0.1767241311,0.2150425008,0.2167240471,0.2228539679,0.2219856349,0.1326937965,0.1954017819,2018,8,11
2018-11-16,1,0.1656794998,0.3236590411,0.315518019,0.2643020862,0.1451352181,0.1742699984,0.1806554178,0.1826273021,0.1882281715,0.1034475518,0.1852292711,2018,8,11
2018-11-19,1,0.1656794998,0.374431074,0.3650224074,0.3090197919,0.1787697485,0.2046079072,0.2136484009,0.2236934991,0.2200243889,0.1034475518,0.1891927902,2018,8,11
2018-11-20,1,0.1656794998,0.4287381702,0.4179781863,0.3575102382,0.2186834047,0.255845186,0.2653896245,0.2470615885,0.2692402111,0.118616708,0.2071806719,2018,8,11
2018-11-21,1,0.1656794998,0.3912093183,0.3813826022,0.3239297339,0.1906480588,0.2049450566,0.2201058803,0.2063575729,0.2269179735,0.118616708,0.1865677262,2018,8,11
2018-11-23,1,0.1656794998,0.4077551279,0.3975166266,0.3386958285,0.2027531723,0.2066756043,0.2246756054,0.2026000291,0.2314464548,0.1371845729,0.1776543554,2018,8,11
2018-11-26,1,0.1656794998,0.3440218196,0.3353719539,0.2821630927,0.1582197289,0.1862095527,0.198813739,0.1756683446,0.2067044426,0.1371845729,0.1830454017,2018,8,11
2018-11-27,1,0.1656794998,0.3471581771,0.3384299874,0.2849229732,0.1602824705,0.1704108412,0.1845203363,0.1730386902,0.1927656694,0.1300595672,0.1701052717,2018,8,11
2018-11-28,1,0.1656794998,0.333143973,0.3247658639,0.2726092267,0.1511641335,0.1760093723,0.1812961346,0.1857997402,0.1884819005,0.1065812574,0.1691358493,2018,8,11
2018-11-29,1,0.1656794998,0.3411280246,0.3325504376,0.2796187398,0.156327861,0.1636996319,0.1722254798,0.16988937,0.1798230342,0.1105526113,0.1547764229,2018,8,11
2018-11-30,1,0.1656794998,0.3217400664,0.3136470255,0.2626240721,0.1439292351,0.1433059876,0.1526659302,0.1580028416,0.1608784122,0.1119899727,0.1464183397,2018,8,11
2018-12-03,1,0.1656794998,0.2750005106,0.2680774914,0.2220394692,0.1159405633,0.161443651,0.161794968,0.136020647,0.1695817135,0.1007823692,0.1773488015,2018,8,11
2018-12-04,1,0.1656794998,0.3897982713,0.380006695,0.3226733326,0.1896338803,0.2148505621,0.2211195578,0.2387518568,0.2265581063,0.1383015716,0.1800439141,2018,8,11
2018-12-06,1,0.1656794998,0.400259699,0.3902076803,0.3319989678,0.1972204793,0.2529496256,0.2528730121,0.2430093625,0.2563501156,0.1383015716,0.2080718224,2018,8,11
2018-12-07,1,0.1656794998,0.4443130676,0.4331665859,0.3715386673,0.2309409971,0.2703120314,0.2788174204,0.287244898,0.2816966083,0.156663417,0.2108000169,2018,8,11
2018-12-10,1,0.1656794998,0.432119652,0.4212757116,0.3605514053,0.2213127916,0.2680141693,0.2755791824,0.2754534144,0.2787363986,0.1618140532,0.2187011632,2018,8,11
2018-12-11,1,0.1656794998,0.4131143546,0.4027425818,0.3434918196,0.2067594573,0.2596790406,0.2677180945,0.2605935939,0.271676917,0.1618140532,0.2212063691,2018,8,11
2018-12-12,1,0.1656794998,0.4064032509,0.396198376,0.3374870468,0.2017492433,0.250017191,0.2575476401,0.2384854028,0.2618869049,0.1618140532,0.2194569578,2018,8,11
2018-12-13,1,0.1656794998,0.3876722286,0.3779336043,0.3207811528,0.1881111255,0.2146587687,0.227762471,0.2241227452,0.2341665117,0.1563248478,0.1987387772,2018,8,11
2018-12-14,1,0.1656794998,0.4102209594,0.3999211319,0.3409017101,0.2045912477,0.2373417844,0.2548554918,0.2424665197,0.2607115992,0.146228936,0.2033485332,2018,8,11
2018-12-17,1,0.1656794998,0.4695254626,0.4577544829,0.3943608449,0.2515982441,0.2812218163,0.3027057203,0.3014486136,0.3060986767,0.1501136273,0.2114398237,2018,8,11
2018-12-18,1,0.1656794998,0.4888500448,0.4766014814,0.4119476396,0.268141189,0.2775804483,0.3011841331,0.2953845397,0.304435,0.1405585131,0.2020304376,2018,8,11
2018-12-19,1,0.1656794998,0.4888500448,0.4766014814,0.4119476396,0.268141189,0.3198081884,0.3427067319,0.3442092248,0.3443084419,0.1405585131,0.2337905996,2018,8,11
2018-12-20,0,0.1656794998,0.5345357915,0.5211625468,0.4538501947,0.3098528507,0.3365294681,0.3665168689,0.3678662414,0.3669331461,0.1534154251,0.2348929233,2018,8,11
2018-12-21,0,0.1656794998,0.5593642438,0.5453828571,0.4768159402,0.3341505793,0.3687581475,0.4040104863,0.4141479402,0.4029547816,0.1657167866,0.2514650823,2018,8,11
2018-12-24,0,0.1656794998,0.6293962672,0.613715337,0.5423545456,0.4094734853,0.3899682292,0.438251877,0.4525018673,0.4355094245,0.1657167866,0.241021582,2018,8,11
2018-12-26,0,0.1656794998,0.5634352565,0.5493543955,0.4805947017,0.3382495937,0.384712297,0.4064845253,0.4303212761,0.4031664686,0.1657167866,0.2670249016,2018,8,11
2018-12-27,0,0.1656794998,0.5573037037,0.5433726928,0.4749047451,0.3320884056,0.3870165807,0.4042269444,0.4120599142,0.4005087447,0.1657167866,0.2747906069,2018,8,11
2018-12-28,0,0.1656794998,0.5339330762,0.5205746236,0.4532944011,0.3092777123,0.3386895448,0.3638281647,0.3715092445,0.3636292972,0.1481967076,0.2543239351,2018,8,11
2018-12-31,0,0.1656794998,0.4860096357,0.4738312065,0.4093575395,0.265669941,0.2917072381,0.3180572359,0.3137477391,0.3211951878,0.146157723,0.2386725787,2018,8,11
2019-01-02,0,0.1693790488,0.4441099401,0.4329684957,0.3713553641,0.2352247469,0.305139431,0.3288433999,0.3188815227,0.3310406821,0.150336514,0.2569994836,2019,9,11
2019-01-03,0,0.1693790488,0.4865442573,0.4743526258,0.4098449133,0.2671824089,0.296422457,0.3337079949,0.3359443868,0.337563462,0.15566428,0.2352358175,2019,9,11
2019-01-04,0,0.1693790488,0.4045932299,0.3944333826,0.3358692588,0.2074528343,0.2710670312,0.294618912,0.2844257047,0.2994831865,0.1511999818,0.2359942787,2019,9,11
2019-01-07,0,0.1693790488,0.4050465682,0.3948754428,0.3362743813,0.207761294,0.2471734747,0.2709789587,0.2687918603,0.277264505,0.1511999818,0.2198363187,2019,9,11
2019-01-08,0,0.1693790488,0.3833859728,0.3737541266,0.3169695175,0.1932731273,0.2460925543,0.2654228604,0.246886972,0.2714518837,0.1511999818,0.2257371264,2019,9,11
2019-01-09,0,0.1693790488,0.3714846786,0.362149472,0.3064081638,0.1855243589,0.2124432261,0.2345087466,0.2301625757,0.242859813,0.1422154902,0.2013130073,2019,9,11
2019-01-10,0,0.1693790488,0.3594903674,0.3504543436,0.2957974398,0.1778613996,0.2152963013,0.2352252362,0.2297805497,0.2432761834,0.1511999818,0.2038910426,2019,9,11
2019-01-11,0,0.1693790488,0.3250253172,0.3168501362,0.2654973527,0.1566229573,0.1749403897,0.1989635305,0.1912180425,0.2099280127,0.1411440775,0.1797121125,2019,9,11
2019-01-14,0,0.1693790488,0.3484586786,0.3396980158,0.2860680534,0.170939586,0.1969410175,0.2211374568,0.1966160156,0.2308668337,0.1425741324,0.1850958934,2019,9,11
2019-01-15,0,0.1693790488,0.3360870656,0.3276354146,0.2751912976,0.1633168346,0.164421409,0.1881269808,0.1979117725,0.1993137781,0.1392560252,0.162882323,2019,9,11
2019-01-16,0,0.1693790488,0.347678849,0.338937658,0.285381372,0.1704547713,0.1580274687,0.1819469683,0.179921755,0.1932740371,0.1392560252,0.1544909838,2019,9,11
2019-01-17,0,0.1693790488,0.3214652966,0.3133791263,0.2623838784,0.1544926037,0.1713261292,0.1905092248,0.195099493,0.2008437221,0.1342486838,0.1655710495,2019,9,11
2019-01-18,0,0.1693790488,0.3142694543,0.3063632495,0.256100166,0.1502215444,0.18653503,0.1988440823,0.190816032,0.2075762404,0.1425741324,0.181250551,2019,9,11
2019-01-22,0,0.1693790488,0.3912093183,0.3813826022,0.3239297339,0.1984476511,0.216535567,0.2314410578,0.230204117,0.2382760274,0.1435342041,0.181673342,2019,9,11
2019-01-23,0,0.1693790488,0.3599968426,0.350948181,0.2962448125,0.178182062,0.2076078917,0.2221908493,0.2181858739,0.2298022463,0.1454704734,0.1853046043,2019,9,11
2019-01-24,0,0.1693790488,0.3437594634,0.3351161501,0.2819323351,0.1680269794,0.1738718015,0.1926952982,0.1929542372,0.2026015705,0.149035143,0.1690526861,2019,9,11
2019-01-25,0,0.1693790488,0.3035709391,0.2959324184,0.2467815955,0.1439566603,0.1807835322,0.1946069756,0.1802838964,0.2039338401,0.1480446528,0.1814582378,2019,9,11
2019-01-28,0,0.1693790488,0.3432344094,0.3346042098,0.2814705686,0.1677028626,0.1927805553,0.2086576571,0.1846724727,0.2173335776,0.149035143,0.1765864595,2019,9,11
2019-01-29,0,0.1693790488,0.3500143598,0.3412148551,0.2874383442,0.1719084993,0.1659854005,0.1861376039,0.1798345953,0.196491289,0.149035143,0.1538484487,2019,9,11
2019-01-30,0,0.1693790488,0.3103529419,0.3025447149,0.2526854998,0.1479163797,0.172453042,0.1854044578,0.1748568978,0.194794804,0.1397260442,0.1612742803,2019,9,11
2019-01-31,0,0.1693790488,0.2788700969,0.271850117,0.2253781029,0.129868778,0.1404088629,0.1543428924,0.1542217125,0.1651760184,0.1351869411,0.1490113007,2019,9,11
2019-02-01,0,0.1693790488,0.2659803725,0.2592834335,0.2142724963,0.1227183944,0.1274316855,0.1425464929,0.1382514934,0.1539977852,0.1320766087,0.1401834998,2019,9,11
2019-02-04,0,0.1693790488,0.2534552067,0.2470723364,0.2035240349,0.1158974904,0.1187267085,0.1327188228,0.1371345219,0.1442021826,0.1307357921,0.1318691613,2019,9,11
2019-02-05,0,0.1693790488,0.2485076046,0.2422488385,0.1992901945,0.1132369267,0.1088504029,0.1228264961,0.1226525836,0.1344396157,0.1170524626,0.1252067253,2019,9,11
2019-02-06,0,0.1693790488,0.2425904716,0.2364801603,0.194235726,0.1100796889,0.0964957146,0.1118822393,0.1135551759,0.1238978612,0.1190911926,0.1093573301,2019,9,11
2019-02-07,0,0.1693790488,0.2729070154,0.2660364598,0.2202348825,0.1265440949,0.1363291481,0.15052239,0.1414949315,0.1615570017,0.1347932064,0.1308523249,2019,9,11
2019-02-08,0,0.1693790488,0.2531469439,0.2467718052,0.2032600439,0.1157311691,0.1225096049,0.137557071,0.1318818262,0.1492121478,0.1441503873,0.1279413723,2019,9,11
2019-02-11,0,0.1693790488,0.2608142422,0.2542468248,0.2098339807,0.1198900515,0.1104063491,0.1267889506,0.1205823142,0.1387725851,0.1441503873,0.1185124848,2019,9,11
2019-02-12,0,0.1693790488,0.2441519395,0.2380024493,0.1955685834,0.110910256,0.1197672126,0.1314797211,0.1192987332,0.1425936367,0.1234254869,0.1288465553,2019,9,11
2019-02-13,0,0.1693790488,0.2509854962,0.2446645723,0.2014097605,0.1145670434,0.1111386617,0.1233346803,0.1125430697,0.1345347093,0.1234254869,0.1225081419,2019,9,11
2019-02-14,0,0.1693790488,0.2683978999,0.2616403598,0.2163520153,0.1240492486,0.1278386851,0.1388798321,0.1304264608,0.1495036254,0.1209059633,0.1263806037,2019,9,11
2019-02-15,0,0.1693790488,0.2277683689,0.2220300739,0.1816186312,0.1022868175,0.1109254406,0.1205834483,0.09894975641,0.1315012705,0.123708203,0.1250883307,2019,9,11
2019-02-19,0,0.1693790488,0.2268138034,0.2210994738,0.1808082696,0.1017905304,0.1038063717,0.1140363473,0.1069789931,0.1250826047,0.1216013582,0.121485506,2019,9,11
2019-02-20,0,0.1693790488,0.1990757736,0.1940581854,0.1573812995,0.08765523439,0.08589960763,0.09719408335,0.09267321369,0.1086197791,0.1216013582,0.1130085466,2019,9,11
2019-02-21,0,0.1693790488,0.2133523287,0.2079760497,0.1694094373,0.09486223681,0.09433909518,0.1058159984,0.09849183483,0.1172317318,0.1216013582,0.1142218771,2019,9,11
2019-02-22,0,0.1693790488,0.1823548691,0.1777575997,0.1433770892,0.07939272904,0.08074598249,0.09173280594,0.08662494668,0.1031667083,0.1232961053,0.1084076814,2019,9,11
2019-02-25,0,0.1693790488,0.225858269,0.2201679299,0.1799973556,0.101294408,0.09983374434,0.1093337132,0.0993643638,0.1202156602,0.1228734466,0.1095664197,2019,9,11
2019-02-26,0,0.1693790488,0.235999436,0.2300545263,0.1886173469,0.1065941285,0.08963505309,0.1007663157,0.09689252961,0.1118403343,0.1228734466,0.1004012024,2019,9,11
2019-02-27,0,0.1693790488,0.2210663744,0.2154963571,0.1759348171,0.09881645222,0.09414539419,0.1045530263,0.09907536448,0.1156458776,0.1239324079,0.1059210565,2019,9,11
2019-02-28,0,0.1693790488,0.2236249701,0.2179907053,0.1781031254,0.1001374596,0.07975857318,0.09210905278,0.09022499158,0.1034620546,0.1190227461,0.0942314904,2019,9,11
2019-03-01,0,0.1693790488,0.1843295869,0.1796826666,0.1450261403,0.0803587038,0.08877660354,0.09811769721,0.08544643389,0.109280938,0.1200530631,0.1109648855,2019,9,11
2019-03-04,0,0.1693790488,0.2188222642,0.2133086023,0.1740346423,0.09766171405,0.1164308462,0.1235993375,0.1187228942,0.1340955906,0.1200530631,0.1256000949,2019,9,11
2019-03-05,0,0.1693790488,0.2223464961,0.2167443336,0.1770194243,0.09947678758,0.08836678938,0.09967733122,0.09833976125,0.1109085396,0.1169850453,0.1071093706,2019,9,11
2019-03-06,0,0.1693790488,0.2537633401,0.2473727414,0.2037879413,0.1160638156,0.1002550399,0.1122481767,0.1175078468,0.1234016879,0.1186127678,0.1076106536,2019,9,11
2019-03-07,0,0.1693790488,0.2794632979,0.2724284555,0.2258902595,0.1302011073,0.1223039896,0.1342134855,0.1353117863,0.144961267,0.1210910731,0.1166622173,2019,9,11
2019-03-08,0,0.1693790488,0.2632502132,0.2566217194,0.2119259574,0.1212210503,0.1258095273,0.1373960545,0.1258696786,0.1482089573,0.1186127678,0.1228679582,2019,9,11
2019-03-11,0,0.1693790488,0.2091512904,0.2038805421,0.1658634034,0.09272663826,0.09147924546,0.1026422335,0.108721383,0.1140034574,0.1169850453,0.1085364982,2019,9,11
2019-03-12,0,0.1693790488,0.1908986546,0.1860865889,0.1505212412,0.0835909106,0.07698173096,0.08849504866,0.08613836847,0.09989523168,0.1169850453,0.1016256694,2019,9,11
2019-03-13,0,0.1693790488,0.1790601506,0.1745457281,0.1406286742,0.07778681714,0.08225618729,0.0917559044,0.08779173579,0.1028913704,0.1125106657,0.1086094508,2019,9,11
2019-03-14,0,0.1693790488,0.1820255889,0.1774365989,0.1431022414,0.07923190732,0.06962803703,0.080611434,0.07973680855,0.09177620134,0.1125106657,0.09713330486,2019,9,11
2019-03-15,0,0.1693790488,0.1615500498,0.1574760668,0.1260854973,0.06937113564,0.0680360038,0.07794338096,0.07771657216,0.08897297699,0.1069023817,0.096614713,2019,9,11
2019-03-18,0,0.1693790488,0.1688249799,0.1645679787,0.1321145492,0.07284349633,0.06177588687,0.07183528753,0.07227270655,0.082610128,0.1091663143,0.08833722601,2019,9,11
2019-03-19,0,0.1693790488,0.184000585,0.1793619367,0.1447513055,0.08019758506,0.08557432152,0.09342358738,0.08941467099,0.1041798474,0.1055084902,0.1052948271,2019,9,11
2019-03-20,0,0.1693790488,0.1954829953,0.1905557007,0.1543645255,0.08586386194,0.09075598375,0.09884603646,0.09736932179,0.1096307747,0.1055084902,0.1077443987,2019,9,11
2019-03-21,0,0.1693790488,0.1863025584,0.1816060342,0.1466750433,0.08132642593,0.09024849378,0.09596620781,0.1025225273,0.1062936035,0.1055084902,0.1127521736,2019,9,11
2019-03-22,0,0.1693790488,0.276193674,0.2692407558,0.2230684937,0.1283729581,0.1299096521,0.1360476774,0.1444580162,0.1456259353,0.113524707,0.1208601007,2019,9,11
2019-03-25,0,0.1693790488,0.2717076262,0.2648671297,0.2192015389,0.1258788811,0.1212837071,0.1289542142,0.1324433419,0.1389584819,0.1155100186,0.1186566566,2019,9,11
2019-03-26,0,0.1693790488,0.2204257026,0.2148717738,0.1753921807,0.09848641479,0.1137808335,0.1195989705,0.1133492813,0.1298032534,0.113131235,0.1267784299,2019,9,11
2019-03-27,0,0.1693790488,0.2353690044,0.2294399175,0.188080605,0.1062624445,0.1193718308,0.12599301,0.1280541555,0.1361853059,0.1179321691,0.1279580287,2019,9,11
2019-03-28,0,0.1693790488,0.2123842144,0.2070322532,0.1685917834,0.09436898657,0.1003461911,0.1084134134,0.1067778997,0.1191245198,0.1159106827,0.1209018032,2019,9,11
2019-03-29,0,0.1693790488,0.1889302499,0.1841676659,0.148873144,0.08261933861,0.09542147425,0.1023064905,0.09093721404,0.1129554294,0.1032813935,0.1224946025,2019,9,11
2019-04-01,0,0.1693790488,0.1787304562,0.1742243244,0.140353851,0.0776265129,0.09630714135,0.1003369759,0.0850797394,0.1104751562,0.1032813935,0.1278812935,2019,9,11
2019-04-02,0,0.1693790488,0.1774113054,0.1729383469,0.1392546211,0.076985832,0.07317245505,0.08053951515,0.07785486017,0.09092322323,0.09591022245,0.107484774,2019,9,11
2019-04-03,0,0.1693790488,0.1899147148,0.185127383,0.1496972526,0.08310492673,0.08903620401,0.09418040457,0.08430805536,0.1043150098,0.09591022245,0.1125743851,2019,9,11
2019-04-04,0,0.1693790488,0.1846585402,0.1800033493,0.1453009711,0.08051987108,0.07618898539,0.08264565705,0.07714504021,0.0928254882,0.09591022245,0.1039569078,2019,9,11
2019-04-05,0,0.1693790488,0.1595655856,0.1555415335,0.1244442289,0.06842980717,0.06479794552,0.071447527,0.06446973531,0.08150497886,0.09591022245,0.09895794346,2019,9,11
2019-04-08,0,0.1693790488,0.1714687518,0.1671452502,0.1343102552,0.07411382539,0.066650317,0.07322725328,0.07143031729,0.08323157437,0.09591022245,0.09288771249,2019,9,11
2019-04-09,0,0.1693790488,0.2075315317,0.2023014762,0.1644976511,0.09190656315,0.08245160061,0.08854417108,0.08137760569,0.09858832278,0.09591022245,0.09687983407,2019,9,11
2019-04-10,0,0.1693790488,0.175431533,0.1710083632,0.1376060311,0.07602645068,0.06156278123,0.06915280121,0.0671943699,0.07918490171,0.0979669031,0.08562247017,2019,9,11
2019-04-11,0,0.1693790488,0.1661801012,0.1619896335,0.1299204142,0.07157715431,0.06080058212,0.06837573632,0.06600923197,0.07845062439,0.09979866443,0.08662988223,2019,9,11
2019-04-12,0,0.1693790488,0.1328681639,0.1295161245,0.1025106466,0.05600418173,0.06681763505,0.07193509607,0.06268673248,0.08194483819,0.0979669031,0.1052211778,2019,9,11
2019-04-15,0,0.1693790488,0.1430519996,0.1394435572,0.1108441592,0.06069234673,0.05660948317,0.06336336618,0.06025851945,0.07321560858,0.100592987,0.09353548406,2019,9,11
2019-04-16,0,0.1693790488,0.1384451937,0.1349527298,0.1070691408,0.05856381735,0.06054556974,0.0666916613,0.06055168341,0.07662049348,0.0979669031,0.09784047959,2019,9,11
2019-04-17,0,0.1693790488,0.1522919161,0.1484509011,0.1184410123,0.0650007955,0.07054744469,0.07610687187,0.07219640579,0.0861844817,0.103735589,0.1043279566,2019,9,11
2019-04-18,0,0.1693790488,0.1354900457,0.132071987,0.1046520949,0.05720519109,0.06108359957,0.06725115821,0.06262396742,0.0772426307,0.1032813935,0.1013993099,2019,9,11
2019-04-22,0,0.1693790488,0.1463486349,0.1426572076,0.1135507583,0.0622234808,0.05878500336,0.06536626248,0.0627003275,0.07525112642,0.1011256389,0.09224009773,2019,9,11
2019-04-23,0,0.1693790488,0.1417346672,0.1381593877,0.1097638096,0.06008236739,0.06117207739,0.06608746095,0.06795496896,0.07567825506,0.09591022245,0.09588357422,2019,9,11
2019-04-24,0,0.1693790488,0.1701470275,0.1658567713,0.1332122269,0.07347817241,0.0584318133,0.0646032403,0.06572631068,0.0741491071,0.09591022245,0.08483480123,2019,9,11
2019-04-25,0,0.1693790488,0.1737808549,0.1693991999,0.1362325236,0.07522850991,0.06880869527,0.07380371835,0.07300616398,0.08346222513,0.1029193025,0.09021549576,2019,9,11
2019-04-26,0,0.1693790488,0.1565892366,0.1526400776,0.1219853453,0.06702265186,0.06198501866,0.06692500455,0.06871326691,0.0764244438,0.1033720892,0.08793739943,2019,9,11
2019-04-29,0,0.1693790488,0.1691555196,0.1648902038,0.1323889335,0.07300207269,0.05537614469,0.0612074558,0.06279303744,0.07051178642,0.1055701084,0.07849494764,2019,9,11
2019-04-30,1,0.1693790488,0.1694860412,0.1652124114,0.1326633416,0.07316071103,0.06843414207,0.07243306793,0.07130863726,0.08185988623,0.1056009113,0.08843574415,2019,9,11
2019-05-01,0,0.1693790488,0.2242635823,0.2186132826,0.1786446292,0.100467918,0.08324506677,0.08730073942,0.09534935715,0.09674065889,0.1091663143,0.08852828958,2019,9,11
2019-05-02,1,0.1693790488,0.2120613264,0.2067174759,0.1683191415,0.09420462449,0.08952217136,0.09276070805,0.09453814047,0.1022574608,0.1072768102,0.0959963875,2019,9,11
2019-05-03,1,0.1693790488,0.1612193024,0.1571536411,0.1258118493,0.0692140723,0.07890431771,0.08111732115,0.07733958411,0.09058005072,0.1050474301,0.1049232289,2019,9,11
2019-05-06,1,0.1693790488,0.2444638652,0.2383065487,0.1958349238,0.111076396,0.1433632201,0.1348872065,0.1149842683,0.1420448363,0.1050474301,0.1405087387,2019,9,11
2019-05-07,0,0.1693790488,0.3549056443,0.3459840378,0.2917504645,0.1749702386,0.1893433115,0.1781219365,0.1635840282,0.1826905305,0.1072768102,0.1486867845,2019,9,11
2019-05-08,0,0.1693790488,0.3569491827,0.3479765734,0.2935537037,0.1762563473,0.1632255073,0.158476521,0.1499293724,0.164742431,0.1095476996,0.1367704964,2019,9,11
2019-05-09,0,0.1693790488,0.3492371993,0.340457098,0.286753726,0.1714241732,0.1868419584,0.1776524047,0.1607784751,0.1826590468,0.1095476996,0.1534403378,2019,9,11
2019-05-10,0,0.1693790488,0.2629462452,0.2563253724,0.2116648257,0.1210547073,0.1655255377,0.1573125261,0.1470060486,0.1639959833,0.1084070379,0.1676275255,2019,9,11
2019-05-13,0,0.1693790488,0.3852966019,0.3756171548,0.3186680625,0.1945308717,0.2384489443,0.2261350498,0.1848971305,0.2282603185,0.1146129154,0.1858399573,2019,9,11
2019-05-14,0,0.1693790488,0.3214652966,0.3133791263,0.2623838784,0.1544926037,0.1743436246,0.1710475606,0.156723457,0.1776277403,0.1114722073,0.1650295751,2019,9,11
2019-05-15,0,0.1693790488,0.2750005106,0.2680774914,0.2220394692,0.1277080037,0.162577857,0.1586718322,0.1474444052,0.1659720827,0.1087860945,0.1705701834,2019,9,11
2019-05-16,0,0.1693790488,0.2397721802,0.2337325887,0.1918318123,0.1085852768,0.1391846319,0.1366033374,0.1270133554,0.1448844261,0.1087860945,0.1644233608,2019,9,11
2019-05-17,0,0.1693790488,0.260509138,0.2539493708,0.2095720758,0.1197236755,0.1603486361,0.1556935891,0.13300058,0.1630849869,0.109452247,0.1717266414,2019,9,11
2019-05-20,0,0.1693790488,0.2711070808,0.2642816358,0.2186842786,0.1255462401,0.1481707331,0.1482999296,0.1340149834,0.1565921343,0.109452247,0.1536901925,2019,9,11
2019-05-21,0,0.1693790488,0.2290396008,0.2232693915,0.1826982388,0.1029487814,0.1239052189,0.1252110532,0.103972783,0.1344181961,0.1113752875,0.1487581387,2019,9,11
2019-05-22,0,0.1693790488,0.2226662699,0.2170560779,0.1772904354,0.09964192452,0.1120206573,0.1160938879,0.1018572744,0.1259142544,0.113524707,0.1402425393,2019,9,11
2019-05-23,0,0.1693790488,0.2891683754,0.2818904297,0.2342824994,0.1356796429,0.1587105695,0.1591408932,0.1339135039,0.1670787283,0.1194682706,0.1554147833,2019,9,11
2019-05-24,0,0.1693790488,0.257144208,0.2506688196,0.2066852743,0.1178936121,0.1323221308,0.1362125394,0.1165759023,0.1455470305,0.1162119761,0.1443679467,2019,9,11
2019-05-28,0,0.1693790488,0.305841121,0.2981457873,0.2487565586,0.1452776331,0.150786689,0.1552546478,0.1509468277,0.163866007,0.1154100441,0.1436631705,2019,9,11
2019-05-29,0,0.1693790488,0.3170490836,0.3090733536,0.2585259381,0.1518658625,0.1562408783,0.1620498456,0.1498378882,0.1706413909,0.1178303775,0.1450975987,2019,9,11
2019-05-30,0,0.1693790488,0.3001478552,0.2925950113,0.2438061187,0.1419733111,0.1444108718,0.1509696479,0.14068797,0.1601411222,0.1178303775,0.1427417736,2019,9,11
2019-05-31,0,0.1693790488,0.3390120434,0.3304873147,0.2777595438,0.165105929,0.1771171243,0.183249255,0.1527434402,0.1910323534,0.1299467039,0.1533598998,2019,9,11
2019-06-03,0,0.1693790488,0.3429716328,0.3343479964,0.2812394906,0.1675407489,0.1719676202,0.1798781713,0.1711809189,0.1880719578,0.1346664033,0.1511774563,2019,9,11
2019-06-04,0,0.1693790488,0.2906250869,0.2833106609,0.2355442712,0.1365087636,0.164171549,0.1650969824,0.1499723372,0.1729741542,0.1328515832,0.1611108302,2019,9,11
2019-06-05,0,0.1693790488,0.264465006,0.2578060563,0.2129698074,0.1218865649,0.1470546764,0.1479603769,0.129786349,0.1564812643,0.1301682295,0.1580566184,2019,9,11
2019-06-06,0,0.1693790488,0.2595930242,0.2530562282,0.2087858263,0.1192245517,0.1350457064,0.1363089937,0.128731123,0.1451039777,0.123661029,0.1499491106,2019,9,11
2019-06-07,0,0.1693790488,0.2708066146,0.2639887004,0.2184255181,0.1253799219,0.1404061391,0.1381187545,0.1309532405,0.146098304,0.1187948278,0.1474545014,2019,9,11
2019-06-10,0,0.1693790488,0.2598985288,0.2533540724,0.2090479984,0.1193909254,0.13494555,0.132289252,0.1159426025,0.1403705231,0.1153545266,0.1461682568,2019,9,11
2019-06-11,0,0.1693790488,0.2614240489,0.2548413414,0.210357522,0.1202228051,0.1397321484,0.1361556002,0.1236302272,0.1440148704,0.1118066237,0.1465302622,2019,9,11
2019-06-12,0,0.1693790488,0.2589816155,0.252460151,0.2082612163,0.1188918076,0.1097004663,0.1124959629,0.1067919874,0.1216872614,0.1118066237,0.1242863255,2019,9,11
2019-06-13,0,0.1693790488,0.2562237235,0.249771419,0.2058961253,0.1173945422,0.1116512849,0.1130610287,0.101873095,0.1220062979,0.1118066237,0.1212494837,2019,9,11
2019-06-14,0,0.1693790488,0.2394584359,0.2334267177,0.1915643388,0.1084192835,0.09883396723,0.1024686727,0.0963606472,0.1119418124,0.109399241,0.1140515391,2019,9,11
2019-06-17,0,0.1693790488,0.241652128,0.2355653619,0.1934350966,0.1095814606,0.0885384192,0.09383445031,0.08971641957,0.1035138494,0.1071310588,0.1035297111,2019,9,11
2019-06-18,0,0.1693790488,0.2353690044,0.2294399175,0.188080605,0.1062624445,0.1119429312,0.1105895444,0.09666116501,0.1191879028,0.1056420143,0.1182681229,2019,9,11
2019-06-19,0,0.1693790488,0.2091512904,0.2038805421,0.1658634034,0.09272663826,0.09100670358,0.0927284698,0.08712300115,0.1019439437,0.1056420143,0.1107312031,2019,9,11
2019-06-20,0,0.1693790488,0.2226662699,0.2170560779,0.1772904354,0.09964192452,0.1235947059,0.1165649613,0.09724226659,0.1242616964,0.1056420143,0.1357758589,2019,9,11
2019-06-21,0,0.1693790488,0.2432154257,0.2370894334,0.194769099,0.1104118886,0.1055138474,0.1033995982,0.09517319472,0.1117173945,0.09901961928,0.1199846478,2019,9,11
2019-06-24,0,0.1693790488,0.2388305897,0.2328146274,0.1910291718,0.1080873304,0.09232673559,0.093087701,0.08785350472,0.1018551938,0.09901961928,0.1122893408,2019,9,11
2019-06-25,0,0.1693790488,0.2702053262,0.2634024826,0.2179077629,0.1250473074,0.1089889235,0.1092969113,0.115408514,0.1178846274,0.1052111539,0.112945433,2019,9,11
2019-06-26,0,0.1693790488,0.2680961894,0.2613462121,0.2160924026,0.1238829004,0.1133859605,0.1130472853,0.1072710113,0.1215419517,0.1030197594,0.115422949,2019,9,11
2019-06-27,0,0.1693790488,0.2562237235,0.249771419,0.2058961253,0.1173945422,0.09324408013,0.09574878375,0.09200115534,0.1047628165,0.1030197594,0.09629388783,2019,9,11
2019-06-28,0,0.1693790488,0.2331588625,0.2272852492,0.1861998275,0.1051019809,0.09201469933,0.09329645406,0.08817333389,0.102219823,0.1009478145,0.09978536835,2019,9,11
2019-07-01,0,0.1693790488,0.2003800826,0.1953297171,0.1584775239,0.08830776659,0.1146795583,0.1085265626,0.08582275014,0.1165646534,0.09962290351,0.1338316737,2019,9,11
2019-07-02,0,0.1693790488,0.1632037632,0.1590881735,0.1274543185,0.07015748585,0.07482248576,0.07594806075,0.06841450322,0.08497587844,0.09962290351,0.1144491448,2019,9,11
2019-07-03,0,0.1693790488,0.1513007093,0.1474846404,0.1176244817,0.06453607853,0.06849375044,0.06934474522,0.06307282858,0.07814057119,0.09962290351,0.1113480842,2019,9,11
2019-07-05,0,0.1693790488,0.174771351,0.1703647847,0.1370565885,0.07570710361,0.08980998381,0.08708333195,0.07529243967,0.09561690052,0.09962290351,0.121626988,2019,9,11
2019-07-08,0,0.1693790488,0.1971171294,0.1921487644,0.1557361547,0.08667754786,0.09690230529,0.09431175749,0.08001275249,0.1028292093,0.09701942394,0.1209000911,2019,9,11
2019-07-09,0,0.1693790488,0.2013575287,0.196282601,0.159299388,0.08879754383,0.08722112423,0.08659455311,0.08007694281,0.09526963671,0.09701942394,0.1063322524,2019,9,11
2019-07-10,0,0.1693790488,0.1665107587,0.1623119728,0.1301945835,0.07173522356,0.07748770398,0.07733373579,0.06822067008,0.08612553161,0.1009478145,0.1085319286,2019,9,11
2019-07-11,1,0.1693790488,0.1632037632,0.1590881735,0.1274543185,0.07015748585,0.06997736715,0.07091386712,0.06341285267,0.07969019889,0.1009478145,0.10334579,2019,9,11
2019-07-12,1,0.1693790488,0.145359186,0.1416926649,0.1127379524,0.06176322716,0.05736894925,0.05964291725,0.05502542839,0.06826998638,0.09701942394,0.09401875917,2019,9,11
2019-07-15,1,0.1693790488,0.1549360828,0.1510285246,0.1206210365,0.06624348602,0.0563510961,0.05900567745,0.05410664854,0.06759668381,0.09962290351,0.08796813258,2019,9,11
2019-07-16,1,0.1693790488,0.1608885553,0.1568312157,0.1255382416,0.06905707862,0.05758272162,0.0606950345,0.05905944612,0.06943387833,0.09962290351,0.08543227693,2019,9,11
2019-07-17,0,0.1693790488,0.1974437481,0.1924671746,0.1560104093,0.08684040114,0.06516734104,0.0688031742,0.07492552585,0.07776821762,0.1072455648,0.080723619,2019,9,11
2019-07-18,1,0.1693790488,0.1830132943,0.1783994696,0.1439267819,0.0797145228,0.07122854764,0.07313032223,0.07462723743,0.08202653711,0.1083755033,0.08912974907,2019,9,11
2019-07-19,0,0.1693790488,0.213029716,0.2076615405,0.1691369317,0.09469779295,0.08422454679,0.08542395496,0.08961324254,0.09432864162,0.1116986656,0.09376939539,2019,9,11
2019-07-22,0,0.1693790488,0.1830132943,0.1783994696,0.1439267819,0.0797145228,0.06841757668,0.07154370067,0.07169578774,0.0806308646,0.1105383748,0.08985319216,2019,9,11
2019-07-23,1,0.1693790488,0.1526223656,0.1487730342,0.1187133115,0.0651558594,0.06563092428,0.06763884755,0.06419855548,0.07657918395,0.1076837538,0.09428653466,2019,9,11
2019-07-24,1,0.1693790488,0.1348341181,0.1314325752,0.1041160918,0.05690434247,0.05593421983,0.05864671771,0.06103730185,0.06740051002,0.1076837538,0.09166600362,2019,9,11
2019-07-25,1,0.1693790488,0.1569199061,0.1529624262,0.1222583619,0.06717870951,0.06319537233,0.06591417002,0.06585198499,0.07487976203,0.1105383748,0.09150344281,2019,9,11
2019-07-26,1,0.1693790488,0.137788025,0.1343121068,0.1065313269,0.05826122887,0.05418423724,0.05715328669,0.05590901998,0.06584301447,0.1124129573,0.08742461754,2019,9,11
2019-07-29,1,0.1693790488,0.1598963236,0.1558639496,0.1247176679,0.06858651888,0.05546155925,0.05894985445,0.05883451109,0.06767888442,0.1147785925,0.08255983543,2019,9,11
2019-07-30,1,0.1693790488,0.1964636823,0.19151174,0.1551875728,0.08635195666,0.07967978488,0.08005617306,0.07246993709,0.08877963369,0.1137876884,0.09279565368,2019,9,11
2019-07-31,0,0.1693790488,0.2653746829,0.2586929279,0.213751739,0.1223856937,0.1281974365,0.1220397774,0.1239329489,0.12946767,0.113524707,0.1171315693,2019,9,11
2019-08-01,0,0.1693790488,0.316216801,0.3082618874,0.2577994073,0.1513727916,0.1645838079,0.1535961704,0.1562748714,0.1592669234,0.113524707,0.1341714171,2019,9,11
2019-08-02,0,0.1693790488,0.3089471202,0.3011740665,0.2514607482,0.1470922609,0.1446779568,0.1404964754,0.1418451791,0.1477015602,0.1210910731,0.1280855733,2019,9,11
2019-08-05,0,0.1693790488,0.470839154,0.459035677,0.3955538136,0.2550820838,0.2586046783,0.2440026438,0.2342235055,0.2437787246,0.1236139118,0.1664454286,2019,9,11
2019-08-06,0,0.1693790488,0.3761402445,0.3666889709,0.3105356864,0.1885380745,0.1987244099,0.1897884306,0.1820183745,0.1941299471,0.1210910731,0.1589219318,2019,9,11
2019-08-07,0,0.1693790488,0.3592369097,0.3502072105,0.2955735817,0.1777010247,0.2206195633,0.2060624622,0.1945904492,0.2089843521,0.1202600539,0.1806428358,2019,9,11
2019-08-08,0,0.1693790488,0.2888765912,0.2816059529,0.2340298282,0.1355137823,0.1628147131,0.1534914177,0.1516097657,0.1597526174,0.1186127678,0.1641434165,2019,9,11
2019-08-09,0,0.1693790488,0.3189858767,0.3109617085,0.2602173005,0.1530156907,0.1755969821,0.1664053956,0.1596164408,0.1720673738,0.1218921092,0.1653245632,2019,9,11
2019-08-12,0,0.1693790488,0.3979590596,0.3879643001,0.3299459813,0.2029647303,0.2122798841,0.2012192242,0.1964773163,0.2044968356,0.1273375894,0.1650449434,2019,9,11
2019-08-13,0,0.1693790488,0.3064071815,0.2986976827,0.2492492097,0.1456077137,0.1806447876,0.1692754689,0.1723324716,0.1746163968,0.1273375894,0.1704329024,2019,9,11
2019-08-14,0,0.1693790488,0.4205761619,0.4100189226,0.3501801185,0.2184672564,0.2414613655,0.2305660873,0.2170545,0.2322948631,0.1282103882,0.1789699241,2019,9,11
2019-08-15,0,0.1693790488,0.4000302306,0.3899839226,0.3317941469,0.2043607194,0.2055222914,0.2010108266,0.1965333731,0.2054464189,0.1317527622,0.1661461123,2019,9,11
2019-08-16,0,0.1693790488,0.3326068935,0.3242422062,0.2721382552,0.1611986078,0.1927912331,0.1841322194,0.1775802663,0.1892148153,0.128599945,0.1757607108,2019,9,11
2019-08-19,0,0.1693790488,0.2880003384,0.2807516455,0.2332711678,0.1350161192,0.175140276,0.1654185419,0.1337150529,0.1713612143,0.1268548942,0.1776461846,2019,9,11
2019-08-20,0,0.1693790488,0.305841121,0.2981457873,0.2487565586,0.1452776331,0.1508961229,0.1494811181,0.1448258615,0.1570843598,0.1252373251,0.1562849852,2019,9,11
2019-08-21,0,0.1693790488,0.2556094109,0.2491725127,0.2053695936,0.1170618418,0.1420283603,0.1389838009,0.1089616291,0.1469768154,0.1174126829,0.157335468,2019,9,11
2019-08-22,0,0.1693790488,0.2821256489,0.2750241068,0.2281900147,0.1316962137,0.1532453543,0.148651591,0.1385036755,0.1559320666,0.1194568248,0.1579842411,2019,9,11
2019-08-23,0,0.1693790488,0.3687655856,0.3594981839,0.3039997947,0.1837744485,0.2269349994,0.2175507697,0.2163456147,0.2207864821,0.1293085641,0.1871891876,2019,9,11
2019-08-26,0,0.1693790488,0.3549056443,0.3459840378,0.2917504645,0.1749702386,0.1956313871,0.1888376814,0.1728379106,0.1938383958,0.12997131,0.1734650835,2019,9,11
2019-08-27,0,0.1693790488,0.3795375208,0.3700015721,0.3135507902,0.1907513692,0.2043160199,0.1979121727,0.1965314421,0.2023636938,0.1326512233,0.1748269102,2019,9,11
2019-08-28,0,0.1693790488,0.3556730759,0.3467323151,0.2924275389,0.1754527429,0.1876857841,0.1819579593,0.186663504,0.1873775666,0.12997131,0.1709892592,2019,9,11
2019-08-29,0,0.1693790488,0.3164943318,0.3085324767,0.2580416554,0.1515371407,0.1874816254,0.1766093705,0.1582536182,0.1817179975,0.1234725562,0.181481196,2019,9,11
2019-08-30,0,0.1693790488,0.3461151031,0.3374129605,0.2840048461,0.1694843681,0.177220263,0.1698434313,0.1595964358,0.1754425704,0.1230728624,0.1605565617,2019,9,11
2019-09-03,0,0.1693790488,0.3635257692,0.354389063,0.2993636013,0.1804234069,0.1840844995,0.1777913656,0.1618296791,0.183157561,0.1207672912,0.1586319958,2019,9,12
2019-09-04,0,0.1693790488,0.3010056448,0.2934313298,0.2445514638,0.1424693647,0.1617684134,0.1554013486,0.130016167,0.1620254053,0.1207672912,0.1594395091,2019,9,12
2019-09-05,0,0.1693790488,0.269904414,0.2631091126,0.2176486909,0.1248809614,0.1685273014,0.1560596403,0.1373260649,0.1619277667,0.116670785,0.1744770182,2019,9,12
2019-09-06,0,0.1693790488,0.2306261662,0.2248161282,0.1840463141,0.1037766173,0.1085085465,0.1086195745,0.1008270766,0.1175336277,0.1103566878,0.1418043317,2019,9,12
2019-09-09,0,0.1693790488,0.2391445723,0.2331207305,0.1912967919,0.1082533013,0.1223468745,0.1199382388,0.1088102508,0.1283288122,0.1099728339,0.145982293,2019,9,12
2019-09-10,0,0.1693790488,0.2369442104,0.2309755891,0.1894219316,0.1070917516,0.1199063245,0.1182854839,0.1090958087,0.1268468023,0.1109346754,0.1432427363,2019,9,12
2019-09-11,0,0.1693790488,0.2181801928,0.2126826558,0.1734912556,0.09733199516,0.1073188234,0.1064596507,0.1045167438,0.1152895963,0.1109346754,0.1369798859,2019,9,12
2019-09-12,0,0.1693790488,0.2055850192,0.2004038682,0.16285747,0.0909234919,0.09661487381,0.09714779919,0.09139900208,0.1062449506,0.112293628,0.1222124512,2019,9,12
2019-09-13,0,0.1693790488,0.1899147148,0.185127383,0.1496972526,0.08310492673,0.08144355792,0.08475767204,0.08188859479,0.09428259084,0.1067155931,0.114376467,2019,9,12
2019-09-16,0,0.1693790488,0.2201052152,0.2145593346,0.1751207806,0.09832142934,0.09911594957,0.1007558269,0.0922749715,0.1099886993,0.110891781,0.1175256204,2019,9,12
2019-09-17,0,0.1693790488,0.2127070111,0.2073469415,0.1688643803,0.09453337613,0.07734975225,0.08226111531,0.08455651879,0.09184926575,0.1109883326,0.1019121673,2019,9,12
2019-09-18,0,0.1693790488,0.1967904406,0.1918302861,0.1554618757,0.08651473295,0.09411128723,0.09595745545,0.09176562801,0.1053814263,0.1133278156,0.1179437692,2019,9,12
2019-09-19,0,0.1693790488,0.2000541166,0.1950119425,0.1582035103,0.08814457904,0.08546296087,0.08912242423,0.08677073333,0.09873785527,0.1153101319,0.1093131938,2019,9,12
2019-09-20,0,0.1693790488,0.2407126953,0.2346495025,0.1926337896,0.1090833217,0.1093651357,0.1108757916,0.1115200767,0.1199803068,0.1153101319,0.1184258111,2019,9,12
2019-09-23,0,0.1693790488,0.2277683689,0.2220300739,0.1816186312,0.1022868175,0.09548379143,0.09946729289,0.09799106833,0.1090830389,0.1163125539,0.1113384152,2019,9,12
2019-09-24,0,0.1693790488,0.2929482943,0.2855756935,0.2375577158,0.1378347828,0.144162782,0.1425856259,0.1461630678,0.1504079969,0.1207095753,0.1321649873,2019,9,12
2019-09-25,0,0.1693790488,0.260509138,0.2539493708,0.2095720758,0.1197236755,0.1250389877,0.1251825504,0.1257441325,0.1338319358,0.1178303775,0.1257738802,2019,9,12
2019-09-26,0,0.1693790488,0.2638578957,0.2572141667,0.2124480781,0.1215538176,0.1160238664,0.1186911588,0.1197644737,0.1278163795,0.1178303775,0.1196292858,2019,9,12
2019-09-27,0,0.1693790488,0.2978539979,0.2903585748,0.2418138738,0.1406499077,0.1428238423,0.1428018005,0.1448152556,0.1508642975,0.1323761483,0.1291587518,2019,9,12
2019-09-30,0,0.1693790488,0.2690009377,0.262228282,0.2168709843,0.1243819531,0.1107582491,0.1150407279,0.115622676,0.1244399738,0.134818588,0.1164490833,2019,9,12
2019-10-01,0,0.1693790488,0.3350189173,0.3265939559,0.2742539347,0.162665495,0.1550648155,0.1561707875,0.1670929318,0.163806917,0.1339077134,0.1269202763,2019,9,12
2019-10-02,0,0.1693790488,0.3855347955,0.3758494145,0.3188798746,0.1946879416,0.181286462,0.1846381572,0.1915126989,0.1913180336,0.1364252086,0.1334823843,2019,9,12
2019-10-03,0,0.1693790488,0.3497554976,0.3409624559,0.2872102908,0.1717471115,0.1794979626,0.1797035609,0.1852593348,0.1863558328,0.1350471298,0.143823989,2019,9,12
2019-10-04,0,0.1693790488,0.2926584624,0.2852931189,0.2373064525,0.1376691054,0.1322920248,0.1361108575,0.1494345696,0.1450599081,0.1326261872,0.1284277304,2019,9,12
2019-10-07,0,0.1693790488,0.3159390651,0.3079910982,0.2575569994,0.1512083902,0.1430951466,0.1468985512,0.1508052155,0.1554420154,0.1353523408,0.1282957502,2019,9,12
2019-10-08,0,0.1693790488,0.3788119321,0.3692940668,0.3129066028,0.1902776487,0.1764922164,0.180846836,0.1828874599,0.1879235497,0.1353523408,0.1347308527,2019,9,12
2019-10-09,0,0.1693790488,0.3371527686,0.3286744907,0.2761267887,0.1639677504,0.1610807543,0.1643373403,0.1537250577,0.1721583545,0.1330773035,0.1342043046,2019,9,12
2019-10-10,0,0.1693790488,0.307819731,0.3000748861,0.2504789244,0.1464326231,0.1348678229,0.1402933713,0.1458666133,0.1493489237,0.1330773035,0.1224213389,2019,9,12
2019-10-11,0,0.1693790488,0.2488177848,0.2425512375,0.1995554256,0.1134031706,0.1362895194,0.1373475254,0.1181689711,0.1462115434,0.1177625587,0.1401178023,2019,9,12
2019-10-14,0,0.1693790488,0.216894873,0.2114296165,0.1724038615,0.09667284311,0.09029373948,0.09865145842,0.09385318852,0.1092763487,0.1161449662,0.1172299546,2019,9,12
2019-10-15,0,0.1693790488,0.1833424381,0.1787203376,0.1442016257,0.07987549428,0.09377455633,0.09897357617,0.09323150388,0.1092787859,0.1166483724,0.1268071834,2019,9,12
2019-10-16,0,0.1693790488,0.1879452749,0.1832074525,0.1480489297,0.08213415333,0.08049202672,0.08816589053,0.08363466036,0.09872728558,0.1176608808,0.1128596442,2019,9,12
2019-10-17,0,0.1693790488,0.1915543153,0.1867257683,0.1510704933,0.0839151162,0.09166105586,0.09737929229,0.08644862279,0.1076775365,0.1176608808,0.119954643,2019,9,12
2019-10-18,0,0.1693790488,0.2065586523,0.2013530392,0.1636777297,0.09141488587,0.09048943909,0.09774743296,0.09615103291,0.1082246629,0.1201220214,0.1091541699,2019,9,12
2019-10-21,0,0.1693790488,0.1984231791,0.193421991,0.1568330219,0.0873291887,0.08876600156,0.09484493911,0.08394849968,0.1051032529,0.1190911926,0.1115271919,2019,9,12
2019-10-22,0,0.1693790488,0.2133523287,0.2079760497,0.1694094373,0.09486223681,0.08484960707,0.09256210626,0.09363863902,0.1029837045,0.1190911926,0.1035784221,2019,9,12
2019-10-23,0,0.1693790488,0.1987495126,0.1937401235,0.1571071741,0.08749219297,0.07318164683,0.0816182075,0.08465403121,0.09207673598,0.1201220214,0.09815418103,2019,9,12
2019-10-24,0,0.1693790488,0.1889302499,0.1841676659,0.148873144,0.08261933861,0.07983627396,0.08707719237,0.08213034956,0.0975078309,0.1223118494,0.1032187711,2019,9,12
2019-10-25,0,0.1693790488,0.1539443762,0.1500617747,0.1198030982,0.06577689683,0.06739502347,0.07484417012,0.0758431964,0.08527453378,0.1043134469,0.101274142,2019,9,12
2019-10-28,0,0.1693790488,0.1691555196,0.1648902038,0.1323889335,0.07300207269,0.07153345103,0.07797260071,0.06823619428,0.08814486028,0.1043134469,0.09989298598,2019,9,12
2019-10-29,0,0.1693790488,0.1721294785,0.1677893581,0.1348593878,0.07443201208,0.06577437086,0.07314079359,0.07207254604,0.08331284222,0.1043134469,0.09381746257,2019,9,12
2019-10-30,0,0.1693790488,0.143381458,0.139764722,0.1111144575,0.06084506531,0.06676468009,0.0730212908,0.07128141731,0.0832181592,0.1043134469,0.1042485028,2019,9,12
2019-10-31,0,0.1693790488,0.1727901073,0.1684333709,0.1354085925,0.07475043566,0.07529529465,0.08161752013,0.08089505175,0.09185066965,0.09965217597,0.102639275,2019,9,12
2019-11-01,0,0.1693790488,0.1423932312,0.1388013726,0.110303814,0.06038717731,0.06566882871,0.07120702075,0.06228599575,0.08117504855,0.09985729739,0.1025899878,2019,9,12
2019-11-04,0,0.1693790488,0.1598963236,0.1558639496,0.1247176679,0.06858651888,0.07208145725,0.07652513904,0.06224172727,0.08630128922,0.09776523184,0.1018730477,2019,9,12
2019-11-05,0,0.1693790488,0.1688249799,0.1645679787,0.1321145492,0.07284349633,0.0624138402,0.06865642269,0.06572164319,0.07841800395,0.09950587876,0.09196525247,2019,9,12
2019-11-06,0,0.1693790488,0.1529528373,0.149095189,0.1189856704,0.06531100184,0.05830610522,0.06480221757,0.06056704212,0.07457884378,0.09776523184,0.09020846077,2019,9,12
2019-11-07,0,0.1693790488,0.1565892366,0.1526400776,0.1219853453,0.06702265186,0.07050321918,0.07499333813,0.06365055278,0.08475183107,0.101720419,0.09888523274,2019,9,12
2019-11-08,0,0.1693790488,0.1348341181,0.1314325752,0.1041160918,0.05690434247,0.05525154791,0.06108795964,0.05768433257,0.07068179116,0.104435458,0.09026150537,2019,9,12
2019-11-11,0,0.1693790488,0.1552666849,0.1513508071,0.1208937925,0.06639916839,0.06493425822,0.07031499475,0.05934439372,0.08008144929,0.104435458,0.09205410589,2019,9,12
2019-11-12,0,0.1693790488,0.1549360828,0.1510285246,0.1206210365,0.06624348602,0.06115919745,0.06681291561,0.0629925262,0.07648030472,0.104435458,0.08783073167,2019,9,12
2019-11-13,0,0.1693790488,0.1655187528,0.1613449226,0.129372166,0.07126121057,0.06748697007,0.07253799536,0.06697133239,0.08223246085,0.104435458,0.09142285957,2019,9,12
2019-11-14,0,0.1693790488,0.1671720365,0.1629566155,0.1307430091,0.07205155519,0.05999428824,0.06595221897,0.06440299185,0.07553953322,0.104435458,0.08299480714,2019,9,12
2019-11-15,0,0.1693790488,0.1341784895,0.1307934553,0.1035805111,0.05660388922,0.05826767687,0.06287357383,0.05418117521,0.07229730762,0.1003864999,0.09081619448,2019,9,12
2019-11-18,0,0.1693790488,0.1476684488,0.1439438007,0.1146355468,0.062838346,0.05197006133,0.05763458368,0.05565425204,0.06687345988,0.1003864999,0.08050882449,2019,9,12
2019-11-19,0,0.1693790488,0.1608885553,0.1568312157,0.1255382416,0.06905707862,0.05827513959,0.06353566774,0.05999340154,0.07289977879,0.1003864999,0.08163534072,2019,9,12
2019-11-20,0,0.1693790488,0.158242685,0.1542519199,0.12335092,0.06780367697,0.06709196985,0.07175388214,0.06831006933,0.08139829326,0.1003864999,0.0901185602,2019,9,12
2019-11-21,0,0.1693790488,0.1698165441,0.1655346008,0.132937773,0.07331941104,0.06161203791,0.06761214301,0.06620749186,0.0772638728,0.1058168504,0.08389149371,2019,9,12
2019-11-22,0,0.1693790488,0.1437109646,0.1400859337,0.1113848383,0.06099787262,0.05530814653,0.06136386134,0.05716834729,0.07094143189,0.1098983299,0.0837829164,2019,9,12
2019-11-25,0,0.1693790488,0.1282927252,0.1250559078,0.09878052293,0.05391813659,0.04937004547,0.05489494228,0.05198550743,0.0640975419,0.1098983299,0.08282939957,2019,9,12
2019-11-26,0,0.1693790488,0.1175886987,0.1146214949,0.09008952836,0.04908614027,0.04163775272,0.04757171639,0.04727135572,0.05644320563,0.1064980384,0.07769277385,2019,9,12
2019-11-27,0,0.1693790488,0.1243859229,0.121247501,0.09560259828,0.0521467538,0.04103461211,0.04673628214,0.0459551646,0.05543015813,0.1042829519,0.07157493023,2019,9,12
2019-11-29,0,0.1693790488,0.1529528373,0.149095189,0.1189856704,0.06531100184,0.04954209022,0.05537043095,0.05251349277,0.06446701221,0.1037355772,0.07206417443,2019,9,12
2019-12-02,0,0.1693790488,0.2277683689,0.2220300739,0.1816186312,0.1022868175,0.0788164832,0.08336985713,0.09156977723,0.0927886035,0.1070582363,0.07946115298,2019,9,12
2019-12-03,0,0.1693790488,0.260509138,0.2539493708,0.2095720758,0.1197236755,0.115844976,0.1159756533,0.09923772122,0.1246370567,0.1108596009,0.103777257,2019,9,12
2019-12-04,0,0.1693790488,0.2242635823,0.2186132826,0.1786446292,0.100467918,0.08960717236,0.09264969505,0.08430617578,0.1019938918,0.1137876756,0.09709712099,2019,9,12
2019-12-05,0,0.1693790488,0.2152860475,0.2098611982,0.1710434861,0.09584945591,0.08422617479,0.08777165645,0.08129508252,0.0971939113,0.1128042361,0.09579839664,2019,9,12
2019-12-06,0,0.1693790488,0.1859738566,0.1812855963,0.1464002415,0.08116502007,0.0853925847,0.08653834512,0.06834640891,0.09570769301,0.1112461632,0.1050575704,2019,9,12
2019-12-09,0,0.1693790488,0.257450773,0.2509676966,0.2069481501,0.1180599734,0.09166248513,0.0938064563,0.08539013374,0.1027082041,0.1108596009,0.09501419811,2019,9,12
2019-12-10,0,0.1693790488,0.251912602,0.2455684233,0.2022032398,0.1150659265,0.087372325,0.09053209185,0.08574186805,0.09962763968,0.1128042361,0.08773999776,2019,9,12
2019-12-11,0,0.1693790488,0.2303090747,0.2245069967,0.1837768282,0.1036110172,0.07653112289,0.0807076769,0.07507630767,0.0899549043,0.1104742149,0.08354874177,2019,9,12
2019-12-12,0,0.1693790488,0.1964636823,0.19151174,0.1551875728,0.08635195666,0.08171103206,0.08295141151,0.08377282279,0.09193941043,0.1089443728,0.09426083373,2019,9,12
2019-12-13,0,0.1693790488,0.1532833302,0.1494173646,0.1192580883,0.06546622246,0.0651031665,0.06840445316,0.06799910525,0.0776495964,0.1042829519,0.09169628414,2019,9,12
2019-12-16,0,0.1693790488,0.1371311174,0.1336717387,0.1059939027,0.05795902149,0.06924097918,0.07051733385,0.0642114086,0.07959746851,0.1042829519,0.1042135264,2019,9,12
2019-12-17,0,0.1693790488,0.1420639231,0.1384803547,0.1100337688,0.06023472722,0.05116111185,0.05551350978,0.05301720349,0.06436893929,0.1042829519,0.08741148394,2019,9,12
2019-12-18,0,0.1693790488,0.1516310871,0.1478067034,0.1178965967,0.06469090471,0.05260237732,0.05700560913,0.05472104618,0.0658875202,0.1015714279,0.08558528616,2019,9,12
2019-12-19,0,0.1693790488,0.1489888349,0.1452309527,0.1157214839,0.06345455385,0.05338717332,0.05718864251,0.05757391299,0.06596904037,0.1033720774,0.08471581136,2019,9,12
2019-12-20,0,0.1693790488,0.1493190139,0.1455528212,0.1159931415,0.06360881288,0.06733321989,0.06827822904,0.06261613595,0.07706019012,0.1020687991,0.09661651149,2019,9,12
2019-12-23,0,0.1693790488,0.1526223656,0.1487730342,0.1187133115,0.0651558594,0.0523200312,0.05575012391,0.04762701167,0.06432986162,0.1002883123,0.07838313597,2019,9,12
2019-12-24,0,0.1693790488,0.1546054968,0.1507062578,0.120348335,0.06608787974,0.04542673325,0.04991210572,0.04833396632,0.05832600503,0.1002883123,0.07225615201,2019,9,12
2019-12-26,0,0.1693790488,0.1539443762,0.1500617747,0.1198030982,0.06577689683,0.04785138288,0.05146550514,0.05411617593,0.05979412663,0.1002883123,0.07408840906,2019,9,12
2019-12-27,0,0.1693790488,0.1797194232,0.1751884224,0.1411783352,0.07810758441,0.06336599345,0.06502900662,0.06195169373,0.07353966587,0.1015714279,0.08129827916,2019,9,12
2019-12-30,0,0.1693790488,0.2249017744,0.2192354507,0.1791858983,0.1007984558,0.07402149627,0.07549096271,0.08007603218,0.08405511034,0.1033720774,0.07759916761,2019,9,12
2019-12-31,0,0.1693790488,0.1912265152,0.186406208,0.150795875,0.08375299194,0.06505560411,0.06728694908,0.07006536756,0.07593503326,0.1075270616,0.07860218119,2019,9,12
2020-01-02,0,0.1671478499,0.1479984941,0.1442655386,0.1149069254,0.06331397585,0.06521817244,0.06516767878,0.06083368153,0.07316572292,0.0970431884,0.09265464636,2020,9,12
2020-01-03,0,0.1671478499,0.1990757736,0.1940581854,0.1573812995,0.08788394075,0.1038406364,0.09779556676,0.07787717545,0.1051797252,0.09159240784,0.1182328635,2020,9,12
2020-01-06,0,0.1671478499,0.1935198133,0.1886418618,0.152717851,0.08513066619,0.09155109283,0.08768585152,0.08142373908,0.09536333707,0.09159240784,0.1115592141,2020,9,12
2020-01-07,0,0.1671478499,0.1915543153,0.1867257683,0.1510704933,0.08416153318,0.07714866721,0.07704739802,0.06942462615,0.08521559699,0.09901837352,0.1012045337,2020,9,12
2020-01-08,0,0.1671478499,0.1803785365,0.1758309616,0.1417280119,0.07869880785,0.08426997075,0.08154362853,0.07676588978,0.089382577,0.09901837352,0.1102686423,2020,9,12
2020-01-09,0,0.1671478499,0.1503097338,0.1465186059,0.1168085176,0.06439101576,0.07189110815,0.07017091348,0.05704676815,0.07802859085,0.09159240784,0.1082798908,2020,9,12
2020-01-10,0,0.1671478499,0.1509703573,0.1471626026,0.1173524297,0.06469944926,0.06356822196,0.06415557909,0.06349569379,0.07222136956,0.1037420645,0.09533145741,2020,9,12
2020-01-13,0,0.1671478499,0.1430519996,0.1394435572,0.1108441592,0.06101948541,0.0578115702,0.05849559062,0.05806425154,0.06634987073,0.09599958775,0.09017469908,2020,9,12
2020-01-14,0,0.1671478499,0.145359186,0.1416926649,0.1127379524,0.06208791384,0.0596059255,0.06029351425,0.0580822794,0.06822813694,0.09599958775,0.0915735246,2020,9,12
2020-01-15,0,0.1671478499,0.1463486349,0.1426572076,0.1135507583,0.06254707115,0.05601482744,0.05720724987,0.05598590009,0.06508092224,0.09599958775,0.08581384855,2020,9,12
2020-01-16,0,0.1671478499,0.1430519996,0.1394435572,0.1108441592,0.06101948541,0.05905951861,0.05857891344,0.05252083734,0.06619874961,0.09599958775,0.08834882232,2020,9,12
2020-01-17,0,0.1671478499,0.135818119,0.1323917997,0.1049202525,0.05768962747,0.05199166795,0.05250342117,0.04842343341,0.06001861212,0.08819854475,0.08270466955,2020,9,12
2020-01-21,0,0.1671478499,0.1605578092,0.1565087915,0.1252646749,0.06920510193,0.06141904473,0.06088407619,0.05423247298,0.06851610052,0.09341407927,0.08489804187,2020,9,12
2020-01-22,0,0.1671478499,0.1625422857,0.1584433383,0.1269066767,0.0701446612,0.06296973937,0.06224365189,0.05723556178,0.06989163697,0.09053582164,0.08613556447,2020,9,12
2020-01-23,0,0.1671478499,0.164857365,0.1607001736,0.1288240429,0.07124379103,0.06973846409,0.06753386726,0.06373306228,0.07510736448,0.09725312974,0.09308675143,2020,9,12
2020-01-24,0,0.1671478499,0.2165733001,0.21111612,0.1721318858,0.09669055273,0.09792984181,0.09194690272,0.09432640989,0.09916331532,0.0991608356,0.1045924529,2020,9,12
2020-01-27,0,0.1671478499,0.3261155703,0.3179131331,0.2664514721,0.1570203569,0.1772672082,0.157589619,0.118696153,0.1611022596,0.09839378882,0.1437139278,2020,9,12
2020-01-28,0,0.1671478499,0.2702053262,0.2634024826,0.2179077629,0.1250457759,0.1399228615,0.1260728803,0.1138262857,0.1315871648,0.09537823945,0.1387711526,2020,9,12
2020-01-29,1,0.1671478499,0.2735057975,0.2666202357,0.2207509117,0.1268617777,0.1277716819,0.1176821052,0.1050796867,0.1239095284,0.09537823945,0.1314076459,2020,9,12
2020-01-30,1,0.1671478499,0.246021641,0.2398252411,0.1971654564,0.1119963202,0.1336187852,0.1206465644,0.1096544554,0.1265189333,0.09537823945,0.1440597546,2020,9,12
2020-01-31,1,0.1671478499,0.3424456064,0.3338351085,0.280776968,0.1668725437,0.1729849363,0.1577266133,0.1565900768,0.161881744,0.1106109427,0.1465564241,2020,9,12
2020-02-03,1,0.1671478499,0.3189858767,0.3109617085,0.2602173005,0.1527944888,0.1500389381,0.1380886797,0.1318368816,0.1434448241,0.1094857622,0.1327163385,2020,9,12
2020-02-04,1,0.1671478499,0.2632502132,0.2566217194,0.2119259574,0.1212468495,0.1459147457,0.1295680467,0.1062517563,0.1346559193,0.1100471014,0.146115787,2020,9,12
2020-02-05,1,0.1671478499,0.2353690044,0.2294399175,0.188080605,0.1063875028,0.1318556299,0.1159640968,0.09670968288,0.121430079,0.1072655112,0.1463738727,2020,9,12
2020-02-06,1,0.1671478499,0.2293571348,0.2235789541,0.1829679824,0.1032585759,0.1056394618,0.09631749312,0.08490781825,0.1029083066,0.1012323706,0.1277635066,2020,9,12
2020-02-07,1,0.1671478499,0.2453989021,0.239218126,0.1966334782,0.1116661362,0.1174641586,0.1067722009,0.09202469671,0.1130869992,0.08720275998,0.130424845,2020,9,12
2020-02-10,1,0.1671478499,0.2318934151,0.2260515661,0.1851236024,0.1045754326,0.1067974417,0.09720271559,0.0935238017,0.1037389798,0.08720275998,0.125174673,2020,9,12
2020-02-11,1,0.1671478499,0.2363144775,0.2303616609,0.1888856125,0.1068819565,0.10950829,0.09914150269,0.08883235821,0.1055318911,0.09140672067,0.1212029342,2020,9,12
2020-02-12,1,0.1671478499,0.1899147148,0.185127383,0.1496972526,0.08335502712,0.08470133664,0.07872571401,0.06720924738,0.08582306446,0.08720275998,0.1101253093,2020,9,12
2020-02-13,1,0.1671478499,0.2033103451,0.1981863475,0.1609422803,0.08999619614,0.09584888355,0.08770366014,0.08041413643,0.09453364097,0.08720275998,0.116782031,2020,9,12
2020-02-14,1,0.1671478499,0.1879452749,0.1832074525,0.1480489297,0.08238859346,0.0775390276,0.07360418267,0.06961568424,0.08094082046,0.08720275998,0.105633064,2020,9,12
2020-02-18,1,0.1671478499,0.2252207121,0.2195463805,0.1794564439,0.1011207647,0.1009224343,0.09263355943,0.0840490577,0.09939017499,0.08951623909,0.1144844799,2020,9,12
2020-02-19,1,0.1671478499,0.2107688687,0.2054574848,0.1672281313,0.09374601649,0.08883702999,0.08265146191,0.07363198442,0.08969338845,0.09616589818,0.1081396401,2020,9,12
2020-02-20,1,0.1671478499,0.2481972983,0.2419463167,0.1990248825,0.1131521452,0.1257586373,0.1116397912,0.1062642493,0.1173409502,0.09616589818,0.129356568,2020,9,12
2020-02-21,1,0.1671478499,0.2938171153,0.2864227601,0.2383110501,0.1382300529,0.1336211033,0.1213517786,0.1162992942,0.1270458772,0.1031353789,0.1249678543,2020,9,12
2020-02-24,1,0.1671478499,0.4789735531,0.4669689513,0.4029491022,0.260042989,0.3320321565,0.2834437523,0.2445536932,0.2747542462,0.1028700026,0.2385050563,2020,9,12
2020-02-25,1,0.1671478499,0.5264385993,0.5132641891,0.4463900783,0.2978077952,0.3220438943,0.2926796464,0.2962871483,0.2861846445,0.1108151724,0.2269092369,2020,9,12
2020-02-26,1,0.1671478499,0.52190442,0.5088414514,0.4422189585,0.2940603548,0.317105732,0.2906998029,0.2813092029,0.2848800805,0.1125246661,0.2289899063,2020,9,12
2020-02-27,1,0.1671478499,0.658343943,0.6419696165,0.5697926509,0.4222500507,0.4348886792,0.4108554372,0.4018594652,0.3957404673,0.1425505098,0.2724114856,2020,9,12
2020-02-28,1,0.1671478499,0.6664430601,0.64987597,0.5775085508,0.4310150945,0.4637199389,0.4362477299,0.4137002625,0.4186396892,0.1627521378,0.3057933335,2020,9,12
2020-03-02,1,0.1671478499,0.6008812329,0.5858890533,0.5155300489,0.3640794267,0.407618736,0.3673147509,0.3734902962,0.3530846765,0.1336641215,0.2891786134,2020,9,12
2020-03-03,1,0.1671478499,0.6368157557,0.6209564944,0.5493667855,0.3996575654,0.4435798126,0.4122399831,0.415900133,0.3959808152,0.1627521378,0.3096946323,2020,9,12
2020-03-04,1,0.1671478499,0.5838280273,0.5692500045,0.4995801343,0.3480594075,0.4100364781,0.3624586058,0.3516737363,0.347503274,0.1311892921,0.310023597,2020,9,12
2020-03-05,1,0.1671478499,0.6623090646,0.6458402921,0.5735679594,0.4265225532,0.461617622,0.424199587,0.3984461962,0.4057222481,0.1519034988,0.321248783,2020,9,12
2020-03-06,1,0.1671478499,0.6811103406,0.664195746,0.5915274864,0.4472759718,0.4807085885,0.4491703059,0.4168318802,0.4297571541,0.1489062815,0.3306610277,2020,9,12
2020-03-09,1,0.1671478499,0.7567981138,0.7381346856,0.6649295025,0.5400731495,0.6027508021,0.5925280439,0.509342487,0.5673238531,0.1627521378,0.4472163112,2020,9,12
2020-03-10,1,0.1671478499,0.7180666881,0.7002873252,0.627129367,0.4906151898,0.5653416445,0.534848451,0.4791976141,0.5095457875,0.1627521378,0.4453437956,2020,9,12
2020-03-11,1,0.1671478499,0.7541186092,0.735515411,0.6622962256,0.5365067397,0.5683001963,0.5644060724,0.5153911436,0.5418419888,0.1627521378,0.4350711274,2020,9,12
2020-03-12,1,0.1671478499,0.8295755283,0.8093595577,0.7378102989,0.646409228,0.674980624,0.69688252,0.64584332,0.6730388244,0.1627521378,0.5344689796,2020,9,12
2020-03-13,1,0.1671478499,0.7718809506,0.7528816231,0.6798084955,0.5605769146,0.6536410704,0.6421659581,0.5951110152,0.6144113593,0.1661725792,0.5781946663,2020,9,12
2020-03-16,1,0.1671478499,0.8462625324,0.8257250512,0.7550151462,0.6736950445,0.7299319243,0.7513213425,0.6921281148,0.7268297689,0.1710032788,0.6725922994,2020,9,12
2020-03-17,1,0.1671478499,0.8306813183,0.8104434915,0.7389430988,0.6481804549,0.6847109933,0.6966033234,0.6651895647,0.6708966773,0.1710032788,0.6200931734,2020,9,12
2020-03-18,1,0.1671478499,0.8320213991,0.8117571822,0.7403172207,0.6503338463,0.7159996981,0.7390699824,0.6953292565,0.7150723819,0.1623611325,0.6911139638,2020,9,12
2020-03-19,1,0.1671478499,0.820393294,0.800361446,0.7284398164,0.6318966124,0.6731338154,0.7049040901,0.6766833972,0.682884154,0.1476970211,0.6276369532,2020,9,12
2020-03-20,0,0.1671478499,0.8024374599,0.7827775065,0.7102835035,0.6044868749,0.6446912684,0.6978718112,0.68378454,0.6800095962,0.149879571,0.5938576439,2020,9,12
2020-03-23,0,0.1671478499,0.7868459529,0.7675193369,0.6946736254,0.5816698095,0.6171840521,0.6854467926,0.6719063672,0.6706525342,0.1506742072,0.5379664218,2020,9,12
2020-03-24,0,0.1671478499,0.7871453381,0.7678122431,0.6949721364,0.5820996977,0.643841691,0.6728472482,0.6289375679,0.6514608581,0.1376868843,0.5728695594,2020,9,12
2020-03-25,0,0.1671478499,0.795375059,0.7758650284,0.7031962427,0.5940419706,0.6296541136,0.6562516239,0.6421471248,0.6347607166,0.1506742072,0.5256541259,2020,9,12
2020-03-26,1,0.1671478499,0.7846146611,0.7653364217,0.692450286,0.578475823,0.5903482116,0.5999772237,0.6013006449,0.5776845318,0.1501236988,0.4833706339,2020,9,12
2020-03-27,0,0.1671478499,0.8007874599,0.7811623651,0.7086251383,0.6020300731,0.623543869,0.6402649554,0.6067716204,0.6174023061,0.1469753737,0.5125826131,2020,9,12
2020-03-30,1,0.1671478499,0.7686708611,0.749742552,0.676633499,0.5561510135,0.5678416165,0.5796533984,0.566104104,0.5589742268,0.1513492994,0.470006815,2020,9,12
2020-03-31,0,0.1671478499,0.7523680684,0.7338043032,0.6605774478,0.5341888878,0.5388165962,0.5623382577,0.5516926753,0.5449301053,0.1680380823,0.4345222515,2020,9,12
2020-04-01,0,0.1671478499,0.768584154,0.7496577668,0.6765478037,0.5560319387,0.6111216491,0.6397669916,0.6064735161,0.619587382,0.1632746493,0.5041610229,2020,9,12
2020-04-02,0,0.1671478499,0.7388724525,0.7206147847,0.6473666466,0.5166340808,0.5258016891,0.5611481749,0.5534036663,0.5461443675,0.1632746493,0.4322895937,2020,9,12
2020-04-03,0,0.1671478499,0.7149498583,0.6972427364,0.6241103547,0.4868218253,0.523876158,0.5643585827,0.5456052028,0.5504403669,0.1632746493,0.4330717009,2020,9,12
2020-04-06,0,0.1671478499,0.7048164677,0.687345161,0.6143165747,0.474669611,0.5910733749,0.586627966,0.5539729251,0.5635000546,0.1601597964,0.5332148294,2020,9,12
2020-04-07,0,0.1671478499,0.7143190839,0.6966265991,0.6234997617,0.4860573525,0.5734345959,0.5723895313,0.5320822407,0.550486132,0.1632746493,0.5145648145,2020,9,12
2020-04-08,0,0.1671478499,0.6916429113,0.6744801596,0.6016320652,0.4592725109,0.5308462069,0.5206928051,0.5033946975,0.5003384109,0.1680380823,0.4652906603,2020,9,12
2020-04-09,0,0.1671478499,0.6790196303,0.6621544375,0.5895255214,0.4449268863,0.5059201982,0.4922654234,0.459876521,0.4732167887,0.1599024188,0.4467278921,2020,9,12
2020-04-13,0,0.1671478499,0.6750824245,0.6583103872,0.5857587842,0.4405315581,0.490975327,0.4846407645,0.463968825,0.4674654895,0.1576009737,0.4326131471,2020,9,12
2020-04-14,0,0.1671478499,0.6457477769,0.6296743683,0.5578269491,0.4089094054,0.49200994,0.4687800461,0.4375483425,0.449949471,0.1576009737,0.4185898684,2020,9,12
2020-04-15,0,0.1671478499,0.6724361787,0.65572684,0.5832295445,0.4375980856,0.5001728966,0.4876319103,0.4530604155,0.469167809,0.1530789666,0.4027026694,2020,9,12
2020-04-16,0,0.1671478499,0.6664430601,0.64987597,0.5775085508,0.4310150945,0.4291009711,0.4282229237,0.4105238136,0.4159456396,0.1530789666,0.3296167138,2020,9,12
2020-04-17,0,0.1671478499,0.6493392546,0.633179914,0.5612344538,0.412677686,0.4624849483,0.440009864,0.390383908,0.4232366122,0.1570932102,0.3601946153,2020,9,12
2020-04-20,0,0.1671478499,0.6950872173,0.6778435878,0.6049434557,0.4632553958,0.4655965267,0.4541343268,0.4219309928,0.4378118217,0.1570932102,0.3362256702,2020,9,12
2020-04-21,0,0.1671478499,0.7059519174,0.6884541184,0.6154123573,0.4760177103,0.4717005054,0.475160994,0.4413802857,0.4599916106,0.160933966,0.3295538719,2020,9,12
2020-04-22,0,0.1671478499,0.6814180066,0.6644961459,0.5918221975,0.4476225506,0.4525106896,0.4473682861,0.3921684296,0.4328197171,0.1593886434,0.3181369445,2020,9,12
2020-04-23,0,0.1671478499,0.6767465622,0.6599351317,0.5873503395,0.442384818,0.4235009221,0.4240426774,0.3988726766,0.4121883054,0.1545743639,0.3000157119,2020,9,12
2020-04-24,0,0.1671478499,0.627981303,0.6123344262,0.5410188034,0.3906712625,0.3889942421,0.3871110206,0.3687612024,0.3779700322,0.1472156136,0.2828157576,2020,9,12
2020-04-27,0,0.1671478499,0.599382396,0.5844265545,0.5141254559,0.3626499494,0.3575037249,0.3537051034,0.3298089206,0.346864814,0.1392860396,0.2642344159,2020,9,12
2020-04-28,0,0.1671478499,0.602598414,0.5875646183,0.5171399087,0.3657223218,0.3758785313,0.3706391168,0.3491604904,0.3623237242,0.1392860396,0.2697701189,2020,9,12
2020-04-29,0,0.1671478499,0.5742328276,0.5598884865,0.4906352979,0.3392749607,0.3773888835,0.3577944895,0.3126911828,0.3481171987,0.1379143963,0.2772704491,2020,9,12
2020-04-30,0,0.1671478499,0.6091164981,0.5939248904,0.5232569855,0.3720092567,0.3610403792,0.3512771428,0.3324679993,0.3434372926,0.1487243802,0.2565626025,2020,9,12
2020-05-01,0,0.1671478499,0.6403790635,0.6244342985,0.5527394207,0.403328151,0.4325461844,0.4226873604,0.3933140532,0.4094817707,0.1553893414,0.3019198759,2020,9,12
2020-05-04,0,0.1671478499,0.6283865701,0.6127299385,0.5414013295,0.3910799807,0.3781744101,0.3776235758,0.3600992914,0.3693854174,0.1570932102,0.2666897314,2020,9,12
2020-05-05,0,0.1671478499,0.6030541236,0.5880092865,0.5175672541,0.366159249,0.383714366,0.3762468996,0.3481526341,0.3671343459,0.1436462028,0.2776517025,2020,9,12
2020-05-06,0,0.1671478499,0.6087839861,0.593600423,0.5229446856,0.3716865733,0.3525985682,0.3551106829,0.3470047825,0.3492148497,0.1436462028,0.251189589,2020,9,12
2020-05-07,0,0.1671478499,0.5769228266,0.5625129285,0.49314084,0.341721395,0.3452377651,0.3420464302,0.2985967614,0.3363518929,0.1436462028,0.2466860178,2020,9,12
2020-05-08,0,0.1671478499,0.5284471336,0.5152233802,0.4482392339,0.2994777069,0.306921395,0.3020193152,0.2652316187,0.2991806091,0.1417526986,0.2228513445,2020,9,12
2020-05-11,0,0.1671478499,0.5220620305,0.5089951869,0.4423638728,0.294190102,0.29328207,0.2909227102,0.2682911711,0.2893208507,0.1417526986,0.2146113894,2020,9,12
2020-05-12,0,0.1671478499,0.5964717602,0.5815865204,0.5113993445,0.3598859634,0.3221032295,0.3262988293,0.3354057877,0.3228298904,0.1445711874,0.208246775,2020,9,12
2020-05-13,0,0.1671478499,0.6212838167,0.6057983096,0.5347029934,0.3839649024,0.3619537744,0.3678426188,0.3656643088,0.3615368341,0.1475564685,0.2280497639,2020,9,12
2020-05-14,0,0.1671478499,0.5913770221,0.5766154732,0.5066323716,0.3550855588,0.3861827576,0.3798766097,0.3760723263,0.3708421592,0.1475564685,0.260256766,2020,9,12
2020-05-15,0,0.1671478499,0.5825873555,0.5680395226,0.4984223649,0.3469144362,0.3364090741,0.3377585807,0.335331286,0.3331233217,0.1599667067,0.2317041726,2020,9,12
2020-05-18,0,0.1671478499,0.5480340427,0.5343298731,0.466318711,0.3160885419,0.362736641,0.3425183988,0.2979773141,0.3340524338,0.1484821304,0.2635102694,2020,9,12
2020-05-19,0,0.1671478499,0.5650452699,0.5509250884,0.4820901669,0.3310131265,0.3175447676,0.3129018019,0.3090576184,0.3090456997,0.1379143963,0.2305258975,2020,9,12
2020-05-20,0,0.1671478499,0.5286010267,0.5153734932,0.4483809522,0.2996059068,0.3195633226,0.3052125049,0.2611384883,0.3004812723,0.1479985847,0.2385174237,2020,9,12
2020-05-21,0,0.1671478499,0.5513025688,0.5375183739,0.4693439924,0.3189194156,0.2925955376,0.2882628172,0.2735188791,0.2862118289,0.1509194234,0.206299417,2020,9,12
2020-05-22,0,0.1671478499,0.5312039869,0.5179125296,0.4507787784,0.301779745,0.2603155974,0.2610700298,0.2443894714,0.2618224012,0.1469753737,0.1900138019,2020,9,12
2020-05-26,0,0.1671478499,0.5289085527,0.5156734657,0.4486641648,0.2998621974,0.3351723194,0.3140126267,0.2770479442,0.3075017444,0.1277900111,0.2330188188,2020,9,12
2020-05-27,0,0.1671478499,0.522848679,0.5097624964,0.4430872358,0.2948382363,0.321010178,0.2960609348,0.2723217116,0.2901348514,0.1271511187,0.2321040887,2020,9,12
2020-05-28,0,0.1671478499,0.5376780965,0.5242277532,0.4567491723,0.3072316088,0.2999947363,0.2815477031,0.2682614065,0.2775498996,0.1249364237,0.2158774502,2020,9,12
2020-05-29,0,0.1671478499,0.5211151184,0.5080715565,0.4414933201,0.2934111459,0.3003819025,0.2792458071,0.267382262,0.2750729098,0.1092836633,0.2206990199,2020,9,12
2020-06-01,0,0.1671478499,0.5322685785,0.5189509838,0.4517599028,0.3026718081,0.2744975098,0.2582101149,0.2520939123,0.2560817607,0.1098440941,0.2026375459,2020,9,12
2020-06-02,0,0.1671478499,0.5103182637,0.4975403725,0.4315810591,0.2846226684,0.254249972,0.2385466271,0.2347982801,0.2378465246,0.1011742931,0.1848454429,2020,9,12
2020-06-03,0,0.1671478499,0.490260319,0.477976942,0.4132342896,0.2687381053,0.2463472875,0.2265981173,0.2175146631,0.2260114482,0.1011742931,0.1747251003,2020,9,12
2020-06-04,0,0.1671478499,0.4928868859,0.4805386854,0.4156317716,0.2707862923,0.2463322835,0.2278498071,0.2232830938,0.227393767,0.1043519385,0.1730372428,2020,9,12
2020-06-05,1,0.1671478499,0.4695254626,0.4577544829,0.3943608449,0.2528941541,0.2804802459,0.2418389401,0.2027302563,0.2374060549,0.117493673,0.203834984,2020,9,12
2020-06-08,1,0.1671478499,0.4928868859,0.4805386854,0.4156317716,0.2707862923,0.2411853837,0.2095548494,0.2039513925,0.2078399998,0.1220350042,0.1784528095,2020,9,12
2020-06-09,1,0.1671478499,0.5220620305,0.5089951869,0.4423638728,0.294190102,0.2834590318,0.2443712616,0.2189228471,0.2392992065,0.1157185325,0.1959695392,2020,9,12
2020-06-10,1,0.1671478499,0.5220620305,0.5089951869,0.4423638728,0.294190102,0.2634508971,0.2323949742,0.2244621947,0.2293357645,0.1122381352,0.185000253,2020,9,12
2020-06-11,0,0.1671478499,0.6720318673,0.6553321141,0.582843281,0.4371513428,0.4162271721,0.3823955615,0.3717136368,0.3674281621,0.132229417,0.2446492018,2020,9,12
2020-06-12,0,0.1671478499,0.6295976219,0.6139118469,0.542544667,0.3923033441,0.4179361678,0.3754088827,0.349265282,0.3599093657,0.1214549391,0.271436162,2020,9,12
2020-06-15,0,0.1671478499,0.6118677532,0.5966096093,0.5258420179,0.3746873637,0.4090871882,0.3630524402,0.348263015,0.3480282651,0.1229956475,0.2808861744,2020,9,12
2020-06-16,0,0.1671478499,0.6037359018,0.5886745481,0.518206689,0.3668136592,0.4194880989,0.3607287204,0.3199821661,0.3437940028,0.1178249805,0.2973420513,2020,9,12
2020-06-17,0,0.1671478499,0.6014551125,0.5864490231,0.5160679844,0.3646278636,0.3397242854,0.3030843914,0.2918673001,0.2939726358,0.1193259153,0.2495141926,2020,9,12
2020-06-18,0,0.1671478499,0.5952969781,0.5804402475,0.5102996027,0.3587748185,0.3302193542,0.295703981,0.2754768425,0.2875067395,0.1084631735,0.2381215539,2020,9,12
2020-06-19,0,0.1671478499,0.6196021939,0.6041572505,0.5331189277,0.3822951867,0.3812382537,0.3382049217,0.3222789562,0.3253890431,0.1178249805,0.2544312224,2020,9,12
2020-06-22,0,0.1671478499,0.5810899427,0.5665785575,0.4970254823,0.3455361642,0.3142175728,0.2832341785,0.273678278,0.2765887995,0.1148721889,0.2188993227,2020,9,12
2020-06-23,0,0.1671478499,0.5760294955,0.5616413646,0.4923085825,0.340907555,0.3025641957,0.272384187,0.2500104817,0.2666192632,0.1148721889,0.1973111464,2020,9,12
2020-06-24,0,0.1671478499,0.6056564903,0.5905486235,0.5200085877,0.3686618829,0.346434798,0.3191068746,0.3191532737,0.3104484711,0.1214549391,0.2193759262,2020,9,12
2020-06-25,0,0.1671478499,0.5866569987,0.5720101656,0.5022214004,0.3506804309,0.3236627229,0.29605822,0.2997860943,0.289092753,0.1214549391,0.2125126822,2020,9,12
2020-06-26,0,0.1671478499,0.6154470867,0.6001024494,0.5292078194,0.3781935161,0.3229010801,0.3081483999,0.3260279365,0.3023292942,0.1259517305,0.200300974,2020,9,12
2020-06-29,0,0.1671478499,0.5812151022,0.5667006702,0.4971422194,0.3456512136,0.3167612611,0.2952432288,0.2993353682,0.2894304278,0.1275412014,0.2067628698,2020,9,12
2020-06-30,0,0.1671478499,0.5637043148,0.5496168819,0.4808445764,0.3298192681,0.3066025053,0.281057074,0.2926116533,0.2756342261,0.1177255267,0.2059126566,2020,9,12
2020-07-01,0,0.1671478499,0.5381240072,0.5246627261,0.4571607307,0.3076094993,0.2663847194,0.2467247939,0.2476165886,0.244645222,0.1064431972,0.1855549525,2020,9,12
2020-07-02,0,0.1671478499,0.523789682,0.5106803687,0.4439527144,0.2956147597,0.2946109432,0.2651378445,0.2499150883,0.2603962605,0.1031206151,0.2047428744,2020,9,12
2020-07-06,0,0.1671478499,0.5278307078,0.5146220964,0.4476716273,0.2989645564,0.2966315773,0.260134736,0.2190359587,0.2544914887,0.1004943484,0.2071368578,2020,9,12
2020-07-07,0,0.1671478499,0.5498865496,0.5361370187,0.4680330608,0.3176908864,0.2899594439,0.2608218689,0.2486082126,0.2561822886,0.1025905344,0.1976828785,2020,9,12
2020-07-08,0,0.1671478499,0.5299821681,0.5167207134,0.4496530624,0.3007580695,0.2664931814,0.2395189757,0.2282237012,0.2366758003,0.1006242335,0.1868786476,2020,9,12
2020-07-09,0,0.1671478499,0.5474613842,0.5337712396,0.4657889154,0.3155943299,0.3041398837,0.2707615732,0.2621435917,0.264809484,0.1006242335,0.2060809931,2020,9,12
2020-07-10,0,0.1671478499,0.5176153434,0.5046578562,0.4382774795,0.2905436649,0.2701037436,0.2401853401,0.2411835732,0.2369079243,0.09673604094,0.1918177745,2020,9,12
2020-07-13,0,0.1671478499,0.586289907,0.5716520005,0.5018785612,0.3503395139,0.3346907507,0.294717559,0.2973008606,0.2857530977,0.1013485632,0.2134617686,2020,9,12
2020-07-14,0,0.1671478499,0.5511613041,0.537380567,0.4692131913,0.3187967097,0.3084606828,0.2681048917,0.2764441517,0.261128651,0.1013485632,0.2079005169,2020,9,12
2020-07-15,0,0.1671478499,0.5250394067,0.5118993785,0.4451024383,0.296648092,0.2939379635,0.2526105762,0.2376079291,0.246655259,0.0992749299,0.2045425605,2020,9,12
2020-07-16,0,0.1671478499,0.5287548331,0.5155235217,0.4485225958,0.2997340703,0.2634588166,0.2321810884,0.21918844,0.2290450969,0.1045310454,0.1824601042,2020,9,12
2020-07-17,0,0.1671478499,0.4906118595,0.4783198053,0.4135550819,0.2690116883,0.2377919166,0.2111140472,0.2098057737,0.2101566587,0.1039945726,0.1710576808,2020,9,12
2020-07-20,0,0.1671478499,0.4683950869,0.4566520732,0.3933346482,0.2520466312,0.2278686427,0.200245523,0.2066314227,0.1998211056,0.0992749299,0.1647954337,2020,9,12
2020-07-21,0,0.1671478499,0.4754868279,0.4635684151,0.3997774169,0.2573911922,0.2285047636,0.2003085959,0.1884434192,0.1997364665,0.09978976723,0.1601662026,2020,9,12
2020-07-22,0,0.1671478499,0.4657419462,0.454064585,0.3909271283,0.2500638278,0.1868460817,0.1678828641,0.1782174065,0.170289022,0.09978976723,0.1342142572,2020,9,12
2020-07-23,0,0.1671478499,0.4975573279,0.4850939101,0.4198985912,0.2744517386,0.2366466844,0.209698134,0.2193463719,0.2087164851,0.1013485632,0.1539592584,2020,9,12
2020-07-24,0,0.1671478499,0.49340947,0.4810483744,0.4161089566,0.2711949297,0.2281190098,0.2059278769,0.2004032061,0.205962522,0.09763204883,0.1516679947,2020,9,12
2020-07-27,0,0.1671478499,0.4736359817,0.4617633332,0.3980948824,0.2559900306,0.1994834715,0.1816127908,0.1865514038,0.1836194488,0.1054908216,0.1389526012,2020,9,12
2020-07-28,0,0.1671478499,0.4863661604,0.4741789268,0.4096825489,0.2657187524,0.2048727778,0.1883687184,0.1932529418,0.1902380704,0.1054908216,0.1368971187,2020,9,12
2020-07-29,0,0.1671478499,0.4615279727,0.4499549228,0.3871064423,0.2469329953,0.1976767734,0.1781294985,0.1880414669,0.1800712464,0.1054908216,0.1379723954,2020,9,12
2020-07-30,0,0.1671478499,0.4740070246,0.4621252009,0.3984321235,0.2562705657,0.2376183123,0.2091293143,0.1981530697,0.2080905159,0.1007109063,0.1573070951,2020,9,12
2020-07-31,0,0.1671478499,0.4683950869,0.4566520732,0.3933346482,0.2520466312,0.2373070938,0.2058159417,0.1995961181,0.2044861286,0.0977445585,0.1616278861,2020,9,12
2020-08-03,0,0.1671478499,0.4649798706,0.4533213704,0.3902358886,0.2494959609,0.2113257359,0.1846148157,0.1694187153,0.1850676185,0.09221565571,0.1506129901,2020,9,12
2020-08-04,0,0.1671478499,0.4549062358,0.4434971845,0.3811105728,0.2420584752,0.1831613277,0.1628372041,0.1680204252,0.1652595831,0.09221565571,0.1369533805,2020,9,12
2020-08-05,0,0.1671478499,0.4394048599,0.4283801215,0.367112024,0.2308583713,0.1858592247,0.1624784757,0.1465153167,0.1644978065,0.09221565571,0.1390468374,2020,9,12
2020-08-06,0,0.1671478499,0.4323299443,0.4214807834,0.3607406173,0.2258424051,0.1763045057,0.1534833631,0.1617794739,0.1559285435,0.09221565571,0.1292360939,2020,9,12
2020-08-07,0,0.1671478499,0.4229579424,0.4123415259,0.3523176124,0.2192877935,0.1671098118,0.1466131318,0.1467942005,0.1496961705,0.09866024256,0.1186676416,2020,9,12
2020-08-10,0,0.1671478499,0.421227278,0.4106538601,0.3507643276,0.2180884349,0.1653971639,0.1446067471,0.1478246051,0.1477041465,0.1027169517,0.1163575494,2020,9,12
2020-08-11,0,0.1671478499,0.460175607,0.4486360422,0.3858811168,0.2459329994,0.2025634536,0.174962698,0.1842873919,0.1756973065,0.1027169517,0.1321653324,2020,9,12
2020-08-12,0,0.1671478499,0.424465536,0.4138116678,0.3536712325,0.2203353483,0.1902249907,0.160769517,0.1528940694,0.1619471801,0.1036382717,0.133397836,2020,9,12
2020-08-13,0,0.1671478499,0.421227278,0.4106538601,0.3507643276,0.2180884349,0.1712874637,0.1481313537,0.1460574405,0.1507421938,0.09866024256,0.1240290744,2020,9,12
2020-08-14,0,0.1671478499,0.4194883099,0.408958103,0.3492042621,0.2168867493,0.1565611038,0.1377523798,0.1386911372,0.1413583296,0.09221565571,0.1151916543,2020,9,12
2020-08-17,0,0.1671478499,0.4039122639,0.3937693584,0.3352608055,0.2062739273,0.1546510869,0.1352434559,0.1291312613,0.1388894719,0.09701245416,0.1154149734,2020,9,12
2020-08-18,0,0.1671478499,0.407530155,0.3972972494,0.3384946404,0.2087150951,0.1558809062,0.1357380734,0.132800822,0.1392314317,0.09701245416,0.1119774107,2020,9,12
2020-08-19,0,0.1671478499,0.4300100496,0.4192184843,0.3586538174,0.2242104433,0.1573276583,0.1386786898,0.1432833322,0.1422324817,0.09701245416,0.1055781759,2020,9,12
2020-08-20,0,0.1671478499,0.4337983054,0.4229126957,0.3620620586,0.2268785935,0.1718259936,0.1483393219,0.1499084904,0.1508178835,0.09866024256,0.112789631,2020,9,12
2020-08-21,0,0.1671478499,0.4300100496,0.4192184843,0.3586538174,0.2242104433,0.1483576952,0.1307032108,0.1379837529,0.134596557,0.1008960344,0.103350886,2020,9,12
2020-08-24,0,0.1671478499,0.4263945597,0.4156927774,0.3554039781,0.2216795339,0.1877581332,0.1553028415,0.1455974056,0.1561719391,0.095389274,0.1255332754,2020,9,12
2020-08-25,1,0.1671478499,0.4190523095,0.4085329375,0.3488132225,0.2165859953,0.1548152737,0.1315447458,0.1300608018,0.1345511171,0.095389274,0.1111912036,2020,9,12
2020-08-26,1,0.1671478499,0.4451242852,0.4339576871,0.3722708043,0.2349568489,0.1735738426,0.1422950229,0.1476639939,0.1436302245,0.0943206862,0.1160431087,2020,9,12
2020-08-27,1,0.1671478499,0.4685837584,0.4568360767,0.3935059117,0.2521879772,0.1884710373,0.1524716357,0.1509074829,0.1526360771,0.095389274,0.1189981726,2020,9,12
2020-08-28,1,0.1671478499,0.4387863504,0.4277769572,0.3665545761,0.2304174989,0.1718427797,0.1388026887,0.1359172735,0.1399917305,0.0943206862,0.116968846,2020,9,12
2020-08-31,1,0.1671478499,0.5031671299,0.4905654062,0.4250298988,0.2788945694,0.1714888641,0.141412833,0.1475980624,0.1426477024,0.09517470009,0.1020795715,2020,9,12
2020-09-01,1,0.1671478499,0.4982430487,0.4857627199,0.4205254533,0.2749924506,0.1821184969,0.1457584585,0.1536415668,0.1459178444,0.09305255238,0.1059908616,2020,9,12
2020-09-02,1,0.1671478499,0.5058487373,0.4931809339,0.427485209,0.2810340068,0.2132256827,0.1617784665,0.1641486164,0.1590764021,0.0943206862,0.121688569,2020,9,12
2020-09-03,1,0.1671478499,0.6029402518,0.5878981736,0.5174604653,0.3660500338,0.3091375689,0.2429204468,0.2644129562,0.2330045,0.09999637277,0.1623852313,2020,9,12
2020-09-04,1,0.1671478499,0.5679700191,0.5537784375,0.4848083282,0.3336275693,0.3295940108,0.2597061851,0.2685438206,0.24842364,0.11637984,0.1971150988,2020,9,12
2020-09-08,0,0.1671478499,0.5771774302,0.562761329,0.4933780708,0.341953598,0.3504970456,0.2883071536,0.2825048283,0.2762259893,0.11637984,0.2195626907,2020,9,12
2020-09-09,0,0.1671478499,0.5409307335,0.5274006232,0.4597522436,0.3099952121,0.3191951923,0.2555932534,0.2446455252,0.2457748971,0.1176658737,0.2169419982,2020,9,12
2020-09-10,0,0.1671478499,0.5538318466,0.5399857556,0.4716866799,0.3211218857,0.3217328246,0.2661644686,0.278147667,0.2568229535,0.1158688491,0.2179217909,2020,9,12
2020-09-11,0,0.1671478499,0.510810625,0.4980206104,0.4320325241,0.2850197482,0.2944917244,0.2450860207,0.242226877,0.2383964663,0.1245079038,0.2118060135,2020,9,12
2020-09-14,0,0.1671478499,0.493583456,0.4812180675,0.416267841,0.2713310623,0.2919675321,0.2370731832,0.2265109821,0.2301294906,0.1202310044,0.211430335,2020,9,12
2020-09-15,0,0.1671478499,0.4890266897,0.4767737654,0.4121087761,0.2677793775,0.261822852,0.2140086201,0.2029358952,0.2095013395,0.115063782,0.1897325804,2020,9,12
2020-09-16,0,0.1671478499,0.4968700474,0.4844235804,0.4192704065,0.2739104533,0.2532756185,0.2100933684,0.2133617572,0.2064631431,0.1114393262,0.1804451348,2020,9,12
2020-09-17,0,0.1671478499,0.5040077776,0.4913853364,0.425799436,0.2795641571,0.2914770996,0.2409831512,0.2151791834,0.2344192878,0.115063782,0.2015796759,2020,9,12
2020-09-18,0,0.1671478499,0.4932353825,0.4808785826,0.4159499862,0.2710587594,0.2750990432,0.2340588123,0.2333272422,0.2294935098,0.1154021689,0.1966181689,2020,9,12
2020-09-21,0,0.1671478499,0.5253509699,0.5122032851,0.4453891244,0.2969060723,0.3082612511,0.2641479324,0.2401560009,0.2570231775,0.1179677027,0.2099748697,2020,9,12
2020-09-22,0,0.1671478499,0.5106466043,0.4978606283,0.4318821212,0.2848874298,0.2791341022,0.2381833922,0.2299512998,0.2332603966,0.1211114278,0.1990773585,2020,9,12
2020-09-23,0,0.1671478499,0.5375292986,0.5240826053,0.4566118473,0.3071055777,0.294832494,0.2609387815,0.275975988,0.255597875,0.1262365757,0.2029987431,2020,9,12
2020-09-24,0,0.1671478499,0.5364853826,0.523064299,0.4556485597,0.3062223541,0.3044621761,0.266822375,0.2688461987,0.2605012879,0.1232471706,0.2071630769,2020,9,12
2020-09-25,0,0.1671478499,0.5026615474,0.4900722845,0.4245671581,0.2784923468,0.2823552823,0.2423844618,0.2541070442,0.2374395421,0.1292878186,0.2037435312,2020,9,12
2020-09-28,0,0.1671478499,0.4994392081,0.4869293833,0.4216191867,0.2759372288,0.2842092066,0.2365598612,0.2130890812,0.2307429402,0.1281710845,0.2034909617,2020,9,12
2020-09-29,0,0.1671478499,0.500800301,0.4882569183,0.4228641114,0.2770147131,0.2433527907,0.2098899901,0.2180614244,0.2078013749,0.1183567677,0.1802630976,2020,9,12
2020-09-30,0,0.1671478499,0.5024928643,0.4899077591,0.4244127813,0.2783582292,0.2700897033,0.2259673292,0.2269705102,0.2212911558,0.1173217295,0.1933868246,2020,9,12
2020-10-01,0,0.1671478499,0.5080094167,0.4952883863,0.4294646974,0.2827652816,0.270654972,0.2239702656,0.2119643504,0.2189572093,0.1179677027,0.1904268296,2020,9,12
2020-10-02,0,0.1671478499,0.5230057065,0.5099156638,0.4432316468,0.2949677247,0.310848068,0.2570909781,0.2300996696,0.2488733341,0.1121396005,0.2144423813,2020,9,12
2020-10-05,0,0.1671478499,0.5281390715,0.5149228852,0.447955559,0.2992211852,0.2675664208,0.2192929339,0.214114362,0.2141399323,0.1049170179,0.1878127531,2020,9,12
2020-10-06,0,0.1671478499,0.550595525,0.5368286374,0.4686893647,0.318305584,0.303,0.2512585082,0.2525681465,0.2434996382,0.1121396005,0.2027198705,2020,9,12
2020-10-07,0,0.1671478499,0.5296758375,0.5164219057,0.449370878,0.3005022749,0.2819364286,0.2282419746,0.2104547348,0.2217244455,0.1121396005,0.1940059592,2020,9,12
2020-10-08,1,0.1671478499,0.5023240499,0.4897431057,0.4242582905,0.2782240473,0.2470735889,0.1998321197,0.1809359252,0.1960537647,0.1091998244,0.1776049391,2020,9,12
2020-10-09,1,0.1671478499,0.4784255912,0.4664345325,0.4024504749,0.2596251804,0.2234403477,0.1798079844,0.1722346434,0.1776864217,0.09221565571,0.1606780292,2020,9,12
2020-10-12,1,0.1671478499,0.479702624,0.4676800042,0.4036126346,0.2605995051,0.2479327188,0.1903800511,0.1832920302,0.1856647187,0.09221565571,0.1738635433,2020,9,12
2020-10-13,1,0.1671478499,0.4973856531,0.4849264692,0.4197416682,0.2743164702,0.2183621696,0.1739235295,0.173508219,0.1718123503,0.09221565571,0.1511390462,2020,9,12
2020-10-14,1,0.1671478499,0.5029987054,0.4904011327,0.42487574,0.2787605371,0.2324456368,0.1860538544,0.1878672928,0.1830685277,0.09221565571,0.1536526249,2020,9,12
2020-10-15,1,0.1671478499,0.5124456346,0.4996153667,0.4335321086,0.2863408642,0.2662200624,0.2098136092,0.1957929428,0.204040823,0.09221565571,0.1733010849,2020,9,12
2020-10-16,1,0.1671478499,0.5195297371,0.5065251615,0.440036226,0.2921099472,0.2448581581,0.1960462469,0.1914366992,0.1920979686,0.09701245416,0.1626877794,2020,9,12
2020-10-19,0,0.1671478499,0.5463122386,0.532650242,0.4647260029,0.3146041849,0.2755753949,0.2244224794,0.2362424139,0.2183946886,0.1014619807,0.171473597,2020,9,12
2020-10-20,0,0.1671478499,0.5487481244,0.5350264678,0.4669794468,0.3167055407,0.2663179162,0.2165601476,0.2158623041,0.2111749537,0.1028317253,0.1680630432,2020,9,12
2020-10-21,0,0.1671478499,0.5385691425,0.5250969433,0.4575716173,0.3079870418,0.2430300813,0.2009671039,0.2047101147,0.197686625,0.1028317253,0.1567988968,2020,9,12
2020-10-22,1,0.1671478499,0.5304410102,0.5171682876,0.4500757753,0.3011414827,0.2472240004,0.2015598893,0.2089365542,0.197743147,0.1045669099,0.1561712876,2020,9,12
2020-10-23,1,0.1671478499,0.5217467359,0.508687644,0.4420739818,0.2939305838,0.2322328691,0.1898011129,0.1899560732,0.187126276,0.1059736099,0.1500006811,2020,9,12
2020-10-26,0,0.1671478499,0.589572927,0.5748552113,0.5049457923,0.3533970634,0.3088417756,0.2532798642,0.2458293989,0.2444668212,0.1066832056,0.1766106972,2020,9,12
2020-10-27,0,0.1671478499,0.6000753855,0.5851027414,0.5147748057,0.3633103481,0.2371782877,0.2044090628,0.2110371452,0.2019966304,0.1038697365,0.1419130435,2020,9,12
2020-10-28,0,0.1671478499,0.6678561628,0.6512555014,0.5788566046,0.4325597631,0.3967716966,0.3393750628,0.3288785148,0.323553219,0.1038697365,0.2188547517,2020,9,12
2020-10-29,0,0.1671478499,0.6441616565,0.6281262309,0.5563231345,0.4072540733,0.3608068998,0.3064559794,0.3055592616,0.2937518243,0.10573801,0.2118403496,2020,9,12
2020-10-30,0,0.1671478499,0.6481493479,0.6320184663,0.5601051308,0.4114261021,0.3635563451,0.3138568524,0.3103525312,0.3013575148,0.1262823594,0.2155456333,2020,9,12
2020-11-02,0,0.1671478499,0.6398054968,0.6238744885,0.5521963286,0.4027355073,0.3584910258,0.3041547616,0.2885988167,0.2916580634,0.1284959573,0.2148715492,2020,9,12
2020-11-03,0,0.1671478499,0.6240917243,0.6085385268,0.5373495433,0.3867655231,0.3671333475,0.3009783905,0.2920889391,0.2869418497,0.1262823594,0.2266357563,2020,9,12
2020-11-04,0,0.1671478499,0.5518667823,0.5380687778,0.4698664586,0.3194098271,0.3365147009,0.2655394019,0.2513167716,0.253836132,0.1184000809,0.2260146557,2020,9,12
2020-11-05,0,0.1671478499,0.5222195357,0.5091488198,0.4425086959,0.2943197996,0.3139711166,0.2401539319,0.2012764591,0.2299055075,0.1144316473,0.222343119,2020,9,12
2020-11-06,0,0.1671478499,0.475855708,0.4639281753,0.4001128414,0.2576709844,0.2539739494,0.1986926876,0.1884260699,0.1939284532,0.1062884746,0.1981763771,2020,9,12
2020-11-09,0,0.1671478499,0.4918390257,0.479516684,0.4146751232,0.2699680424,0.3626641835,0.2666370912,0.2204596186,0.2515625876,0.1091594784,0.2802543764,2020,9,12
2020-11-10,0,0.1671478499,0.4747477802,0.4628476402,0.3991054867,0.2568311677,0.2828823109,0.2140172003,0.192250793,0.2064213278,0.1106203464,0.2343288502,2020,9,12
2020-11-11,0,0.1671478499,0.4487509184,0.4374944061,0.3755456715,0.2375761057,0.2601141174,0.1956794253,0.1622507507,0.1898978295,0.1106203464,0.2235441245,2020,9,12
2020-11-12,0,0.1671478499,0.4847585684,0.4726110373,0.4082172812,0.2644782797,0.2845745258,0.2174200926,0.1980175639,0.2098120439,0.1106203464,0.2271008953,2020,9,12
2020-11-13,0,0.1671478499,0.4416631908,0.4305824301,0.3691481209,0.2324719795,0.2583848588,0.1935588843,0.1729916371,0.187875601,0.1058165037,0.2228927378,2020,9,12
2020-11-16,0,0.1671478499,0.4281005481,0.4173563979,0.3569370709,0.2228718731,0.2257722797,0.1679801431,0.1502891745,0.1645741592,0.1058165037,0.1796228863,2020,9,12
2020-11-17,0,0.1671478499,0.4335889127,0.4227085004,0.3618735879,0.2267306755,0.2291344096,0.1725735566,0.1551344393,0.1691180466,0.1016512487,0.1805222165,2020,9,12
2020-11-18,0,0.1671478499,0.4564763536,0.4450284062,0.3825314175,0.2432093453,0.2203774059,0.1722727989,0.177520866,0.1699328443,0.1016512487,0.1699975144,2020,9,12
2020-11-19,0,0.1671478499,0.4418677791,0.4307819438,0.369332632,0.2326184619,0.2157112642,0.1677026645,0.1641721889,0.1656530476,0.1068810725,0.1680551369,2020,9,12
2020-11-20,0,0.1671478499,0.4537237524,0.4423439982,0.3800408668,0.2411937541,0.1866030129,0.15149852,0.1576371,0.1519174413,0.09995904555,0.1480242859,2020,9,12
2020-11-23,0,0.1671478499,0.4325400897,0.4216857122,0.3609297069,0.2259905451,0.2181323124,0.1703441189,0.1612862394,0.1682797177,0.09995904555,0.1676638882,2020,9,12
2020-11-24,0,0.1671478499,0.4104443254,0.4001389433,0.3411015961,0.2106918639,0.2139215076,0.1619505684,0.1539671381,0.15973198,0.09503188551,0.1706956221,2020,9,12
2020-11-25,0,0.1671478499,0.4016334811,0.3915472758,0.3332254388,0.2047436331,0.1667269247,0.1322650076,0.1286770238,0.1335912605,0.09503188551,0.1446747,2020,9,12
2020-11-27,0,0.1671478499,0.3921472676,0.3822971954,0.3247651378,0.1984332065,0.1723401654,0.1354072758,0.1227260543,0.136338456,0.09829193055,0.1477063172,2020,9,12
2020-11-30,0,0.1671478499,0.385772872,0.3760815602,0.3190915956,0.1942463105,0.1896399778,0.1486163878,0.13991743,0.1486133681,0.1037539557,0.1580090727,2020,9,12
2020-12-01,0,0.1671478499,0.3905044345,0.380695272,0.3233020462,0.1973500701,0.203921623,0.155122929,0.1285693295,0.1537324763,0.1008960344,0.1653388453,2020,9,12
2020-12-02,0,0.1671478499,0.3998006484,0.389760054,0.3315892363,0.2035168861,0.1762773424,0.1375656905,0.1272934,0.1381354779,0.09866024256,0.1440997293,2020,9,12
2020-12-03,0,0.1671478499,0.4023185662,0.3922153137,0.3338372211,0.2052031037,0.1767241978,0.138690438,0.1287034959,0.1393193565,0.09866024256,0.1438821625,2020,9,12
2020-12-04,0,0.1671478499,0.3909745356,0.3811536662,0.3237206511,0.1976597223,0.1557532473,0.1229700301,0.1233381066,0.1247881003,0.09866024256,0.1329539239,2020,9,12
2020-12-07,0,0.1671478499,0.4027745484,0.3926599501,0.3342444728,0.205509202,0.1633217579,0.1294997605,0.1172501525,0.1309765998,0.1008960344,0.1303832806,2020,9,12
2020-12-08,0,0.1671478499,0.3883821701,0.3786258629,0.3214128868,0.1959550368,0.157247233,0.124989016,0.1227421642,0.126864894,0.1008960344,0.1217498985,2020,9,12
2020-12-09,0,0.1671478499,0.4242505365,0.4136020091,0.3534781605,0.2201857965,0.1800972688,0.1442303307,0.1492621789,0.1449170754,0.1072777401,0.1290616934,2020,9,12
2020-12-10,0,0.1671478499,0.4295865829,0.4188055321,0.3582730278,0.2239132261,0.1722489307,0.1397916324,0.1411903133,0.1410946852,0.1090788255,0.11552675,2020,9,12
2020-12-11,0,0.1671478499,0.4459335481,0.4347468837,0.3730013217,0.2355399379,0.1846089185,0.149481765,0.1473080166,0.1500048922,0.1090788255,0.1211477839,2020,9,12
2020-12-14,0,0.1671478499,0.473264482,0.4614010204,0.3977572564,0.2557093302,0.2078081207,0.1679401657,0.1707739129,0.1669218077,0.105502872,0.1308136964,2020,9,12
2020-12-15,0,0.1671478499,0.4373388896,0.4263654112,0.3652503442,0.2293875283,0.1964123797,0.1554547296,0.148395018,0.1549421372,0.1083552283,0.1333743297,2020,9,12
2020-12-16,0,0.1671478499,0.4291626303,0.4183921065,0.3578918412,0.2236158763,0.1652096786,0.1346376184,0.1338161659,0.1363630118,0.105502872,0.1189907244,2020,9,12
2020-12-17,0,0.1671478499,0.4168642253,0.4063992344,0.3468514159,0.2150798888,0.1659670141,0.1338361536,0.1192806834,0.1354034053,0.1003329094,0.1194366785,2020,9,12
2020-12-18,0,0.1671478499,0.4088779793,0.3986115508,0.3397001388,0.2096282023,0.1716513595,0.1392668939,0.140118566,0.1407075421,0.105502872,0.1221777446,2020,9,12
2020-12-21,0,0.1671478499,0.481336821,0.4692738195,0.4051003506,0.2618494856,0.3027275485,0.2306363133,0.2243222275,0.2215454396,0.105502872,0.2037978823,2020,9,12
2020-12-22,0,0.1671478499,0.4640246893,0.4523898312,0.3893696722,0.2487852445,0.2071163944,0.1674597913,0.1684215617,0.1665492408,0.105502872,0.1586048779,2020,9,12
2020-12-23,0,0.1671478499,0.4459335481,0.4347468837,0.3730013217,0.2355399379,0.2089934426,0.1684861695,0.1643877489,0.1675161939,0.105502872,0.1631426886,2020,9,12
2020-12-24,0,0.1671478499,0.407979989,0.3977358948,0.338896928,0.2090196211,0.1744287497,0.1433623075,0.1437533661,0.1449076264,0.105502872,0.1510958358,2020,9,12
2020-12-28,0,0.1671478499,0.4117817671,0.4014431276,0.342298681,0.2116022288,0.2097776087,0.1648838933,0.1407797726,0.1635946256,0.1083552283,0.1688915284,2020,9,12
2020-12-29,0,0.1671478499,0.4412536883,0.4301830853,0.3687788325,0.2321789319,0.1771660555,0.1450067677,0.1402319152,0.1461499924,0.1003329094,0.1214364422,2020,9,12
2020-12-30,0,0.1671478499,0.4348434133,0.4239318637,0.3630028868,0.227617643,0.1578439669,0.1317721945,0.1237032733,0.1342409479,0.1003329094,0.1135599667,2020,9,12
2020-12-31,0,0.1671478499,0.4344257535,0.42352457,0.3626268716,0.2273221403,0.169954561,0.1389988863,0.1399771812,0.1405297742,0.1020307241,0.118887158,2020,9,12
2021-01-04,0,0.1697395376,0.5124456346,0.4996153667,0.4335321086,0.2784693478,0.257779059,0.2111795169,0.2191517737,0.2062347683,0.1299856557,0.1633276384,2021,10,12
2021-01-05,0,0.1697395376,0.4845794254,0.4724363189,0.4080540331,0.2579591794,0.2112383377,0.1764550333,0.1882516547,0.1752827346,0.12913021,0.1450269533,2021,10,12
2021-01-06,0,0.1697395376,0.479702624,0.4676800042,0.4036126346,0.2544692979,0.2438969194,0.1968071794,0.203389918,0.1928186769,0.12913021,0.1683854191,2021,10,12
2021-01-07,0,0.1697395376,0.4263945597,0.4156927774,0.3554039781,0.2180922576,0.2091703135,0.1670774199,0.167274114,0.1656128749,0.1228662036,0.162353559,2021,10,12
2021-01-08,0,0.1697395376,0.4086536547,0.3983928054,0.3394994739,0.2066525527,0.2052564779,0.1625542015,0.1633498509,0.1613099464,0.1154053297,0.1653704436,2021,10,12
2021-01-11,0,0.1697395376,0.4611421503,0.449578653,0.3867568229,0.2414443773,0.223856912,0.1797098332,0.1653224023,0.1771142236,0.1154053297,0.1603322508,2021,10,12
2021-01-12,0,0.1697395376,0.4463374861,0.4351408061,0.3733660083,0.2313358962,0.2022777377,0.1652111219,0.1649756196,0.1644330115,0.1173554787,0.1515101692,2021,10,12
2021-01-13,0,0.1697395376,0.4229579424,0.4123415259,0.3523176124,0.2158517186,0.1806922712,0.1495503525,0.1487434128,0.1504233368,0.1198332976,0.1381778556,2021,10,12
2021-01-14,0,0.1697395376,0.4447189185,0.4335623725,0.3719049362,0.2302453339,0.1821698584,0.1528333465,0.1549999325,0.1537255775,0.1218479648,0.1328274221,2021,10,12
2021-01-15,0,0.1697395376,0.4661223168,0.4544355422,0.3912721906,0.2449000163,0.2064969437,0.1729203634,0.1680166716,0.1722567985,0.1281735639,0.1408355553,2021,10,12
2021-01-19,0,0.1697395376,0.4445160536,0.4333645382,0.3717218519,0.2301088464,0.196259562,0.1631491293,0.1503647078,0.1631029816,0.1213415836,0.1372856418,2021,10,12
2021-01-20,0,0.1697395376,0.4091021474,0.3988301438,0.3399006751,0.2069379318,0.1889073255,0.1531937616,0.1479900809,0.1533443464,0.1183412346,0.1418938751,2021,10,12
2021-01-21,0,0.1697395376,0.4032300555,0.3931041235,0.3346513468,0.2032168012,0.157567522,0.1322962963,0.1293071818,0.1346884644,0.1183412346,0.1253509495,2021,10,12
2021-01-22,0,0.1697395376,0.4164250401,0.4059709655,0.3464577772,0.2116252823,0.1819577415,0.1506238752,0.1384410104,0.1514935377,0.1238917509,0.1369746817,2021,10,12
2021-01-25,0,0.1697395376,0.443499931,0.4323736148,0.3708049438,0.2294258652,0.20592009,0.1669827642,0.164750233,0.1658675431,0.1238917509,0.1408281405,2021,10,12
2021-01-26,0,0.1697395376,0.440022241,0.4289821862,0.3676685392,0.2270967199,0.1693350109,0.143227307,0.1441431363,0.1449514498,0.1238917509,0.1213665745,2021,10,12
2021-01-27,0,0.1697395376,0.6405698964,0.6246205549,0.5529201329,0.3877030159,0.2971882011,0.2495057351,0.2550722253,0.2407216021,0.1341150919,0.1551167008,2021,10,12
2021-01-28,0,0.1697395376,0.5607285878,0.5467138556,0.478081924,0.3165075348,0.2635176777,0.2190088061,0.2195779629,0.2134695394,0.1308459332,0.1591822903,2021,10,12
2021-01-29,0,0.1697395376,0.5970568663,0.5821574301,0.5119471971,0.3474931428,0.2895928368,0.2476996131,0.2575436252,0.2405531861,0.1394132524,0.1696633267,2021,10,12
2021-02-01,0,0.1697395376,0.5611364712,0.5471117717,0.4784604832,0.3168435411,0.2860883796,0.2372378353,0.2347672551,0.2299734806,0.1394132524,0.1789404255,2021,10,12
2021-02-02,0,0.1697395376,0.4884964276,0.4762565943,0.4116250886,0.2607831607,0.2631260214,0.2130218295,0.2081231594,0.2076760379,0.1353679662,0.1876524072,2021,10,12
2021-02-03,0,0.1697395376,0.4377530887,0.4267693327,0.3656235102,0.2255839124,0.2066624327,0.1727712493,0.1714059067,0.1723309734,0.1304510527,0.1632693453,2021,10,12
2021-02-04,0,0.1697395376,0.4133359919,0.4029587087,0.3436903022,0.2096415916,0.1951948819,0.1609784513,0.1643796404,0.1611052476,0.1278912888,0.1577514246,2021,10,12
2021-02-05,0,0.1697395376,0.3928492748,0.3829817226,0.3253905258,0.196718454,0.185033996,0.152637438,0.1411853767,0.1534880536,0.1250975006,0.1526307929,2021,10,12
2021-02-08,0,0.1697395376,0.4014048547,0.3913243385,0.3330212985,0.2020668876,0.1726028601,0.1430502489,0.1358486275,0.1445300392,0.1276095285,0.1365340231,2021,10,12
2021-02-09,0,0.1697395376,0.4102209594,0.3999211319,0.3409017101,0.2076506894,0.1525840851,0.1304337122,0.1273596885,0.1333282975,0.1288816171,0.1139973639,2021,10,12
2021-02-10,0,0.1697395376,0.418178633,0.4076809737,0.3480297679,0.2127555815,0.1859904511,0.1538814915,0.1511811554,0.1545190497,0.1288816171,0.1324427129,2021,10,12
2021-02-11,0,0.1697395376,0.4016334811,0.3915472758,0.3332254388,0.2022107538,0.1720956632,0.1438669933,0.1401897083,0.1455453311,0.1276095285,0.1282222391,2021,10,12
2021-02-12,0,0.1697395376,0.3712381842,0.3619091238,0.3061897668,0.1835055818,0.1454813459,0.123861051,0.1295329506,0.1272441902,0.1196001445,0.1174746905,2021,10,12
2021-02-16,0,0.1697395376,0.4064032509,0.396198376,0.3374870468,0.205223536,0.1621141865,0.1369983319,0.136319987,0.1393032096,0.1196001445,0.1205556412,2021,10,12
2021-02-17,0,0.1697395376,0.4073050478,0.3970777413,0.3382933435,0.2057955952,0.174081936,0.1454675871,0.1425734041,0.1469958866,0.1196001445,0.1286776323,2021,10,12
2021-02-18,0,0.1697395376,0.4289504637,0.4181852082,0.3577010918,0.2197664065,0.1922308615,0.1602168529,0.151024211,0.1605865697,0.1229343539,0.1347803903,2021,10,12
2021-02-19,0,0.1697395376,0.4194883099,0.408958103,0.3492042621,0.2136017439,0.1679269656,0.1441770307,0.1428207743,0.1464496763,0.1304869061,0.122677319,2021,10,12
2021-02-22,0,0.1697395376,0.4487509184,0.4374944061,0.3755456715,0.232967295,0.1998259215,0.1699438385,0.1530830555,0.1701672301,0.1342987186,0.1373219854,2021,10,12
2021-02-23,0,0.1697395376,0.4418677791,0.4307819438,0.369332632,0.2283311411,0.2317869866,0.1914404445,0.1869107601,0.1891708376,0.136518861,0.1660863487,2021,10,12
2021-02-24,0,0.1697395376,0.4036849967,0.3935477456,0.3350577622,0.2035039164,0.2002132339,0.1652486749,0.1703466899,0.1652093794,0.1354049606,0.1581976567,2021,10,12
2021-02-25,0,0.1697395376,0.5421036759,0.5285448103,0.4608357655,0.3014350368,0.2766809189,0.2329697258,0.2456053047,0.2270214736,0.1394511739,0.176142689,2021,10,12
2021-02-26,0,0.1697395376,0.5279849485,0.5147725483,0.4478136448,0.2903491664,0.2677895109,0.2284370072,0.2350854215,0.2236286671,0.1456706057,0.178591075,2021,10,12
2021-03-01,0,0.1697395376,0.4467409221,0.4355342395,0.3737302776,0.2316081653,0.2681902206,0.2160283508,0.2117066364,0.2106593146,0.1410135668,0.2060707213,2021,10,12
2021-03-02,0,0.1697395376,0.4615279727,0.4499549228,0.3871064423,0.2417110829,0.2129331313,0.1823000353,0.1940374322,0.1818183075,0.1421660195,0.1661265025,2021,10,12
2021-03-03,0,0.1697395376,0.5075122204,0.4948034368,0.4290091045,0.2747656236,0.2409329178,0.2090321446,0.2208903369,0.2066959951,0.1421660195,0.1709882373,2021,10,12
2021-03-04,0,0.1697395376,0.5373804175,0.5239373764,0.4564744505,0.2976945873,0.3016202642,0.2587376443,0.2627469575,0.2515204703,0.1430936511,0.2021706586,2021,10,12
2021-03-05,0,0.1697395376,0.472147423,0.4603115873,0.3967422336,0.2491188737,0.2888996279,0.2393535031,0.2369737299,0.2329067112,0.1441432268,0.2189841776,2021,10,12
2021-03-08,0,0.1697395376,0.4869001032,0.4746996846,0.4101693454,0.2596300141,0.2559332334,0.219548532,0.2242783715,0.2161650971,0.1441432268,0.1911448276,2021,10,12
2021-03-09,0,0.1697395376,0.460175607,0.4486360422,0.3858811168,0.2407769792,0.2576124317,0.2145903903,0.2025573746,0.2106360657,0.1389587993,0.2013331237,2021,10,12
2021-03-10,0,0.1697395376,0.4304329465,0.4196308812,0.3590341342,0.2207405228,0.2295598292,0.192172272,0.1821527455,0.1904786257,0.1376029582,0.1918020227,2021,10,12
2021-03-11,0,0.1697395376,0.4164250401,0.4059709655,0.3464577772,0.2116252823,0.2222430477,0.1835844251,0.1740152569,0.1821675348,0.1332731171,0.1853869907,2021,10,12
2021-03-12,0,0.1697395376,0.3886185605,0.3788563656,0.3216232619,0.1940987367,0.182411921,0.1553274828,0.1507128328,0.1570297964,0.1332731171,0.1552494932,2021,10,12
2021-03-15,0,0.1697395376,0.3727148883,0.3633490082,0.3074983539,0.184395256,0.1840154221,0.1544585425,0.1512204279,0.155915564,0.1310977448,0.1575128072,2021,10,12
2021-03-16,0,0.1697395376,0.3667770358,0.3575592291,0.3022395723,0.1808293006,0.1611274762,0.13934098,0.1381327619,0.1425020772,0.1337118466,0.1386647444,2021,10,12
2021-03-17,0,0.1697395376,0.3525953832,0.3437314438,0.2897130512,0.1724335657,0.1717293695,0.1455527536,0.1459834964,0.14797038,0.1310977448,0.1474868282,2021,10,12
2021-03-18,0,0.1697395376,0.4091021474,0.3988301438,0.3399006751,0.2069379318,0.207205784,0.1770842641,0.1751379503,0.1774023617,0.1372657399,0.1591885802,2021,10,12
2021-03-19,0,0.1697395376,0.3947151259,0.3848011183,0.3270532762,0.1978790523,0.1904352984,0.1657840514,0.1665906271,0.1675469107,0.1359238105,0.1541715339,2021,10,12
2021-03-22,0,0.1697395376,0.3434969846,0.3348602269,0.281701486,0.1671344908,0.1641216189,0.143388126,0.1470373288,0.1468642169,0.1433263192,0.1481059616,2021,10,12
2021-03-23,0,0.1697395376,0.3792957843,0.3697658602,0.3133361598,0.1883832482,0.1855449892,0.1624477425,0.1654914385,0.1647255633,0.1435593372,0.1552588594,2021,10,12
2021-03-24,0,0.1697395376,0.4004890078,0.3904312825,0.3322036581,0.2014910745,0.1961396623,0.1727428661,0.1769336959,0.1744470813,0.1496081014,0.1572781708,2021,10,12
2021-03-25,0,0.1697395376,0.3672749944,0.3580447679,0.3026802686,0.1811271825,0.1914510765,0.166646431,0.1706768765,0.1686261176,0.1462616159,0.1602875941,2021,10,12
2021-03-26,0,0.1697395376,0.3429716328,0.3343479964,0.2812394906,0.1668305521,0.1724579473,0.1481444306,0.1575318156,0.1509131756,0.1406693363,0.1541895745,2021,10,12
2021-03-29,0,0.1697395376,0.3897982713,0.380006695,0.3226733326,0.1948275809,0.1874345243,0.1609279294,0.1620248577,0.1625629323,0.1372657399,0.1531183919,2021,10,12
2021-03-30,0,0.1697395376,0.3622687543,0.3531634077,0.298252345,0.1781420291,0.1653326747,0.1455512667,0.1436191227,0.1489795939,0.1372657399,0.1437937299,2021,10,12
2021-03-31,0,0.1697395376,0.3569491827,0.3479765734,0.2935537037,0.174993207,0.1547353855,0.1371381017,0.1403006273,0.1411530661,0.1384679004,0.1340135843,2021,10,12
2021-04-01,0,0.1697395376,0.3010056448,0.2934313298,0.2445514638,0.1432343527,0.1373626546,0.1205124863,0.117052278,0.1253238331,0.1213415836,0.1299066625,2021,10,12
2021-04-05,0,0.1697395376,0.3173262212,0.3093435598,0.2587678999,0.1522547043,0.1520368695,0.1280389113,0.1202604281,0.1314183434,0.1193341512,0.1356701085,2021,10,12
2021-04-06,0,0.1697395376,0.3231115586,0.314984225,0.2638232575,0.155499046,0.1261493582,0.1109511295,0.1075493745,0.1159011938,0.123378054,0.1137282571,2021,10,12
2021-04-07,0,0.1697395376,0.2961274469,0.2886752477,0.2403152265,0.1405750226,0.1058998614,0.0958503693,0.09534439742,0.1018528144,0.1244072677,0.1009908829,2021,10,12
2021-04-08,0,0.1697395376,0.2900428853,0.2827430391,0.235039915,0.1372811719,0.1144580323,0.1010235882,0.09269030047,0.106507096,0.1217465523,0.1061046511,2021,10,12
2021-04-09,0,0.1697395376,0.2824207807,0.2753118451,0.2284450659,0.133190526,0.1053382042,0.09323703451,0.1003449424,0.0989325895,0.1231048487,0.0988992238,2021,10,12
2021-04-12,0,0.1697395376,0.2888765912,0.2816059529,0.2340298282,0.1366526998,0.09741126494,0.08803249632,0.09045405821,0.09409653927,0.1210722499,0.08649716552,2021,10,12
2021-04-13,0,0.1697395376,0.2812394835,0.2741601416,0.2274243329,0.1325600306,0.09762407728,0.08769319279,0.09307858717,0.0937021722,0.1210722499,0.08724874546,2021,10,12
2021-04-14,0,0.1697395376,0.2912067932,0.2838778003,0.2360482856,0.1379092824,0.1085310395,0.09660934753,0.1014748004,0.1023148205,0.1256867571,0.09405108463,2021,10,12
2021-04-15,0,0.1697395376,0.2788700969,0.271850117,0.2253781029,0.1312982024,0.1121726825,0.09692303849,0.09383165272,0.1021314314,0.1210722499,0.1000814019,2021,10,12
2021-04-16,0,0.1697395376,0.2693022346,0.2625220268,0.2171303144,0.126240135,0.106035459,0.09204377139,0.08811533793,0.0974807456,0.1170938136,0.09928038944,2021,10,12
2021-04-19,0,0.1697395376,0.2998616967,0.2923160157,0.2435575133,0.1426092385,0.1176698544,0.1022973803,0.1014837126,0.1073716673,0.1216789692,0.1020418641,2021,10,12
2021-04-20,0,0.1697395376,0.338216134,0.3297112892,0.2770605002,0.164089262,0.1413618327,0.1218562287,0.1218132708,0.1258849012,0.1301287005,0.1111197013,2021,10,12
2021-04-21,0,0.1697395376,0.305841121,0.2981457873,0.2487565586,0.1458869352,0.1210267408,0.1049494596,0.1150172374,0.1098679528,0.1288461235,0.1051085878,2021,10,12
2021-04-22,0,0.1697395376,0.3390120434,0.3304873147,0.2777595438,0.1645468152,0.1436113766,0.1240321063,0.1320261376,0.1280224611,0.1317471733,0.1136197293,2021,10,12
2021-04-23,0,0.1697395376,0.3010056448,0.2934313298,0.2445514638,0.1432343527,0.1313227165,0.1120658687,0.1206176438,0.1164824781,0.13892099,0.1148659296,2021,10,12
2021-04-26,0,0.1697395376,0.3097910209,0.3019968527,0.252195895,0.1480661083,0.1109613309,0.09814778769,0.1009143212,0.1035727783,0.1362210621,0.09993119473,2021,10,12
2021-04-27,0,0.1697395376,0.3075374903,0.2997997077,0.2502331759,0.1468214543,0.1075575448,0.0959958168,0.102088099,0.1016420354,0.1368918719,0.09420423646,2021,10,12
2021-04-28,0,0.1697395376,0.2995753333,0.2920368204,0.2433087507,0.1424528982,0.1063428245,0.09521277293,0.09961109535,0.1009854735,0.1368918719,0.09314433911,2021,10,12
2021-04-29,0,0.1697395376,0.3089471202,0.3011740665,0.2514607482,0.1475995823,0.1352953091,0.1144366864,0.1095142383,0.1185113815,0.1346666095,0.1102335451,2021,10,12
2021-04-30,0,0.1697395376,0.3363537488,0.3278954346,0.2754253708,0.1630205563,0.1341852568,0.116438953,0.1037459451,0.120823016,0.1337118466,0.1050432546,2021,10,12
2021-05-03,0,0.1697395376,0.3282889125,0.3200321467,0.2683543071,0.1584237717,0.1304425675,0.1133839202,0.1019518047,0.1179626274,0.1368172079,0.1060059672,2021,10,13
2021-05-04,0,0.1697395376,0.3589833054,0.3499599344,0.295349609,0.1761944725,0.1584851218,0.1355837665,0.1284850922,0.138686473,0.1383925147,0.1204703102,2021,10,13
2021-05-05,0,0.1697395376,0.3505317692,0.3417193467,0.287894221,0.17122579,0.1400548849,0.1227760139,0.1151311895,0.1270845737,0.1350353508,0.1122681807,2021,10,13
2021-05-06,0,0.1697395376,0.3304526949,0.3221418455,0.2702499146,0.1596521564,0.1432685544,0.1226691029,0.1239542129,0.1265664657,0.1350353508,0.1167096607,2021,10,13
2021-05-07,0,0.1697395376,0.2824207807,0.2753118451,0.2284450659,0.133190526,0.1188786824,0.102958258,0.1045045169,0.1080748518,0.1392237401,0.1110231731,2021,10,13
2021-05-10,0,0.1697395376,0.3635257692,0.354389063,0.2993636013,0.1788895697,0.1396468666,0.1225990762,0.1359203906,0.1268461259,0.1410518351,0.1087162176,2021,10,13
2021-05-11,0,0.1697395376,0.4148837484,0.4044679869,0.345076669,0.2106343378,0.1970092067,0.1669589693,0.1550944216,0.1675741347,0.1387698222,0.1364324984,2021,10,13
2021-05-12,0,0.1697395376,0.5223769515,0.5093023656,0.4426534422,0.2860238212,0.2434145197,0.2116857208,0.2155621733,0.2090889154,0.1431323898,0.1479174712,2021,10,13
2021-05-13,0,0.1697395376,0.4422765076,0.4311805343,0.3697012777,0.2286050177,0.1998662132,0.1737183624,0.1756622348,0.1745061682,0.1431323898,0.1416048011,2021,10,13
2021-05-14,0,0.1697395376,0.3416554623,0.3330647005,0.2800823372,0.1660700563,0.1675173487,0.1430180397,0.1380741778,0.1458703578,0.1472907536,0.1446772428,2021,10,13
2021-05-17,0,0.1697395376,0.3650293761,0.3558551615,0.3006933399,0.1797855154,0.1637088412,0.1422880199,0.1383961913,0.1454718104,0.1472907536,0.1380406022,2021,10,13
2021-05-18,0,0.1697395376,0.4036849967,0.3935477456,0.3350577622,0.2035039164,0.162719757,0.1456923571,0.158582824,0.1492350583,0.1472907536,0.1257284203,2021,10,13
2021-05-19,0,0.1697395376,0.4223099355,0.4117096181,0.3517359431,0.2154305827,0.2090052282,0.180099077,0.1686369771,0.1803833189,0.1472907536,0.148782578,2021,10,13
2021-05-20,0,0.1697395376,0.3881456631,0.3783952467,0.3212024208,0.1938069296,0.172217072,0.1500894827,0.1522000027,0.1527752044,0.1430548862,0.1346385026,2021,10,13
2021-05-21,0,0.1697395376,0.3756526273,0.3662135087,0.3101031411,0.1861708131,0.1662187497,0.1458906054,0.1429518022,0.1490958603,0.1519961419,0.1326814381,2021,10,13
2021-05-24,0,0.1697395376,0.3307225208,0.3224049275,0.2704863785,0.1598055891,0.1545080807,0.1336087631,0.1252733463,0.1373308265,0.1465776401,0.1351663886,2021,10,13
2021-05-25,0,0.1697395376,0.3424456064,0.3338351085,0.280776968,0.1665264436,0.1474480635,0.130000459,0.1272042773,0.134269369,0.1465776401,0.1286807597,2021,10,13
2021-05-26,0,0.1697395376,0.3018621037,0.2942663519,0.2452958387,0.1437029707,0.1173640575,0.107072572,0.1053234621,0.1130689684,0.1430548862,0.1097594898,2021,10,13
2021-05-27,0,0.1697395376,0.2838941115,0.2767482685,0.2297186511,0.1339781916,0.1113933919,0.1023182914,0.09701078656,0.108655052,0.142938679,0.1070754873,2021,10,13
2021-05-28,0,0.1697395376,0.2844824502,0.2773218697,0.2302273848,0.1342931319,0.1136925898,0.1039042835,0.09241062523,0.1101152634,0.1425518954,0.1064194941,2021,10,13
2021-06-01,0,0.1697395376,0.3170490836,0.3090733536,0.2585259381,0.1520999137,0.1339170007,0.1199741906,0.1136406454,0.1251695462,0.1444163768,0.1117492337,2021,10,13
2021-06-02,0,0.1697395376,0.3052744662,0.2975933128,0.248263471,0.1455752274,0.1133722682,0.1047494104,0.1003250413,0.1110194438,0.1444163768,0.100906935,2021,10,13
2021-06-03,0,0.1697395376,0.3209154177,0.3128429973,0.2619032501,0.1542645376,0.143413823,0.1279645012,0.1178924989,0.1327959313,0.1451207635,0.120111532,2021,10,13
2021-06-04,0,0.1697395376,0.2744030403,0.2674949934,0.2215243326,0.1289292871,0.128787925,0.1140730168,0.107500752,0.1195083507,0.1447682143,0.1232092974,2021,10,13
2021-06-07,0,0.1697395376,0.2744030403,0.2674949934,0.2215243326,0.1289292871,0.1038934582,0.09672375867,0.09468613558,0.1034366645,0.1483258565,0.1064748922,2021,10,13
2021-06-08,0,0.1697395376,0.2935276643,0.2861405566,0.2380600524,0.1391645246,0.1223707397,0.1109775407,0.1070766632,0.1168481254,0.150252624,0.1127500717,2021,10,13
2021-06-09,0,0.1697395376,0.3167717686,0.3088029745,0.2582838404,0.1519450809,0.1166034532,0.1082181691,0.1066348761,0.1144555402,0.1461826892,0.1049525924,2021,10,13
2021-06-10,0,0.1697395376,0.2647683575,0.2581018028,0.2132305346,0.123863846,0.1135670518,0.1035904404,0.09912110454,0.1099244633,0.1454740253,0.1098565849,2021,10,13
2021-06-11,0,0.1697395376,0.2509854962,0.2446645723,0.2014097605,0.116718828,0.09035974886,0.08612226459,0.08409337596,0.09339639229,0.1351830725,0.09151473254,2021,10,13
2021-06-14,0,0.1697395376,0.2735057975,0.2666202357,0.2207509117,0.1284550416,0.09855060717,0.09276830217,0.09258696606,0.09969848408,0.1351830725,0.09186655707,2021,10,13
2021-06-15,0,0.1697395376,0.2920782153,0.2847274012,0.2368034851,0.1383801574,0.09667662569,0.09254581035,0.09348161358,0.09965721823,0.1369665702,0.08548871432,2021,10,13
2021-06-16,0,0.1697395376,0.3239326124,0.3157847504,0.2645413794,0.1559615123,0.1299694606,0.1195538409,0.1216931501,0.1253366315,0.1369665702,0.1027952562,2021,10,13
2021-06-17,0,0.1697395376,0.3128740767,0.3050027774,0.2548831484,0.1497748732,0.1232732118,0.1146663684,0.1153661976,0.1208935244,0.1438315666,0.1013928832,2021,10,13
2021-06-18,0,0.1697395376,0.3888547873,0.3790867088,0.3218335039,0.1942445796,0.1640168109,0.1509219637,0.1369977751,0.1551837257,0.1515485432,0.1163114846,2021,10,13
2021-06-21,0,0.1697395376,0.3167717686,0.3088029745,0.2582838404,0.1519450809,0.1363348981,0.124740258,0.1254919365,0.1303331195,0.1505757507,0.1140112233,2021,10,13
2021-06-22,0,0.1697395376,0.281535015,0.2744482693,0.2276796608,0.132717678,0.1188989785,0.1099128106,0.1111065902,0.1163256606,0.1486455644,0.1110371038,2021,10,13
2021-06-23,0,0.1697395376,0.271407438,0.2645744651,0.2189429696,0.1273479694,0.09626966954,0.0932706724,0.09331844571,0.1007678309,0.1433263192,0.09631615022,2021,10,13
2021-06-24,0,0.1697395376,0.2608142422,0.2542468248,0.2098339807,0.1218020097,0.1088915814,0.1014470623,0.08217688899,0.1082686518,0.1433263192,0.105357187,2021,10,13
2021-06-25,0,0.1697395376,0.2500572398,0.2437596005,0.200615537,0.1162417995,0.08949506398,0.08626358791,0.08413328189,0.09374626039,0.1385433207,0.0905950711,2021,10,13
2021-06-28,0,0.1697395376,0.2543792177,0.2479731724,0.2043154999,0.1184672911,0.08775397342,0.0849485016,0.0824907022,0.09245457179,0.1351830725,0.08499260606,2021,10,13
2021-06-29,0,0.1697395376,0.2623377522,0.2557321356,0.2111421596,0.1225952699,0.08312604902,0.08176607351,0.07727107195,0.08943104916,0.1351830725,0.07825500231,2021,10,13
2021-06-30,0,0.1697395376,0.2565306831,0.2500706805,0.2061592617,0.1195793725,0.08209944118,0.08086228528,0.07740382826,0.08856988035,0.128668828,0.07841640468,2021,10,13
2021-07-01,0,0.1697395376,0.2457103336,0.239521744,0.1968995066,0.1140148103,0.07583081716,0.07504217517,0.07641546238,0.08274778292,0.1318918463,0.0721603601,2021,10,13
2021-07-02,0,0.1697395376,0.2328426705,0.226976994,0.1859308719,0.1074876169,0.08905599309,0.08360477469,0.08363161156,0.0907190968,0.1209041668,0.08601196351,2021,10,13
2021-07-06,0,0.1697395376,0.2750005106,0.2680774914,0.2220394692,0.1292453752,0.1060537836,0.09794920457,0.0989788996,0.1044954873,0.1264528525,0.09195097765,2021,10,13
2021-07-07,0,0.1697395376,0.2677944018,0.2610519892,0.2158327481,0.1254484018,0.1023219276,0.09457331554,0.09504158072,0.1011989575,0.1277150987,0.09245953127,2021,10,13
2021-07-08,0,0.1697395376,0.3466369372,0.3379217635,0.2844641388,0.1689556963,0.166966584,0.145472556,0.123846565,0.1487473399,0.1270826366,0.1281149688,2021,10,13
2021-07-09,0,0.1697395376,0.2671902634,0.2604629949,0.2153130283,0.1251315873,0.1270112206,0.1122113538,0.1067455956,0.1176923146,0.1254091553,0.1235312988,2021,10,13
2021-07-12,0,0.1697395376,0.2668880036,0.260168312,0.2150530414,0.1249731671,0.1051306023,0.09620820866,0.09481180914,0.1026431804,0.1229343385,0.1087377125,2021,10,13
2021-07-13,0,0.1697395376,0.2949734834,0.2875501753,0.2393140103,0.1399483691,0.1203294407,0.1090367409,0.1024827539,0.1149100666,0.1281382366,0.1121988674,2021,10,13
2021-07-14,0,0.1697395376,0.2717076262,0.2648671297,0.2192015389,0.1275061713,0.1212877499,0.1088752246,0.09907612039,0.1147365368,0.1239603587,0.1179447891,2021,10,13
2021-07-15,0,0.1697395376,0.2917878872,0.2844443431,0.2365518567,0.1382232201,0.1174422157,0.1078559472,0.1031101414,0.1140658402,0.1329813079,0.1041331302,2021,10,13
2021-07-16,0,0.1697395376,0.3320692959,0.3237180437,0.2716668993,0.1605722522,0.1278401582,0.1188573144,0.1258568849,0.1248428781,0.1510614941,0.1015370907,2021,10,13
2021-07-19,0,0.1697395376,0.4291626303,0.4183921065,0.3578918412,0.2199056792,0.2213824016,0.1945343937,0.1830239271,0.194543737,0.1508184616,0.1531106953,2021,10,13
2021-07-20,0,0.1697395376,0.3652794963,0.3560990426,0.3009145887,0.1799347394,0.1784052644,0.1573241711,0.1592666253,0.1602255434,0.1498495096,0.1453936926,2021,10,13
2021-07-21,0,0.1697395376,0.3173262212,0.3093435598,0.2587678999,0.1522547043,0.1463811597,0.1309910126,0.129619408,0.135832852,0.1486455644,0.1355667094,2021,10,13
2021-07-22,0,0.1697395376,0.311194691,0.3033654047,0.2534190679,0.1488432279,0.1277690705,0.1172843306,0.1170069645,0.123169747,0.1469734388,0.1241392269,2021,10,13
2021-07-23,0,0.1697395376,0.2972791173,0.2897980858,0.2413147926,0.1412013526,0.1414046458,0.124429265,0.1191757822,0.1292278353,0.1338217073,0.1359550516,2021,10,13
2021-07-26,0,0.1697395376,0.3081017945,0.3003498919,0.2507245388,0.1471327835,0.1059411681,0.09917468856,0.1059540572,0.1057366332,0.1348139906,0.09949589211,2021,10,13
2021-07-27,0,0.1697395376,0.3559286173,0.3469814787,0.2926530236,0.1743918011,0.1426878846,0.1286806528,0.1274478289,0.1334642633,0.1348139906,0.1090835039,2021,10,13
2021-07-28,0,0.1697395376,0.3282889125,0.3200321467,0.2683543071,0.1584237717,0.1259159797,0.1160381056,0.1153732749,0.1219002284,0.1348139906,0.103829793,2021,10,13
2021-07-29,0,0.1697395376,0.3114749664,0.3036386682,0.2536633618,0.148998569,0.1153688453,0.1071600484,0.104348203,0.1134690046,0.1339316608,0.1009724857,2021,10,13
2021-07-30,0,0.1697395376,0.3263877658,0.318178524,0.2666897254,0.1573474378,0.1362605854,0.1242106594,0.1101461355,0.1296420249,0.1396029466,0.1111546243,2021,10,13
2021-08-02,0,0.1697395376,0.3584756309,0.3494649284,0.2949012977,0.1758943387,0.1452050575,0.1326406459,0.1292333462,0.1376125164,0.1489658408,0.113368026,2021,10,13
2021-08-03,0,0.1697395376,0.3209154177,0.3128429973,0.2619032501,0.1542645376,0.1406480301,0.1262996205,0.1254889463,0.1313438972,0.1501719407,0.1185068902,2021,10,13
2021-08-04,0,0.1697395376,0.3189858767,0.3109617085,0.2602173005,0.1531828673,0.1283937785,0.1188472762,0.1131572249,0.1248355295,0.1489658408,0.1117957657,2021,10,13
2021-08-05,0,0.1697395376,0.2995753333,0.2920368204,0.2433087507,0.1424528982,0.1160703954,0.1080302268,0.1040270538,0.1144670531,0.1465776401,0.1076541147,2021,10,13
2021-08-06,0,0.1697395376,0.2662830731,0.2595785459,0.2145327882,0.1246562855,0.0911583281,0.08833678507,0.0879125536,0.09582340389,0.1304510365,0.09460243977,2021,10,13
2021-08-09,0,0.1697395376,0.2833051685,0.2761740784,0.2292094854,0.1336631596,0.09515693373,0.09225484033,0.0937782063,0.09966756976,0.1388453974,0.09030565445,2021,10,13
2021-08-10,0,0.1697395376,0.2853639078,0.2781812482,0.2309897461,0.1347654144,0.09173872606,0.08971139617,0.08827671567,0.09724361689,0.1397548747,0.08182541195,2021,10,13
2021-08-11,0,0.1697395376,0.2668880036,0.260168312,0.2150530414,0.1249731671,0.08806985457,0.08615303746,0.07958284572,0.0937728951,0.1330542176,0.08017437517,2021,10,13
2021-08-12,0,0.1697395376,0.2491278386,0.2428535134,0.1998205756,0.1157647021,0.08512901338,0.0830873103,0.08502139777,0.09074085435,0.1330542176,0.0809380923,2021,10,13
2021-08-13,0,0.1697395376,0.2447756676,0.2386105281,0.1961011865,0.1135374361,0.07210047482,0.07277862982,0.07137880087,0.08072181067,0.1200668432,0.07324601074,2021,10,13
2021-08-16,0,0.1697395376,0.2653746829,0.2586929279,0.213751739,0.1241808775,0.1064927573,0.09923646833,0.099733221,0.1060333458,0.1257909973,0.09628555167,2021,10,13
2021-08-17,0,0.1697395376,0.3173262212,0.3093435598,0.2587678999,0.1522547043,0.1373518402,0.1251666969,0.1173487637,0.1306434109,0.1274688314,0.1118465805,2021,10,13
2021-08-18,0,0.1697395376,0.4088779793,0.3986115508,0.3397001388,0.2067952677,0.1604618932,0.148498062,0.1541809558,0.1528433889,0.135701239,0.1082758697,2021,10,13
2021-08-19,0,0.1697395376,0.4111136457,0.4007916196,0.341700625,0.2082202621,0.1698434509,0.1552884129,0.1530291939,0.1589734387,0.1348140072,0.1153510589,2021,10,13
2021-08-20,0,0.1697395376,0.3350189173,0.3265939559,0.2742539347,0.1622562502,0.129824255,0.1214624612,0.1274724017,0.1275242108,0.1435204673,0.107358976,2021,10,13
2021-08-23,0,0.1697395376,0.295839169,0.2883941871,0.2400650753,0.1404183884,0.1326889422,0.120363057,0.1187376845,0.1260303789,0.1418964026,0.1173932906,2021,10,13
2021-08-24,0,0.1697395376,0.2978539979,0.2903585748,0.2418138738,0.1415143439,0.1028256392,0.0984512485,0.09616561653,0.1055427614,0.136779872,0.09615833492,2021,10,13
2021-08-25,0,0.1697395376,0.2853639078,0.2781812482,0.2309897461,0.1347654144,0.0980933006,0.0943276353,0.09610410072,0.1015839951,0.1333461457,0.09286841672,2021,10,13
2021-08-26,0,0.1697395376,0.3424456064,0.3338351085,0.280776968,0.1665264436,0.1090440217,0.105739612,0.115685828,0.1127521379,0.1418964026,0.08586833635,2021,10,13
2021-08-27,0,0.1697395376,0.2735057975,0.2666202357,0.2207509117,0.1284550416,0.09820488207,0.0939152979,0.100520559,0.1011519647,0.1326173319,0.08893958481,2021,10,13
2021-08-30,0,0.1697395376,0.2674924164,0.2607575737,0.215572948,0.1252900094,0.08802276973,0.085482202,0.0897060452,0.0929584184,0.1337118466,0.07820342846,2021,10,13
2021-08-31,0,0.1697395376,0.276193674,0.2692407558,0.2230684937,0.1298773072,0.08217455228,0.08169726227,0.08727157957,0.08944629274,0.1204011851,0.0732410061,2021,10,13
2021-09-01,0,0.1697395376,0.2650716034,0.2583974465,0.2134911959,0.1240223762,0.08441167162,0.08323363674,0.0843857462,0.09095176866,0.1204011851,0.07605614274,2021,10,13
2021-09-02,1,0.1697395376,0.2741041095,0.2672035538,0.2212666313,0.1287712265,0.09536158978,0.09149634006,0.08868380575,0.09877471728,0.118407199,0.08217436375,2021,10,13
2021-09-03,1,0.1697395376,0.2741041095,0.2672035538,0.2212666313,0.1287712265,0.09167762675,0.08897249669,0.08623669129,0.0964371667,0.1088616971,0.07987847829,2021,10,13
2021-09-07,0,0.1697395376,0.3236590411,0.315518019,0.2643020862,0.1558073643,0.09707000671,0.09540558435,0.09762096088,0.1028168573,0.1122176842,0.07583768198,2021,10,13
2021-09-08,0,0.1697395376,0.318709637,0.3106923771,0.2599760093,0.1530282384,0.1075628398,0.1037107777,0.1033559226,0.1107854707,0.1190023714,0.08364910232,2021,10,13
2021-09-09,0,0.1697395376,0.3413917916,0.332807616,0.2798505725,0.1659178704,0.1207917306,0.1155563996,0.1185061792,0.1221920404,0.1190023714,0.08968372399,2021,10,13
2021-09-10,0,0.1697395376,0.3947151259,0.3848011183,0.3270532762,0.1978790523,0.1473384747,0.1394296761,0.1509462523,0.1448415175,0.1424360636,0.09857754415,2021,10,13
2021-09-13,0,0.1697395376,0.3561839859,0.3472304737,0.2928783712,0.1745422054,0.1524678486,0.1413900558,0.1381565026,0.146514887,0.1392237401,0.1131271841,2021,10,13
2021-09-14,0,0.1697395376,0.3584756309,0.3494649284,0.2949012977,0.1758943387,0.145925042,0.1383184338,0.1444475012,0.1441222476,0.1408222351,0.1118463012,2021,10,13
2021-09-15,0,0.1697395376,0.3247523453,0.3165839888,0.2652585107,0.1564237416,0.1358895199,0.127790318,0.1343309452,0.1339363617,0.1358495914,0.1134741,2021,10,13
2021-09-16,0,0.1697395376,0.3384816218,0.3299701444,0.27729366,0.1642418305,0.1427751372,0.134049801,0.1368163559,0.1398849355,0.1358495914,0.1156776858,2021,10,13
2021-09-17,0,0.1697395376,0.3914440086,0.3816114483,0.3241387469,0.1958464713,0.1486805931,0.143226046,0.1536150289,0.1490564347,0.136593388,0.1086536948,2021,10,13
2021-09-20,0,0.1697395376,0.4911383839,0.4788333342,0.4140356033,0.2626985519,0.2425659945,0.2229067858,0.2076184353,0.222222632,0.1436759644,0.1510553979,2021,10,13
2021-09-21,0,0.1697395376,0.4665022561,0.4548060791,0.3916168932,0.2451648138,0.2055062705,0.1948730975,0.1886521413,0.1973735168,0.1408987451,0.1382932878,2021,10,13
2021-09-22,0,0.1697395376,0.3928492748,0.3829817226,0.3253905258,0.196718454,0.1925031321,0.1790605297,0.1709313795,0.1824065342,0.136593388,0.1479636944,2021,10,13
2021-09-23,0,0.1697395376,0.3368865603,0.3284149336,0.2758930812,0.1633260257,0.1640351901,0.1524135236,0.1474384284,0.1574018113,0.1392995054,0.1435284301,2021,10,13
2021-09-24,0,0.1697395376,0.3128740767,0.3050027774,0.2548831484,0.1497748732,0.1461947746,0.1380471054,0.1320160012,0.144170579,0.1349246324,0.1381423433,2021,10,13
2021-09-27,0,0.1697395376,0.3403356441,0.3317778504,0.278922393,0.1653088344,0.1372148891,0.1332994375,0.1286671793,0.1400438383,0.130558638,0.1183403096,2021,10,13
2021-09-28,0,0.1697395376,0.4447189185,0.4335623725,0.3719049362,0.2302453339,0.1987767954,0.1902177641,0.1940522177,0.1935192944,0.136593388,0.135031342,2021,10,13
2021-09-29,0,0.1697395376,0.4304329465,0.4196308812,0.3590341342,0.2207405228,0.1730771116,0.1697674154,0.1682192404,0.1749406155,0.139983018,0.1213714224,2021,10,13
2021-09-30,0,0.1697395376,0.4424807092,0.4313796712,0.3698854677,0.228741914,0.1918974302,0.1887368019,0.2027576501,0.1931393836,0.1408987451,0.1299281658,2021,10,13
2021-10-01,0,0.1697395376,0.3981897383,0.3881892371,0.3301517746,0.2000489577,0.2013041395,0.1903226631,0.1932744404,0.193662952,0.1392237401,0.1508271274,2021,10,13
2021-10-04,0,0.1697395376,0.4387863504,0.4277769572,0.3665545761,0.2262720957,0.2123087482,0.2050622199,0.2123855512,0.2080618884,0.142899984,0.1531431985,2021,10,13
2021-10-05,0,0.1697395376,0.4027745484,0.3926599501,0.3342444728,0.2029295263,0.1955557445,0.1875446239,0.1913680731,0.1914918557,0.1392237401,0.1514572129,2021,10,13
2021-10-06,0,0.1697395376,0.3958767615,0.385933835,0.3280888647,0.1986032446,0.2075427533,0.1951096578,0.1963472324,0.1980251038,0.1392237401,0.1641393101,2021,10,13
2021-10-07,0,0.1697395376,0.3605027566,0.3514414717,0.2966917495,0.1770940501,0.1858823451,0.1748687115,0.1620508061,0.1791345196,0.1368545356,0.1600816727,2021,10,13
2021-10-08,0,0.1697395376,0.3405999113,0.3320355162,0.2791546152,0.1654611434,0.1491299061,0.1469583459,0.1480218012,0.1538137539,0.1257909816,0.137282574,2021,10,13
2021-10-11,0,0.1697395376,0.3719771853,0.3626296985,0.3068445725,0.1839505733,0.1794557336,0.1737417397,0.1740560606,0.1789158537,0.1268374115,0.1477761496,2021,10,13
2021-10-12,0,0.1697395376,0.3682692938,0.3590142692,0.3035604017,0.181722614,0.159802226,0.1593832658,0.1600024057,0.1660284605,0.1289525815,0.134698656,2021,10,13
2021-10-13,0,0.1697395376,0.3371527686,0.3286744907,0.2761267887,0.1634787304,0.1565036331,0.1547565276,0.1519523973,0.1615632659,0.1257909816,0.1339923058,2021,10,13
2021-10-14,0,0.1697395376,0.287415523,0.2801814769,0.2327649449,0.1358666881,0.1465984724,0.1409026803,0.1306636234,0.1477015337,0.1251666808,0.1390403858,2021,10,13
2021-10-15,0,0.1697395376,0.2708066146,0.2639887004,0.2184255181,0.1270315042,0.1284884737,0.1248941283,0.1131284129,0.1324179075,0.1224240719,0.1318509732,2021,10,13
2021-10-18,0,0.1697395376,0.2711070808,0.2642816358,0.2186842786,0.1271897365,0.1300570572,0.1256392694,0.1222077863,0.1329959168,0.1224240719,0.1314507832,2021,10,13
2021-10-19,0,0.1697395376,0.2525300306,0.2461703653,0.2027318095,0.1175137137,0.1166797924,0.1132469989,0.1055732521,0.1209899036,0.1224240719,0.1265318874,2021,10,13
2021-10-20,0,0.1697395376,0.246021641,0.2398252411,0.1971654564,0.1141739234,0.09521195141,0.09585681861,0.09535501028,0.1043309333,0.1204011851,0.1077725846,2021,10,13
2021-10-21,0,0.1697395376,0.2309431462,0.2251251512,0.1843157348,0.1065321463,0.09228842315,0.09274164971,0.09411409917,0.1012525659,0.1204011851,0.1026736071,2021,10,13
2021-10-22,0,0.1697395376,0.2441519395,0.2380024493,0.1955685834,0.1132191589,0.1056669826,0.1039642897,0.1042226276,0.1120721216,0.1149865262,0.1081442209,2021,10,13
2021-10-25,0,0.1697395376,0.2382022687,0.2322020745,0.1904937135,0.1101946271,0.1027208487,0.1006085432,0.09987655808,0.1086518536,0.1130707002,0.1061558316,2021,10,13
2021-10-26,0,0.1697395376,0.2611192126,0.2545441484,0.2100957962,0.1219606855,0.1095816596,0.1066812538,0.1040125295,0.114422368,0.1204011851,0.1066287344,2021,10,13
2021-10-27,0,0.1697395376,0.2909160274,0.2835943158,0.2357963432,0.1377522821,0.112208654,0.1108635718,0.116576384,0.1186764218,0.1204011851,0.1037622835,2021,10,13
2021-10-28,0,0.1697395376,0.277682021,0.2706918092,0.2243526235,0.1306668806,0.1089911911,0.1061315284,0.1089781892,0.1137368628,0.1194005941,0.1039101191,2021,10,13
2021-10-29,0,0.1697395376,0.2696033934,0.262815637,0.21738955,0.1263984415,0.1182819499,0.1126196228,0.1115151569,0.1197725415,0.1209041819,0.1121456705,2021,10,13
2021-11-01,0,0.1697395376,0.2741041095,0.2672035538,0.2212666313,0.1287712265,0.109144291,0.1057386728,0.1037390266,0.1132638752,0.1239603742,0.1041394912,2021,10,13
2021-11-02,0,0.1697395376,0.2626420813,0.2560288345,0.211403551,0.1227539016,0.09078256811,0.09066602291,0.0961382307,0.09876917595,0.1209041819,0.0910756195,2021,10,13
2021-11-03,0,0.1697395376,0.2337909047,0.227901427,0.1867375353,0.1079653505,0.09523819219,0.09223243158,0.09692759039,0.1000087224,0.1164418787,0.09884733422,2021,10,13
2021-11-04,0,0.1697395376,0.2444638652,0.2383065487,0.1958349238,0.1133783002,0.08568716735,0.08463450277,0.08776617696,0.09256053701,0.1164418787,0.08898146856,2021,10,13
2021-11-05,0,0.1697395376,0.276193674,0.2692407558,0.2230684937,0.1298773072,0.1141054879,0.1065859551,0.101942553,0.113305153,0.1159549831,0.1003638085,2021,10,13
2021-11-08,0,0.1697395376,0.2978539979,0.2903585748,0.2418138738,0.1415143439,0.1046271629,0.100315376,0.09825649419,0.1074356499,0.117913197,0.0902134919,2021,10,13
2021-11-09,0,0.1697395376,0.313711796,0.3058195408,0.2556137307,0.1502403698,0.1164671186,0.1105890341,0.1132708915,0.1173284967,0.119101823,0.09588570541,2021,10,13
2021-11-10,0,0.1697395376,0.3395419473,0.3310039808,0.2782250404,0.1648517238,0.1407240671,0.131600636,0.1295700786,0.137383686,0.1236517955,0.1078501991,2021,10,13
2021-11-11,0,0.1697395376,0.3103529419,0.3025447149,0.2526854998,0.1483770356,0.1126238715,0.109715594,0.1021692921,0.1170577697,0.1236517955,0.09763088439,2021,10,13
2021-11-12,0,0.1697395376,0.2705060698,0.2636956883,0.2181667139,0.1268732885,0.1086914645,0.1040520435,0.1033062048,0.111354449,0.1220171626,0.1000938676,2021,10,13
2021-11-15,0,0.1697395376,0.27649162,0.2695312359,0.2233255114,0.1300352525,0.1052201877,0.1017910058,0.09961417979,0.1092632022,0.1266624939,0.09624609671,2021,10,13
2021-11-16,0,0.1697395376,0.2729070154,0.2660364598,0.2202348825,0.1281388404,0.1024696966,0.09904587642,0.1020429203,0.1065213626,0.1229343385,0.09460895648,2021,10,13
2021-11-17,0,0.1697395376,0.2946846185,0.2872685428,0.2390634351,0.1397916468,0.09115379284,0.09169793294,0.09450269522,0.09971758571,0.1245795151,0.07972166033,2021,10,13
2021-11-18,0,0.1697395376,0.3083837093,0.3006247527,0.2509700435,0.1472884029,0.114881928,0.1098651073,0.1102555423,0.1168120031,0.1245795151,0.09247418929,2021,10,13
2021-11-19,0,0.1697395376,0.3173262212,0.3093435598,0.2587678999,0.1522547043,0.1046258655,0.1029812272,0.105664512,0.110498818,0.1327264311,0.0844308186,2021,10,13
2021-11-22,0,0.1697395376,0.3510485604,0.342223236,0.2883496165,0.1715279268,0.1431203398,0.1339627686,0.1362095012,0.1396078204,0.1327264311,0.1049027386,2021,10,13
2021-11-23,0,0.1697395376,0.3564391561,0.3474792756,0.2931035591,0.174692547,0.1399777595,0.1317722775,0.1340481046,0.1375789296,0.1327264311,0.1045777446,2021,10,13
2021-11-24,0,0.1697395376,0.3355533039,0.3271149897,0.2747228559,0.1625620657,0.1352685727,0.1271252285,0.1286654678,0.1331760532,0.1327264311,0.1074668891,2021,10,13
2021-11-26,0,0.1697395376,0.5381240072,0.5246627261,0.4571607307,0.298281308,0.2510228881,0.2277608416,0.2052287175,0.2256489093,0.139716884,0.1439094972,2021,10,13
2021-11-29,0,0.1697395376,0.4387863504,0.4277769572,0.3665545761,0.2262720957,0.2134667736,0.1917466957,0.1679105193,0.1926631376,0.1354419468,0.1495656728,2021,10,13
2021-11-30,0,0.1697395376,0.5160099646,0.5030919742,0.4368032446,0.2811653367,0.2396771881,0.2216920085,0.2185404711,0.2210847806,0.1445726807,0.1514783923,2021,10,13
2021-12-01,0,0.1697395376,0.5728117637,0.5585020686,0.4893123452,0.326572758,0.3009767504,0.2746711502,0.2742074679,0.2689345731,0.139716884,0.1823793886,2021,10,13
2021-12-02,0,0.1697395376,0.5279849485,0.5147725483,0.4478136448,0.2903491664,0.2548208639,0.2325602487,0.2415090472,0.2304935845,0.1474098904,0.1697856992,2021,10,13
2021-12-03,0,0.1697395376,0.5669104723,0.5527447523,0.483823398,0.3216280329,0.2923906577,0.2660587429,0.2731005697,0.2609103831,0.1675140909,0.1832015573,2021,10,13
2021-12-06,0,0.1697395376,0.515848906,0.5029348785,0.4366553741,0.2810431482,0.2606946575,0.2357259592,0.2379609441,0.2331557165,0.1664589216,0.1777886053,2021,10,13
2021-12-07,0,0.1697395376,0.4159853072,0.405542163,0.3460636908,0.2113423251,0.2466419931,0.2133312306,0.2068998091,0.2115635696,0.1667222093,0.1985015003,2021,10,13
2021-12-08,0,0.1697395376,0.3695088744,0.3602229365,0.3046579741,0.1824661203,0.1736627507,0.1586544185,0.1590055451,0.1625599373,0.1608783328,0.1576975953,2021,10,13
2021-12-09,0,0.1697395376,0.4091021474,0.3988301438,0.3399006751,0.2069379318,0.1909031245,0.1752116103,0.1735708954,0.1781134462,0.162936963,0.1587233663,2021,10,13
2021-12-10,0,0.1697395376,0.3384816218,0.3299701444,0.27729366,0.1642418305,0.1768188303,0.1594354163,0.1494103892,0.1632004872,0.1536328888,0.1617415189,2021,10,13
2021-12-13,0,0.1697395376,0.3795375208,0.3700015721,0.3135507902,0.1885304662,0.1670993855,0.1568910964,0.162189147,0.1616238016,0.1551182676,0.1435119574,2021,10,13
2021-12-14,0,0.1697395376,0.4159853072,0.405542163,0.3460636908,0.2113423251,0.199332017,0.1846015005,0.175029069,0.1872785735,0.1551182676,0.1463198348,2021,10,13
2021-12-15,0,0.1697395376,0.3541369113,0.3452344925,0.2910723812,0.173338057,0.1859686403,0.1676181268,0.1730382512,0.1708335546,0.1551182676,0.157394202,2021,10,13
2021-12-16,0,0.1697395376,0.385772872,0.3760815602,0.3190915956,0.1923458371,0.194650793,0.178296663,0.184897511,0.1812132937,0.1538796348,0.1586127109,2021,10,13
2021-12-17,0,0.1697395376,0.4088779793,0.3986115508,0.3397001388,0.2067952677,0.2133371783,0.1967259451,0.1938780625,0.1986745434,0.1640175278,0.1674491096,2021,10,13
2021-12-20,0,0.1697395376,0.4369242573,0.4259610676,0.3648768257,0.2250326997,0.2336014316,0.2169401042,0.1966387599,0.2176984712,0.1614337943,0.1783979667,2021,10,13
2021-12-21,0,0.1697395376,0.396108679,0.3861599792,0.3282956539,0.1987479781,0.214012112,0.1947925387,0.1900500593,0.1964877552,0.1598993849,0.1770215123,2021,10,13
2021-12-22,1,0.1697395376,0.3368865603,0.3284149336,0.2758930812,0.1633260257,0.1590060142,0.1490967074,0.1580274893,0.1544711968,0.1593905396,0.1531544082,2021,10,13
2021-12-23,1,0.1697395376,0.318709637,0.3106923771,0.2599760093,0.1530282384,0.1546939921,0.1437217212,0.1399833478,0.149174683,0.1494875176,0.1522094822,2021,10,13
2021-12-27,1,0.1697395376,0.3109142384,0.3030919685,0.2531746393,0.1486878456,0.1471734804,0.1345182369,0.1403346261,0.1398711484,0.145199232,0.1449531691,2021,10,13
2021-12-28,1,0.1697395376,0.3069726757,0.2992490263,0.2497414485,0.1465100725,0.1330603491,0.1244775024,0.1268131809,0.130716283,0.1475688576,0.1292268184,2021,10,13
2021-12-29,1,0.1697395376,0.2900428853,0.2827430391,0.235039915,0.1372811719,0.1166628988,0.1115880767,0.1175093478,0.118676395,0.1468546296,0.1117887595,2021,10,13
2021-12-30,1,0.1697395376,0.3010056448,0.2934313298,0.2445514638,0.1432343527,0.1223943268,0.1170651145,0.1232203751,0.1240086602,0.1487656239,0.112551966,2021,10,13
2021-12-31,1,0.1697395376,0.2978539979,0.2903585748,0.2418138738,0.1415143439,0.1125181131,0.1101890166,0.1147515585,0.1177474186,0.1300929308,0.1048267302,2021,10,13
2022-01-03,1,0.1639853232,0.2797596851,0.272717417,0.2261461884,0.1263523163,0.1133189579,0.1071192544,0.1067429536,0.1132419999,0.1125743252,0.1136141266,2022,10,13
2022-01-04,1,0.1639853232,0.2888765912,0.2816059529,0.2340298282,0.1310732334,0.1216591296,0.1137565936,0.1123907809,0.1196265198,0.1125743252,0.1191219752,2022,10,13
2022-01-05,1,0.1639853232,0.3652794963,0.3560990426,0.3009145887,0.1730414769,0.1533440411,0.1448414171,0.1668573277,0.149312545,0.1189880238,0.1280920686,2022,10,13
2022-01-06,1,0.1639853232,0.3622687543,0.3531634077,0.298252345,0.1712994156,0.1531577378,0.1451634695,0.151877576,0.1497742358,0.1206400823,0.1302824252,2022,10,13
2022-01-07,1,0.1639853232,0.3403356441,0.3317778504,0.278922393,0.158838217,0.1377730143,0.134514163,0.1435169001,0.140199732,0.1336097488,0.124490121,2022,10,13
2022-01-10,1,0.1639853232,0.3569491827,0.3479765734,0.2935537037,0.1682403353,0.1882155594,0.1728130663,0.1741356066,0.1766302198,0.1336097488,0.1538471639,2022,10,13
2022-01-11,1,0.1639853232,0.3309921698,0.3226678372,0.2707227052,0.1536483486,0.1672596031,0.1539485515,0.162714279,0.1586845709,0.1312102973,0.1499397336,2022,10,13
2022-01-12,1,0.1639853232,0.3092285882,0.301448492,0.2517059234,0.1418203785,0.1483480389,0.1389438466,0.136395057,0.1446007204,0.1235505401,0.1429958639,2022,10,13
2022-01-13,1,0.1639853232,0.3795375208,0.3700015721,0.3135507902,0.1813988065,0.1824922826,0.1708767531,0.1861628631,0.1745836655,0.1324054083,0.1517068115,2022,10,13
2022-01-14,1,0.1639853232,0.3515647855,0.3427265735,0.2888045761,0.1651682338,0.1734564852,0.163463962,0.1618869052,0.1681291713,0.116923551,0.1520356038,2022,10,13
2022-01-18,1,0.1639853232,0.4352605947,0.4243386913,0.3633785098,0.215891917,0.2026812022,0.1946348373,0.180308063,0.1970943049,0.1240036062,0.1528343777,2022,10,13
2022-01-19,0,0.1639853232,0.4566720935,0.4452192975,0.3827085861,0.229996061,0.1981634738,0.1962036226,0.2088127214,0.1988605074,0.130260792,0.1485074299,2022,10,13
2022-01-20,0,0.1639853232,0.4890266897,0.4767737654,0.4121087761,0.252309724,0.2603603933,0.2493359848,0.2589178652,0.2487046115,0.130260792,0.1810795667,2022,10,13
2022-01-21,0,0.1639853232,0.5415178712,0.5279733663,0.4602945821,0.2913811494,0.248458479,0.2514368786,0.2727583606,0.25091772,0.1642257843,0.1711099802,2022,10,13
2022-01-24,0,0.1639853232,0.556474788,0.5425640474,0.4741361771,0.3032385889,0.3429596359,0.321894227,0.326910026,0.315440259,0.1599704706,0.2305210371,2022,10,13
2022-01-25,0,0.1639853232,0.5733294698,0.5590071519,0.4897942552,0.3170233031,0.3453275918,0.331054777,0.3239991302,0.3245306825,0.1599704706,0.2388305585,2022,10,13
2022-01-26,0,0.1639853232,0.5834565008,0.5688875177,0.4992333962,0.3255318685,0.3629888915,0.3463673469,0.3442528488,0.3386092287,0.1671128589,0.2548994671,2022,10,13
2022-01-27,0,0.1639853232,0.5645097481,0.5504026441,0.481592681,0.3097526755,0.3431346911,0.3332551971,0.3318440743,0.3275725712,0.1671128589,0.2501041534,2022,10,13
2022-01-28,0,0.1639853232,0.5234763648,0.5103747527,0.4436645222,0.2775220143,0.3316404445,0.3101920631,0.3188093037,0.3052909303,0.1403160039,0.2539486374,2022,10,13
2022-01-31,1,0.1639853232,0.4753022339,0.463388385,0.3996095758,0.2426911679,0.2768916045,0.2589458041,0.2762003506,0.2576231182,0.1397291447,0.2268041507,2022,10,13
2022-02-01,1,0.1639853232,0.4175219969,0.4070406572,0.3474410527,0.2045783542,0.2454090792,0.2306186075,0.2355734401,0.2321632546,0.1417499006,0.2146020603,2022,10,13
2022-02-02,1,0.1639853232,0.4203588561,0.4098070165,0.3499851635,0.2063659147,0.2310017143,0.2161947868,0.2161226884,0.2178847933,0.1368666529,0.1990388922,2022,10,13
2022-02-03,1,0.1639853232,0.4663123332,0.4546208562,0.3914445804,0.2365144461,0.2750499235,0.261473445,0.2496120135,0.2609529309,0.1378566593,0.2123626475,2022,10,13
2022-02-04,1,0.1639853232,0.4441099401,0.4329684957,0.3713553641,0.2216601034,0.251647798,0.2411563684,0.2433016261,0.2422204355,0.1358008933,0.2012780651,2022,10,13
2022-02-07,1,0.1639853232,0.4367167344,0.4257586944,0.3646898945,0.216835268,0.2178156958,0.2168011988,0.2161679523,0.2198169147,0.1402740386,0.1845694083,2022,10,13
2022-02-08,1,0.1639853232,0.4059516007,0.3957579609,0.3370832951,0.1973709607,0.2152647883,0.2105734359,0.214142683,0.2141093996,0.1402740386,0.1869632717,2022,10,13
2022-02-09,1,0.1639853232,0.37099157,0.361668659,0.3059712779,0.1763681236,0.210800883,0.2003315233,0.1704945309,0.2042551741,0.1387694512,0.1903818076,2022,10,13
2022-02-10,1,0.1639853232,0.4578440918,0.4463622666,0.3837695641,0.2307828177,0.283077757,0.2653393321,0.2500779785,0.2644692379,0.1377739372,0.216521943,2022,10,13
2022-02-11,1,0.1639853232,0.5187336726,0.5057486764,0.4393047867,0.2739559754,0.2869998495,0.2805017983,0.2918553472,0.2786211823,0.1582007814,0.2117134653,2022,10,13
2022-02-14,1,0.1639853232,0.5337821823,0.5204274333,0.453155267,0.2853808295,0.2675369643,0.2679049168,0.2699298834,0.2667991373,0.1634150936,0.201980681,2022,10,13
2022-02-15,1,0.1639853232,0.4909630074,0.4786622862,0.4138755429,0.2536856132,0.2632514238,0.2556545869,0.2217885397,0.255250415,0.1367844123,0.2063930195,2022,10,13
2022-02-16,1,0.1639853232,0.4651705636,0.4535073437,0.3904088445,0.2357368004,0.2508259103,0.2449003869,0.2415382674,0.2458131649,0.1392694765,0.2041278773,2022,10,13
2022-02-17,0,0.1639853232,0.5304410102,0.5171682876,0.4500757753,0.2828162849,0.2874465134,0.285733031,0.2913863567,0.2839244959,0.1655680666,0.2087370331,2022,10,13
2022-02-18,0,0.1639853232,0.5248835006,0.5117473038,0.4449589888,0.2785861117,0.2567748785,0.2648244642,0.2689432115,0.2651550046,0.163272359,0.1923337934,2022,10,13
2022-02-22,0,0.1639853232,0.5409307335,0.5274006232,0.4597522436,0.2909226172,0.2929740162,0.2990550776,0.2972043171,0.2975096662,0.1690600301,0.209896572,2022,10,13
2022-02-23,0,0.1639853232,0.5715126091,0.5572345961,0.4881032876,0.3155150772,0.2949482551,0.3107638397,0.3341493627,0.3090414527,0.1720145991,0.2086592503,2022,10,13
2022-02-24,0,0.1639853232,0.5622208877,0.5481696919,0.4794671193,0.3078865458,0.3609828783,0.3541143784,0.3569416866,0.3482163692,0.1675979593,0.2535023328,2022,10,13
2022-02-25,0,0.1639853232,0.5223769515,0.5093023656,0.4426534422,0.2766925618,0.2852340596,0.2832946084,0.3043593701,0.2818115642,0.1595965919,0.2196304006,2022,10,13
2022-02-28,0,0.1639853232,0.5599108677,0.5459161202,0.4773231058,0.306011687,0.317042604,0.3106361807,0.3023883938,0.3063447273,0.1745078494,0.2297590961,2022,10,13
2022-03-01,0,0.1639853232,0.5997291622,0.5847649126,0.5144503711,0.3395778693,0.3208854029,0.323289836,0.3349463769,0.3182245711,0.1675493812,0.2251202634,2022,10,13
2022-03-02,0,0.1639853232,0.5678378246,0.5536494694,0.4846854294,0.3124812217,0.295487049,0.2932129882,0.3025711632,0.2897608092,0.170482966,0.2159494264,2022,10,13
2022-03-03,0,0.1639853232,0.5643756903,0.5502718602,0.481468155,0.309643144,0.2729190117,0.2781209103,0.2860226518,0.2762967053,0.167840909,0.1943947589,2022,10,13
2022-03-04,0,0.1639853232,0.5837042542,0.5691292429,0.4994646159,0.3257422222,0.2860701718,0.2932384383,0.2793863923,0.2904812405,0.1787094759,0.1985811801,2022,10,13
2022-03-07,0,0.1639853232,0.6331889327,0.6174167948,0.545937317,0.3700167337,0.2925836956,0.3153557338,0.356484739,0.3120588095,0.1919502123,0.1935936568,2022,10,13
2022-03-08,0,0.1639853232,0.6197077055,0.6042602164,0.533218298,0.357489248,0.3230627801,0.342867722,0.3576995287,0.3386616134,0.1893717177,0.2113831788,2022,10,13
2022-03-09,0,0.1639853232,0.5894521792,0.5747373979,0.5048329369,0.3306524628,0.3392848508,0.3405305816,0.3065793631,0.3351014754,0.1808655621,0.2308981758,2022,10,13
2022-03-10,0,0.1639853232,0.5610005883,0.5469792092,0.4783343653,0.3068950637,0.3044548568,0.3144341298,0.2955921373,0.3121789345,0.185553899,0.2206058721,2022,10,13
2022-03-11,0,0.1639853232,0.5679700191,0.5537784375,0.4848083282,0.312589975,0.2929348173,0.3119248632,0.3262919245,0.3107366969,0.1808655621,0.214325834,2022,10,13
2022-03-14,0,0.1639853232,0.5810899427,0.5665785575,0.4970254823,0.323527888,0.3072039409,0.3275063241,0.3279479325,0.3254604505,0.1919502123,0.2200196854,2022,10,13
2022-03-15,0,0.1639853232,0.5555042683,0.5416172644,0.4732365104,0.3024587014,0.2877008898,0.300147205,0.3027137355,0.2989083924,0.1833544337,0.209911043,2022,10,13
2022-03-16,0,0.1639853232,0.5075122204,0.4948034368,0.4290091045,0.2656418295,0.2904607716,0.2896374599,0.2926862444,0.2886395086,0.1717668104,0.2137112444,2022,10,13
2022-03-17,0,0.1639853232,0.4904361405,0.4781484237,0.4133947292,0.2533107683,0.2398092422,0.2440183504,0.2691741599,0.2455124794,0.1732576793,0.1899650317,2022,10,13
2022-03-18,0,0.1639853232,0.4570632438,0.4456007591,0.3830626503,0.2302584643,0.2320592643,0.23209933,0.2520443414,0.2343471683,0.1589904993,0.1892717813,2022,10,13
2022-03-21,0,0.1639853232,0.4503502922,0.4390541364,0.3769908331,0.2257790603,0.2280785901,0.2289821035,0.2368167054,0.2316187161,0.1556675594,0.1859491173,2022,10,13
2022-03-22,0,0.1639853232,0.4383734493,0.4273743007,0.3661824851,0.2179113182,0.2017081178,0.203443358,0.2172379837,0.2070036866,0.1335694414,0.1716504876,2022,10,13
2022-03-23,0,0.1639853232,0.451147104,0.4398311998,0.3777110259,0.2263081063,0.2068541494,0.2131697785,0.2189956751,0.2168287941,0.1449992408,0.1641718911,2022,10,13
2022-03-24,1,0.1639853232,0.4111136457,0.4007916196,0.341700625,0.2005701001,0.1923586022,0.1946610122,0.2052654545,0.1991950903,0.1335694414,0.1614205742,2022,10,13
2022-03-25,1,0.1639853232,0.3914440086,0.3816114483,0.3241387469,0.1885176888,0.1782252663,0.1812691944,0.1851823569,0.186579176,0.1247618969,0.1553845217,2022,10,13
2022-03-28,1,0.1639853232,0.3627719583,0.3536540576,0.2986971551,0.1715900357,0.1678439866,0.1698310408,0.179745479,0.1758220868,0.1247618969,0.1494911686,2022,10,13
2022-03-29,1,0.1639853232,0.3440218196,0.3353719539,0.2821630927,0.1609048564,0.1853681304,0.1783258882,0.1641833238,0.1835931215,0.1220505235,0.1642663609,2022,10,13
2022-03-30,1,0.1639853232,0.3551616022,0.3462336072,0.2919762706,0.1672177329,0.1682390488,0.1680175364,0.1677887228,0.1739080382,0.1247618969,0.1528401482,2022,10,13
2022-03-31,1,0.1639853232,0.3855347955,0.3758494145,0.3188798746,0.1849683369,0.1803647694,0.1840655899,0.1984456097,0.1896112592,0.1155645433,0.1541638003,2022,10,13
2022-04-01,1,0.1639853232,0.3627719583,0.3536540576,0.2986971551,0.1715900357,0.1710243882,0.1750910564,0.1731933225,0.1813633725,0.1204555493,0.1526397019,2022,10,13
2022-04-04,1,0.1639853232,0.3352861987,0.3268545586,0.274488464,0.1560249175,0.1472293227,0.1527052115,0.1635909373,0.1598846255,0.1226861012,0.1429951793,2022,10,13
2022-04-05,1,0.1639853232,0.3965721235,0.386611887,0.3287089205,0.1916242512,0.1949337948,0.1967116668,0.2060937918,0.2015672984,0.1288865875,0.1576438583,2022,10,13
2022-04-06,1,0.1639853232,0.4205761619,0.4100189226,0.3501801185,0.2065031801,0.2114510962,0.2144705937,0.2028107115,0.2185613891,0.1561256845,0.1658928706,2022,10,13
2022-04-07,1,0.1639853232,0.4084292186,0.3981739513,0.3392987205,0.1989031819,0.200204091,0.203345331,0.2046773353,0.2079689853,0.1320858058,0.1622791022,2022,10,13
2022-04-08,1,0.1639853232,0.3995709294,0.3895360521,0.3313842155,0.1934524151,0.1791054997,0.1874699351,0.1893219925,0.1932560492,0.1344987893,0.1508568563,2022,10,13
2022-04-11,1,0.1639853232,0.4666920476,0.454991174,0.3917890947,0.2367734033,0.2118309919,0.2226912404,0.2205680303,0.2263375772,0.1559881297,0.1590016592,2022,10,13
2022-04-12,1,0.1639853232,0.4645981263,0.4529490745,0.3898896757,0.2353474934,0.2329931778,0.2410191439,0.2413281097,0.2439346799,0.1559881297,0.1707063591,2022,10,13
2022-04-13,1,0.1639853232,0.4144421931,0.4040374085,0.3446811015,0.2026468974,0.1785963748,0.191160869,0.2095726466,0.1970971439,0.1481783559,0.1491365619,2022,10,13
2022-04-14,1,0.1639853232,0.4333794367,0.422504224,0.361685052,0.2146765608,0.1865186585,0.2030107309,0.2232639876,0.2088168848,0.1742572701,0.1486078982,2022,10,13
2022-04-18,1,0.1639853232,0.4220936674,0.4114987231,0.3515418355,0.2074630832,0.1746291807,0.1926593086,0.1995152384,0.1991668041,0.1718658964,0.1423028944,2022,10,13
2022-04-19,1,0.1639853232,0.4043664144,0.39421221,0.3356665842,0.1963937812,0.1756583856,0.1870873563,0.2138187775,0.1931847895,0.1674523025,0.1434890783,2022,10,13
2022-04-20,1,0.1639853232,0.379779139,0.3702371689,0.3137653289,0.181541986,0.1546268465,0.1693639675,0.1790332205,0.1767477018,0.1742572701,0.1307409689,2022,10,13
2022-04-21,1,0.1639853232,0.4329600037,0.4220952025,0.3613075764,0.2144060899,0.2202183125,0.2301270294,0.2515727972,0.234531912,0.177893426,0.1624814436,2022,10,13
2022-04-22,1,0.1639853232,0.5319648215,0.5186546841,0.4514799357,0.2839838932,0.2441079021,0.2652451205,0.3034182919,0.2671605121,0.1807624665,0.166085681,2022,10,13
2022-04-25,1,0.1639853232,0.5132596639,0.5004093581,0.4342789319,0.2698787875,0.2560021967,0.2714121144,0.2908102655,0.2729687229,0.1820030351,0.1785436703,2022,10,13
2022-04-26,1,0.1639853232,0.6020274854,0.5870075244,0.516604585,0.3416001468,0.2592637563,0.2912947151,0.3349933074,0.2914220441,0.1876675507,0.171945297,2022,10,13
2022-04-27,1,0.1639853232,0.5789523161,0.5644929807,0.4950322602,0.3217260167,0.272444401,0.2996740989,0.3193377683,0.2996628442,0.1876675507,0.1827771097,2022,10,13
2022-04-28,1,0.1639853232,0.5577171669,0.5437760463,0.4752881645,0.3042390992,0.3038369542,0.3116034549,0.3211681548,0.3092634073,0.1829378045,0.2042801173,2022,10,13
2022-04-29,1,0.1639853232,0.6006513306,0.585664724,0.515314568,0.3403881116,0.3191326742,0.3444302101,0.3688982009,0.3417029271,0.1960325406,0.2107300891,2022,10,13
2022-05-02,1,0.1639853232,0.5881195209,0.5734371303,0.5035876086,0.3295088719,0.313985744,0.3365182911,0.3513738592,0.3341895003,0.1960325406,0.2129198737,2022,10,13
2022-05-03,1,0.1639853232,0.5473180184,0.5336313852,0.4656562918,0.295938702,0.263452294,0.2913898038,0.30278822,0.2929159381,0.1844516412,0.1954185887,2022,10,13
2022-05-04,1,0.1639853232,0.4860096357,0.4738312065,0.4093575395,0.250175293,0.2964085327,0.3006518656,0.3255645373,0.3007933909,0.17809717,0.2228908927,2022,10,13
2022-05-05,1,0.1639853232,0.5738460994,0.559511186,0.4902752241,0.3174531752,0.3369933908,0.3545751852,0.3770276443,0.3514990181,0.1921122612,0.233258198,2022,10,13
2022-05-06,1,0.1639853232,0.5604563329,0.5464482542,0.4778292634,0.306453629,0.3117810939,0.336745184,0.3471335824,0.3358327789,0.1895321004,0.2227681105,2022,10,13
2022-05-09,0,0.1639853232,0.615662131,0.6003122998,0.5294101332,0.3538005887,0.3426678154,0.3805125731,0.386047547,0.3776079886,0.1911415794,0.2319449499,2022,10,13
2022-05-10,0,0.1639853232,0.5958851483,0.5810141432,0.5108501626,0.3362171338,0.3573870906,0.389858118,0.3893057093,0.3867096212,0.1911415794,0.2488881647,2022,10,13
2022-05-11,0,0.1639853232,0.590777225,0.5760302473,0.5060715603,0.3317926294,0.3459895322,0.3883045052,0.3979661949,0.3868071117,0.1911415794,0.2455861732,2022,10,13
2022-05-12,0,0.1639853232,0.5810899427,0.5665785575,0.4970254823,0.323527888,0.3451232032,0.3873144626,0.3866984262,0.38624165,0.1911415794,0.2465456571,2022,10,13
2022-05-13,1,0.1639853232,0.5418109582,0.5282592683,0.4605653349,0.2916102319,0.3155457215,0.3492854781,0.3439324038,0.3499182879,0.1911415794,0.2374740976,2022,10,13
2022-05-16,1,0.1639853232,0.5204820318,0.5074540372,0.4409113959,0.2752669158,0.2904540738,0.3294560073,0.3283572505,0.3323289754,0.1908188604,0.2257181567,2022,10,13
2022-05-17,1,0.1639853232,0.4979003787,0.4854285005,0.4202121835,0.2586543029,0.3077720664,0.3323636529,0.3036703375,0.3339492878,0.179016269,0.2357199103,2022,10,13
2022-05-18,1,0.1639853232,0.5707297735,0.5564708551,0.4873749276,0.3148669121,0.3312389057,0.3749912435,0.3875831197,0.3750019129,0.1872963237,0.2372779407,2022,10,13
2022-05-19,1,0.1639853232,0.5487481244,0.5350264678,0.4669794468,0.2970702737,0.3071469611,0.3567608619,0.3493229853,0.3591467266,0.1872963237,0.2266566189,2022,10,13
2022-05-20,1,0.1639853232,0.5498865496,0.5361370187,0.4680330608,0.2979732922,0.3698632514,0.407285121,0.4055732573,0.4061723562,0.1960325406,0.269667377,2022,10,13
2022-05-23,1,0.1639853232,0.5360367383,0.5226266622,0.4552346413,0.2871205117,0.3164636173,0.3538092228,0.3513380638,0.3550321157,0.1911415794,0.2453068819,2022,10,13
2022-05-24,1,0.1639853232,0.5501703879,0.536413908,0.4682957986,0.2981987478,0.3371634787,0.3748005515,0.3654816288,0.3747908859,0.1863443626,0.2537798961,2022,10,13
2022-05-25,1,0.1639853232,0.5343852657,0.5210157151,0.4537113799,0.2858454587,0.3006864917,0.3396223172,0.3463677859,0.3416129424,0.1791697969,0.235096772,2022,10,13
2022-05-26,1,0.1639853232,0.5209569857,0.507917312,0.4413479585,0.2756237768,0.2947682571,0.324284933,0.3381912241,0.3259429342,0.1767254585,0.2330311574,2022,10,13
2022-05-27,1,0.1639853232,0.4913136933,0.4790043167,0.4141956092,0.2539353072,0.2567040919,0.2803555752,0.2987118221,0.2835855786,0.1688644785,0.2051168218,2022,10,13
2022-05-31,1,0.1639853232,0.4994392081,0.4869293833,0.4216191867,0.2597648436,0.2666578063,0.2912447326,0.2937084284,0.2940077169,0.1607203761,0.2064327883,2022,10,13
2022-06-01,1,0.1639853232,0.4907874934,0.4784911043,0.4137153638,0.253560703,0.2713500765,0.298328987,0.3108433791,0.3015385044,0.1673067468,0.2062057123,2022,10,13
2022-06-02,1,0.1639853232,0.473264482,0.4614010204,0.3977572564,0.2412826426,0.2615246994,0.2806614205,0.3039034256,0.2838706605,0.1673067468,0.2045346014,2022,10,13
2022-06-03,1,0.1639853232,0.4745627875,0.4626672216,0.398937313,0.2421794743,0.2678884202,0.2933779231,0.2727211651,0.2971011606,0.1583399005,0.209190534,2022,10,13
2022-06-06,1,0.1639853232,0.479702624,0.4676800042,0.4036126346,0.2457499019,0.2711055544,0.2946333994,0.2812120789,0.2978555683,0.1583399005,0.2115546492,2022,10,13
2022-06-07,1,0.1639853232,0.4599819305,0.4484471616,0.385705667,0.23222198,0.2605562933,0.2807210901,0.2864272958,0.2845419597,0.1647041397,0.2086952903,2022,10,13
2022-06-08,1,0.1639853232,0.4588175496,0.4473116153,0.3846510378,0.2314374866,0.2391898898,0.2679904337,0.2670449455,0.273427981,0.1647041397,0.1955157125,2022,10,13
2022-06-09,1,0.1639853232,0.4977289031,0.4852612538,0.4200554296,0.2585307427,0.270739581,0.3066583224,0.3178179614,0.3106601851,0.1681815547,0.2047336477,2022,10,13
2022-06-10,1,0.1639853232,0.5248835006,0.5117473038,0.4449589888,0.2785861117,0.2958177855,0.3424764543,0.3173989351,0.3458635347,0.1757651452,0.2143533713,2022,10,13
2022-06-13,0,0.1639853232,0.6076720999,0.5925154417,0.5219005781,0.3466083747,0.3689011606,0.4254594579,0.3815742189,0.4239403712,0.1874023172,0.2495296879,2022,10,13
2022-06-14,0,0.1639853232,0.5923334465,0.5775486669,0.5075268034,0.3331356941,0.3166112259,0.3826074879,0.3696337218,0.384667943,0.1836152092,0.2267210257,2022,10,13
2022-06-15,0,0.1639853232,0.5525703417,0.5387551188,0.47051806,0.3001100252,0.3478735177,0.3991951635,0.3822857621,0.4002012919,0.1805048236,0.2537517001,2022,10,13
2022-06-16,0,0.1639853232,0.5954147498,0.5805551608,0.5104098371,0.3358077154,0.3755227062,0.4403148982,0.3838831683,0.4399875501,0.1874023172,0.267837489,2022,10,13
2022-06-17,0,0.1639853232,0.572941271,0.5586284182,0.4894328922,0.3167005875,0.3271666518,0.3978618985,0.3799543587,0.4008653395,0.1784541447,0.2453999539,2022,10,13
2022-06-21,0,0.1639853232,0.5604563329,0.5464482542,0.4778292634,0.306453629,0.3308722484,0.3878076681,0.3373018841,0.3896874783,0.172113776,0.2433778882,2022,10,13
2022-06-22,0,0.1639853232,0.5429799977,0.5293996522,0.4616454797,0.2925252566,0.3329649833,0.3892577288,0.3622203568,0.3917175017,0.1736070252,0.2492925494,2022,10,13
2022-06-23,0,0.1639853232,0.5444339914,0.5308180128,0.4629893346,0.2936661852,0.2973238147,0.354497256,0.328339095,0.3582469061,0.168717966,0.224352152,2022,10,13
2022-06-24,0,0.1639853232,0.5166531999,0.5037193831,0.4373938657,0.272401531,0.274929089,0.3191813425,0.32407972,0.3233058369,0.1566768512,0.2099759036,2022,10,13
2022-06-27,0,0.1639853232,0.5121194084,0.4992971715,0.4332328564,0.2690346532,0.2366160502,0.287630107,0.2840505445,0.2939824808,0.1587578956,0.1893173729,2022,10,13
2022-06-28,0,0.1639853232,0.5342346253,0.5208687718,0.4535724644,0.2857293522,0.2986589538,0.3510068238,0.3656991242,0.3545707091,0.1661460046,0.2152782194,2022,10,13
2022-06-29,0,0.1639853232,0.5312039869,0.5179125296,0.4507787784,0.2834004906,0.23780096,0.2984226422,0.3054768476,0.305214766,0.1661460046,0.1817094974,2022,10,13
2022-06-30,0,0.1639853232,0.5394571971,0.5259632185,0.4583914766,0.2897741048,0.3003081354,0.3563436849,0.3483983055,0.3600579785,0.1730084965,0.2135087188,2022,10,13
2022-07-01,0,0.1639853232,0.5080094167,0.4952883863,0.4294646974,0.2660066018,0.270820048,0.3245604542,0.331730621,0.3302521338,0.1684252012,0.2048678255,2022,10,13
2022-07-05,0,0.1639853232,0.5215889937,0.5085337802,0.4419289572,0.2760991304,0.3101643364,0.3570480442,0.346129172,0.3601086219,0.1684252012,0.2281409999,2022,10,13
2022-07-06,0,0.1639853232,0.5085057223,0.4957724679,0.4299195281,0.2663710506,0.2701458005,0.3208801915,0.3133475066,0.3262228384,0.1606734279,0.2080795621,2022,10,13
2022-07-07,0,0.1639853232,0.4975573279,0.4850939101,0.4198985912,0.258407149,0.2682722426,0.3115563903,0.3070531681,0.316497965,0.1562174289,0.209716892,2022,10,13
2022-07-08,0,0.1639853232,0.471774165,0.459947561,0.3964031311,0.2402556631,0.2464102218,0.2918844375,0.2836180712,0.298702283,0.1481344049,0.1981018447,2022,10,13
2022-07-11,0,0.1639853232,0.4990979265,0.4865965169,0.4213070968,0.2595182824,0.2475755403,0.2988656025,0.2744908969,0.3053638031,0.1521318713,0.1933173571,2022,10,13
2022-07-12,0,0.1639853232,0.5176153434,0.5046578562,0.4382774795,0.2731196623,0.260574257,0.3145769786,0.3127907961,0.3202827333,0.1537554734,0.1913933828,2022,10,13
2022-07-13,0,0.1639853232,0.5099895623,0.4972197651,0.4312796897,0.2674626404,0.2934911011,0.3443023348,0.3146613562,0.3488205908,0.1599704706,0.2138513662,2022,10,13
2022-07-14,0,0.1639853232,0.5029987054,0.4904011327,0.42487574,0.2623454952,0.2984996511,0.3488945923,0.3214157936,0.3534735016,0.1599704706,0.2222069307,2022,10,13
2022-07-15,0,0.1639853232,0.4640246893,0.4523898312,0.3893696722,0.2349578894,0.2697808989,0.3136189738,0.2756949644,0.3198338631,0.159830191,0.2136730485,2022,10,13
2022-07-18,0,0.1639853232,0.4838617843,0.4717364039,0.4074001371,0.248662707,0.2778034576,0.3247496432,0.3157210796,0.3303366102,0.1548457473,0.2165461339,2022,10,13
2022-07-19,0,0.1639853232,0.4691491226,0.4573874533,0.3940191585,0.2384531742,0.2724507051,0.3067211539,0.2915933796,0.3115357309,0.1507896524,0.2153019129,2022,10,13
2022-07-20,0,0.1639853232,0.4572585957,0.4457912723,0.3832394928,0.2303895814,0.2329307334,0.2698453688,0.2666664182,0.2764979675,0.1548457473,0.1911746931,2022,10,13
2022-07-21,0,0.1639853232,0.4418677791,0.4307819438,0.369332632,0.2201906055,0.2321469033,0.2638115938,0.2685293182,0.2703606543,0.1548457473,0.1877950008,2022,10,13
2022-07-22,0,0.1639853232,0.4402278095,0.4291826549,0.3678538598,0.2191192402,0.2331017204,0.2682725398,0.2759132857,0.2752943079,0.1521318713,0.1862131963,2022,10,13
2022-07-25,0,0.1639853232,0.4469424798,0.4357308,0.3739122809,0.2235243981,0.1955004065,0.2352005495,0.2379459925,0.2434967052,0.1521318713,0.1628819389,2022,10,13
2022-07-26,0,0.1639853232,0.472706475,0.460856813,0.3972501856,0.2408978083,0.2022601102,0.2466188047,0.254153534,0.2545251751,0.1577377054,0.1582320514,2022,10,13
2022-07-27,0,0.1639853232,0.4445160536,0.4333645382,0.3717218519,0.2219268547,0.2360331867,0.2632334055,0.2699840081,0.2690442596,0.1537554734,0.1808687108,2022,10,13
2022-07-28,0,0.1639853232,0.4255384768,0.4148579574,0.3546348995,0.2096508672,0.2322674047,0.2535920052,0.2600007,0.259407197,0.1411579911,0.1844758468,2022,10,13
2022-07-29,0,0.1639853232,0.4034575939,0.3933260007,0.3348546093,0.1958346432,0.2029499215,0.2223161829,0.2300750635,0.2291455757,0.1371959948,0.1714694665,2022,10,13
2022-08-01,0,0.1639853232,0.4363012954,0.4253535648,0.3643157065,0.2165658977,0.2226259347,0.2406439923,0.233301363,0.2458934609,0.1347421553,0.1786142019,2022,10,13
2022-08-02,0,0.1639853232,0.4582338298,0.446742352,0.38412245,0.2310447939,0.2321497505,0.2518183849,0.2508997444,0.2563417968,0.1347421553,0.1808812424,2022,10,13
2022-08-03,0,0.1639853232,0.4173029074,0.406827013,0.3472446467,0.2044406401,0.2062540041,0.2223563646,0.2244133307,0.2282739391,0.1347421553,0.1708298654,2022,10,13
2022-08-04,0,0.1639853232,0.4059516007,0.3957579609,0.3370832951,0.1973709607,0.1638341277,0.1866301822,0.1871185781,0.1943876827,0.1347421553,0.1460692844,2022,10,13
2022-08-05,1,0.1639853232,0.3993410735,0.3893119168,0.3311790845,0.1933119847,0.2068040587,0.2225816515,0.2007551456,0.2290126225,0.1371959948,0.1685308255,2022,10,13
2022-08-08,1,0.1639853232,0.4025466481,0.3924377204,0.3340409221,0.1952749989,0.199093552,0.21660314,0.2105272631,0.2232748719,0.1329261552,0.1641593256,2022,10,13
2022-08-09,1,0.1639853232,0.4133359919,0.4029587087,0.3436903022,0.2019554768,0.1625747571,0.1875083356,0.1826669815,0.1953801603,0.1459513393,0.1425155717,2022,10,13
2022-08-10,1,0.1639853232,0.3655294458,0.3563427574,0.3011357012,0.1731864522,0.224315336,0.2279849701,0.1686914476,0.2337223295,0.1391860436,0.1863534965,2022,10,13
2022-08-11,1,0.1639853232,0.3768706203,0.3674011409,0.3111836753,0.1798219228,0.2064212283,0.2141201443,0.1906973078,0.2202131925,0.1323254553,0.1784510205,2022,10,13
2022-08-12,1,0.1639853232,0.3602498855,0.3511949101,0.2964683495,0.1701356133,0.1860072286,0.1907003985,0.1838773332,0.1970703405,0.1130970663,0.1677512994,2022,10,13
2022-08-15,1,0.1639853232,0.3707448607,0.3614281015,0.3057527188,0.1762238548,0.1787230668,0.1836256415,0.1737235503,0.1897589198,0.1130970663,0.1599457114,2022,10,13
2022-08-16,1,0.1639853232,0.3642782664,0.3551227883,0.3000290182,0.1724612855,0.1798507425,0.1834636133,0.1740000227,0.1895999838,0.1130970663,0.161428769,2022,10,13
2022-08-17,1,0.1639853232,0.3695088744,0.3602229365,0.3046579741,0.1755018865,0.1907805369,0.194708041,0.1787651041,0.2006717936,0.1177889877,0.1601376499,2022,10,13
2022-08-18,1,0.1639853232,0.3610080088,0.3519341173,0.2971381616,0.1705722357,0.1474983531,0.1586832001,0.1582120819,0.1660506975,0.1211951618,0.1367517435,2022,10,13
2022-08-19,1,0.1639853232,0.3864861853,0.3767771043,0.319726021,0.1855376105,0.1749544383,0.1864157564,0.1732559679,0.1930252796,0.1507005264,0.1464906606,2022,10,13
2022-08-22,1,0.1639853232,0.4556922091,0.4442636864,0.381821755,0.2293394686,0.2205285636,0.2337085397,0.2035267244,0.2377905047,0.1527165657,0.1629618708,2022,10,13
2022-08-23,1,0.1639853232,0.4617207315,0.4501429092,0.3872811261,0.2333963866,0.1850690156,0.2056771038,0.1937092199,0.2112265441,0.1527165657,0.146115865,2022,10,13
2022-08-24,1,0.1639853232,0.4358853801,0.424947971,0.3639411278,0.2162964032,0.1713892368,0.1919460702,0.1851331307,0.198457189,0.1527165657,0.1393599717,2022,10,13
2022-08-25,1,0.1639853232,0.4135575189,0.4031747281,0.343888697,0.2020938425,0.1788104125,0.1919771415,0.1905203344,0.198016269,0.1495014429,0.1461447146,2022,10,13
2022-08-26,1,0.1639853232,0.4884964276,0.4762565943,0.4116250886,0.2519337603,0.2286442536,0.24893445,0.2874994139,0.2526277482,0.1548913275,0.1623261398,2022,10,13
2022-08-29,1,0.1639853232,0.4997800432,0.4872618145,0.4219308937,0.2600112335,0.2181259467,0.2432033458,0.2457586539,0.2473809894,0.1576452558,0.1547050126,2022,10,13
2022-08-30,1,0.1639853232,0.4997800432,0.4872618145,0.4219308937,0.2600112335,0.2258714035,0.2540142338,0.2772209753,0.2583486065,0.1610023622,0.1610111796,2022,10,13
2022-08-31,1,0.1639853232,0.4939311418,0.4815571745,0.4165853682,0.2558039111,0.2144609037,0.2470502005,0.2697187978,0.252432204,0.1582007814,0.1579805961,2022,10,13
2022-09-01,1,0.1639853232,0.4884964276,0.4762565943,0.4116250886,0.2519337603,0.2305658814,0.2587157727,0.2717381404,0.2632962456,0.1582007814,0.1674228837,2022,10,13
2022-09-02,1,0.1639853232,0.4869001032,0.4746996846,0.4101693454,0.2508040734,0.2591100983,0.2865968535,0.2949744111,0.290357947,0.1689133605,0.1845303583,2022,10,13
2022-09-06,1,0.1639853232,0.5114657511,0.4986596066,0.4326333168,0.2685515445,0.233171361,0.2672920241,0.2768084364,0.2717379491,0.1689133605,0.1708324636,2022,10,13
2022-09-07,1,0.1639853232,0.471774165,0.459947561,0.3964031311,0.2402556631,0.2199286455,0.2465621327,0.2744778234,0.2517861787,0.1654238234,0.1682771727,2022,10,13
2022-09-08,1,0.1639853232,0.4519420586,0.4406064537,0.3784296792,0.2268366267,0.2220329087,0.2444876838,0.2570729812,0.249791052,0.15903707,0.1722440027,2022,10,13
2022-09-09,1,0.1639853232,0.4352605947,0.4243386913,0.3633785098,0.215891917,0.2055633761,0.2236051848,0.2327542753,0.2292255178,0.1527165454,0.1658331152,2022,10,13
2022-09-12,1,0.1639853232,0.4570632438,0.4456007591,0.3830626503,0.2302584643,0.1871814065,0.2047300438,0.2092484962,0.2099788953,0.1511019551,0.1464946924,2022,10,13
2022-09-13,1,0.1639853232,0.5172949841,0.504345378,0.4379832452,0.2728804086,0.2996438356,0.3173640008,0.303995242,0.317715924,0.1654238234,0.2048124194,2022,10,13
2022-09-14,1,0.1639853232,0.4989271458,0.4864299473,0.4211509335,0.2593949575,0.2392875398,0.2654143909,0.2598946215,0.2691621512,0.1631297248,0.1811591274,2022,10,13
2022-09-15,1,0.1639853232,0.500800301,0.4882569183,0.4228641114,0.2607496842,0.256096869,0.2840168851,0.2806029961,0.2874240297,0.1654238234,0.1896524887,2022,10,13
2022-09-16,1,0.1639853232,0.5013090767,0.4887531516,0.4233295676,0.2611184384,0.2623769244,0.2922141498,0.2612846809,0.2956379165,0.1654238234,0.1946433942,2022,10,13
2022-09-19,1,0.1639853232,0.4920139266,0.4796872685,0.414834783,0.2544343514,0.2468380592,0.2749591746,0.2754176212,0.2789642402,0.1654238234,0.1894631898,2022,10,13
2022-09-20,1,0.1639853232,0.5155265447,0.5026204494,0.4363594262,0.2715622299,0.2497099161,0.2830303609,0.2669589335,0.2867371696,0.1637008426,0.1791775717,2022,10,13
2022-09-21,1,0.1639853232,0.5286010267,0.5153734932,0.4483809522,0.2814108694,0.2802645411,0.3166072554,0.3317151289,0.319207622,0.1654238234,0.1963761276,2022,10,13
2022-09-22,0,0.1639853232,0.5185741684,0.5055930954,0.4391582478,0.2738365885,0.2351507411,0.2812804663,0.2908995788,0.2868590412,0.1683277176,0.1758775985,2022,10,13
2022-09-23,0,0.1639853232,0.5567513992,0.542833894,0.474392633,0.3034611384,0.2856859731,0.3332724354,0.333111835,0.3358734175,0.1784541447,0.19610956,2022,10,13
2022-09-26,0,0.1639853232,0.5871454913,0.5724867805,0.5026776683,0.3286750046,0.288028235,0.3408048014,0.3476129428,0.3426997225,0.1784541447,0.1961244608,2022,10,13
2022-09-27,0,0.1639853232,0.5912571511,0.5764985142,0.5065202853,0.3322063605,0.3168308149,0.3656792565,0.3698399352,0.3659092562,0.1784541447,0.2131509542,2022,10,13
2022-09-28,0,0.1639853232,0.5603200674,0.5463153189,0.4777028113,0.3063431807,0.2944258267,0.3355138223,0.3465551534,0.3369469272,0.1739068911,0.2064691814,2022,10,13
2022-09-29,0,0.1639853232,0.5819645895,0.5674319137,0.4978413462,0.3242674089,0.3075184975,0.3570363996,0.3537106094,0.3580605261,0.1784541447,0.21309727,2022,10,13
2022-09-30,0,0.1639853232,0.5792048109,0.5647393263,0.4952676434,0.3219384464,0.3046880273,0.3614228367,0.3708970435,0.363454512,0.1719154452,0.2122629919,2022,10,13
2022-10-03,0,0.1639853232,0.559227385,0.5452493436,0.4766889711,0.30545859,0.3157437166,0.3562283029,0.3569642652,0.3568942256,0.1755131217,0.2232476817,2022,10,13
2022-10-04,1,0.1639853232,0.5447238449,0.5311007639,0.4632572882,0.2938940104,0.3367989422,0.3565587668,0.348947202,0.354877458,0.1701386345,0.2404633124,2022,10,13
2022-10-05,1,0.1639853232,0.5370823909,0.5236466608,0.4561994277,0.2879298977,0.3200566462,0.3435487268,0.3310931001,0.3431138696,0.1680841836,0.2351893589,2022,10,13
2022-10-06,0,0.1639853232,0.5649114877,0.5507945731,0.4819658806,0.3100810897,0.2944663433,0.3287791559,0.3271564765,0.3292928208,0.1686691291,0.2181097923,2022,10,13
2022-10-07,0,0.1639853232,0.5759016057,0.5615165914,0.4921894509,0.3191679246,0.3524142009,0.3899701211,0.384533303,0.3883694731,0.1770295569,0.2497055385,2022,10,13
2022-10-10,0,0.1639853232,0.5894521792,0.5747373979,0.5048329369,0.3306524628,0.305816192,0.3558835204,0.3597194521,0.3567252051,0.1770295569,0.2234829894,2022,10,13
2022-10-11,0,0.1639853232,0.6032816253,0.5882312766,0.5177806141,0.3427077645,0.3207025501,0.3715345791,0.3684160044,0.3713346261,0.1863443626,0.2241857037,2022,10,13
2022-10-12,0,0.1639853232,0.602598414,0.5875646183,0.5171399087,0.3421040123,0.2636068579,0.324235967,0.3309293277,0.3273385855,0.1863443626,0.1940328044,2022,10,13
2022-10-13,0,0.1639853232,0.5832085243,0.5686455752,0.4990019825,0.3253214317,0.3759917356,0.4026141261,0.4181428755,0.3987554556,0.1725109812,0.261844674,2022,10,13
2022-10-14,0,0.1639853232,0.5841989573,0.5696119098,0.4999263474,0.3261625647,0.3401689058,0.3853076404,0.4132287985,0.3845930187,0.1770295569,0.242939206,2022,10,13
2022-10-17,0,0.1639853232,0.5760294955,0.5616413646,0.4923085825,0.3192748476,0.3712083187,0.3962653824,0.3899252449,0.3927080628,0.162323394,0.2679022165,2022,10,13
2022-10-18,0,0.1639853232,0.5646437336,0.5505333575,0.481717144,0.3098621769,0.3737517112,0.391040289,0.3648199587,0.387067178,0.1680841836,0.2770602764,2022,10,13
2022-10-19,0,0.1639853232,0.5681021425,0.5539073364,0.4849311649,0.3126986984,0.3335012267,0.3624229426,0.359077619,0.3608816168,0.1680841836,0.2572201009,2022,10,13
2022-10-20,0,0.1639853232,0.5575794255,0.5436416728,0.4751604277,0.3041280536,0.327176778,0.3604835238,0.3587456436,0.3600487811,0.1680841836,0.2483935974,2022,10,13
2022-10-21,0,0.1639853232,0.5535520711,0.5397128254,0.4714274736,0.3008944282,0.3245971697,0.3456343374,0.3578518536,0.3441441804,0.1663390164,0.24595194,2022,10,13
2022-10-24,0,0.1639853232,0.5557819381,0.5418881427,0.4734938873,0.3026816795,0.3059269618,0.3243279631,0.3243705119,0.32309942,0.1680841836,0.2299786982,2022,10,13
2022-10-25,0,0.1639853232,0.5357372086,0.522334482,0.4549583207,0.2868889572,0.2497710599,0.2703999465,0.3056527122,0.2719564427,0.1663390164,0.1949756262,2022,10,13
2022-10-26,0,0.1639853232,0.5174552175,0.5045016694,0.4381304088,0.2730000579,0.2850739897,0.3011470168,0.3003093527,0.3017629255,0.1648958078,0.214030203,2022,10,13
2022-10-27,0,0.1639853232,0.519211561,0.5062148107,0.439743863,0.2743138799,0.2578666533,0.2813653749,0.2957892184,0.2835683801,0.1663390164,0.1975967328,2022,10,13
2022-10-28,0,0.1639853232,0.4918390257,0.479516684,0.4146751232,0.2543096443,0.2495859188,0.2624822877,0.2965748568,0.264659042,0.1542998231,0.1937022752,2022,10,13
2022-10-31,0,0.1639853232,0.4941047895,0.4817265378,0.4167439634,0.2559281878,0.2367314864,0.2551707039,0.2490118298,0.2582509463,0.158897433,0.1845373302,2022,10,13
2022-11-01,0,0.1639853232,0.4928868859,0.4805386854,0.4156317716,0.2550573675,0.2661428928,0.2804469317,0.2835468461,0.2822951774,0.158897433,0.2018878848,2022,10,13
2022-11-02,0,0.1639853232,0.4937573582,0.4813876788,0.4164266555,0.2556795758,0.2996207628,0.3189360728,0.3386011955,0.3203429573,0.1652796809,0.2232690421,2022,10,13
2022-11-03,0,0.1639853232,0.4838617843,0.4717364039,0.4074001371,0.248662707,0.2730639656,0.3015474389,0.2975637542,0.3051315328,0.1652796809,0.2127552698,2022,10,13
2022-11-04,0,0.1639853232,0.47008912,0.4583041964,0.3948726584,0.2390976849,0.3100766116,0.3233661411,0.3068303858,0.3246981539,0.1540728246,0.2404148136,2022,10,13
2022-11-07,0,0.1639853232,0.4663123332,0.4546208562,0.3914445804,0.2365144461,0.2576446906,0.2765199315,0.2770779723,0.2800439762,0.1652796809,0.2151745016,2022,10,13
2022-11-08,0,0.1639853232,0.4881424499,0.475911356,0.4113022361,0.2516829816,0.2844893952,0.2960560681,0.2959565088,0.2972541708,0.158897433,0.2239021031,2022,10,13
2022-11-09,0,0.1639853232,0.4977289031,0.4852612538,0.4200554296,0.2585307427,0.2706872102,0.2950260735,0.3003861071,0.2977037488,0.1617089598,0.2113615782,2022,10,13
2022-11-10,0,0.1639853232,0.4503502922,0.4390541364,0.3769908331,0.2257790603,0.3563908049,0.3323772378,0.2732238275,0.3292255146,0.1523115767,0.2838181256,2022,10,13
2022-11-11,0,0.1639853232,0.4295865829,0.4188055321,0.3582730278,0.2122374861,0.2594405114,0.2536624524,0.2389531258,0.2555695309,0.1473891598,0.2314592707,2022,10,13
2022-11-14,0,0.1639853232,0.4543155121,0.4429210961,0.38057615,0.2284188217,0.2684825726,0.2652580826,0.2422933659,0.2664197813,0.1473891598,0.2293248326,2022,10,13
2022-11-15,0,0.1639853232,0.4699013766,0.4581210973,0.3947021754,0.2389688746,0.3151066654,0.2968074287,0.2556937882,0.2946410088,0.1473891598,0.2529697525,2022,10,13
2022-11-16,0,0.1639853232,0.4617207315,0.4501429092,0.3872811261,0.2333963866,0.2448703749,0.2465834944,0.2151440053,0.2485973386,0.1473891598,0.2149716036,2022,10,13
2022-11-17,0,0.1639853232,0.4582338298,0.446742352,0.38412245,0.2310447939,0.2577279915,0.2575391821,0.2254733706,0.2591584743,0.1521767965,0.2023212744,2022,10,13
2022-11-18,0,0.1639853232,0.4420722248,0.4309813185,0.3695170237,0.220324371,0.2456551408,0.245362813,0.217112287,0.2477673333,0.161708981,0.1999021671,2022,10,13
2022-11-21,0,0.1639853232,0.4261807363,0.4154842648,0.3552118706,0.2100601162,0.2096836219,0.2180900098,0.1971856546,0.2227047535,0.1594565568,0.1829809997,2022,10,13
2022-11-22,0,0.1639853232,0.4025466481,0.3924377204,0.3340409221,0.1952749989,0.2037123997,0.2070950261,0.1930328876,0.2118794314,0.1419617903,0.1746979816,2022,10,13
2022-11-23,1,0.1639853232,0.3805030669,0.3709430561,0.3144082026,0.1819712902,0.1693820752,0.1768009085,0.1752971912,0.1830565214,0.1391860248,0.1598058968,2022,10,13
2022-11-25,1,0.1639853232,0.3841035419,0.3744538177,0.3176073369,0.1841134938,0.1409584662,0.1537986085,0.1446980047,0.1608352322,0.1391860248,0.1382851468,2022,10,13
2022-11-28,0,0.1639853232,0.4229579424,0.4123415259,0.3523176124,0.2080108352,0.2098518049,0.2163532511,0.2035222118,0.2208266648,0.1521767965,0.1656860191,2022,10,13
2022-11-29,0,0.1639853232,0.4159853072,0.405542163,0.3460636908,0.2036134499,0.1846936471,0.1966056126,0.1917280516,0.202336542,0.1583399213,0.1554039002,2022,10,13
2022-11-30,1,0.1639853232,0.3860107838,0.3763135454,0.319303183,0.1852530455,0.22756308,0.2162856119,0.2350876555,0.2194840291,0.1234374875,0.18733867,2022,10,13
2022-12-01,1,0.1639853232,0.3680209429,0.3587721121,0.3033405451,0.1746345213,0.1977791373,0.1934481945,0.1956318759,0.1983283544,0.1234374875,0.1777268023,2022,10,13
2022-12-02,1,0.1639853232,0.3481988491,0.339444674,0.2858392437,0.1632600032,0.2194038581,0.2092872843,0.1945943983,0.2138945422,0.1168157541,0.196894387,2022,10,13
2022-12-05,1,0.1639853232,0.3900337986,0.3802363567,0.3228830155,0.187667713,0.2234540617,0.2211868268,0.2175883763,0.2254006885,0.1168157541,0.1912391112,2022,10,13
2022-12-06,0,0.1639853232,0.4220936674,0.4114987231,0.3515418355,0.2074630832,0.2352539291,0.2374058673,0.244761058,0.2409452443,0.1408207096,0.1941357283,2022,10,13
2022-12-07,0,0.1639853232,0.4329600037,0.4220952025,0.3613075764,0.2144060899,0.2020089877,0.2120357936,0.2047663119,0.2167754668,0.1454313772,0.1702232824,2022,10,13
2022-12-08,0,0.1639853232,0.4246803853,0.4140211802,0.35386418,0.2091047549,0.2096478812,0.2143984451,0.2018652332,0.2186065973,0.1454313772,0.1744883636,2022,10,13
2022-12-09,0,0.1639853232,0.4360933999,0.4251508285,0.3641284684,0.2164311677,0.2035790133,0.2127323711,0.2085351659,0.2172434787,0.1475204375,0.1659095617,2022,10,13
2022-12-12,1,0.1639853232,0.4784255912,0.4664345325,0.4024504749,0.2448598067,0.1986740846,0.2043122239,0.2185673101,0.2072566644,0.1277961417,0.1552710741,2022,10,13
2022-12-13,1,0.1639853232,0.4302215401,0.4194247237,0.3588440087,0.2126447551,0.2923922973,0.2697892352,0.2341618594,0.2691319242,0.1223118939,0.220521078,2022,10,13
2022-12-14,1,0.1639853232,0.3991110576,0.3890876256,0.3309738227,0.1931715072,0.2489875775,0.2389450753,0.2262944658,0.2415656115,0.1190975385,0.2085795814,2022,10,13
2022-12-15,0,0.1639853232,0.4360933999,0.4251508285,0.3641284684,0.2164311677,0.2693215002,0.2667074343,0.2427736264,0.2685398901,0.1449129533,0.2163273436,2022,10,13
2022-12-16,0,0.1639853232,0.4316987742,0.4208652822,0.3601727469,0.213593907,0.2483259222,0.2552665131,0.2363572273,0.2587991153,0.1610023411,0.2061658811,2022,10,13
2022-12-19,0,0.1639853232,0.4274617379,0.4167334518,0.3563629261,0.2108776491,0.2311498573,0.244798055,0.2392240689,0.2496263813,0.1610023411,0.198882606,2022,10,13
2022-12-20,0,0.1639853232,0.4068544298,0.396638332,0.3378904231,0.197928598,0.2032865596,0.2204602458,0.216900191,0.2268904072,0.1610023411,0.1746452915,2022,10,13
2022-12-21,0,0.1639853232,0.3736964185,0.3643060671,0.3083684196,0.1779533568,0.198885795,0.2094352746,0.1985614849,0.2160831759,0.1610023411,0.1736782982,2022,10,13
2022-12-22,0,0.1639853232,0.4177409993,0.4072542165,0.3476373912,0.2047160618,0.2622577314,0.2669934791,0.2600352069,0.270454728,0.1610023411,0.2041969104,2022,10,13
2022-12-23,0,0.1639853232,0.3928492748,0.3829817226,0.3253905258,0.1893665298,0.2020761895,0.2154555323,0.2184360692,0.2218437341,0.1667255785,0.1777957005,2022,10,13
2022-12-27,0,0.1639853232,0.4106675804,0.4003566465,0.3413013939,0.2002926196,0.1928313487,0.2097839499,0.2104001481,0.2162252629,0.1667255785,0.1703195757,2022,10,13
2022-12-28,0,0.1639853232,0.4214440644,0.41086526,0.3509588585,0.207051887,0.2226696927,0.2393027019,0.2468315845,0.2448620847,0.1667255785,0.1843785842,2022,10,13
2022-12-29,0,0.1639853232,0.4059516007,0.3957579609,0.3370832951,0.1973709607,0.2203622207,0.2290437901,0.2243613957,0.2341508287,0.1667255785,0.1856181265,2022,10,13
2022-12-30,0,0.1639853232,0.4111136457,0.4007916196,0.341700625,0.2005701001,0.2039730679,0.2168900581,0.207304085,0.2226263566,0.163272359,0.1672289054,2022,10,13
2023-01-03,0,0.1748671119,0.4375460615,0.4265674424,0.3654369876,0.2278114302,0.2489951538,0.2564729609,0.2557503514,0.2601181923,0.2765026076,0.187427637,2023,11,14
2023-01-04,0,0.1748671119,0.4186157217,0.4081071996,0.3484216984,0.2153276695,0.236416036,0.2421509405,0.2347127185,0.2464907838,0.2654267818,0.1875512071,2023,11,14
2023-01-05,0,0.1748671119,0.4283131806,0.4175637501,0.3571281991,0.2216771958,0.2104448496,0.227091834,0.2155452537,0.2333067342,0.2654267818,0.1705822149,2023,11,14
2023-01-06,0,0.1748671119,0.3988809278,0.3888632233,0.3307684711,0.2026904296,0.2504823834,0.2459518658,0.2446827564,0.2491864957,0.2582022572,0.2015035157,2023,11,14
2023-01-09,0,0.1748671119,0.4177409993,0.4072542165,0.3476373912,0.2147595464,0.2382265785,0.2378492034,0.232967133,0.2413931683,0.2352026754,0.1921674146,2023,11,14
2023-01-10,0,0.1748671119,0.3860107838,0.3763135454,0.319303183,0.1946460444,0.1946870577,0.2003382838,0.2058285278,0.2065214186,0.1885387533,0.1705095031,2023,11,14
2023-01-11,0,0.1748671119,0.3979590596,0.3879643001,0.3299459813,0.2021091552,0.1999143882,0.1997781444,0.2010824167,0.2047686274,0.1885387533,0.1687152168,2023,11,14
2023-01-12,0,0.1748671119,0.3421823828,0.3335784596,0.2805455465,0.168334721,0.2035908798,0.1982659647,0.1970453614,0.2039354374,0.1814935387,0.1828803332,2023,11,14
2023-01-13,0,0.1748671119,0.329372029,0.32108819,0.269303042,0.1609398748,0.1909798595,0.1868154515,0.1840329357,0.1931314633,0.1411099792,0.1731319942,2023,11,14
2023-01-17,0,0.1748671119,0.3559286173,0.3469814787,0.2926530236,0.1764141272,0.1647383648,0.1689615272,0.1699141548,0.1760799682,0.1411099792,0.1462820519,2023,11,14
2023-01-18,0,0.1748671119,0.3802618999,0.370707899,0.3141940244,0.1911011506,0.2009346389,0.2033555473,0.2210033995,0.2091269454,0.1411099792,0.1629867073,2023,11,14
2023-01-19,0,0.1748671119,0.3845811988,0.3749195744,0.318031973,0.1937617762,0.1932623209,0.2004789582,0.1970620611,0.206943626,0.207448249,0.1581216327,2023,11,14
2023-01-20,0,0.1748671119,0.3682692938,0.3590142692,0.3035604017,0.1837996092,0.1967540506,0.1950786737,0.2096798317,0.2006668446,0.1301585465,0.1622289269,2023,11,14
2023-01-23,0,0.1748671119,0.3672749944,0.3580447679,0.3026802686,0.1831998072,0.1961923769,0.1898845271,0.2020982403,0.1948724248,0.1239405847,0.1623616564,2023,11,14
2023-01-24,0,0.1748671119,0.3518226631,0.3429780135,0.2890318725,0.1739848415,0.1769992856,0.1754205714,0.1773115348,0.1816742345,0.1301585465,0.1556137491,2023,11,14
2023-01-25,0,0.1748671119,0.3487183338,0.3399511877,0.2862967256,0.1721572687,0.209131521,0.1985413409,0.1961393792,0.2032477902,0.1301585465,0.1767357518,2023,11,14
2023-01-26,0,0.1748671119,0.3395419473,0.3310039808,0.2782250404,0.1668000691,0.1905845895,0.1806323983,0.1762971704,0.1858784411,0.1239405847,0.1670045819,2023,11,14
2023-01-27,0,0.1748671119,0.3336804271,0.3252889122,0.2730797194,0.1634127532,0.1761403315,0.1691857648,0.1693937946,0.1751061419,0.1239405847,0.1589878501,2023,11,14
2023-01-30,0,0.1748671119,0.3704979576,0.3611873551,0.3055340021,0.1851470961,0.1988119098,0.1921070004,0.1827646924,0.1969225891,0.1355410256,0.1648746858,2023,11,14
2023-01-31,0,0.1748671119,0.3569491827,0.3479765734,0.2935537037,0.1770200889,0.1718380166,0.1665521193,0.1805359009,0.1721929674,0.09862136485,0.1522172732,2023,11,14
2023-02-01,0,0.1748671119,0.316216801,0.3082618874,0.2577994073,0.1534758322,0.2045473574,0.1840059267,0.1918491178,0.188288956,0.09862136485,0.1808265447,2023,11,14
2023-02-02,1,0.1748671119,0.3395419473,0.3310039808,0.2782250404,0.1668000691,0.2028675976,0.1785631677,0.1717254872,0.1817742148,0.1050299185,0.1770224778,2023,11,14
2023-02-03,0,0.1748671119,0.3288307839,0.3205604734,0.2688289131,0.16063022,0.2119790762,0.1884403405,0.1748218,0.1919313929,0.09862136485,0.1880568627,2023,11,14
2023-02-06,0,0.1748671119,0.357713081,0.3487214079,0.2942280275,0.1774742162,0.1939484272,0.1797865303,0.1668657179,0.1839782602,0.1028538892,0.1712403517,2023,11,14
2023-02-07,0,0.1748671119,0.3376847634,0.3291931941,0.2765938845,0.1657239281,0.2056665339,0.1821871328,0.1899205731,0.1855240896,0.1083701093,0.1840672789,2023,11,14
2023-02-08,0,0.1748671119,0.3627719583,0.3536540576,0.2986971551,0.1804938773,0.1922230984,0.1783537345,0.1730902907,0.1824817565,0.1226776903,0.1659207296,2023,11,14
2023-02-09,1,0.1748671119,0.3890908268,0.3793168696,0.3220435921,0.1965574484,0.2213819075,0.2036144469,0.2079867048,0.2061470301,0.1153310955,0.1770629953,2023,11,14
2023-02-10,1,0.1748671119,0.3848198394,0.3751522697,0.3182441436,0.1939092598,0.1782030732,0.1718247116,0.1757493492,0.1766140238,0.124958876,0.1507360491,2023,11,14
2023-02-13,1,0.1748671119,0.3802618999,0.370707899,0.3141940244,0.1911011506,0.1735124857,0.1641920613,0.1803840288,0.1687254983,0.124958876,0.1479017025,2023,11,14
2023-02-14,1,0.1748671119,0.3442840007,0.335627587,0.2823937128,0.1695601395,0.1899026169,0.1744459217,0.1774439901,0.1788263919,0.124958876,0.1617825685,2023,11,14
2023-02-15,1,0.1748671119,0.3261155703,0.3179131331,0.2664514721,0.159080154,0.1688415679,0.1577024091,0.1611811294,0.1632210914,0.1118032557,0.1531914107,2023,11,14
2023-02-16,1,0.1748671119,0.3761402445,0.3666889709,0.3105356864,0.1885776345,0.213156044,0.1963539065,0.1755415652,0.1994824468,0.1174939668,0.169840445,2023,11,14
2023-02-17,1,0.1748671119,0.3724691151,0.3631093628,0.307280526,0.1863424415,0.1869128975,0.1784979498,0.1656589932,0.1831926931,0.1304232712,0.1576818013,2023,11,14
2023-02-21,0,0.1748671119,0.4369242573,0.4259610676,0.3648768257,0.2273955364,0.2318014267,0.2220287222,0.2039647924,0.224068417,0.1436777812,0.1734065712,2023,11,14
2023-02-22,0,0.1748671119,0.4246803853,0.4140211802,0.35386418,0.2192875173,0.2007344318,0.1991899159,0.1890522685,0.2033126791,0.1531237181,0.1578138698,2023,11,14
2023-02-23,0,0.1748671119,0.3991110576,0.3890876256,0.3309738227,0.2028356591,0.220895693,0.2105339465,0.1937038514,0.2137442755,0.1436777812,0.1744453507,2023,11,14
2023-02-24,0,0.1748671119,0.4111136457,0.4007916196,0.341700625,0.2104795246,0.2311578913,0.2230132747,0.1847132848,0.2259518349,0.1454111687,0.1782474104,2023,11,14
2023-02-27,0,0.1748671119,0.3947151259,0.3848011183,0.3270532762,0.200069997,0.2163926482,0.2099445953,0.1863753979,0.2138618677,0.1454111687,0.174514254,2023,11,14
2023-02-28,0,0.1748671119,0.3888547873,0.3790867088,0.3218335039,0.1964106645,0.1808244886,0.1846492075,0.1725823161,0.1907377805,0.1454111687,0.1540221937,2023,11,14
2023-03-01,0,0.1748671119,0.3860107838,0.3763135454,0.319303183,0.1946460444,0.1839519139,0.1883850437,0.1739240654,0.1945804351,0.1301585068,0.15558887,2023,11,14
2023-03-02,0,0.1748671119,0.36176489,0.3526721144,0.2978070106,0.1798910533,0.1901451702,0.1891367801,0.1851915311,0.1950775618,0.1422464291,0.1606002198,2023,11,14
2023-03-03,0,0.1748671119,0.333143973,0.3247658639,0.2726092267,0.1631040705,0.1686559835,0.1662814335,0.1688001608,0.1729249204,0.1399810849,0.1496953846,2023,11,14
2023-03-06,0,0.1748671119,0.3363537488,0.3278954346,0.2754253708,0.1649543294,0.1541761581,0.1555388988,0.1536219847,0.1627263844,0.1516149245,0.1363557609,2023,11,14
2023-03-07,0,0.1748671119,0.36176489,0.3526721144,0.2978070106,0.1798910533,0.1708866561,0.174763557,0.1916728502,0.1816354794,0.1803394239,0.14175264,2023,11,14
2023-03-08,0,0.1748671119,0.3494964355,0.3407098618,0.2869820771,0.1726146193,0.1524529524,0.1596937049,0.163886775,0.1675082879,0.1721987842,0.1325289371,2023,11,14
2023-03-09,0,0.1748671119,0.4314881254,0.4206598629,0.3599832435,0.2237766896,0.2233341896,0.224602539,0.2445901921,0.2283754468,0.166935123,0.1603318263,2023,11,14
2023-03-10,0,0.1748671119,0.4747477802,0.4628476402,0.3991054867,0.2534576223,0.2405545322,0.2462371808,0.2609973839,0.2488753829,0.2326903632,0.1660937063,2023,11,14
2023-03-13,0,0.1748671119,0.5050133933,0.492366172,0.4267201897,0.2755107335,0.2833796872,0.2807740589,0.2826601525,0.2800664019,0.2086030264,0.1914554772,2023,11,14
2023-03-14,0,0.1748671119,0.4543155121,0.4429210961,0.38057615,0.2391827206,0.2664363038,0.2576951873,0.242601965,0.2583646647,0.1609577448,0.1965074056,2023,11,14
2023-03-15,0,0.1748671119,0.49858527,0.4860965019,0.4208383385,0.2707319591,0.2896554273,0.2801863012,0.256581837,0.2786739119,0.2260826374,0.2062414091,2023,11,14
2023-03-16,0,0.1748671119,0.4394048599,0.4283801215,0.367112024,0.2290571025,0.2532326602,0.2423281675,0.2535836684,0.2435715134,0.147847376,0.1982240028,2023,11,14
2023-03-17,0,0.1748671119,0.4876106358,0.4753926726,0.4108172358,0.2626931017,0.2552573474,0.2518207392,0.2497962853,0.2525303013,0.1562807911,0.1897036235,2023,11,14
2023-03-20,0,0.1748671119,0.4624905276,0.4508936471,0.3879788197,0.2448373994,0.2178079805,0.2185937498,0.220742917,0.2216442056,0.1337262954,0.1697262074,2023,11,14
2023-03-21,0,0.1748671119,0.4045932299,0.3944333826,0.3358692588,0.206310018,0.2187049873,0.2111243087,0.1953453302,0.2145910569,0.1297182749,0.1750424812,2023,11,14
2023-03-22,0,0.1748671119,0.4240354299,0.4133922459,0.3532850025,0.2188646538,0.2395173393,0.2347726779,0.2493441279,0.2375662094,0.1297182749,0.1815768605,2023,11,14
2023-03-23,0,0.1748671119,0.4314881254,0.4206598629,0.3599832435,0.2237766896,0.2537677723,0.2445000276,0.2443470854,0.2461418795,0.1297182749,0.1914957774,2023,11,14
2023-03-24,0,0.1748671119,0.4126706823,0.4023099406,0.3430945313,0.2114812291,0.2243468113,0.2192163602,0.225472362,0.2226537299,0.1262418361,0.1804188641,2023,11,14
2023-03-27,0,0.1748671119,0.3864861853,0.3767771043,0.319726021,0.1949405097,0.205057246,0.2029937537,0.1947889157,0.2079214056,0.13148683,0.1748200359,2023,11,14
2023-03-28,0,0.1748671119,0.3712381842,0.3619091238,0.3061897668,0.1855955908,0.1806670577,0.1849173337,0.185605809,0.1914974303,0.1341780323,0.161691653,2023,11,14
2023-03-29,0,0.1748671119,0.3497554976,0.3409624559,0.2872102908,0.1727669985,0.2021443321,0.1944868162,0.1681774436,0.199656988,0.1262418361,0.1749843141,2023,11,14
2023-03-30,0,0.1748671119,0.3471581771,0.3384299874,0.2849229732,0.1712417112,0.1781854874,0.1748238266,0.1532167242,0.1809225696,0.13148683,0.1563029848,2023,11,14
2023-03-31,0,0.1748671119,0.3387469338,0.3302288282,0.2775266823,0.1663390703,0.159866141,0.1563000933,0.1613145203,0.1626673325,0.1028538892,0.1453038474,2023,11,14
2023-04-03,0,0.1748671119,0.3347515131,0.3263332334,0.2740193148,0.1640297336,0.1449446015,0.1440298545,0.1434707595,0.1508992309,0.09862136485,0.1356742629,2023,11,14
2023-04-04,0,0.1748671119,0.3466369372,0.3379217635,0.2844641388,0.1709362637,0.1663746624,0.1623019803,0.1629571569,0.1683898456,0.1028538892,0.1458995446,2023,11,14
2023-04-05,0,0.1748671119,0.3487183338,0.3399511877,0.2862967256,0.1721572687,0.1496954558,0.1509849299,0.1510756734,0.1578970202,0.1127346595,0.1313718344,2023,11,14
2023-04-06,0,0.1748671119,0.3307225208,0.3224049275,0.2704863785,0.1617134848,0.1451274745,0.1456751987,0.1538118767,0.1528627532,0.113908486,0.1293548851,2023,11,14
2023-04-10,0,0.1748671119,0.345853937,0.3371583163,0.2837750049,0.1704778326,0.1616963235,0.158321542,0.1546305859,0.1645514512,0.113908486,0.1375094813,2023,11,14
2023-04-11,0,0.1748671119,0.3492371993,0.340457098,0.286753726,0.1724621919,0.1409787677,0.143030443,0.1405264745,0.1500603091,0.113908486,0.1256050908,2023,11,14
2023-04-12,0,0.1748671119,0.3489778407,0.3402042151,0.2865252831,0.1723097467,0.1616022317,0.1598536887,0.1595793702,0.166256155,0.1167691306,0.1360753853,2023,11,14
2023-04-13,0,0.1748671119,0.3142694543,0.3063632495,0.256100166,0.1523818214,0.1536825259,0.1483476923,0.1549049374,0.1549960068,0.1037194768,0.1376354158,2023,11,14
2023-04-14,0,0.1748671119,0.2935276643,0.2861405566,0.2380600524,0.1408971944,0.1503127202,0.1458789179,0.1471366129,0.1531272856,0.1037194768,0.1398075297,2023,11,14
2023-04-17,0,0.1748671119,0.2900428853,0.2827430391,0.235039915,0.1389970534,0.123743377,0.1250459768,0.1306814002,0.1330612368,0.1136728294,0.1220187112,2023,11,14
2023-04-18,0,0.1748671119,0.2865370971,0.2793250522,0.2320047363,0.1370937451,0.1323066964,0.1311541855,0.1285256092,0.1389340137,0.1139084507,0.1272178735,2023,11,14
2023-04-19,0,0.1748671119,0.2755973291,0.2686593543,0.2225541385,0.1312069786,0.1285589631,0.1280181641,0.1234538829,0.1360900902,0.1211768359,0.1255675583,2023,11,14
2023-04-20,0,0.1748671119,0.2964155778,0.2889561651,0.2405652714,0.1424781701,0.1475797762,0.1446164206,0.1302709306,0.1520165227,0.1211768732,0.1335150236,2023,11,14
2023-04-21,0,0.1748671119,0.2847764036,0.27760846,0.2304815988,0.1361409651,0.118281415,0.1219680822,0.1165326012,0.1304332709,0.1343590716,0.1161182073,2023,11,14
2023-04-24,0,0.1748671119,0.288292558,0.2810365465,0.2335241497,0.1380457591,0.115873754,0.1199792508,0.1137788172,0.1284100562,0.1343590716,0.1124681729,2023,11,14
2023-04-25,0,0.1748671119,0.3403356441,0.3317778504,0.278922393,0.1672607986,0.1453982907,0.1493099819,0.1496213238,0.1568237244,0.1512146502,0.1188875622,2023,11,14
2023-04-26,0,0.1748671119,0.3424456064,0.3338351085,0.280776968,0.1684880107,0.1393179225,0.1460347622,0.1462791911,0.1539595781,0.1458956865,0.1149694715,2023,11,14
2023-04-27,0,0.1748671119,0.2923684264,0.2850103453,0.2370550339,0.1402641811,0.1359301558,0.1354685573,0.1412698533,0.1432769524,0.1282309324,0.1201522535,2023,11,14
2023-04-28,0,0.1748671119,0.2549945752,0.2485730967,0.2048427179,0.1203286882,0.1065909256,0.109567035,0.1241998658,0.1182723418,0.09980458658,0.1101086683,2023,11,14
2023-05-01,0,0.1748671119,0.2641615186,0.2575101776,0.2127089885,0.1251360431,0.1057624646,0.1095186558,0.1130003532,0.1181676067,0.09388006265,0.1068634279,2023,11,14
2023-05-02,0,0.1748671119,0.313711796,0.3058195408,0.2556137307,0.1520690402,0.1499013488,0.1478460847,0.1581212228,0.1550082786,0.1067256182,0.1253559684,2023,11,14
2023-05-03,0,0.1748671119,0.3291014813,0.3208244047,0.2690660343,0.1607850624,0.153549,0.1533581677,0.1632684125,0.1604691573,0.1067256182,0.1273421289,2023,11,14
2023-05-04,0,0.1748671119,0.3741863326,0.3647837673,0.3088027814,0.1873865258,0.150520501,0.1551535871,0.16068031,0.1620286179,0.1121905263,0.1187069339,2023,11,14
2023-05-05,0,0.1748671119,0.2969914275,0.2895175982,0.241065067,0.1427941026,0.1551875732,0.1494002051,0.1447104502,0.1563804263,0.1046644517,0.1366748437,2023,11,14
2023-05-08,0,0.1748671119,0.2909160274,0.2835943158,0.2357963432,0.1394723759,0.1176039008,0.1210945677,0.1210286182,0.1293887459,0.101212735,0.1172699319,2023,11,14
2023-05-09,0,0.1748671119,0.3117550365,0.3039117317,0.2539074963,0.1509733107,0.1268923882,0.1301802536,0.1148972563,0.1381255125,0.09724536873,0.116322005,2023,11,14
2023-05-10,0,0.1748671119,0.2897515372,0.2824589871,0.2347875556,0.1388385636,0.1533015005,0.1474969342,0.1387837545,0.1546344692,0.0940126338,0.136286153,2023,11,14
2023-05-11,0,0.1748671119,0.2894600144,0.282174765,0.2345350668,0.1386800363,0.1248370012,0.1269754669,0.119637739,0.1351634119,0.0940126338,0.1208188516,2023,11,14
2023-05-12,0,0.1748671119,0.2923684264,0.2850103453,0.2370550339,0.1402641811,0.1373585024,0.1368925517,0.1334268578,0.1447137965,0.1381164474,0.1246205645,2023,11,14
2023-05-15,0,0.1748671119,0.2949734834,0.2875501753,0.2393140103,0.141687986,0.1282772901,0.1291829006,0.1254809755,0.1370844449,0.1353586018,0.1198484906,2023,11,14
2023-05-16,0,0.1748671119,0.3195379346,0.3114999606,0.2606995712,0.1553480402,0.1290728106,0.1327076479,0.1285771389,0.1405691299,0.1353586018,0.1162313029,2023,11,14
2023-05-17,0,0.1748671119,0.2877080324,0.2804666603,0.2330181333,0.137728532,0.1380611926,0.1346899376,0.1330593138,0.1421392406,0.1310427822,0.1238310412,2023,11,14
2023-05-18,0,0.1748671119,0.2632502132,0.2566217194,0.2119259574,0.1246558097,0.1167476737,0.1154584602,0.125867566,0.1234450429,0.1158884724,0.1166341491,2023,11,14
2023-05-19,0,0.1748671119,0.2859507472,0.2787533886,0.2314974081,0.1367762184,0.1216379775,0.1204242545,0.1223397286,0.128053358,0.08665658727,0.1142799865,2023,11,14
2023-05-22,0,0.1748671119,0.2975666024,0.290078374,0.2415643616,0.1431098936,0.1210996258,0.1204438619,0.1226624342,0.127928725,0.09354930824,0.1115299876,2023,11,14
2023-05-23,0,0.1748671119,0.3342163094,0.3258114035,0.2735497802,0.1637213282,0.1494591909,0.1462355327,0.1499043582,0.1527624811,0.08966140882,0.1233839128,2023,11,14
2023-05-24,0,0.1748671119,0.3727148883,0.3633490082,0.3074983539,0.1864917176,0.1468430034,0.1482410433,0.1457242688,0.1546701366,0.1083701093,0.1152005676,2023,11,14
2023-05-25,0,0.1748671119,0.3502731256,0.3414671604,0.2876663285,0.1730716275,0.1666453717,0.1591516041,0.1416697326,0.1646567323,0.106133084,0.1318327233,2023,11,14
2023-05-26,0,0.1748671119,0.3184333029,0.3104229538,0.2597346545,0.1547244304,0.1405492775,0.1350215845,0.1426117818,0.1414874194,0.1024951271,0.1240424546,2023,11,14
2023-05-30,0,0.1748671119,0.304707189,0.297040232,0.2477699228,0.1470495122,0.1427663593,0.1360471248,0.1306158473,0.1426297017,0.09827574885,0.1280547425,2023,11,14
2023-05-31,0,0.1748671119,0.3181567638,0.3101533308,0.2594931395,0.1545684536,0.1425084269,0.1381422181,0.127564737,0.1448099924,0.1039368861,0.1253397485,2023,11,14
2023-06-01,0,0.1748671119,0.2509854962,0.2446645723,0.2014097605,0.118242341,0.1319146864,0.1251492635,0.1279876949,0.132755662,0.1005064703,0.1327345985,2023,11,14
2023-06-02,0,0.1748671119,0.2178590094,0.2123695387,0.173219484,0.1013597976,0.1188774987,0.1107810482,0.1095595627,0.1185752432,0.09501236595,0.1298431439,2023,11,14
2023-06-05,0,0.1748671119,0.2220266193,0.2164324891,0.1767483565,0.103450059,0.1054883817,0.1020201361,0.1014140829,0.1101427036,0.101212735,0.119574356,2023,11,14
2023-06-06,0,0.1748671119,0.1971171294,0.1921487644,0.1557361547,0.09109213157,0.08999185279,0.08937789655,0.0898370299,0.09796140271,0.1042273481,0.1125880003,2023,11,14
2023-06-07,0,0.1748671119,0.1964636823,0.19151174,0.1551875728,0.09077221037,0.09383457411,0.09308653596,0.09549259961,0.1018308022,0.1064289879,0.1134090076,2023,11,14
2023-06-08,0,0.1748671119,0.1869598053,0.1822467575,0.147224624,0.08614273961,0.08787933734,0.08715764567,0.09058152557,0.09582883304,0.1042273481,0.109059803,2023,11,14
2023-06-09,0,0.1748671119,0.1928648989,0.1880034089,0.1521688023,0.08901404194,0.0879739734,0.08723346981,0.08711086848,0.09578210028,0.0956841302,0.1049735713,2023,11,14
2023-06-12,0,0.1748671119,0.2309431462,0.2251251512,0.1843157348,0.1079539773,0.09574989596,0.09249476935,0.09758590518,0.1001232058,0.09171648497,0.1018056637,2023,11,14
2023-06-13,0,0.1748671119,0.2181801928,0.2126826558,0.1734912556,0.1015205547,0.09428049571,0.08977430002,0.0879655365,0.09733917902,0.09772499547,0.1039310011,2023,11,14
2023-06-14,0,0.1748671119,0.1945017009,0.18959907,0.1535412804,0.08981290739,0.1024279799,0.09462902977,0.0958573211,0.102382842,0.09772499547,0.1167146604,2023,11,14
2023-06-15,0,0.1748671119,0.2146418501,0.2092331811,0.1704989934,0.09975259403,0.1123331826,0.09953674819,0.1099963295,0.1063259113,0.09772499547,0.1216857651,2023,11,14
2023-06-16,0,0.1748671119,0.1833424381,0.1787203376,0.1442016257,0.08439202506,0.09833898789,0.08984955566,0.0939988642,0.09752038732,0.0956841302,0.120853134,2023,11,14
2023-06-20,0,0.1748671119,0.1945017009,0.18959907,0.1535412804,0.08981290739,0.1024237736,0.09452985036,0.09260131197,0.102264998,0.09772499547,0.121547359,2023,11,14
2023-06-21,0,0.1748671119,0.1721294785,0.1677893581,0.1348593878,0.07900366672,0.08538395953,0.08291477854,0.08382211709,0.09139555319,0.1008590538,0.1146063998,2023,11,14
2023-06-22,0,0.1748671119,0.1625422857,0.1584433383,0.1269066767,0.07444098938,0.07713780262,0.07601958095,0.08116348827,0.0845137899,0.1008590538,0.1081086613,2023,11,14
2023-06-23,0,0.1748671119,0.1800490001,0.1755097117,0.1414531719,0.08280340496,0.1010772565,0.09578451857,0.08038918514,0.1042996333,0.100154982,0.1217994516,2023,11,14
2023-06-26,0,0.1748671119,0.2065586523,0.2013530392,0.1636777297,0.09573845277,0.09663724697,0.09473988496,0.0906712062,0.1031565327,0.1020660825,0.1117745453,2023,11,14
2023-06-27,0,0.1748671119,0.1899147148,0.185127383,0.1496972526,0.08757744543,0.09360585438,0.08970574276,0.09257623406,0.09793104582,0.1046644517,0.11262223,2023,11,14
2023-06-28,0,0.1748671119,0.1797194232,0.1751884224,0.1411783352,0.08264470679,0.08601974999,0.08394861869,0.08235514492,0.09238802024,0.1020660825,0.1089537622,2023,11,14
2023-06-29,0,0.1748671119,0.1833424381,0.1787203376,0.1442016257,0.08439202506,0.07826327439,0.0778124139,0.08050394795,0.086102584,0.1046644517,0.1022875668,2023,11,14
2023-06-30,0,0.1748671119,0.1849874445,0.1803239842,0.1455757971,0.0851874028,0.09778403883,0.08969043667,0.08118157457,0.09737711242,0.1006473594,0.1147704146,2023,11,14
2023-07-03,0,0.1748671119,0.1843295869,0.1796826666,0.1450261403,0.08486916946,0.06880027239,0.06890479418,0.06888333797,0.07673437255,0.0806877307,0.09347208608,2023,11,14
2023-07-05,0,0.1748671119,0.20428569,0.1991371853,0.1617632841,0.09461577463,0.08833205304,0.08432491626,0.07378218652,0.09198501404,0.08604217191,0.1015738463,2023,11,14
2023-07-06,0,0.1748671119,0.2444638652,0.2383065487,0.1958349238,0.1148689476,0.1205441075,0.1105496456,0.09009187142,0.117476579,0.1019234003,0.117113787,2023,11,14
2023-07-07,0,0.1748671119,0.2252207121,0.2195463805,0.1794564439,0.1050584283,0.1100542253,0.1033890822,0.0950187595,0.1109988609,0.0956841302,0.1168668328,2023,11,14
2023-07-10,0,0.1748671119,0.2328426705,0.226976994,0.1859308719,0.1089191714,0.08911484252,0.08817686719,0.08480867796,0.09596733974,0.1019234003,0.100115435,2023,11,14
2023-07-11,0,0.1748671119,0.2255395437,0.219857207,0.1797269298,0.1052192808,0.09971973294,0.09446180442,0.09101615333,0.1019584009,0.1006473594,0.1087272574,2023,11,14
2023-07-12,0,0.1748671119,0.1833424381,0.1787203376,0.1442016257,0.08439202506,0.1045568139,0.0946782212,0.07504593772,0.1023719437,0.1006473594,0.1240772714,2023,11,14
2023-07-13,0,0.1748671119,0.1856451032,0.1809651083,0.1461254329,0.08550574354,0.09122554763,0.08409179475,0.0758836995,0.09162663198,0.0806877307,0.1122780414,2023,11,14
2023-07-14,0,0.1748671119,0.1767515155,0.1722951496,0.1387050523,0.08121783923,0.08245726636,0.07795490266,0.07200013055,0.08573432644,0.08422251357,0.1066410788,2023,11,14
2023-07-17,0,0.1748671119,0.1813668963,0.1767944689,0.1425525461,0.08343850052,0.08016383697,0.07600449758,0.07295857948,0.0836331487,0.08422251357,0.1041832366,2023,11,14
2023-07-18,0,0.1748671119,0.175431533,0.1710083632,0.1376060311,0.08058452515,0.0854058813,0.07824231335,0.07873507369,0.08565624833,0.08422251357,0.1086756926,2023,11,14
2023-07-19,0,0.1748671119,0.1905707339,0.1857669113,0.1502465925,0.08789653156,0.07811514751,0.07344693616,0.07039321366,0.08067630887,0.08422251357,0.09551731859,2023,11,14
2023-07-20,0,0.1748671119,0.1980967735,0.1931037884,0.1565588434,0.09157215144,0.08560809292,0.08044430539,0.08010882457,0.08784655272,0.0989680629,0.09843958646,2023,11,14
2023-07-21,0,0.1748671119,0.185316299,0.1806445707,0.1458506179,0.08534655986,0.07717698293,0.07420023257,0.06844955532,0.08183490663,0.1106484145,0.09476663075,2023,11,14
2023-07-24,0,0.1748671119,0.1954829953,0.1905557007,0.1543645255,0.09029247089,0.08277416242,0.07786821472,0.0740691064,0.08522152417,0.1239405467,0.09726153634,2023,11,14
2023-07-25,0,0.1748671119,0.1938471742,0.1889609945,0.1529923471,0.08949329906,0.07732437848,0.07364764124,0.071740085,0.08098544133,0.1291040559,0.09294072898,2023,11,14
2023-07-26,0,0.1748671119,0.1717991271,0.1674673157,0.1345848121,0.07884577888,0.07875470879,0.07414072727,0.07132207599,0.08177064561,0.1291040559,0.09858930906,2023,11,14
2023-07-27,0,0.1748671119,0.2117383474,0.20640261,0.1680464549,0.09830678356,0.1140019911,0.1015698678,0.1023998316,0.1085479053,0.1298941996,0.1195089303,2023,11,14
2023-07-28,0,0.1748671119,0.1764215692,0.171973501,0.1384302815,0.08105946042,0.1061545059,0.09285400325,0.08598991457,0.1001221706,0.1131247453,0.1279005046,2023,11,14
2023-07-31,0,0.1748671119,0.1863025584,0.1816060342,0.1466750433,0.08582418978,0.08358508942,0.07770738559,0.07448989613,0.08507383189,0.1092764312,0.1095999692,2023,11,14
2023-08-01,0,0.1748671119,0.196136855,0.1911931268,0.1549132465,0.09061227802,0.09138449747,0.08429601152,0.07453949154,0.09163852959,0.1092764312,0.1131051632,2023,11,14
2023-08-02,0,0.1748671119,0.264465006,0.2578060563,0.2129698074,0.1252960877,0.1313260843,0.1178066034,0.1079370813,0.1239775412,0.1139084507,0.125569885,2023,11,14
2023-08-03,0,0.1748671119,0.2592873863,0.2527582544,0.2085235656,0.1225735005,0.1211369928,0.1115833971,0.09915532817,0.1182984924,0.1139084507,0.1187626298,2023,11,14
2023-08-04,0,0.1748671119,0.294395578,0.2869867392,0.238812729,0.1413717285,0.1410909748,0.1281934705,0.1251963655,0.1340026205,0.1415825822,0.1236009704,2023,11,14
2023-08-07,0,0.1748671119,0.2546869615,0.248273198,0.2045791516,0.1201682607,0.1135335005,0.1054366426,0.09810419624,0.1122993868,0.1370997815,0.115198575,2023,11,14
2023-08-08,0,0.1748671119,0.2614240489,0.2548413414,0.210357522,0.1236950252,0.1373340534,0.123518541,0.1159091815,0.1298221464,0.1316648304,0.130941973,2023,11,14
2023-08-09,0,0.1748671119,0.260509138,0.2539493708,0.2095720758,0.1232144477,0.1148613663,0.1097986061,0.1131667409,0.1171207998,0.1316648304,0.1171825602,2023,11,14
2023-08-10,0,0.1748671119,0.257144208,0.2506688196,0.2066852743,0.1214513754,0.1436923082,0.129992883,0.1269212374,0.1365214694,0.1316648304,0.1382287992,2023,11,14
2023-08-11,0,0.1748671119,0.2255395437,0.219857207,0.1797269298,0.1052192808,0.1132198638,0.1077450137,0.1019401169,0.1156716439,0.1546447437,0.1243839637,2023,11,14
2023-08-14,0,0.1748671119,0.2249017744,0.2192354507,0.1791858983,0.1048975782,0.101456397,0.09808675829,0.1031297031,0.1060249375,0.1510148615,0.1165873403,2023,11,14
2023-08-15,0,0.1748671119,0.2755973291,0.2686593543,0.2225541385,0.1312069786,0.1253271028,0.1203616216,0.1215857867,0.1276191055,0.1633915465,0.1198346564,2023,11,14
2023-08-16,0,0.1748671119,0.2850702425,0.2778949386,0.2307357362,0.136299829,0.1286289682,0.125342853,0.1285652931,0.1327432911,0.1558704618,0.1210313997,2023,11,14
2023-08-17,0,0.1748671119,0.3167717686,0.3088029745,0.2582838404,0.1537881179,0.1344948298,0.1332676603,0.1424896777,0.1404169787,0.1718659752,0.1155090241,2023,11,14
2023-08-18,0,0.1748671119,0.3001478552,0.2925950113,0.2438061187,0.1445299157,0.1408575379,0.1373436964,0.134963832,0.1445233731,0.1661783791,0.1236176027,2023,11,14
2023-08-21,0,0.1748671119,0.2952621439,0.2878316087,0.2395644296,0.1418460407,0.137794366,0.1331120977,0.1342633379,0.1401789431,0.1661783791,0.1249552725,2023,11,14
2023-08-22,0,0.1748671119,0.2906250869,0.2833106609,0.2355442712,0.1393139358,0.1275797711,0.1263735036,0.1272574806,0.1339966955,0.16106294,0.1200649262,2023,11,14
2023-08-23,0,0.1748671119,0.2611192126,0.2545441484,0.2100957962,0.1235348455,0.1181506448,0.1154146888,0.1221280189,0.1232170486,0.1473574508,0.1192485724,2023,11,14
2023-08-24,0,0.1748671119,0.2972791173,0.2897980858,0.2413147926,0.1429520257,0.1427864473,0.1390030973,0.155596442,0.1462178061,0.1491275004,0.1282823959,2023,11,14
2023-08-25,0,0.1748671119,0.251912602,0.2455684233,0.2022032398,0.1187239523,0.1381475629,0.1318288431,0.1357240713,0.1396030284,0.1439654946,0.1359802796,2023,11,14
2023-08-28,0,0.1748671119,0.2331588625,0.2272852492,0.1861998275,0.1090800332,0.1205427005,0.116749454,0.1138108233,0.1250251632,0.1439654946,0.1285809499,2023,11,14
2023-08-29,0,0.1748671119,0.213029716,0.2076615405,0.1691369317,0.09894927835,0.1092683548,0.1043103236,0.1212806154,0.112475541,0.1341780323,0.1251630666,2023,11,14
2023-08-30,1,0.1748671119,0.1945017009,0.18959907,0.1535412804,0.08981290739,0.09286907108,0.09094908216,0.09719253727,0.0994494412,0.1341780323,0.1178152871,2023,11,14
2023-08-31,1,0.1748671119,0.1843295869,0.1796826666,0.1450261403,0.08486916946,0.08717960107,0.0868375886,0.08984160954,0.09561048374,0.1444460528,0.1139422659,2023,11,14
2023-09-01,1,0.1748671119,0.1684944229,0.1642457367,0.1318401894,0.07726898508,0.09493001072,0.09164927918,0.0895365564,0.1005516216,0.1279699635,0.1209082183,2023,11,14
2023-09-05,1,0.1748671119,0.1987495126,0.1937401235,0.1571071741,0.09189225425,0.07614308798,0.07973086053,0.08608506413,0.08851149695,0.1306000085,0.09838183581,2023,11,14
2023-09-06,1,0.1748671119,0.213029716,0.2076615405,0.1691369317,0.09894927835,0.102568069,0.1019461111,0.1033981881,0.1107105421,0.1415825822,0.1128792065,2023,11,14
2023-09-07,0,0.1748671119,0.2114152778,0.2060876559,0.1677737241,0.0981461833,0.1081409438,0.1069703781,0.09472901255,0.1158600813,0.1470641233,0.1194847568,2023,11,14
2023-09-08,1,0.1748671119,0.193192388,0.1883226664,0.1524433359,0.0891737733,0.08650341899,0.0897787746,0.08810865663,0.09911030939,0.1470641233,0.108294921,2023,11,14
2023-09-11,1,0.1748671119,0.1918820542,0.187045269,0.1513450958,0.0885349766,0.09721588782,0.09660550547,0.08303659728,0.1056274698,0.1332758452,0.1148729701,2023,11,14
2023-09-12,1,0.1748671119,0.2059096466,0.2007203393,0.1631309268,0.09541762177,0.09787148954,0.09910600721,0.09319937917,0.1082209331,0.1343590716,0.1126698527,2023,11,14
2023-09-13,1,0.1748671119,0.1813668963,0.1767944689,0.1425525461,0.08343850052,0.0816337439,0.08565254372,0.08127318865,0.09516219969,0.1343590716,0.1050279931,2023,11,14
2023-09-14,1,0.1748671119,0.1595655856,0.1555415335,0.1244442289,0.07303235733,0.08621331065,0.08672183319,0.07807026178,0.09618857102,0.1343590716,0.1133244981,2023,11,14
2023-09-15,0,0.1748671119,0.1915543153,0.1867257683,0.1510704933,0.08837533181,0.09387598111,0.09666275901,0.09712193157,0.1062557526,0.1213428291,0.1123815996,2023,11,14
2023-09-18,0,0.1748671119,0.1984231791,0.193421991,0.1568330219,0.09173219403,0.08387420276,0.08922188309,0.08824824194,0.09877528896,0.1370997815,0.1023569717,2023,11,14
2023-09-19,0,0.1748671119,0.2020087782,0.1969174857,0.1598471457,0.09349378029,0.09308723766,0.0972069745,0.0951017199,0.1068149111,0.1370997815,0.1073890815,2023,11,14
2023-09-20,0,0.1748671119,0.2350536149,0.2291324438,0.1878121294,0.1100451673,0.1074035222,0.1120079648,0.12231021,0.1214700229,0.1404505253,0.111092041,2023,11,14
2023-09-21,0,0.1748671119,0.3069726757,0.2992490263,0.2497414485,0.1483069272,0.1344197888,0.140657063,0.1434467844,0.1492614339,0.1473574508,0.1149758588,2023,11,14
2023-09-22,0,0.1748671119,0.2972791173,0.2897980858,0.2413147926,0.1429520257,0.1258381212,0.1344166807,0.1382275849,0.1435796304,0.176006119,0.1124138603,2023,11,14
2023-09-25,0,0.1748671119,0.2885846618,0.2813213346,0.2337770534,0.1382043725,0.1156436808,0.1250097227,0.1323582484,0.1343912482,0.1628599565,0.1086661614,2023,11,14
2023-09-26,0,0.1748671119,0.3450696773,0.3363936421,0.2830849088,0.1700191548,0.1560254416,0.1637792134,0.1591548887,0.1717561243,0.1892546812,0.1236993807,2023,11,14
2023-09-27,0,0.1748671119,0.3258431977,0.3176475697,0.2662130819,0.1589249687,0.1506913049,0.158849732,0.1564077655,0.1673641006,0.1746548721,0.1249633624,2023,11,14
2023-09-28,0,0.1748671119,0.3012912695,0.2937098054,0.2447996884,0.145160424,0.1380832712,0.1462735227,0.149535546,0.155356264,0.1615897965,0.1221832276,2023,11,14
2023-09-29,0,0.1748671119,0.3064071815,0.2986976827,0.2492492097,0.1479927193,0.1535402956,0.1594365062,0.1559381433,0.1680462911,0.1746548721,0.1324488722,2023,11,14
2023-10-02,0,0.1748671119,0.3089471202,0.3011740665,0.2514607482,0.1494057833,0.1430548837,0.1516785561,0.1486351769,0.1606701581,0.160013392,0.1279588612,2023,11,14
2023-10-03,0,0.1748671119,0.3665278137,0.3573162231,0.3020190309,0.1827496303,0.1828021264,0.189916879,0.1890871579,0.1969985144,0.1814934866,0.1418975277,2023,11,14
2023-10-04,0,0.1748671119,0.3355533039,0.3271149897,0.2747228559,0.1644921712,0.1541119955,0.163792621,0.1667738284,0.1723088863,0.1814934866,0.1314829846,2023,11,14
2023-10-05,0,0.1748671119,0.333143973,0.3247658639,0.2726092267,0.1631040705,0.1524715093,0.1626886404,0.1618762806,0.1713560974,0.1814934866,0.131203634,2023,11,14
2023-10-06,0,0.1748671119,0.3044233987,0.2967635439,0.2475230472,0.1468922561,0.1750440657,0.1747830567,0.1842545304,0.1824328686,0.1439654514,0.1521761151,2023,11,14
2023-10-09,0,0.1748671119,0.3114749664,0.3036386682,0.2536633618,0.1508167059,0.1575705955,0.159966533,0.1690445557,0.1678919093,0.142699781,0.1422840533,2023,11,14
2023-10-10,1,0.1748671119,0.2923684264,0.2850103453,0.2370550339,0.1402641811,0.1456599754,0.1485718307,0.1541038877,0.1570127874,0.1416939598,0.1372777929,2023,11,14
2023-10-11,1,0.1748671119,0.264465006,0.2578060563,0.2129698074,0.1252960877,0.1298144542,0.1341878389,0.1364666749,0.1433902759,0.1401963124,0.1326973427,2023,11,14
2023-10-12,1,0.1748671119,0.2824207807,0.2753118451,0.2284450659,0.1348694706,0.1488949998,0.1515593111,0.1602112257,0.1602163073,0.1437115898,0.1414385099,2023,11,14
2023-10-13,0,0.1748671119,0.3549056443,0.3459840378,0.2917504645,0.1758075955,0.1714858919,0.1737217286,0.1806500419,0.1805092739,0.1610319722,0.1383582096,2023,11,14
2023-10-16,1,0.1748671119,0.2975666024,0.290078374,0.2415643616,0.1431098936,0.1425536074,0.145946584,0.1430698986,0.1543296163,0.1507272939,0.1319556986,2023,11,14
2023-10-17,1,0.1748671119,0.3164943318,0.3085324767,0.2580416554,0.1536319734,0.1659193952,0.1645221196,0.1616059208,0.1717240923,0.1507272939,0.143977267,2023,11,14
2023-10-18,0,0.1748671119,0.3523379233,0.3434804109,0.289486076,0.17428894,0.1739061373,0.1769927977,0.1816565697,0.1839450591,0.1560815408,0.1443929009,2023,11,14
2023-10-19,0,0.1748671119,0.4050465682,0.3948754428,0.3362743813,0.2065985937,0.1939457821,0.1980248552,0.2069683192,0.2035240619,0.1582662638,0.1473637338,2023,11,14
2023-10-20,0,0.1748671119,0.4120041562,0.4016599871,0.3424977705,0.2110521383,0.173653651,0.1873413267,0.204450609,0.1944134373,0.2300507107,0.135042448,2023,11,14
2023-10-23,0,0.1748671119,0.3809849986,0.3714129782,0.3148362416,0.1915454151,0.1950213425,0.2033036765,0.2065896434,0.2099786429,0.2143783999,0.1524810669,2023,11,14
2023-10-24,0,0.1748671119,0.345853937,0.3371583163,0.2837750049,0.1704778326,0.170087183,0.1795795352,0.1775597024,0.1876913572,0.1627100759,0.144486465,2023,11,14
2023-10-25,0,0.1748671119,0.376627313,0.3671638984,0.3109677996,0.1888750703,0.1689993468,0.1853764414,0.1964771584,0.1937878726,0.2214042527,0.1383598907,2023,11,14
2023-10-26,0,0.1748671119,0.3883821701,0.3786258629,0.3214128868,0.1961169137,0.178774151,0.1982850099,0.2085551817,0.2067014361,0.2632086188,0.1402753494,2023,11,14
2023-10-27,0,0.1748671119,0.4020903254,0.3919927522,0.3336333899,0.2047202788,0.1859264832,0.206502461,0.2126262692,0.2145723027,0.2626759157,0.1429238952,2023,11,14
2023-10-30,0,0.1748671119,0.3657792498,0.3565863304,0.3013566995,0.1822990951,0.1787650938,0.1945401548,0.1888246399,0.2029799889,0.2547689312,0.1436399533,2023,11,14
2023-10-31,0,0.1748671119,0.3236590411,0.315518019,0.2643020862,0.1576825533,0.1514656892,0.1684066849,0.1735576738,0.1784074898,0.2997205297,0.1349595449,2023,11,14
2023-11-01,0,0.1748671119,0.2877080324,0.2804666603,0.2330181333,0.137728532,0.1403513039,0.1543577018,0.1623842455,0.1647755236,0.2054892216,0.1348807794,2023,11,14
2023-11-02,0,0.1748671119,0.2512946595,0.2449659808,0.2016743366,0.1184028874,0.1412265607,0.147494057,0.1401474863,0.1574927899,0.1620558329,0.14289462,2023,11,14
2023-11-03,0,0.1748671119,0.2277683689,0.2220300739,0.1816186312,0.1063453,0.1233177157,0.1298997729,0.1215164194,0.1402896618,0.1663307714,0.1363924072,2023,11,14
2023-11-06,0,0.1748671119,0.2271321,0.2214097791,0.1810784519,0.1060235725,0.1064359439,0.1159883042,0.1130389878,0.126583463,0.1663307714,0.1227601904,2023,11,14
2023-11-07,0,0.1748671119,0.2245827311,0.218924418,0.1789152933,0.1047367306,0.1045272716,0.1137645645,0.1130301528,0.1243050539,0.1595828011,0.1194428817,2023,11,14
2023-11-08,0,0.1748671119,0.213029716,0.2076615405,0.1691369317,0.09894927835,0.1031666249,0.1121453606,0.1078786524,0.1228656764,0.1595828011,0.1197433399,2023,11,14
2023-11-09,0,0.1748671119,0.2397721802,0.2337325887,0.1918318123,0.1124575613,0.1079479685,0.1192509034,0.1281984581,0.1299390525,0.1663307714,0.1138464641,2023,11,14
2023-11-10,0,0.1748671119,0.203960655,0.1988203173,0.1614896501,0.09445544627,0.1167316398,0.1207173854,0.1263286967,0.131061238,0.1267480351,0.1302237422,2023,11,14
2023-11-13,0,0.1748671119,0.2229859405,0.2173677214,0.1775613895,0.1039325356,0.1067178931,0.1141484751,0.1135598897,0.1244227404,0.1267480351,0.1201392865,2023,11,14
2023-11-14,0,0.1748671119,0.2036355399,0.1985033712,0.1612159821,0.09429513206,0.1358226807,0.1301909293,0.109149007,0.1392602089,0.1267480351,0.151279177,2023,11,14
2023-11-15,0,0.1748671119,0.20428569,0.1991371853,0.1617632841,0.09461577463,0.106972099,0.1085801839,0.1004588187,0.118141592,0.1267480351,0.1318553112,2023,11,14
2023-11-16,0,0.1748671119,0.2088275114,0.2035648971,0.1655903332,0.09686174741,0.09997323943,0.1033111523,0.0982905229,0.1128690378,0.1267480351,0.1246549599,2023,11,14
2023-11-17,0,0.1748671119,0.1918820542,0.187045269,0.1513450958,0.0885349766,0.08823648195,0.09338764572,0.0846135392,0.1032339857,0.1267480351,0.1163399171,2023,11,14
2023-11-20,0,0.1748671119,0.1790601506,0.1745457281,0.1406286742,0.08232740306,0.09271410858,0.09480792629,0.09352788947,0.1044906377,0.1325630591,0.1216475887,2023,11,14
2023-11-21,0,0.1748671119,0.1770814278,0.1726167651,0.1389798324,0.08137625114,0.07670502759,0.08284609115,0.07946806632,0.09267369852,0.1325630591,0.09954653527,2023,11,14
2023-11-22,0,0.1748671119,0.1605578092,0.1565087915,0.1252646749,0.07350148258,0.0760520511,0.08109776196,0.07563324217,0.09099627764,0.1373764357,0.1019878715,2023,11,14
2023-11-24,0,0.1748671119,0.1476684488,0.1439438007,0.1146355468,0.06743878587,0.04884251379,0.05806640652,0.05705583622,0.06745972532,0.129016524,0.08172902292,2023,11,14
2023-11-27,0,0.1748671119,0.1552666849,0.1513508071,0.1208937925,0.07100455289,0.06067838413,0.06890759274,0.06531145938,0.07873759094,0.1363211887,0.08923310081,2023,11,14
2023-11-28,0,0.1748671119,0.1552666849,0.1513508071,0.1208937925,0.07100455289,0.06683899721,0.07401955175,0.07005566748,0.08398789209,0.1315391477,0.09257893764,2023,11,14
2023-11-29,0,0.1748671119,0.164857365,0.1607001736,0.1288240429,0.07553912536,0.08232642478,0.08712956205,0.08110036758,0.09722538218,0.1315391477,0.1046406751,2023,11,14
2023-11-30,0,0.1748671119,0.1628730263,0.1587657576,0.1271804792,0.07459773321,0.07613321332,0.0815535195,0.07815726721,0.0914926988,0.0975433809,0.1001580823,2023,11,14
2023-12-01,0,0.1748671119,0.1532833302,0.1494173646,0.1192580883,0.07007155298,0.07476747482,0.07913184182,0.08125096536,0.08895787525,0.1060853162,0.1032050337,2023,11,14
2023-12-04,0,0.1748671119,0.1681638493,0.1639234787,0.1315658549,0.07711152023,0.09944806181,0.1000105918,0.09017909198,0.10995004,0.1060853162,0.1232860693,2023,11,14
2023-12-05,0,0.1748671119,0.1605578092,0.1565087915,0.1252646749,0.07350148258,0.08056701931,0.08540017566,0.07913475031,0.09550806575,0.1060853162,0.1111433842,2023,11,14
2023-12-06,0,0.1748671119,0.1645266582,0.1603777867,0.1285500299,0.07538211751,0.08669321342,0.09137235135,0.08957482995,0.101677933,0.1090537069,0.1140410958,2023,11,14
2023-12-07,0,0.1748671119,0.1675026554,0.1632789174,0.1310172641,0.0767967112,0.08631913228,0.08978470984,0.0801365874,0.09972652284,0.1066732404,0.1134729005,2023,11,14
2023-12-08,0,0.1748671119,0.1440405184,0.1404071916,0.111655301,0.0657442647,0.07225283007,0.07712536492,0.0764246953,0.08713084001,0.1064115577,0.1083253463,2023,11,14
2023-12-11,0,0.1748671119,0.1532833302,0.1494173646,0.1192580883,0.07007155298,0.06414593667,0.07043557647,0.07294892444,0.08004486451,0.1103962191,0.09435423188,2023,11,14
2023-12-12,0,0.1748671119,0.1348341181,0.1314325752,0.1041160918,0.06146651087,0.0644884643,0.06939976405,0.07107367489,0.07908946227,0.1052411053,0.09854051985,2023,11,14
2023-12-13,0,0.1748671119,0.1387738735,0.1352731343,0.1073381918,0.06329326932,0.06982984028,0.07154690237,0.08018697815,0.08073760364,0.09882108869,0.1004822449,2023,11,14
2023-12-14,0,0.1748671119,0.1483285741,0.1445873104,0.115178375,0.06774766517,0.07964510476,0.07889693764,0.07819638197,0.08795157254,0.09906617464,0.1076279884,2023,11,14
2023-12-15,0,0.1748671119,0.1417346672,0.1381593877,0.1097638096,0.06466988036,0.0680206668,0.07032508105,0.07211434783,0.07946221122,0.1052411053,0.09826808221,2023,11,14
2023-12-18,0,0.1748671119,0.1509703573,0.1471626026,0.1173524297,0.06898550137,0.07399273906,0.0743766216,0.07326975979,0.08326260956,0.09520950785,0.1018448029,2023,11,14
2023-12-19,0,0.1748671119,0.1499794642,0.1461966487,0.1165366592,0.06852088383,0.05961041161,0.06246611852,0.06860862434,0.07094652189,0.09520950785,0.09030822176,2023,11,14
2023-12-20,0,0.1748671119,0.1876168393,0.1828872736,0.1477741705,0.08646139114,0.1000252023,0.09701307772,0.1036542118,0.1057651944,0.1006722647,0.1143279549,2023,11,14
2023-12-21,0,0.1748671119,0.1869598053,0.1822467575,0.147224624,0.08614273961,0.0993093318,0.09451843185,0.08965550048,0.1028944404,0.09520950785,0.1155248793,2023,11,14
2023-12-22,0,0.1748671119,0.1665107587,0.1623119728,0.1301945835,0.07632480351,0.08498276463,0.08310856456,0.08224096186,0.09181925364,0.09925031265,0.1112762514,2023,11,14
2023-12-26,0,0.1748671119,0.1651880634,0.1610225525,0.1290980885,0.07569617618,0.07298433048,0.07352622592,0.07594087805,0.08208264995,0.1037620661,0.1018380264,2023,11,14
2023-12-27,0,0.1748671119,0.1466785315,0.1429788003,0.1138218449,0.0669759127,0.06148588118,0.06395824648,0.06585312333,0.07254909479,0.1137467532,0.09701859075,2023,11,14
2023-12-28,0,0.1748671119,0.1479984941,0.1442655386,0.1149069254,0.06759319603,0.05681763472,0.0604330153,0.05731961962,0.0689297664,0.1076594683,0.08873467758,2023,11,14
2023-12-29,0,0.1748671119,0.1473384394,0.1436220977,0.11436424,0.06728443504,0.06742448741,0.06926800138,0.06985199929,0.07812739269,0.109588984,0.09355481968,2023,11,14
2024-01-02,0,0.1727955714,0.1721294785,0.1677893581,0.1348593878,0.07868733235,0.08536468078,0.08499433684,0.0739882457,0.09355144823,0.1057897395,0.1032428746,2024,11,14
2024-01-03,0,0.1727955714,0.1997280761,0.1946940954,0.1579294681,0.09194568821,0.09008126683,0.09128479807,0.08177269939,0.09980043048,0.1072858097,0.1030882884,2024,11,14
2024-01-04,0,0.1727955714,0.2026597182,0.1975520691,0.1603947777,0.09337513747,0.09173497304,0.09350639689,0.0896840815,0.102148164,0.1003421636,0.1052973729,2024,11,14
2024-01-05,0,0.1727955714,0.1770814278,0.1726167651,0.1389798324,0.08104079314,0.08572870261,0.08792932512,0.08547733933,0.09694624434,0.1197525371,0.1067658754,2024,11,14
2024-01-08,0,0.1727955714,0.1681638493,0.1639234787,0.1315658549,0.07681026998,0.08061335811,0.08103551144,0.09206141972,0.08958783224,0.1090123479,0.105289869,2024,11,14
2024-01-09,0,0.1727955714,0.157581277,0.1536071548,0.1228045442,0.0718333791,0.08324363419,0.08319497574,0.07977703206,0.09203998573,0.1090123479,0.108925984,2024,11,14
2024-01-10,0,0.1727955714,0.1552666849,0.1513508071,0.1208937925,0.07075090347,0.07133908713,0.07302548332,0.07855474303,0.08157448594,0.1007172035,0.1000936868,2024,11,14
2024-01-11,0,0.1727955714,0.1470084666,0.1433004306,0.1140930057,0.06690576408,0.08486009176,0.083410262,0.08594329906,0.09230383944,0.1061827372,0.1143467242,2024,11,14
2024-01-12,0,0.1727955714,0.1555973022,0.1516731045,0.1211666021,0.07090539472,0.0792565673,0.07947689195,0.0794350731,0.08818842619,0.1046797398,0.1086112242,2024,11,14
2024-01-16,0,0.1727955714,0.193192388,0.1883226664,0.1524433359,0.08877394667,0.0928942296,0.09192455948,0.08874193766,0.1002634711,0.1152483903,0.1103981792,2024,11,14
2024-01-17,0,0.1727955714,0.2239443286,0.2183020449,0.1783739065,0.1038836721,0.1091608687,0.1065633123,0.09285896017,0.1145416122,0.1152483903,0.1150606906,2024,11,14
2024-01-18,0,0.1727955714,0.2026597182,0.1975520691,0.1603947777,0.09337513747,0.1014957857,0.09829433185,0.0951027844,0.1063508221,0.1152483903,0.1155588318,2024,11,14
2024-01-19,0,0.1727955714,0.175431533,0.1710083632,0.1376060311,0.08025547398,0.09183129537,0.08780942112,0.0911689082,0.0958693422,0.1077886215,0.1142281919,2024,11,14
2024-01-22,0,0.1727955714,0.1717991271,0.1674673157,0.1345848121,0.07853070895,0.08189399158,0.08009953575,0.07453811903,0.08816428131,0.09869888651,0.1079681785,2024,11,14
2024-01-23,0,0.1727955714,0.1506400318,0.1468405908,0.1170804414,0.06859344053,0.06764314761,0.06832947909,0.06707447953,0.07649063022,0.09869888651,0.1012833348,2024,11,14
2024-01-24,0,0.1727955714,0.1701470275,0.1658567713,0.1332122269,0.07774813347,0.08933349784,0.08517797502,0.07931462857,0.09319720941,0.09869888651,0.1114346425,2024,11,14
2024-01-25,0,0.1727955714,0.1803785365,0.1758309616,0.1417280119,0.08261376799,0.08669412523,0.08264547663,0.07519949328,0.09031952182,0.09869888651,0.1065106614,2024,11,14
2024-01-26,0,0.1727955714,0.1741110491,0.1697210896,0.1365071979,0.07962780849,0.07341537143,0.07299204026,0.06820035204,0.08080501757,0.09047755933,0.09688581955,2024,11,14
2024-01-29,0,0.1727955714,0.185316299,0.1806445707,0.1458506179,0.08497860607,0.07800737876,0.07548868115,0.07863333789,0.08290139977,0.09047755933,0.09769221773,2024,11,14
2024-01-30,0,0.1727955714,0.1757615773,0.1713301072,0.1378807703,0.08041247313,0.06659912462,0.06695118336,0.06230164721,0.07447557725,0.09047755933,0.09159064615,2024,11,14
2024-01-31,0,0.1727955714,0.2097985863,0.2045115769,0.1664094204,0.09687384366,0.09477882489,0.09253289725,0.09880183162,0.1003451323,0.09443349855,0.1033386842,2024,11,14
2024-02-01,0,0.1727955714,0.1945017009,0.18959907,0.1535412804,0.08940770844,0.08888596108,0.08519070567,0.09235735907,0.09275754891,0.1022699373,0.1028821081,2024,11,14
2024-02-02,0,0.1727955714,0.1935198133,0.1886418618,0.152717851,0.0889323576,0.09572384371,0.08815062183,0.09748101888,0.09530002831,0.09047755933,0.10972772,2024,11,14
2024-02-05,0,0.1727955714,0.1876168393,0.1828872736,0.1477741705,0.08608420683,0.08914225583,0.08422867314,0.08843242843,0.09170312419,0.09376356898,0.1076950268,2024,11,14
2024-02-06,0,0.1727955714,0.1675026554,0.1632789174,0.1310172641,0.07649795576,0.07443890568,0.07248430003,0.07356094263,0.08015251197,0.09047755933,0.1020412595,2024,11,14
2024-02-07,0,0.1727955714,0.1598963236,0.1558639496,0.1247176679,0.07291820896,0.08054680987,0.07543581977,0.07317074265,0.0829616344,0.09047755933,0.1071867239,2024,11,14
2024-02-08,0,0.1727955714,0.1585734008,0.1545743141,0.1236241787,0.072298024,0.05953561475,0.05987644772,0.06010150359,0.06721049376,0.09047755933,0.09034392277,2024,11,14
2024-02-09,0,0.1727955714,0.1632037632,0.1590881735,0.1274543185,0.07447184482,0.06581209349,0.06402395498,0.06624599096,0.07123286427,0.08455255033,0.09050775277,2024,11,14
2024-02-12,0,0.1727955714,0.196136855,0.1911931268,0.1549132465,0.09020034051,0.07759872797,0.07379203601,0.07277769951,0.08070965249,0.08455255033,0.09147716839,2024,11,14
2024-02-13,0,0.1727955714,0.257144208,0.2506688196,0.2066852743,0.1207660154,0.1462269709,0.1271242507,0.1064583116,0.132500629,0.08455255033,0.1334738709,2024,11,14
2024-02-14,0,0.1727955714,0.2107688687,0.2054574848,0.1672281313,0.097351353,0.113558528,0.1011554338,0.08973426984,0.107791096,0.091652047,0.1259559542,2024,11,14
2024-02-15,0,0.1727955714,0.1987495126,0.1937401235,0.1571071741,0.09146948281,0.09054222155,0.08339729288,0.08127144732,0.0902727332,0.08455255033,0.1141369511,2024,11,14
2024-02-16,0,0.1727955714,0.2062341911,0.2010367298,0.1634043468,0.09512377094,0.1003130456,0.09182059752,0.08803768396,0.09873792454,0.09823380795,0.1187928149,2024,11,14
2024-02-20,0,0.1727955714,0.2438398909,0.2376982301,0.1953021656,0.1139252911,0.1183869105,0.1071564517,0.09771510589,0.1134514268,0.09823380795,0.1231651871,2024,11,14
2024-02-21,0,0.1727955714,0.2413391044,0.235260193,0.1931680692,0.1126509357,0.1033730059,0.09642237958,0.09328940412,0.1030465882,0.09823380795,0.1073063785,2024,11,14
2024-02-22,0,0.1727955714,0.2159298652,0.2104888455,0.1715877847,0.09989936157,0.1329436721,0.111152339,0.09068902074,0.1167312312,0.09753982216,0.1369637473,2024,11,14
2024-02-23,0,0.1727955714,0.1902427538,0.1854471758,0.1499719295,0.08734917641,0.09668286647,0.08611294741,0.07531405741,0.09279881023,0.08764410858,0.1213177812,2024,11,14
2024-02-26,0,0.1727955714,0.1899147148,0.185127383,0.1496972526,0.08719097577,0.08378541252,0.07798675247,0.07450984674,0.08495126439,0.08455255033,0.1117496003,2024,11,14
2024-02-27,0,0.1727955714,0.1797194232,0.1751884224,0.1411783352,0.08229893251,0.08353965689,0.07738375033,0.06862122314,0.08446039724,0.08455255033,0.1123787173,2024,11,14
2024-02-28,0,0.1727955714,0.193192388,0.1883226664,0.1524433359,0.08877394667,0.08873256099,0.0818991291,0.06731137316,0.08885401214,0.091652047,0.1126857666,2024,11,14
2024-02-29,0,0.1727955714,0.1787304562,0.1742243244,0.140353851,0.08182690165,0.08719629641,0.0798980543,0.07380589734,0.08696789917,0.09413521803,0.1060377171,2024,11,14
2024-03-01,0,0.1727955714,0.1691555196,0.1648902038,0.1323889335,0.07727903113,0.07688527581,0.07077440621,0.0731534945,0.07766370451,0.0892279269,0.1012112007,2024,11,14
2024-03-04,0,0.1727955714,0.1816962644,0.1771155551,0.1428273936,0.08324378582,0.07370007106,0.06916489023,0.06482770625,0.07595536311,0.08455255033,0.09664404039,2024,11,14
2024-03-05,0,0.1727955714,0.2133523287,0.2079760497,0.1694094373,0.09862510628,0.1056528169,0.09477428921,0.09142723902,0.1013246883,0.09928300622,0.1143415217,2024,11,14
2024-03-06,0,0.1727955714,0.2146418501,0.2092331811,0.1704989934,0.09926217683,0.1098193076,0.09672216028,0.08315221407,0.1030101185,0.09413521803,0.1193428664,2024,11,14
2024-03-07,0,0.1727955714,0.2127070111,0.2073469415,0.1688643803,0.09830661734,0.1195798988,0.1010953828,0.0911107437,0.1068522199,0.09413521803,0.1287407487,2024,11,14
2024-03-08,0,0.1727955714,0.2223464961,0.2167443336,0.1770194243,0.1030866139,0.1207949277,0.1039261306,0.1007900686,0.1097907563,0.09413521803,0.1302184637,2024,11,14
2024-03-11,0,0.1727955714,0.2375734749,0.231589061,0.189957966,0.1107387437,0.1120499554,0.09886589444,0.09180556652,0.1047554019,0.09823380795,0.1228674959,2024,11,14
2024-03-12,0,0.1727955714,0.193192388,0.1883226664,0.1524433359,0.08877394667,0.1136488815,0.09638276939,0.09192046483,0.1025486388,0.09413521803,0.1337581082,2024,11,14
2024-03-13,0,0.1727955714,0.1902427538,0.1854471758,0.1499719295,0.08734917641,0.08905547004,0.08019596635,0.07762095447,0.08682419675,0.09413521803,0.1168147763,2024,11,14
2024-03-14,0,0.1727955714,0.2114152778,0.2060876559,0.1677737241,0.09766973926,0.1091124766,0.09519172059,0.09349353739,0.1013725214,0.09823380795,0.123380352,2024,11,14
2024-03-15,0,0.1727955714,0.2117383474,0.20640261,0.1680464549,0.09782894586,0.1090097558,0.09695706937,0.08544570758,0.1034612858,0.1140518375,0.1206151892,2024,11,14
2024-03-18,0,0.1727955714,0.2091512904,0.2038805421,0.1658634034,0.09655555293,0.1146243173,0.099540893,0.08071207841,0.1057783087,0.1152483903,0.1267711381,2024,11,14
2024-03-19,0,0.1727955714,0.1925373466,0.1876840898,0.1518942508,0.08845718516,0.09404796013,0.0839762453,0.08212454936,0.09058000928,0.1201442794,0.1155941789,2024,11,14
2024-03-20,0,0.1727955714,0.166841404,0.1626343004,0.130468782,0.07618579872,0.08518106454,0.07553463059,0.07811713479,0.08225337723,0.1152483903,0.1155759048,2024,11,14
2024-03-21,1,0.1727955714,0.1628730263,0.1587657576,0.1271804792,0.07431628299,0.08743184706,0.07652259568,0.06216591604,0.08320562832,0.1037626556,0.1174180554,2024,11,14
2024-03-22,0,0.1727955714,0.1675026554,0.1632789174,0.1310172641,0.07649795576,0.06493887481,0.06139256967,0.05908351123,0.06806202333,0.0892279269,0.09747839929,2024,11,14
2024-03-25,0,0.1727955714,0.1717991271,0.1674673157,0.1345848121,0.07853070895,0.06846461519,0.06466222928,0.0571195035,0.07144632412,0.08455255033,0.09277328549,2024,11,14
2024-03-26,0,0.1727955714,0.1734506327,0.1690772832,0.1359578642,0.07931417807,0.07253454199,0.06812950228,0.06689081427,0.07502317247,0.09413521803,0.09425701174,2024,11,14
2024-03-27,1,0.1727955714,0.158242685,0.1542519199,0.12335092,0.07214309483,0.08086795837,0.07232594194,0.06181380318,0.07917808766,0.08827457428,0.1054335002,2024,11,14
2024-03-28,1,0.1727955714,0.1658494323,0.1616672832,0.1296462748,0.07571786272,0.06164625345,0.05902763979,0.05500648074,0.06569640684,0.09571061042,0.08827430882,2024,11,14
2024-04-01,1,0.1727955714,0.1869598053,0.1822467575,0.147224624,0.08576819825,0.07825609937,0.07193700887,0.06873662169,0.07853452948,0.1125386688,0.09703745179,2024,11,14
2024-04-02,0,0.1727955714,0.2181801928,0.2126826558,0.1734912556,0.1010146763,0.1055761955,0.09323905939,0.07244099096,0.09942489123,0.1121468124,0.1118845991,2024,11,14
2024-04-03,0,0.1727955714,0.2091512904,0.2038805421,0.1658634034,0.09655555293,0.08934319212,0.08167120228,0.07436908392,0.08818744659,0.1121468124,0.1041666115,2024,11,14
2024-04-04,0,0.1727955714,0.2723075847,0.2654520519,0.2197183901,0.128692404,0.1391590903,0.1209423801,0.1285771504,0.1259950038,0.1113667081,0.1264555765,2024,11,14
2024-04-05,0,0.1727955714,0.2626420813,0.2560288345,0.211403551,0.1236236254,0.1273913277,0.11008817,0.1140261648,0.1152363775,0.120931084,0.1241330363,2024,11,14
2024-04-08,0,0.1727955714,0.2366294024,0.2306686819,0.1891538075,0.1102605952,0.09712435355,0.0886278482,0.08823930674,0.09482749375,0.1168156981,0.1105095421,2024,11,14
2024-04-09,0,0.1727955714,0.2299918721,0.224197757,0.1835072774,0.1069128515,0.1213456478,0.1050812754,0.1072748043,0.1109026387,0.1079987426,0.125610108,2024,11,14
2024-04-10,0,0.1727955714,0.2556094109,0.2491725127,0.2053695936,0.1199715319,0.1458426549,0.1253202427,0.1067318106,0.1305068424,0.120931084,0.1394619672,2024,11,14
2024-04-11,0,0.1727955714,0.2277683689,0.2220300739,0.1816186312,0.1057968091,0.1297452809,0.1117455414,0.1076215903,0.1175795506,0.1168156981,0.1361518887,2024,11,14
2024-04-12,0,0.1727955714,0.3004339233,0.2928739188,0.2440546664,0.1437840356,0.1581501661,0.1374444637,0.1276066113,0.1417700148,0.1398634495,0.1404310072,2024,11,14
2024-04-15,0,0.1727955714,0.3525953832,0.3437314438,0.2897130512,0.1732501655,0.1883173354,0.1642011768,0.1703641127,0.1669204697,0.144172283,0.1524285367,2024,11,14
2024-04-16,0,0.1727955714,0.3307225208,0.3224049275,0.2704863785,0.16064626,0.1510471536,0.1382907745,0.1376303375,0.1430669765,0.1422438007,0.1364337959,2024,11,14
2024-04-17,0,0.1727955714,0.3255707025,0.3173818868,0.2659746025,0.1577310046,0.1616186046,0.1477132179,0.1540693715,0.1524740501,0.1480945298,0.1407176717,2024,11,14
2024-04-18,0,0.1727955714,0.3198137252,0.3117688544,0.2609405264,0.1544966168,0.1535169672,0.1425733851,0.1465542896,0.1478624362,0.1480945298,0.136261273,2024,11,14
2024-04-19,0,0.1727955714,0.3390120434,0.3304873147,0.2777595438,0.1653792027,0.1567723163,0.1485039836,0.1596302816,0.1537733511,0.1654219661,0.1339258299,2024,11,14
2024-04-22,0,0.1727955714,0.2897515372,0.2824589871,0.2347875556,0.1379906241,0.1533192175,0.1417506324,0.1412417276,0.147623089,0.1533190666,0.1389721505,2024,11,14
2024-04-23,0,0.1727955714,0.2522213806,0.245869457,0.2024675664,0.1182226962,0.136816793,0.1254610912,0.1286008413,0.1319982174,0.1533190666,0.1385681438,2024,11,14
2024-04-24,0,0.1727955714,0.2608142422,0.2542468248,0.2098339807,0.122671543,0.1265405672,0.118676885,0.119499788,0.1253869634,0.1421905062,0.1304796434,2024,11,14
2024-04-25,0,0.1727955714,0.2422778118,0.2361753458,0.1939689252,0.1131288651,0.1563619761,0.1406252562,0.1282588993,0.1470555488,0.1421905062,0.1568564498,2024,11,14
2024-04-26,0,0.1727955714,0.231576771,0.2257428705,0.1848543792,0.107710009,0.1322746027,0.1207485709,0.1106437929,0.1276384317,0.1357653874,0.1457535176,2024,11,14
2024-04-29,0,0.1727955714,0.2201052152,0.2145593346,0.1751207806,0.1019708672,0.118462302,0.1098202697,0.1011166455,0.1170846639,0.1380871902,0.1374451663,2024,11,14
2024-04-30,0,0.1727955714,0.2509854962,0.2446645723,0.2014097605,0.1175864474,0.1341959775,0.1266712047,0.132031676,0.1338168539,0.1591897188,0.1404603089,2024,11,14
2024-05-01,0,0.1727955714,0.2429030097,0.2367848563,0.1945024506,0.1134474546,0.1502322438,0.1391595956,0.1375860677,0.1462132543,0.1529793682,0.1548853428,2024,11,14
2024-05-02,0,0.1727955714,0.2204257026,0.2148717738,0.1753921807,0.1021302481,0.1394923724,0.1281431632,0.1222373666,0.1355157767,0.148950368,0.1517770059,2024,11,14
2024-05-03,0,0.1727955714,0.1816962644,0.1771155551,0.1428273936,0.08324378582,0.1325917893,0.1186511331,0.09822605323,0.1264206231,0.1359961022,0.1618656398,2024,11,14
2024-05-06,0,0.1727955714,0.1816962644,0.1771155551,0.1428273936,0.08324378582,0.1082575634,0.09921435736,0.09156146023,0.1069241559,0.132344501,0.1445407449,2024,11,14
2024-05-07,0,0.1727955714,0.1731203833,0.1687553399,0.1356832203,0.07915741435,0.09214008363,0.08733497715,0.07898403437,0.09530322458,0.1278972171,0.1337231132,2024,11,14
2024-05-08,0,0.1727955714,0.1655187528,0.1613449226,0.129372166,0.07556196507,0.09272206211,0.08770694952,0.07586682375,0.09584053562,0.1278972171,0.1330427634,2024,11,14
2024-05-09,0,0.1727955714,0.1552666849,0.1513508071,0.1208937925,0.07075090347,0.07902663271,0.07639032339,0.07301209859,0.08445969646,0.1278972171,0.1204357557,2024,11,14
2024-05-10,0,0.1727955714,0.1506400318,0.1468405908,0.1170804414,0.06859344053,0.07569815261,0.0737176935,0.06869049652,0.08181872694,0.1398897297,0.1091288305,2024,11,14
2024-05-13,0,0.1727955714,0.185316299,0.1806445707,0.1458506179,0.08497860607,0.08371162072,0.08082657619,0.07574713322,0.08847955346,0.1432321418,0.1059706961,2024,11,14
2024-05-14,0,0.1727955714,0.1793898065,0.1748670943,0.1409035025,0.082141559,0.0761192716,0.07434139171,0.07598329719,0.08191729049,0.1384773834,0.1014768341,2024,11,14
2024-05-15,0,0.1727955714,0.1473384394,0.1436220977,0.11436424,0.06705890438,0.07939135802,0.07380354611,0.07246150318,0.08142694145,0.1338558049,0.111732202,2024,11,14
2024-05-16,0,0.1727955714,0.1463486349,0.1426572076,0.1135507583,0.0665996587,0.06862371291,0.0664541481,0.06544216451,0.07410792231,0.1284827247,0.1040797317,2024,11,14
2024-05-17,0,0.1727955714,0.1322134842,0.1288779305,0.1019763776,0.06008006505,0.05866860199,0.05850592893,0.05729498116,0.06615001575,0.08896217602,0.09760797992,2024,11,14
2024-05-20,0,0.1727955714,0.1374595381,0.1339918904,0.1062625656,0.06249144947,0.06031873774,0.05987686608,0.05883944128,0.06748200552,0.09639294258,0.09619590466,2024,11,14
2024-05-21,0,0.1727955714,0.1279665981,0.1247379939,0.09851498792,0.05813478301,0.05432420579,0.05482839846,0.05561991813,0.06235150016,0.09639294258,0.09251530735,2024,11,14
2024-05-22,0,0.1727955714,0.1420639231,0.1384803547,0.1100337688,0.06461584567,0.06588915177,0.06458842436,0.06296665548,0.07233060719,0.09639294258,0.09551741759,2024,11,14
2024-05-23,0,0.1727955714,0.1579119768,0.1539295332,0.1230777083,0.0719882131,0.09026339107,0.08449555924,0.08730488104,0.09251670219,0.09987019981,0.115989847,2024,11,14
2024-05-24,0,0.1727955714,0.1302514829,0.1269653368,0.1003763133,0.05918062738,0.07091008005,0.06845078829,0.06537874762,0.07656612401,0.09639294258,0.1105299434,2024,11,14
2024-05-28,0,0.1727955714,0.1628730263,0.1587657576,0.1271804792,0.07431628299,0.07821394977,0.07485698544,0.07389923737,0.08255148545,0.09639294258,0.1066914909,2024,11,14
2024-05-29,0,0.1727955714,0.2075315317,0.2023014762,0.1644976511,0.0957600078,0.1075043539,0.09897740141,0.07695743575,0.1061563683,0.1034585328,0.1192279609,2024,11,14
2024-05-30,0,0.1727955714,0.2136748489,0.2082904687,0.1696818967,0.09878436259,0.1001464409,0.09558845643,0.09111885795,0.1030913843,0.1025508913,0.1139763192,2024,11,14
2024-05-31,0,0.1727955714,0.1628730263,0.1587657576,0.1271804792,0.07431628299,0.1034777194,0.09458934393,0.09241219767,0.1025726219,0.1231531326,0.1294958158,2024,11,14
2024-06-03,0,0.1727955714,0.1691555196,0.1648902038,0.1323889335,0.07727903113,0.102477187,0.09412463486,0.0903071792,0.102004962,0.1231531326,0.1287491257,2024,11,14
2024-06-04,0,0.1727955714,0.1708079329,0.1665010528,0.1337611998,0.07806105428,0.09080769944,0.08577413484,0.08270173493,0.093676991,0.1149149199,0.1195445111,2024,11,14
2024-06-05,0,0.1727955714,0.1532833302,0.1494173646,0.1192580883,0.06982502116,0.08994114579,0.08241813996,0.08286118544,0.09016533011,0.1149149199,0.1213019104,2024,11,14
2024-06-06,0,0.1727955714,0.1516310871,0.1478067034,0.1178965967,0.06905488219,0.07354402344,0.07073463091,0.07065427831,0.07848092176,0.1071604456,0.10915901,2024,11,14
2024-06-07,0,0.1727955714,0.1397602816,0.1362347082,0.1081459097,0.06355203199,0.07578123098,0.07245152126,0.0714616948,0.08050154171,0.1071604456,0.1106642652,2024,11,14
2024-06-10,0,0.1727955714,0.1569199061,0.1529624262,0.1222583619,0.07152385553,0.06966436158,0.06807894494,0.07025244272,0.07572532722,0.1071604456,0.09877437259,2024,11,14
2024-06-11,0,0.1727955714,0.1605578092,0.1565087915,0.1252646749,0.0732285782,0.08086440973,0.07623174868,0.07695725916,0.08386616248,0.1129317202,0.1065220306,2024,11,14
2024-06-12,0,0.1727955714,0.13385079,0.1304740074,0.1033128815,0.06083164778,0.08307470195,0.07569813078,0.06334736415,0.08350546408,0.1129317202,0.1176158679,2024,11,14
2024-06-13,0,0.1727955714,0.1305782644,0.127283889,0.1006426995,0.05933034397,0.07275395435,0.06813415354,0.0626671884,0.07588101766,0.1129317202,0.1119666116,2024,11,14
2024-06-14,0,0.1727955714,0.1542749276,0.1503840075,0.1200756886,0.07028773217,0.074538394,0.07024295874,0.06493719763,0.07766965713,0.09889325226,0.1067099591,2024,11,14
2024-06-17,0,0.1727955714,0.1572505865,0.1532847856,0.1225314285,0.07167859314,0.08652927389,0.07762378515,0.07935413066,0.08478322307,0.09889325226,0.1159799045,2024,11,14
2024-06-18,0,0.1727955714,0.1423932312,0.1388013726,0.110303814,0.06476807569,0.05794562435,0.0565111548,0.05675577348,0.06358359438,0.09889325226,0.09644836569,2024,11,14
2024-06-20,0,0.1727955714,0.174771351,0.1703647847,0.1370565885,0.07994157449,0.08371186416,0.0767225044,0.07859594427,0.08373643224,0.09715617325,0.1053949724,2024,11,14
2024-06-21,0,0.1727955714,0.1721294785,0.1677893581,0.1348593878,0.07868733235,0.07267032638,0.06922148594,0.06901160438,0.07635720479,0.1048025738,0.09736430003,2024,11,14
2024-06-24,0,0.1727955714,0.1764215692,0.171973501,0.1384302815,0.08072656897,0.08136023709,0.07649882603,0.07888473548,0.0837844251,0.1178103115,0.1031860307,2024,11,14
2024-06-25,0,0.1727955714,0.1602270651,0.1561863692,0.1249911501,0.07307337077,0.06952567282,0.06698928718,0.06476841114,0.0743444373,0.1153819936,0.09588172127,2024,11,14
2024-06-26,0,0.1727955714,0.1506400318,0.1468405908,0.1170804414,0.06859344053,0.06730822234,0.06511960801,0.06430301194,0.07258479632,0.1153819936,0.09650095981,2024,11,14
2024-06-27,0,0.1727955714,0.1404181844,0.1368760477,0.1086848505,0.06385565441,0.05628562592,0.05650556183,0.05618897295,0.06388470845,0.1153819936,0.08789737567,2024,11,14
2024-06-28,0,0.1727955714,0.1470084666,0.1433004306,0.1140930057,0.06690576408,0.08308505786,0.07741215161,0.07845740326,0.08527046941,0.1305500201,0.1114045197,2024,11,14
2024-07-01,0,0.1727955714,0.1397602816,0.1362347082,0.1081459097,0.06355203199,0.06946622788,0.06712608217,0.0650651736,0.07494343215,0.1189723275,0.1028008892,2024,11,14
2024-07-02,0,0.1727955714,0.1335231685,0.1301546356,0.1030453603,0.06068118459,0.06579703543,0.06336055543,0.07015248475,0.0710074903,0.1189723275,0.1016112856,2024,11,14
2024-07-03,0,0.1727955714,0.1354900457,0.132071987,0.1046520949,0.0615850446,0.05676464386,0.05619241194,0.06223142116,0.06350836415,0.1217456825,0.09185940393,2024,11,14
2024-07-05,0,0.1727955714,0.1483285741,0.1445873104,0.115178375,0.06751867174,0.06549167982,0.06235881302,0.06746275455,0.06951482663,0.1129316867,0.09511169918,2024,11,14
2024-07-08,1,0.1727955714,0.1446997636,0.1410498417,0.1121964682,0.06583543322,0.05545477378,0.05483860963,0.05535557689,0.06186254336,0.1129316867,0.08308200936,2024,11,14
2024-07-09,1,0.1727955714,0.1493190139,0.1455528212,0.1159931415,0.06797895177,0.05284103631,0.05301592503,0.05282286527,0.05993742499,0.1129316867,0.07771918458,2024,11,14
2024-07-10,1,0.1727955714,0.1605578092,0.1565087915,0.1252646749,0.0732285782,0.06330094366,0.05988401627,0.06626541701,0.06658339329,0.1090547554,0.0831679306,2024,11,14
2024-07-11,1,0.1727955714,0.1628730263,0.1587657576,0.1271804792,0.07431628299,0.07196116733,0.06788394509,0.07593770673,0.07501050753,0.1117561486,0.09144273886,2024,11,14
2024-07-12,1,0.1727955714,0.1476684488,0.1439438007,0.1146355468,0.06721210265,0.07703407347,0.07028881186,0.0734448567,0.0774896022,0.1283361152,0.1023692003,2024,11,14
2024-07-15,1,0.1727955714,0.1694860412,0.1652124114,0.1326633416,0.07743536103,0.08573481482,0.07676042563,0.07694304665,0.0835951443,0.1240042777,0.1062711025,2024,11,14
2024-07-16,1,0.1727955714,0.1717991271,0.1674673157,0.1345848121,0.07853070895,0.07334899153,0.06738740684,0.06937159059,0.07402851708,0.1240042777,0.09675439406,2024,11,14
2024-07-17,1,0.1727955714,0.2139972761,0.2086047972,0.1699543094,0.09894362658,0.1173499212,0.1022090263,0.08496681139,0.1084312507,0.1283361152,0.1215141491,2024,11,14
2024-07-18,1,0.1727955714,0.2595930242,0.2530562282,0.2087858263,0.1220365681,0.1317135071,0.115765353,0.1179641602,0.1212914178,0.1367674199,0.1247366015,2024,11,14
2024-07-19,1,0.1727955714,0.2773846106,0.2704018508,0.2240959741,0.1313783679,0.125537489,0.1141797898,0.1156814863,0.11994779,0.129070516,0.1184529697,2024,11,14
2024-07-22,1,0.1727955714,0.2277683689,0.2220300739,0.1816186312,0.1057968091,0.1199127072,0.1065801628,0.09469438964,0.1129012255,0.1264433677,0.1252267935,2024,11,14
2024-07-23,1,0.1727955714,0.2217066398,0.2161205446,0.1764772325,0.1027678112,0.09954959349,0.09279699034,0.09023645352,0.09969752851,0.1264433677,0.1144560528,2024,11,14
2024-07-24,0,0.1727955714,0.3209154177,0.3128429973,0.2619032501,0.1551136854,0.1593940721,0.1448200625,0.1454741052,0.1495812285,0.1299564965,0.1322523367,2024,11,14
2024-07-25,0,0.1727955714,0.3323381426,0.3239801716,0.2719026105,0.1615645999,0.1704805849,0.1551483889,0.156799522,0.1595639214,0.1326455927,0.1393419263,2024,11,14
2024-07-26,0,0.1727955714,0.2735057975,0.2666202357,0.2207509117,0.1293248354,0.1471426821,0.1335928041,0.1251308714,0.139465921,0.1490333716,0.1394456986,2024,11,14
2024-07-29,1,0.1727955714,0.2797596851,0.272717417,0.2261461884,0.1326405362,0.1326867326,0.1236606654,0.1207791574,0.1298904291,0.1540857551,0.1301420064,2024,11,14
2024-07-30,0,0.1727955714,0.311194691,0.3033654047,0.2534190679,0.1496993612,0.1653985803,0.149884337,0.1522478579,0.1547533012,0.1419510499,0.1454897021,2024,11,14
2024-07-31,1,0.1727955714,0.2726073849,0.2657443385,0.2199766974,0.1288505572,0.168111147,0.1456502469,0.1254563321,0.1504560021,0.1271685175,0.156888296,2024,11,14
2024-08-01,0,0.1727955714,0.3358202595,0.327375275,0.2749571338,0.163550619,0.2033874223,0.1774603171,0.1825575742,0.1802566197,0.1306988174,0.1690234467,2024,11,14
2024-08-02,0,0.1727955714,0.4475463314,0.4363196808,0.3744576026,0.2327809262,0.2491650897,0.2215849319,0.2024865466,0.220553684,0.1590144632,0.1793844973,2024,11,14
2024-08-05,,0.1727955714,0.6531347598,0.6368847191,0.5648391703,0.3997451005,0.4219441362,0.370240928,0.2965654477,0.3536715546,0.1676033334,0.2655321228,2024,11,14
2024-08-06,,0.1727955714,0.5242589769,0.5111381289,0.4443844169,0.2878450547,0.3207140159,0.2860481863,0.2583626846,0.2798025182,0.1632634211,0.2388894061,2024,11,14
2024-08-07,,0.1727955714,0.5264385993,0.5132641891,0.4463900783,0.2895180444,0.3330076205,0.2988170906,0.2748772675,0.2920856856,0.1800126074,0.2477180053,2024,11,14
2024-08-08,,0.1727955714,0.4554959255,0.4440722653,0.3816441365,0.2381672,0.2939710378,0.2569606583,0.2294061619,0.2534386754,0.1616594443,0.2403495531,2024,11,14
2024-08-09,,0.1727955714,0.3809849986,0.3714129782,0.3148362416,0.1901877741,0.2319969822,0.2086438947,0.1913573349,0.210230548,0.1507859591,0.2188042936,2024,11,14
2024-08-12,,0.1727955714,0.3890908268,0.3793168696,0.3220435921,0.1951508818,0.2058521949,0.1903972315,0.1816769457,0.1931639629,0.1421905062,0.1832628514,2024,11,14
2024-08-13,,0.1727955714,0.3231115586,0.314984225,0.2638232575,0.1563464202,0.1853219175,0.1677082363,0.1620520187,0.1720056,0.1374647782,0.1796115775,2024,11,14
2024-08-14,,0.1727955714,0.2674924164,0.2607575737,0.215572948,0.1261599887,0.1497372494,0.1396627659,0.1331443918,0.1462544627,0.1260099701,0.1614907265,2024,11,14
2024-08-15,,0.1727955714,0.2378879307,0.2318956252,0.1902258758,0.1108981186,0.155307285,0.1376980501,0.1141865596,0.1439326914,0.1372320071,0.168652369,2024,11,14
2024-08-16,,0.1727955714,0.2242635823,0.2186132826,0.1786446292,0.1040430913,0.120893212,0.1126432004,0.1049086342,0.1199563322,0.1245745457,0.1485447504,2024,11,14
2024-08-19,,0.1727955714,0.2194639393,0.2139341628,0.1745778183,0.1016521181,0.119792842,0.1095628852,0.1103815602,0.1166034828,0.1182876156,0.1477044934,2024,11,14
2024-08-20,,0.1727955714,0.258063507,0.2515650651,0.2074736398,0.1212425644,0.1271724932,0.1167033099,0.1080696665,0.1230517797,0.1258658115,0.1426295575,2024,11,14
2024-08-21,,0.1727955714,0.269904414,0.2631091126,0.2176486909,0.1274267048,0.1580162441,0.1379054029,0.1295797579,0.1430108499,0.1182876156,0.1607930058,2024,11,14
2024-08-22,,0.1727955714,0.3072551292,0.2995244119,0.2499873423,0.1475243222,0.1620821616,0.1447767306,0.148618925,0.1494641093,0.1267329949,0.1533732934,2024,11,14
2024-08-23,,0.1727955714,0.257450773,0.2509676966,0.2069481501,0.120924877,0.1517955679,0.1331186222,0.1252188737,0.1386469295,0.1019497216,0.1597794744,2024,11,14
2024-08-26,,0.1727955714,0.2662830731,0.2595785459,0.2145327882,0.125526235,0.1407411089,0.1267944884,0.1232081854,0.1326701444,0.1150481868,0.1516396719,2024,11,14
2024-08-27,,0.1727955714,0.2441519395,0.2380024493,0.1955685834,0.1140845567,0.1272070129,0.116508874,0.1119658333,0.1231230605,0.1150481868,0.1475782705,2024,11,14
2024-08-28,,0.1727955714,0.2946846185,0.2872685428,0.2390634351,0.1406564017,0.1574282355,0.1414179454,0.1391667981,0.1465478341,0.1271685175,0.1543830068,2024,11,14
2024-08-29,,0.1727955714,0.2509854962,0.2446645723,0.2014097605,0.1175864474,0.1468717269,0.1328777876,0.125537131,0.1392072769,0.117470447,0.1567816063,2024,11,14
2024-08-30,,0.1727955714,0.2306261662,0.2248161282,0.1840463141,0.1072317174,0.1419083082,0.1262634743,0.120755809,0.1327263618,0.1317440171,0.1580241699,2024,11,14
